run_idx,k_center,E_k
0,4.140616091089793,0.017823463262516714
0,10.42184827326938,0.015089163701324002
0,16.703080455448966,0.01082297073254129
0,22.984312637628552,0.004713940127994636
0,29.265544819808138,0.003264274411875318
0,35.54677700198772,0.0016375497358573322
0,41.828009184167314,0.0012125580197389688
0,48.10924136634689,0.001005903925437086
0,54.39047354852649,0.000623116190248574
0,60.671705730706066,0.00045587700698345113
0,66.95293791288566,0.00038693710637114823
0,73.23417009506524,0.00035425867257108437
0,79.51540227724483,0.00032151425920792765
0,85.79663445942441,0.00029716721624089654
0,92.077866641604,0.0003020809678102033
0,98.35909882378358,0.0002578774253560143
0,104.64033100596318,0.00023764342848324184
0,110.92156318814276,0.00016715353245985072
0,117.20279537032235,0.00017402193429830632
0,123.48402755250193,0.00015528806985576593
0,129.76525973468154,0.0001497099104616135
0,136.0464919168611,0.00016787572858847555
0,142.32772409904067,0.00016128371268406036
0,148.6089562812203,0.00015931457558047987
0,154.89018846339985,0.0001521228584639971
0,161.17142064557947,0.00016086266076575952
0,167.45265282775904,0.00013744541450218275
0,173.7338850099386,0.0001371424401083107
0,180.01511719211823,0.00012671041313750523
0,186.2963493742978,0.00012109682090847747
0,192.57758155647736,0.00010796630972942233
0,198.85881373865698,9.62917441132512e-05
0,205.14004592083654,8.833562609296803e-05
0,211.42127810301616,7.196495762746428e-05
0,217.70251028519573,6.944300751275233e-05
0,223.9837424673753,6.0575920616037114e-05
0,230.26497464955492,5.960123940368497e-05
0,236.54620683173448,5.097331284276759e-05
0,242.82743901391405,4.5671532022562334e-05
0,249.10867119609367,4.2683380648824165e-05
0,255.38990337827323,3.684514580331578e-05
0,261.67113556045285,3.5472137868662486e-05
0,267.9523677426324,3.1374186467841705e-05
0,274.233599924812,3.0286921788129365e-05
0,280.51483210699155,2.793217030028744e-05
0,286.79606428917117,2.693367064796978e-05
0,293.0772964713508,2.6119665569782747e-05
0,299.35852865353036,2.5172371768410086e-05
0,305.6397608357099,2.4402327386643793e-05
0,311.9209930178895,2.3826606357700353e-05
0,318.2022252000691,2.3925704281054264e-05
0,324.48345738224873,2.3349746352543305e-05
0,330.7646895644283,2.22559054571183e-05
0,337.04592174660786,2.203409022278236e-05
0,343.3271539287874,2.18022877839313e-05
0,349.60838611096705,2.1410899744967875e-05
0,355.8896182931466,2.0282139163074256e-05
0,362.17085047532623,2.0445685996743553e-05
0,368.4520826575058,1.9791383211585918e-05
0,374.73331483968536,1.9679940484136986e-05
0,381.0145470218649,1.8788395407313327e-05
0,387.29577920404455,1.861755905784678e-05
0,393.57701138622417,1.7417161952654693e-05
0,399.85824356840374,1.7554043165993364e-05
0,406.1394757505833,1.668774824722712e-05
0,412.42070793276287,1.6053739913651043e-05
0,418.7019401149425,1.5571435467621022e-05
0,424.9831722971221,1.495773411114415e-05
0,431.2644044793017,1.5136276011988098e-05
0,437.54563666148124,1.4264047555765503e-05
0,443.8268688436608,1.3669818110615163e-05
0,450.1081010258404,1.378339608227594e-05
0,456.38933320802,1.3093258036165156e-05
0,462.6705653901996,1.2882297788191348e-05
0,468.9517975723792,1.244208988103537e-05
0,475.23302975455874,1.2148501736008012e-05
0,481.5142619367383,1.217047249573059e-05
0,487.79549411891793,1.1852433739534035e-05
0,494.07672630109755,1.1554203966722093e-05
0,500.3579584832771,1.1264975869774723e-05
0,506.6391906654567,1.116434834352387e-05
0,512.9204228476362,1.0689821714136137e-05
0,519.2016550298158,1.0897253497867069e-05
0,525.4828872119955,1.0338274234030082e-05
0,531.764119394175,1.0356373291417785e-05
0,538.0453515763546,1.0152431116260044e-05
0,544.3265837585342,1.0128337154204976e-05
0,550.6078159407137,9.94486079142326e-06
0,556.8890481228934,9.894261433757566e-06
0,563.170280305073,9.827681851497216e-06
0,569.4515124872526,9.816639467430589e-06
0,575.7327446694321,9.68810331254661e-06
0,582.0139768516117,9.352540931873038e-06
0,588.2952090337913,9.394789164580262e-06
0,594.5764412159709,9.109219073284961e-06
0,600.8576733981505,9.156094854467766e-06
0,607.1389055803301,8.974518392550017e-06
0,613.4201377625096,8.868510670029228e-06
0,619.7013699446893,8.804272016213618e-06
0,625.9826021268689,8.736824558732676e-06
0,632.2638343090484,8.79110755952293e-06
0,638.545066491228,8.588869325932966e-06
0,644.8262986734076,8.545243832790483e-06
0,651.1075308555871,8.59794302418517e-06
0,657.3887630377668,8.442354410589443e-06
0,663.6699952199464,8.409276084343337e-06
0,669.9512274021259,8.2848471779661e-06
0,676.2324595843055,8.553097728564708e-06
0,682.5136917664851,8.546169178317283e-06
0,688.7949239486647,8.492418638711134e-06
0,695.0761561308443,8.452966389067353e-06
0,701.3573883130239,8.53196530526333e-06
0,707.6386204952034,8.49073102710274e-06
0,713.919852677383,8.465012793113593e-06
0,720.2010848595626,8.394331041205292e-06
0,726.4823170417422,8.470934513713016e-06
0,732.7635492239218,8.434409044392842e-06
0,739.0447814061014,8.150836628587589e-06
0,745.326013588281,8.018904029916178e-06
0,751.6072457704605,7.946219301559239e-06
0,757.8884779526402,7.831510393079199e-06
0,764.1697101348198,7.745898363604362e-06
0,770.4509423169993,7.643717579428504e-06
0,776.7321744991789,7.655473990441511e-06
0,783.0134066813584,7.601372213942543e-06
0,789.294638863538,7.446652781487583e-06
0,795.5758710457177,7.404937858173976e-06
0,801.8571032278973,7.285382383554452e-06
0,808.1383354100768,7.205058463825399e-06
0,814.4195675922564,7.170585563572093e-06
0,820.7007997744361,7.096089936566665e-06
0,826.9820319566156,6.982215878730795e-06
0,833.2632641387952,6.850588300774071e-06
0,839.5444963209748,6.711562630297786e-06
0,845.8257285031543,6.660644127846305e-06
0,852.1069606853339,6.442590220216684e-06
0,858.3881928675136,6.47802489215978e-06
0,864.6694250496931,6.2547645750316e-06
0,870.9506572318727,6.212888500972041e-06
0,877.2318894140523,6.158438873939153e-06
0,883.5131215962318,6.014245865438753e-06
0,889.7943537784115,6.04124766450088e-06
0,896.0755859605911,5.869407964278106e-06
0,902.3568181427706,5.8123461419437165e-06
0,908.6380503249502,5.702851712374311e-06
0,914.9192825071298,5.679056994597205e-06
0,921.2005146893093,5.525164557696181e-06
0,927.481746871489,5.388830696432431e-06
0,933.7629790536686,5.33724033992657e-06
0,940.0442112358481,5.241287942998414e-06
0,946.3254434180277,5.179248070542411e-06
0,952.6066756002073,5.148406041517722e-06
0,958.887907782387,5.097580229492533e-06
0,965.1691399645665,4.991786369138956e-06
0,971.4503721467461,4.972536172512198e-06
0,977.7316043289256,4.891520864587018e-06
0,984.0128365111052,4.835759889325618e-06
0,990.2940686932848,4.821090151812984e-06
0,996.5753008754644,4.788469586222652e-06
0,1002.856533057644,4.784231998331046e-06
0,1009.1377652398236,4.737978156251816e-06
0,1015.4189974220031,4.653527383289604e-06
0,1021.7002296041827,4.662564870013062e-06
0,1027.9814617863622,4.647342204349649e-06
0,1034.262693968542,4.614756875970897e-06
0,1040.5439261507215,4.538398233449479e-06
0,1046.825158332901,4.550269149553729e-06
0,1053.1063905150809,4.447274249793004e-06
0,1059.3876226972602,4.435337471091699e-06
0,1065.66885487944,4.420781304284595e-06
0,1071.9500870616193,4.3754614083796356e-06
0,1078.2313192437991,4.402687566473059e-06
0,1084.5125514259785,4.350277844888536e-06
0,1090.7937836081583,4.351231848427371e-06
0,1097.0750157903376,4.417649165329968e-06
0,1103.3562479725174,4.3740278642925154e-06
0,1109.637480154697,4.386439599664035e-06
0,1115.9187123368765,4.432881633798826e-06
0,1122.1999445190563,4.396943988821457e-06
0,1128.4811767012357,4.440230177326586e-06
0,1134.7624088834154,4.446590264751965e-06
0,1141.0436410655948,4.472706580852535e-06
0,1147.3248732477746,4.521709492056143e-06
0,1153.606105429954,4.526481646527937e-06
0,1159.8873376121337,4.5713415748307115e-06
0,1166.168569794313,4.505040259596873e-06
0,1172.4498019764928,4.4974762672974815e-06
0,1178.7310341586726,4.5203098176246284e-06
0,1185.012266340852,4.48176075042608e-06
0,1191.2934985230318,4.4464596281029825e-06
0,1197.574730705211,4.454081176372432e-06
0,1203.855962887391,4.462304683409158e-06
0,1210.1371950695702,4.446747359655062e-06
0,1216.41842725175,4.437249405259264e-06
0,1222.6996594339294,4.440035991303581e-06
0,1228.9808916161091,4.46192151800286e-06
0,1235.2621237982885,4.458580655068857e-06
0,1241.5433559804683,4.464277479227927e-06
0,1247.824588162648,4.509967902016163e-06
0,1254.1058203448274,4.478200016078182e-06
0,1260.3870525270072,4.463882431703695e-06
0,1266.6682847091865,4.472703097338865e-06
0,1272.9495168913663,4.418491955775235e-06
0,1279.2307490735457,4.3615863413046415e-06
0,1285.5119812557255,4.363881187179527e-06
0,1291.7932134379048,4.34244352262405e-06
0,1298.0744456200846,4.328463425502412e-06
0,1304.3556778022642,4.338821264616596e-06
0,1310.6369099844437,4.340246001590171e-06
0,1316.9181421666235,4.334443060478052e-06
0,1323.1993743488028,4.3265464194568726e-06
0,1329.4806065309826,4.269311507582526e-06
0,1335.761838713162,4.256529833733955e-06
0,1342.0430708953418,4.252260420440575e-06
0,1348.324303077521,4.257530996629369e-06
0,1354.605535259701,4.273271835031356e-06
0,1360.8867674418802,4.274582949392708e-06
0,1367.16799962406,4.22650796082664e-06
0,1373.4492318062396,4.250165788617359e-06
0,1379.7304639884192,4.184924351917483e-06
0,1386.011696170599,4.230654697085942e-06
0,1392.2929283527783,4.1827297765892175e-06
0,1398.574160534958,4.213684525985473e-06
0,1404.8553927171374,4.152645633103297e-06
0,1411.1366248993172,4.173460964345029e-06
0,1417.4178570814965,4.113851781608138e-06
0,1423.6990892636763,4.104743274224868e-06
0,1429.9803214458557,4.025205352789845e-06
0,1436.2615536280355,4.020947528564965e-06
0,1442.542785810215,3.945226373190226e-06
0,1448.8240179923946,3.981792777735002e-06
0,1455.1052501745744,3.9325927354876655e-06
0,1461.3864823567537,3.924215482255943e-06
0,1467.6677145389335,3.8186946743456135e-06
0,1473.9489467211129,3.8374227308738966e-06
0,1480.2301789032927,3.7795083367505556e-06
0,1486.511411085472,3.7856680047072886e-06
0,1492.7926432676518,3.730786305019641e-06
0,1499.0738754498311,3.7258818999019358e-06
0,1505.355107632011,3.642529133587799e-06
0,1511.6363398141905,3.5971636320049863e-06
0,1517.91757199637,3.5406221459555076e-06
0,1524.1988041785498,3.5073278181889216e-06
0,1530.4800363607292,3.476193422407819e-06
0,1536.761268542909,3.4263735285464515e-06
0,1543.0425007250883,3.4338389314991272e-06
0,1549.323732907268,3.389336948978226e-06
0,1555.6049650894474,3.3067870435057066e-06
0,1561.8861972716272,3.2993857154826225e-06
0,1568.1674294538066,3.2428259969712698e-06
0,1574.4486616359864,3.186280856417017e-06
0,1580.7298938181661,3.1323251268561537e-06
0,1587.0111260003455,3.1298703122061777e-06
0,1593.2923581825253,3.06879666714658e-06
0,1599.5735903647046,3.0371460660867075e-06
0,1605.8548225468844,2.981267297560981e-06
0,1612.1360547290637,2.939798143587607e-06
0,1618.4172869112435,2.903186962679274e-06
0,1624.6985190934229,2.8664262436969817e-06
0,1630.9797512756027,2.8453643846457465e-06
0,1637.260983457782,2.816050885234093e-06
0,1643.5422156399618,2.783244299189874e-06
0,1649.8234478221416,2.731007859182243e-06
0,1656.104680004321,2.6872327242906297e-06
0,1662.3859121865007,2.65026722213689e-06
0,1668.66714436868,2.610291836225249e-06
0,1674.9483765508598,2.584732940774349e-06
0,1681.2296087330392,2.559381729447313e-06
0,1687.510840915219,2.5301549856677614e-06
0,1693.7920730973983,2.475333427836675e-06
0,1700.073305279578,2.437533217102113e-06
0,1706.3545374617577,2.38986461793328e-06
0,1712.6357696439372,2.3679077512930985e-06
0,1718.917001826117,2.318270224863432e-06
0,1725.1982340082964,2.266683499432361e-06
0,1731.4794661904762,2.2463356981456826e-06
0,1737.7606983726555,2.187350986852967e-06
0,1744.0419305548353,2.1697728977727814e-06
0,1750.3231627370146,2.1246523524834476e-06
0,1756.6043949191944,2.095774789159893e-06
0,1762.8856271013738,2.06679350692118e-06
0,1769.1668592835535,2.02394694711109e-06
0,1775.4480914657331,1.9833979542750485e-06
0,1781.7293236479127,1.956850138472794e-06
0,1788.0105558300925,1.9362845401591963e-06
0,1794.2917880122718,1.8937165477695288e-06
0,1800.5730201944516,1.8383845177484276e-06
0,1806.854252376631,1.8235746171471192e-06
0,1813.1354845588107,1.7830805592762132e-06
0,1819.41671674099,1.7514041872477825e-06
0,1825.6979489231699,1.721181145126557e-06
0,1831.9791811053492,1.693999235786275e-06
0,1838.260413287529,1.6436004443693576e-06
0,1844.5416454697086,1.6267542142703136e-06
0,1850.8228776518881,1.6035405740183959e-06
0,1857.104109834068,1.5732175297732665e-06
0,1863.3853420162473,1.5444985048443774e-06
0,1869.666574198427,1.5125793647646493e-06
0,1875.9478063806064,1.4889637131348295e-06
0,1882.2290385627862,1.4570080439366266e-06
0,1888.5102707449655,1.4234156194118761e-06
0,1894.7915029271453,1.387994139529952e-06
0,1901.0727351093246,1.3600792476568185e-06
0,1907.3539672915044,1.3259197925803951e-06
0,1913.635199473684,1.3011131456500614e-06
0,1919.9164316558636,1.2629539964676738e-06
0,1926.1976638380434,1.2461709515791658e-06
0,1932.4788960202227,1.214676651600369e-06
0,1938.7601282024025,1.1897412854732292e-06
0,1945.0413603845818,1.165393876204824e-06
0,1951.3225925667616,1.1306897380116692e-06
0,1957.603824748941,1.107313639680501e-06
0,1963.8850569311207,1.0698911233042214e-06
0,1970.1662891133,1.0527150265509545e-06
0,1976.4475212954799,1.0283247008537135e-06
0,1982.7287534776597,9.977038082251183e-07
0,1989.009985659839,9.70836086029292e-07
0,1995.2912178420188,9.456182216717966e-07
0,2001.5724500241981,9.157697290388353e-07
0,2007.853682206378,8.938577588525004e-07
0,2014.1349143885573,8.77470307933164e-07
0,2020.416146570737,8.541172097583774e-07
0,2026.6973787529164,8.283785754858335e-07
0,2032.9786109350962,8.111485655865224e-07
0,2039.2598431172755,7.857299315059599e-07
0,2045.5410752994553,7.624668213103206e-07
0,2051.822307481635,7.400588355525724e-07
0,2058.1035396638144,7.151150981360532e-07
0,2064.384771845994,6.963634067836583e-07
0,2070.6660040281736,6.744736392808718e-07
0,2076.9472362103534,6.580259483448212e-07
0,2083.2284683925327,6.357841093536755e-07
0,2089.5097005747125,6.149802759573268e-07
0,2095.7909327568923,5.9539834836231e-07
0,2102.0721649390716,5.74704411942064e-07
0,2108.353397121251,5.593843521446278e-07
0,2114.6346293034308,5.393437558694039e-07
0,2120.9158614856105,5.197627702647349e-07
0,2127.19709366779,5.060678244628925e-07
0,2133.478325849969,4.880434783562151e-07
0,2139.759558032149,4.7595149619837374e-07
0,2146.040790214329,4.6060137143849893e-07
0,2152.322022396508,4.4424026518691483e-07
0,2158.603254578688,4.294920966881612e-07
0,2164.8844867608677,4.164403982110991e-07
0,2171.165718943047,4.0462259981782173e-07
0,2177.4469511252264,3.904035329559564e-07
0,2183.728183307406,3.793333783416103e-07
0,2190.009415489586,3.669965476668188e-07
0,2196.2906476717653,3.5395534471793864e-07
0,2202.5718798539447,3.4172232773661033e-07
0,2208.8531120361245,3.292093463914115e-07
0,2215.1343442183042,3.16517859582201e-07
0,2221.4155764004836,3.0740947128296677e-07
0,2227.6968085826634,2.9696335140418667e-07
0,2233.978040764843,2.8603094619751794e-07
0,2240.2592729470225,2.7815592752714137e-07
0,2246.540505129202,2.6806683327448435e-07
0,2252.8217373113816,2.5618026617207556e-07
0,2259.1029694935614,2.4634002901127027e-07
0,2265.3842016757408,2.3904815766595387e-07
0,2271.66543385792,2.283143058360734e-07
0,2277.9466660401004,2.2191957706232656e-07
0,2284.2278982222797,2.1365685168396177e-07
0,2290.509130404459,2.0580121566604312e-07
0,2296.790362586639,1.990585752600461e-07
0,2303.0715947688186,1.9070154057666377e-07
0,2309.352826950998,1.833765786219531e-07
0,2315.6340591331773,1.7598905968150945e-07
0,2321.915291315357,1.700914856828316e-07
0,2328.196523497537,1.6279223019035216e-07
0,2334.477755679716,1.5701240744304863e-07
0,2340.7589878618955,1.5067762219386302e-07
0,2347.040220044076,1.4509455768113892e-07
0,2353.321452226255,1.3996047726000566e-07
0,2359.6026844084345,1.3403062280248063e-07
0,2365.8839165906143,1.288535270293128e-07
0,2372.165148772794,1.2379325435671596e-07
0,2378.4463809549734,1.193804193448623e-07
0,2384.7276131371527,1.1388849666956655e-07
0,2391.0088453193325,1.0978745391191447e-07
0,2397.2900775015123,1.0512937462963041e-07
0,2403.5713096836917,1.004343703105344e-07
0,2409.852541865871,9.689012636876332e-08
0,2416.1337740480512,9.313255142544615e-08
0,2422.4150062302306,8.878084576789651e-08
0,2428.69623841241,8.511842088143254e-08
0,2434.9774705945897,8.205186579089453e-08
0,2441.2587027767695,7.809129947999366e-08
0,2447.539934958949,7.516230439667109e-08
0,2453.821167141128,7.185144261227696e-08
0,2460.102399323308,6.897285426009943e-08
0,2466.3836315054878,6.640984758505557e-08
0,2472.664863687667,6.317272374453653e-08
0,2478.9460958698464,6.041938419529666e-08
0,2485.2273280520267,5.8064614601148197e-08
0,2491.508560234206,5.523572385994671e-08
0,2497.7897924163854,5.31598353303627e-08
0,2504.071024598565,5.0167147257314705e-08
0,2510.352256780745,4.8437086165699517e-08
0,2516.6334889629243,4.597943026580465e-08
0,2522.9147211451036,4.395431205002539e-08
0,2529.1959533272834,4.1827042758210255e-08
0,2535.477185509463,3.989856857550755e-08
0,2541.7584176916425,3.820323024807188e-08
0,2548.039649873822,3.626808113376001e-08
0,2554.320882056002,3.464887329909083e-08
0,2560.6021142381815,3.2904148715562014e-08
0,2566.883346420361,3.145858538116284e-08
0,2573.1645786025406,2.9715719874026593e-08
0,2579.4458107847204,2.8476650411229435e-08
0,2585.7270429668997,2.7022892519021237e-08
0,2592.008275149079,2.5663887074466674e-08
0,2598.289507331259,2.4401925986328963e-08
0,2604.5707395134386,2.321003794894941e-08
0,2610.851971695618,2.201241427346629e-08
0,2617.1332038777978,2.0853594057037467e-08
0,2623.4144360599776,1.9895480392634246e-08
0,2629.695668242157,1.876068999937058e-08
0,2635.9769004243362,1.77711427326203e-08
0,2642.258132606516,1.6843976327049563e-08
0,2648.539364788696,1.5949017774788913e-08
0,2654.820596970875,1.5159188547750588e-08
0,2661.1018291530545,1.4356920525628274e-08
0,2667.3830613352343,1.3570761975516756e-08
0,2673.664293517414,1.2960162577000275e-08
0,2679.9455256995934,1.226774103756978e-08
0,2686.226757881773,1.1603121635581234e-08
0,2692.507990063953,1.1007593882574069e-08
0,2698.7892222461323,1.0417668393038974e-08
0,2705.0704544283117,9.84606733437045e-09
0,2711.3516866104915,9.361368766535054e-09
0,2717.6329187926713,8.829777599905712e-09
0,2723.9141509748506,8.376479284255923e-09
0,2730.19538315703,7.914951569153786e-09
0,2736.4766153392097,7.432509825642838e-09
0,2742.7578475213895,7.0442201054828814e-09
0,2749.039079703569,6.659918920679165e-09
0,2755.3203118857487,6.281548436868124e-09
0,2761.6015440679284,5.9230980755505554e-09
0,2767.882776250108,5.6052128352980214e-09
0,2774.164008432287,5.241398274818457e-09
0,2780.445240614467,4.9916353523504806e-09
0,2786.7264727966467,4.687578887449097e-09
0,2793.007704978826,4.436097486488307e-09
0,2799.2889371610054,4.1864712164365725e-09
0,2805.570169343185,3.937981557344258e-09
0,2811.851401525365,3.7089107884588535e-09
0,2818.1326337075443,3.5097239059970302e-09
0,2824.413865889724,3.298340402999897e-09
0,2830.695098071904,3.1153076762136172e-09
0,2836.976330254083,2.9238400900868286e-09
0,2843.2575624362626,2.760062598385811e-09
0,2849.5387946184424,2.5968097170363656e-09
0,2855.820026800622,2.4429305202793995e-09
0,2862.1012589828015,2.3062606484743754e-09
0,2868.382491164981,2.1676863402438096e-09
0,2874.6637233471606,2.029100637808652e-09
0,2880.9449555293404,1.9114198848374696e-09
0,2887.2261877115197,1.7922230262461455e-09
0,2893.5074198936995,1.6933084160171756e-09
0,2899.7886520758793,1.5832424951602084e-09
0,2906.0698842580587,1.4927549053355854e-09
0,2912.351116440238,1.396527905355206e-09
0,2918.632348622418,1.3148663325486152e-09
0,2924.9135808045976,1.2328244499716633e-09
0,2931.194812986777,1.1629347037050845e-09
0,2937.4760451689563,1.0831526370808878e-09
0,2943.757277351136,1.0256668095704183e-09
0,2950.038509533316,9.534450580389806e-10
0,2956.319741715495,8.920002646091145e-10
0,2962.600973897675,8.407300105570203e-10
0,2968.8822060798548,7.874676610101484e-10
0,2975.163438262034,7.389864204274977e-10
0,2981.4446704442134,6.928043985884323e-10
0,2987.7259026263932,6.471670700377357e-10
0,2994.007134808573,6.079276308952294e-10
0,3000.2883669907524,5.673546795668975e-10
0,3006.5695991729317,5.316178745075499e-10
0,3012.8508313551115,4.967515034571468e-10
0,3019.1320635372913,4.665638235976566e-10
0,3025.4132957194706,4.360504290315481e-10
0,3031.6945279016504,4.0521363501964073e-10
0,3037.97576008383,3.7912120062611203e-10
0,3044.2569922660095,3.5614268796936565e-10
0,3050.538224448189,3.3155065531065924e-10
0,3056.8194566303687,3.0984508518886477e-10
0,3063.1006888125485,2.888203491596563e-10
0,3069.381920994728,2.7017287437349366e-10
0,3075.663153176907,2.5227065342743016e-10
0,3081.9443853590874,2.358480402258516e-10
0,3088.2256175412667,2.185803915131191e-10
0,3094.506849723446,2.0323027302267664e-10
0,3100.788081905626,1.9072679805169995e-10
0,3107.0693140878057,1.7880461830115773e-10
0,3113.350546269985,1.648988670310849e-10
0,3119.6317784521643,1.5394038207625505e-10
0,3125.913010634344,1.4287044376099357e-10
0,3132.194242816524,1.3318985270410263e-10
0,3138.4754749987032,1.2412792188204442e-10
0,3144.7567071808826,1.1464829893225859e-10
0,3151.037939363063,1.0686525054647363e-10
0,3157.319171545242,9.982141204279773e-11
0,3163.6004037274215,9.262395121490926e-11
0,3169.8816359096013,8.621028855042611e-11
0,3176.162868091781,7.967697806309292e-11
0,3182.4441002739604,7.422360233850613e-11
0,3188.7253324561398,6.865032732080032e-11
0,3195.0065646383196,6.385119053934476e-11
0,3201.2877968204994,5.893293488977807e-11
0,3207.5690290026787,5.4769783778013856e-11
0,3213.850261184858,5.076162506989582e-11
1,4.140616091089793,0.007640232775266502
1,10.42184827326938,0.011986648589500304
1,16.703080455448966,0.008469808153605238
1,22.984312637628552,0.0038851563894789602
1,29.265544819808138,0.0033587340510450813
1,35.54677700198772,0.002527620625862208
1,41.828009184167314,0.002242621010846058
1,48.10924136634689,0.002101739191693087
1,54.39047354852649,0.0011870415320960953
1,60.671705730706066,0.0007621508220012858
1,66.95293791288566,0.0005545186209499815
1,73.23417009506524,0.00041502995224503106
1,79.51540227724483,0.00036240473231866885
1,85.79663445942441,0.00035101989476265676
1,92.077866641604,0.00032370186334838006
1,98.35909882378358,0.00027150235576962607
1,104.64033100596318,0.0002475978528692544
1,110.92156318814276,0.0002149195314138296
1,117.20279537032235,0.00018137596816759243
1,123.48402755250193,0.00013740841773148715
1,129.76525973468154,0.00011421975046370226
1,136.0464919168611,0.00011815404746609909
1,142.32772409904067,0.00010395344390286915
1,148.6089562812203,9.374783981448898e-05
1,154.89018846339985,8.515883859103515e-05
1,161.17142064557947,9.466435711707718e-05
1,167.45265282775904,8.878393755771191e-05
1,173.7338850099386,9.079161783917888e-05
1,180.01511719211823,8.448714668204618e-05
1,186.2963493742978,8.272205839999926e-05
1,192.57758155647736,7.850451711685284e-05
1,198.85881373865698,7.612360784187152e-05
1,205.14004592083654,7.233320012482929e-05
1,211.42127810301616,6.678307543610909e-05
1,217.70251028519573,6.318735376614984e-05
1,223.9837424673753,5.76665754705237e-05
1,230.26497464955492,5.64151698330357e-05
1,236.54620683173448,5.067171140644802e-05
1,242.82743901391405,4.8803302749663765e-05
1,249.10867119609367,4.651624074856898e-05
1,255.38990337827323,4.520490234874155e-05
1,261.67113556045285,4.669247366934769e-05
1,267.9523677426324,4.4303997620311616e-05
1,274.233599924812,4.5293606100486235e-05
1,280.51483210699155,4.3530267765419556e-05
1,286.79606428917117,4.4298508824539125e-05
1,293.0772964713508,4.409810850868238e-05
1,299.35852865353036,4.365063617928893e-05
1,305.6397608357099,4.341058851191903e-05
1,311.9209930178895,4.3807928518040466e-05
1,318.2022252000691,4.567548082157317e-05
1,324.48345738224873,4.727903726627949e-05
1,330.7646895644283,4.720225437471593e-05
1,337.04592174660786,4.765905589969124e-05
1,343.3271539287874,4.789363314693275e-05
1,349.60838611096705,4.8500919765345504e-05
1,355.8896182931466,4.571081572176538e-05
1,362.17085047532623,4.5849090074915694e-05
1,368.4520826575058,4.564403186968008e-05
1,374.73331483968536,4.692277548660906e-05
1,381.0145470218649,4.542028125058464e-05
1,387.29577920404455,4.660060577724308e-05
1,393.57701138622417,4.3836722113557316e-05
1,399.85824356840374,4.471988833929862e-05
1,406.1394757505833,4.517496628528783e-05
1,412.42070793276287,4.4664703236682636e-05
1,418.7019401149425,4.361395512973182e-05
1,424.9831722971221,4.301149258847154e-05
1,431.2644044793017,4.377885085326268e-05
1,437.54563666148124,4.255166122146214e-05
1,443.8268688436608,4.024295130647451e-05
1,450.1081010258404,4.054308299577139e-05
1,456.38933320802,4.0315229800556625e-05
1,462.6705653901996,3.909350433350896e-05
1,468.9517975723792,3.8527572551306644e-05
1,475.23302975455874,3.8623683505732284e-05
1,481.5142619367383,3.926424179396322e-05
1,487.79549411891793,3.878745012375508e-05
1,494.07672630109755,3.7949503807264704e-05
1,500.3579584832771,3.714048997168548e-05
1,506.6391906654567,3.7270867663531905e-05
1,512.9204228476362,3.7546723631762065e-05
1,519.2016550298158,3.7710390264291786e-05
1,525.4828872119955,3.5757204863443534e-05
1,531.764119394175,3.517581566086918e-05
1,538.0453515763546,3.44325645413236e-05
1,544.3265837585342,3.3641027500481064e-05
1,550.6078159407137,3.2611706410452726e-05
1,556.8890481228934,3.259699810574236e-05
1,563.170280305073,3.133104199942495e-05
1,569.4515124872526,2.9838655071497932e-05
1,575.7327446694321,2.939175898569412e-05
1,582.0139768516117,2.7754114373251893e-05
1,588.2952090337913,2.813399175978952e-05
1,594.5764412159709,2.6939730500211944e-05
1,600.8576733981505,2.7144803040024543e-05
1,607.1389055803301,2.5957148929821318e-05
1,613.4201377625096,2.5278838092702992e-05
1,619.7013699446893,2.4752898183375453e-05
1,625.9826021268689,2.409616160329224e-05
1,632.2638343090484,2.408266593902064e-05
1,638.545066491228,2.3636051159314265e-05
1,644.8262986734076,2.30226978416872e-05
1,651.1075308555871,2.2620514709167455e-05
1,657.3887630377668,2.2248950717828388e-05
1,663.6699952199464,2.1663274109150487e-05
1,669.9512274021259,2.1042807493132364e-05
1,676.2324595843055,2.094564951351138e-05
1,682.5136917664851,2.0751590286171398e-05
1,688.7949239486647,2.057517488754771e-05
1,695.0761561308443,2.027230826962992e-05
1,701.3573883130239,2.0041740241268845e-05
1,707.6386204952034,2.048067960802448e-05
1,713.919852677383,2.107654985011456e-05
1,720.2010848595626,2.0780035436019446e-05
1,726.4823170417422,2.0545652056587514e-05
1,732.7635492239218,1.9968166319072913e-05
1,739.0447814061014,1.946805335786485e-05
1,745.326013588281,1.8953335448552338e-05
1,751.6072457704605,1.8683348363913014e-05
1,757.8884779526402,1.8251117735251658e-05
1,764.1697101348198,1.8003617208040523e-05
1,770.4509423169993,1.728262567318812e-05
1,776.7321744991789,1.7105479810922618e-05
1,783.0134066813584,1.6600913651442836e-05
1,789.294638863538,1.6040724332904368e-05
1,795.5758710457177,1.574546348409464e-05
1,801.8571032278973,1.5297751115579032e-05
1,808.1383354100768,1.4874670896749429e-05
1,814.4195675922564,1.4207065443638169e-05
1,820.7007997744361,1.401554110343632e-05
1,826.9820319566156,1.3312386954830451e-05
1,833.2632641387952,1.2797900321369082e-05
1,839.5444963209748,1.2388391899393443e-05
1,845.8257285031543,1.2233535046479849e-05
1,852.1069606853339,1.1588975792978654e-05
1,858.3881928675136,1.1552478104724389e-05
1,864.6694250496931,1.1242475052221195e-05
1,870.9506572318727,1.1206282433961503e-05
1,877.2318894140523,1.1152737201573364e-05
1,883.5131215962318,1.0681886830859514e-05
1,889.7943537784115,1.0517580136490838e-05
1,896.0755859605911,1.0147793531267584e-05
1,902.3568181427706,9.971951262390558e-06
1,908.6380503249502,9.520281582248712e-06
1,914.9192825071298,9.295972645248997e-06
1,921.2005146893093,8.833182454549797e-06
1,927.481746871489,8.542441889144576e-06
1,933.7629790536686,8.294175763740643e-06
1,940.0442112358481,7.840750149224933e-06
1,946.3254434180277,7.594737000432797e-06
1,952.6066756002073,7.455600132141811e-06
1,958.887907782387,7.14361619852166e-06
1,965.1691399645665,6.8357470840330484e-06
1,971.4503721467461,6.568719575005622e-06
1,977.7316043289256,6.352189448961189e-06
1,984.0128365111052,6.10218137713955e-06
1,990.2940686932848,5.931994324453369e-06
1,996.5753008754644,5.688220534680908e-06
1,1002.856533057644,5.638755320548609e-06
1,1009.1377652398236,5.395393928595999e-06
1,1015.4189974220031,5.2568770524391635e-06
1,1021.7002296041827,5.075592046010429e-06
1,1027.9814617863622,4.992177744867651e-06
1,1034.262693968542,4.83540362542889e-06
1,1040.5439261507215,4.683307945676009e-06
1,1046.825158332901,4.638738785958169e-06
1,1053.1063905150809,4.437368807369628e-06
1,1059.3876226972602,4.366956352872436e-06
1,1065.66885487944,4.212380441328261e-06
1,1071.9500870616193,4.1655839800095515e-06
1,1078.2313192437991,4.100630874505938e-06
1,1084.5125514259785,4.008609841052903e-06
1,1090.7937836081583,3.881351333530785e-06
1,1097.0750157903376,3.832505209005918e-06
1,1103.3562479725174,3.7202462115833838e-06
1,1109.637480154697,3.6553888599080618e-06
1,1115.9187123368765,3.610820912016514e-06
1,1122.1999445190563,3.537406073272735e-06
1,1128.4811767012357,3.5006516915840843e-06
1,1134.7624088834154,3.4370388244370784e-06
1,1141.0436410655948,3.396376731084258e-06
1,1147.3248732477746,3.3556979456289363e-06
1,1153.606105429954,3.3176036846051657e-06
1,1159.8873376121337,3.298321954611644e-06
1,1166.168569794313,3.233558935471959e-06
1,1172.4498019764928,3.206051288107676e-06
1,1178.7310341586726,3.1971438017181834e-06
1,1185.012266340852,3.1736852616406856e-06
1,1191.2934985230318,3.1673836924152834e-06
1,1197.574730705211,3.160558323248532e-06
1,1203.855962887391,3.1533564354945624e-06
1,1210.1371950695702,3.072110195478305e-06
1,1216.41842725175,3.0437392780857123e-06
1,1222.6996594339294,3.0369898541650687e-06
1,1228.9808916161091,3.0280890929924614e-06
1,1235.2621237982885,2.9761889468030104e-06
1,1241.5433559804683,2.973332335530805e-06
1,1247.824588162648,2.887525672494e-06
1,1254.1058203448274,2.851397430659238e-06
1,1260.3870525270072,2.8161311533233886e-06
1,1266.6682847091865,2.8124867326854253e-06
1,1272.9495168913663,2.714655690210138e-06
1,1279.2307490735457,2.663571765391426e-06
1,1285.5119812557255,2.651712018365547e-06
1,1291.7932134379048,2.611446652401878e-06
1,1298.0744456200846,2.5829161520591233e-06
1,1304.3556778022642,2.5901171140730583e-06
1,1310.6369099844437,2.5371958025046057e-06
1,1316.9181421666235,2.518170906725673e-06
1,1323.1993743488028,2.5120730933287146e-06
1,1329.4806065309826,2.498959709028329e-06
1,1335.761838713162,2.474240964781542e-06
1,1342.0430708953418,2.4698411859068575e-06
1,1348.324303077521,2.444223024288267e-06
1,1354.605535259701,2.406195153550408e-06
1,1360.8867674418802,2.397402533293806e-06
1,1367.16799962406,2.376392711437792e-06
1,1373.4492318062396,2.371391522599518e-06
1,1379.7304639884192,2.318031125407928e-06
1,1386.011696170599,2.307602805887311e-06
1,1392.2929283527783,2.2634768043450577e-06
1,1398.574160534958,2.224536211402706e-06
1,1404.8553927171374,2.187625730095465e-06
1,1411.1366248993172,2.157801883916832e-06
1,1417.4178570814965,2.1335715391258373e-06
1,1423.6990892636763,2.1044621013740264e-06
1,1429.9803214458557,2.078641096599149e-06
1,1436.2615536280355,2.033739284213715e-06
1,1442.542785810215,2.0132627399619574e-06
1,1448.8240179923946,2.0033849985590288e-06
1,1455.1052501745744,1.9739894582359226e-06
1,1461.3864823567537,1.9522069037843676e-06
1,1467.6677145389335,1.9139429878969437e-06
1,1473.9489467211129,1.9015771301816714e-06
1,1480.2301789032927,1.8799081535895237e-06
1,1486.511411085472,1.8771497704222994e-06
1,1492.7926432676518,1.8403381767052398e-06
1,1499.0738754498311,1.8444639932738663e-06
1,1505.355107632011,1.806279524286546e-06
1,1511.6363398141905,1.7849603679080246e-06
1,1517.91757199637,1.7441206204828435e-06
1,1524.1988041785498,1.7412163225640975e-06
1,1530.4800363607292,1.7027898708411365e-06
1,1536.761268542909,1.6662702397157883e-06
1,1543.0425007250883,1.6448507452230562e-06
1,1549.323732907268,1.603055538567049e-06
1,1555.6049650894474,1.5757104482746487e-06
1,1561.8861972716272,1.5613879548361845e-06
1,1568.1674294538066,1.531727764593779e-06
1,1574.4486616359864,1.5073689762000068e-06
1,1580.7298938181661,1.4768966246698866e-06
1,1587.0111260003455,1.4657687984521687e-06
1,1593.2923581825253,1.436225513428401e-06
1,1599.5735903647046,1.4250432951785649e-06
1,1605.8548225468844,1.4005232853584263e-06
1,1612.1360547290637,1.3794120795060215e-06
1,1618.4172869112435,1.3563161060981104e-06
1,1624.6985190934229,1.3278582189507679e-06
1,1630.9797512756027,1.312799139835193e-06
1,1637.260983457782,1.2829308129178491e-06
1,1643.5422156399618,1.2816280372934926e-06
1,1649.8234478221416,1.2367793003285207e-06
1,1656.104680004321,1.2214038766790461e-06
1,1662.3859121865007,1.2039618416547239e-06
1,1668.66714436868,1.178972963060456e-06
1,1674.9483765508598,1.1532212248018634e-06
1,1681.2296087330392,1.1281036629190545e-06
1,1687.510840915219,1.1108986026171377e-06
1,1693.7920730973983,1.086888202886142e-06
1,1700.073305279578,1.069980476988559e-06
1,1706.3545374617577,1.0455059665005268e-06
1,1712.6357696439372,1.0346149433203903e-06
1,1718.917001826117,1.0188806647113119e-06
1,1725.1982340082964,9.972235927046001e-07
1,1731.4794661904762,9.839882991872312e-07
1,1737.7606983726555,9.653807987664415e-07
1,1744.0419305548353,9.473197662422455e-07
1,1750.3231627370146,9.224315803264828e-07
1,1756.6043949191944,9.071640645580465e-07
1,1762.8856271013738,8.867093912224528e-07
1,1769.1668592835535,8.656515662575106e-07
1,1775.4480914657331,8.424492164225523e-07
1,1781.7293236479127,8.260156804881723e-07
1,1788.0105558300925,8.125153618403845e-07
1,1794.2917880122718,7.933153642909582e-07
1,1800.5730201944516,7.719189706728815e-07
1,1806.854252376631,7.538343412619841e-07
1,1813.1354845588107,7.384230610382717e-07
1,1819.41671674099,7.200796432459453e-07
1,1825.6979489231699,6.996694993649495e-07
1,1831.9791811053492,6.835837002562983e-07
1,1838.260413287529,6.682961371474229e-07
1,1844.5416454697086,6.555853736674309e-07
1,1850.8228776518881,6.399688725753742e-07
1,1857.104109834068,6.267998407558696e-07
1,1863.3853420162473,6.122889682978746e-07
1,1869.666574198427,5.999610993473366e-07
1,1875.9478063806064,5.839611389755926e-07
1,1882.2290385627862,5.748477798027423e-07
1,1888.5102707449655,5.554554794476418e-07
1,1894.7915029271453,5.391661879038947e-07
1,1901.0727351093246,5.247666798291889e-07
1,1907.3539672915044,5.098387076294013e-07
1,1913.635199473684,4.940735465714664e-07
1,1919.9164316558636,4.793510619892909e-07
1,1926.1976638380434,4.6803382995555026e-07
1,1932.4788960202227,4.5467933849566655e-07
1,1938.7601282024025,4.4148948076644526e-07
1,1945.0413603845818,4.274896099473686e-07
1,1951.3225925667616,4.155107300318282e-07
1,1957.603824748941,4.047668075718224e-07
1,1963.8850569311207,3.914773409402683e-07
1,1970.1662891133,3.8453111591361544e-07
1,1976.4475212954799,3.758769192738353e-07
1,1982.7287534776597,3.646799820005662e-07
1,1989.009985659839,3.597036624193352e-07
1,1995.2912178420188,3.50210403502549e-07
1,2001.5724500241981,3.420195913390023e-07
1,2007.853682206378,3.341126334809544e-07
1,2014.1349143885573,3.2687985134629133e-07
1,2020.416146570737,3.18126985401191e-07
1,2026.6973787529164,3.0669325979700085e-07
1,2032.9786109350962,3.010873392462835e-07
1,2039.2598431172755,2.91201007107079e-07
1,2045.5410752994553,2.851873594412735e-07
1,2051.822307481635,2.762345234312195e-07
1,2058.1035396638144,2.701319507165162e-07
1,2064.384771845994,2.6076976544331996e-07
1,2070.6660040281736,2.553785189362236e-07
1,2076.9472362103534,2.469952101008237e-07
1,2083.2284683925327,2.414498352592629e-07
1,2089.5097005747125,2.3418625327938095e-07
1,2095.7909327568923,2.2747750578564018e-07
1,2102.0721649390716,2.2043508577374476e-07
1,2108.353397121251,2.141169952112825e-07
1,2114.6346293034308,2.0737595442502182e-07
1,2120.9158614856105,2.0021559225249846e-07
1,2127.19709366779,1.9424530964717644e-07
1,2133.478325849969,1.8691573205094274e-07
1,2139.759558032149,1.8196716797243604e-07
1,2146.040790214329,1.76092315709249e-07
1,2152.322022396508,1.6990937005948078e-07
1,2158.603254578688,1.653774527901017e-07
1,2164.8844867608677,1.6012734169456303e-07
1,2171.165718943047,1.5612871588641514e-07
1,2177.4469511252264,1.503904947512699e-07
1,2183.728183307406,1.458421841259658e-07
1,2190.009415489586,1.4197260461673757e-07
1,2196.2906476717653,1.3645382539292777e-07
1,2202.5718798539447,1.315250908035555e-07
1,2208.8531120361245,1.272283815478564e-07
1,2215.1343442183042,1.2288542113335332e-07
1,2221.4155764004836,1.192157403842515e-07
1,2227.6968085826634,1.1477366396649698e-07
1,2233.978040764843,1.1054504583761409e-07
1,2240.2592729470225,1.0734004175776262e-07
1,2246.540505129202,1.0336164241491387e-07
1,2252.8217373113816,9.93297648396371e-08
1,2259.1029694935614,9.635133825291053e-08
1,2265.3842016757408,9.358650390199599e-08
1,2271.66543385792,9.007655184308791e-08
1,2277.9466660401004,8.67418830902202e-08
1,2284.2278982222797,8.52381174808324e-08
1,2290.509130404459,8.342225430628566e-08
1,2296.790362586639,7.967335800106816e-08
1,2303.0715947688186,7.697406446079628e-08
1,2309.352826950998,7.344686230406119e-08
1,2315.6340591331773,7.035686093147936e-08
1,2321.915291315357,6.792780258684754e-08
1,2328.196523497537,6.531176390903881e-08
1,2334.477755679716,6.29176609906253e-08
1,2340.7589878618955,6.052609331748326e-08
1,2347.040220044076,5.788608658281151e-08
1,2353.321452226255,5.611519011762483e-08
1,2359.6026844084345,5.381984170958493e-08
1,2365.8839165906143,5.143644973399364e-08
1,2372.165148772794,4.939189239765115e-08
1,2378.4463809549734,4.7671714443392704e-08
1,2384.7276131371527,4.594248245794389e-08
1,2391.0088453193325,4.3971501413436816e-08
1,2397.2900775015123,4.2376749782792505e-08
1,2403.5713096836917,4.0671129919706705e-08
1,2409.852541865871,3.934090966193077e-08
1,2416.1337740480512,3.755977056962129e-08
1,2422.4150062302306,3.5977782546935285e-08
1,2428.69623841241,3.4578968828806053e-08
1,2434.9774705945897,3.3320520130063236e-08
1,2441.2587027767695,3.2093556385636624e-08
1,2447.539934958949,3.142843480617828e-08
1,2453.821167141128,3.0759342519737915e-08
1,2460.102399323308,2.9455002403413922e-08
1,2466.3836315054878,2.810712339127073e-08
1,2472.664863687667,2.6650584922854434e-08
1,2478.9460958698464,2.551671893432509e-08
1,2485.2273280520267,2.4519444332859065e-08
1,2491.508560234206,2.3071071173661337e-08
1,2497.7897924163854,2.1895798523126306e-08
1,2504.071024598565,2.081075918260877e-08
1,2510.352256780745,1.9912752151585292e-08
1,2516.6334889629243,1.8834544686143436e-08
1,2522.9147211451036,1.7981043003232173e-08
1,2529.1959533272834,1.7148904387926068e-08
1,2535.477185509463,1.6352780487018246e-08
1,2541.7584176916425,1.5365233432182442e-08
1,2548.039649873822,1.4561277853740493e-08
1,2554.320882056002,1.3833847038773903e-08
1,2560.6021142381815,1.3228295723940299e-08
1,2566.883346420361,1.2604931390736451e-08
1,2573.1645786025406,1.189249603445771e-08
1,2579.4458107847204,1.141549593428148e-08
1,2585.7270429668997,1.0683427313722077e-08
1,2592.008275149079,1.0056211140937129e-08
1,2598.289507331259,9.526050449961934e-09
1,2604.5707395134386,9.05467422235862e-09
1,2610.851971695618,8.651996422269174e-09
1,2617.1332038777978,8.16059299786165e-09
1,2623.4144360599776,7.794196661434888e-09
1,2629.695668242157,7.368368308334127e-09
1,2635.9769004243362,6.951832796469165e-09
1,2642.258132606516,6.5677685313500884e-09
1,2648.539364788696,6.331367742115293e-09
1,2654.820596970875,6.012507152720523e-09
1,2661.1018291530545,5.763863446405821e-09
1,2667.3830613352343,5.423912123041569e-09
1,2673.664293517414,5.131709212519663e-09
1,2679.9455256995934,4.881568564354286e-09
1,2686.226757881773,4.6659065374178204e-09
1,2692.507990063953,4.381319768389529e-09
1,2698.7892222461323,4.148720186498213e-09
1,2705.0704544283117,3.9341516216906834e-09
1,2711.3516866104915,3.7099342204518214e-09
1,2717.6329187926713,3.4776408252994334e-09
1,2723.9141509748506,3.2764296938329383e-09
1,2730.19538315703,3.094773185822345e-09
1,2736.4766153392097,2.9242922943422306e-09
1,2742.7578475213895,2.7707496341850624e-09
1,2749.039079703569,2.6260519293594745e-09
1,2755.3203118857487,2.48328454505451e-09
1,2761.6015440679284,2.3366754406781282e-09
1,2767.882776250108,2.2121071336440077e-09
1,2774.164008432287,2.070420611940234e-09
1,2780.445240614467,1.9693687298250597e-09
1,2786.7264727966467,1.8525341483169992e-09
1,2793.007704978826,1.748427119138115e-09
1,2799.2889371610054,1.6438322983245978e-09
1,2805.570169343185,1.5488816140491788e-09
1,2811.851401525365,1.4467459817601546e-09
1,2818.1326337075443,1.3667712282052275e-09
1,2824.413865889724,1.2843205069883493e-09
1,2830.695098071904,1.2096605603648788e-09
1,2836.976330254083,1.134940538359542e-09
1,2843.2575624362626,1.0727396258393867e-09
1,2849.5387946184424,1.0037354798408614e-09
1,2855.820026800622,9.41189628144978e-10
1,2862.1012589828015,8.818046797706265e-10
1,2868.382491164981,8.274490415222451e-10
1,2874.6637233471606,7.715502082353159e-10
1,2880.9449555293404,7.270943737530797e-10
1,2887.2261877115197,6.797082775490373e-10
1,2893.5074198936995,6.419003112717817e-10
1,2899.7886520758793,5.961441500087465e-10
1,2906.0698842580587,5.631249321890559e-10
1,2912.351116440238,5.265172075229145e-10
1,2918.632348622418,4.958752075892894e-10
1,2924.9135808045976,4.64792753132382e-10
1,2931.194812986777,4.348128137346427e-10
1,2937.4760451689563,4.074129160072645e-10
1,2943.757277351136,3.8444075080715793e-10
1,2950.038509533316,3.579013149916686e-10
1,2956.319741715495,3.3494084749506683e-10
1,2962.600973897675,3.1376967772299864e-10
1,2968.8822060798548,2.9449548698174464e-10
1,2975.163438262034,2.7465642463049486e-10
1,2981.4446704442134,2.5836837404051036e-10
1,2987.7259026263932,2.414699704062023e-10
1,2994.007134808573,2.2617949372802813e-10
1,3000.2883669907524,2.1145811162622837e-10
1,3006.5695991729317,1.9806569790250597e-10
1,3012.8508313551115,1.8499993539533024e-10
1,3019.1320635372913,1.7346098767337894e-10
1,3025.4132957194706,1.6259423734078708e-10
1,3031.6945279016504,1.5124222741883632e-10
1,3037.97576008383,1.4253601430866389e-10
1,3044.2569922660095,1.3310412735430017e-10
1,3050.538224448189,1.2463065431984134e-10
1,3056.8194566303687,1.1613719373418689e-10
1,3063.1006888125485,1.0834040986850676e-10
1,3069.381920994728,1.0162576329833551e-10
1,3075.663153176907,9.513334708064874e-11
1,3081.9443853590874,8.883571626985559e-11
1,3088.2256175412667,8.207329034732491e-11
1,3094.506849723446,7.683152252392359e-11
1,3100.788081905626,7.160225017181231e-11
1,3107.0693140878057,6.692085350766029e-11
1,3113.350546269985,6.203776033972021e-11
1,3119.6317784521643,5.793332320161515e-11
1,3125.913010634344,5.404552337020982e-11
1,3132.194242816524,5.0604820345995564e-11
1,3138.4754749987032,4.699952569072339e-11
1,3144.7567071808826,4.3581108135750865e-11
1,3151.037939363063,4.060850402242365e-11
1,3157.319171545242,3.797651206165664e-11
1,3163.6004037274215,3.519023007974255e-11
1,3169.8816359096013,3.2795565359393133e-11
1,3176.162868091781,3.029486689663723e-11
1,3182.4441002739604,2.831309035460471e-11
1,3188.7253324561398,2.636376214950721e-11
1,3195.0065646383196,2.4447792777170467e-11
1,3201.2877968204994,2.2626766440947577e-11
1,3207.5690290026787,2.111791877336787e-11
1,3213.850261184858,1.9641198601342262e-11
2,4.140616091089793,0.0017546077576448811
2,10.42184827326938,0.007148460530537243
2,16.703080455448966,0.0051410602628649
2,22.984312637628552,0.003209022529602908
2,29.265544819808138,0.0026271112521942747
2,35.54677700198772,0.0016138834115815442
2,41.828009184167314,0.0011608852411244264
2,48.10924136634689,0.0011889819800978193
2,54.39047354852649,0.000926803338608938
2,60.671705730706066,0.0006769860005001305
2,66.95293791288566,0.0006364116631732243
2,73.23417009506524,0.0006558376920115733
2,79.51540227724483,0.0005902233154309654
2,85.79663445942441,0.000516523896490653
2,92.077866641604,0.0004613456709729186
2,98.35909882378358,0.00041013010260671856
2,104.64033100596318,0.0003922229185842144
2,110.92156318814276,0.0003012244519243791
2,117.20279537032235,0.0002786141658153921
2,123.48402755250193,0.00022726579149499478
2,129.76525973468154,0.0001965247806036617
2,136.0464919168611,0.0001890733779210822
2,142.32772409904067,0.00016733571386366714
2,148.6089562812203,0.0001489133962302794
2,154.89018846339985,0.00013097117172556082
2,161.17142064557947,0.00013737849864167004
2,167.45265282775904,0.00011517054516792777
2,173.7338850099386,0.0001148704276557798
2,180.01511719211823,0.00010967259627096314
2,186.2963493742978,0.00010542003781189694
2,192.57758155647736,9.382124381190694e-05
2,198.85881373865698,8.866283364341619e-05
2,205.14004592083654,8.238777747040095e-05
2,211.42127810301616,6.965676743694308e-05
2,217.70251028519573,6.43047678591861e-05
2,223.9837424673753,5.760124950260663e-05
2,230.26497464955492,5.608706061014744e-05
2,236.54620683173448,4.7401464913888606e-05
2,242.82743901391405,4.2883887839509e-05
2,249.10867119609367,3.935247603539882e-05
2,255.38990337827323,3.5320096953078663e-05
2,261.67113556045285,3.4765161538830994e-05
2,267.9523677426324,3.1091277059622224e-05
2,274.233599924812,3.065968618489036e-05
2,280.51483210699155,2.9116927009937668e-05
2,286.79606428917117,2.7348201333085518e-05
2,293.0772964713508,2.704120672641151e-05
2,299.35852865353036,2.661804929200357e-05
2,305.6397608357099,2.624996909891766e-05
2,311.9209930178895,2.50490547441689e-05
2,318.2022252000691,2.467061249558853e-05
2,324.48345738224873,2.4797755528185563e-05
2,330.7646895644283,2.393539617579089e-05
2,337.04592174660786,2.260203467262963e-05
2,343.3271539287874,2.2896549801265237e-05
2,349.60838611096705,2.2807798569716576e-05
2,355.8896182931466,2.2239045417004652e-05
2,362.17085047532623,2.1921179752641742e-05
2,368.4520826575058,2.1430718755950848e-05
2,374.73331483968536,2.038081517162874e-05
2,381.0145470218649,1.9603538721140453e-05
2,387.29577920404455,1.9395412523271466e-05
2,393.57701138622417,1.7729623541004304e-05
2,399.85824356840374,1.765421867567246e-05
2,406.1394757505833,1.7079692566544075e-05
2,412.42070793276287,1.638998851031055e-05
2,418.7019401149425,1.5432986157538392e-05
2,424.9831722971221,1.510125635272227e-05
2,431.2644044793017,1.5136444353188373e-05
2,437.54563666148124,1.4216105603637777e-05
2,443.8268688436608,1.3517383151714626e-05
2,450.1081010258404,1.3579260591537533e-05
2,456.38933320802,1.2761068511995704e-05
2,462.6705653901996,1.2026940657509127e-05
2,468.9517975723792,1.151414210394173e-05
2,475.23302975455874,1.1296190122911682e-05
2,481.5142619367383,1.0816553262981564e-05
2,487.79549411891793,1.05687110720432e-05
2,494.07672630109755,1.0020616387048421e-05
2,500.3579584832771,9.647446577349203e-06
2,506.6391906654567,9.612292207511652e-06
2,512.9204228476362,9.355529463623688e-06
2,519.2016550298158,9.367288770438287e-06
2,525.4828872119955,8.915443023808059e-06
2,531.764119394175,9.050263222038882e-06
2,538.0453515763546,8.907479293543672e-06
2,544.3265837585342,9.158995971400255e-06
2,550.6078159407137,9.125044714665296e-06
2,556.8890481228934,9.046997517721554e-06
2,563.170280305073,9.030552257570734e-06
2,569.4515124872526,9.099661090337302e-06
2,575.7327446694321,9.027738496386908e-06
2,582.0139768516117,8.768843622984741e-06
2,588.2952090337913,8.890862091870963e-06
2,594.5764412159709,8.648645251399328e-06
2,600.8576733981505,8.881822486397872e-06
2,607.1389055803301,8.636181240647068e-06
2,613.4201377625096,8.47167552136047e-06
2,619.7013699446893,8.594078078826392e-06
2,625.9826021268689,8.420112957475295e-06
2,632.2638343090484,8.51297171778084e-06
2,638.545066491228,8.372664792549767e-06
2,644.8262986734076,8.424545495703381e-06
2,651.1075308555871,8.37877817021817e-06
2,657.3887630377668,8.237981020060498e-06
2,663.6699952199464,8.227158573379516e-06
2,669.9512274021259,8.031396615430947e-06
2,676.2324595843055,8.153379390830048e-06
2,682.5136917664851,8.046721185672994e-06
2,688.7949239486647,7.933403690344372e-06
2,695.0761561308443,7.908552285030559e-06
2,701.3573883130239,7.822433034690002e-06
2,707.6386204952034,7.651995830833034e-06
2,713.919852677383,7.557806967138337e-06
2,720.2010848595626,7.521234468736058e-06
2,726.4823170417422,7.5493389398748035e-06
2,732.7635492239218,7.513596876962033e-06
2,739.0447814061014,7.3515695651495814e-06
2,745.326013588281,7.3256277981699555e-06
2,751.6072457704605,7.30098326529009e-06
2,757.8884779526402,7.19557509319689e-06
2,764.1697101348198,7.1167428197099716e-06
2,770.4509423169993,7.020322286081046e-06
2,776.7321744991789,7.064862193623178e-06
2,783.0134066813584,7.033435821545418e-06
2,789.294638863538,6.858700653700016e-06
2,795.5758710457177,6.922407516729255e-06
2,801.8571032278973,6.941156889685957e-06
2,808.1383354100768,6.818847731770465e-06
2,814.4195675922564,6.6818428605209856e-06
2,820.7007997744361,6.690009190353483e-06
2,826.9820319566156,6.4996878374499986e-06
2,833.2632641387952,6.436510011286744e-06
2,839.5444963209748,6.356073719845291e-06
2,845.8257285031543,6.327792959714524e-06
2,852.1069606853339,6.198413078799076e-06
2,858.3881928675136,6.199715993404007e-06
2,864.6694250496931,6.034346976106262e-06
2,870.9506572318727,5.982017700257704e-06
2,877.2318894140523,5.954340138057204e-06
2,883.5131215962318,5.827693285480188e-06
2,889.7943537784115,5.8231281992206585e-06
2,896.0755859605911,5.660018901723245e-06
2,902.3568181427706,5.579002448017099e-06
2,908.6380503249502,5.436732520741469e-06
2,914.9192825071298,5.349848501799948e-06
2,921.2005146893093,5.176230551453232e-06
2,927.481746871489,5.111454847519813e-06
2,933.7629790536686,5.028050154193551e-06
2,940.0442112358481,4.96229888275495e-06
2,946.3254434180277,4.867200481401482e-06
2,952.6066756002073,4.821743896738433e-06
2,958.887907782387,4.685298980326114e-06
2,965.1691399645665,4.615128074453077e-06
2,971.4503721467461,4.5607535385734915e-06
2,977.7316043289256,4.49200542989318e-06
2,984.0128365111052,4.386612048952027e-06
2,990.2940686932848,4.3471493843066935e-06
2,996.5753008754644,4.221207658479574e-06
2,1002.856533057644,4.248462616076005e-06
2,1009.1377652398236,4.178539008924932e-06
2,1015.4189974220031,4.12224188876901e-06
2,1021.7002296041827,4.0916228008343355e-06
2,1027.9814617863622,4.043484641933204e-06
2,1034.262693968542,4.000274619165701e-06
2,1040.5439261507215,3.912219992087019e-06
2,1046.825158332901,3.906458124508301e-06
2,1053.1063905150809,3.82499791393642e-06
2,1059.3876226972602,3.8064890930704884e-06
2,1065.66885487944,3.745431374421101e-06
2,1071.9500870616193,3.7440738855721e-06
2,1078.2313192437991,3.7390145511179003e-06
2,1084.5125514259785,3.6973254018380322e-06
2,1090.7937836081583,3.6728909876133696e-06
2,1097.0750157903376,3.6575604016603704e-06
2,1103.3562479725174,3.627943378983178e-06
2,1109.637480154697,3.5610247057662925e-06
2,1115.9187123368765,3.6156687583778935e-06
2,1122.1999445190563,3.562519946368462e-06
2,1128.4811767012357,3.5496477203887684e-06
2,1134.7624088834154,3.5126757600622506e-06
2,1141.0436410655948,3.498658965193798e-06
2,1147.3248732477746,3.4462199218154372e-06
2,1153.606105429954,3.4418177113273323e-06
2,1159.8873376121337,3.432190148765629e-06
2,1166.168569794313,3.4225630965109434e-06
2,1172.4498019764928,3.424953813837223e-06
2,1178.7310341586726,3.4248671845384936e-06
2,1185.012266340852,3.377496590115582e-06
2,1191.2934985230318,3.362768791095146e-06
2,1197.574730705211,3.350985070865206e-06
2,1203.855962887391,3.334011394650637e-06
2,1210.1371950695702,3.3051749897662475e-06
2,1216.41842725175,3.2640565372927553e-06
2,1222.6996594339294,3.2590002711140846e-06
2,1228.9808916161091,3.2630145227214115e-06
2,1235.2621237982885,3.2115187167630206e-06
2,1241.5433559804683,3.166344086252699e-06
2,1247.824588162648,3.150822317404051e-06
2,1254.1058203448274,3.1257583131617757e-06
2,1260.3870525270072,3.115371060640529e-06
2,1266.6682847091865,3.104992734052378e-06
2,1272.9495168913663,3.051792667154595e-06
2,1279.2307490735457,3.0134391643746092e-06
2,1285.5119812557255,3.016990805279751e-06
2,1291.7932134379048,2.9894378186356723e-06
2,1298.0744456200846,2.9532750528891206e-06
2,1304.3556778022642,2.9122298712665675e-06
2,1310.6369099844437,2.8976577108804627e-06
2,1316.9181421666235,2.8796775358615728e-06
2,1323.1993743488028,2.884343253210965e-06
2,1329.4806065309826,2.8477272151846096e-06
2,1335.761838713162,2.822021626855146e-06
2,1342.0430708953418,2.8237764868006177e-06
2,1348.324303077521,2.7744500303071524e-06
2,1354.605535259701,2.780138314353565e-06
2,1360.8867674418802,2.7610839082906596e-06
2,1367.16799962406,2.731584002041223e-06
2,1373.4492318062396,2.729992209283448e-06
2,1379.7304639884192,2.658677732225842e-06
2,1386.011696170599,2.671709438920023e-06
2,1392.2929283527783,2.632976531367641e-06
2,1398.574160534958,2.615881673031947e-06
2,1404.8553927171374,2.54008003836323e-06
2,1411.1366248993172,2.5426228041827814e-06
2,1417.4178570814965,2.4980102543179658e-06
2,1423.6990892636763,2.4960773274032132e-06
2,1429.9803214458557,2.442437886723191e-06
2,1436.2615536280355,2.411061545766568e-06
2,1442.542785810215,2.3988291307356835e-06
2,1448.8240179923946,2.3745586825794992e-06
2,1455.1052501745744,2.358214514186252e-06
2,1461.3864823567537,2.3356218661223565e-06
2,1467.6677145389335,2.278250010897944e-06
2,1473.9489467211129,2.283652842540933e-06
2,1480.2301789032927,2.2494950365242787e-06
2,1486.511411085472,2.2526543511561172e-06
2,1492.7926432676518,2.190545317979277e-06
2,1499.0738754498311,2.1862914199598095e-06
2,1505.355107632011,2.137566571020539e-06
2,1511.6363398141905,2.112963889757728e-06
2,1517.91757199637,2.055183077173514e-06
2,1524.1988041785498,2.0319393585315287e-06
2,1530.4800363607292,2.000138342230362e-06
2,1536.761268542909,1.9546084923009214e-06
2,1543.0425007250883,1.931414608282123e-06
2,1549.323732907268,1.8889329615109678e-06
2,1555.6049650894474,1.8328886373992496e-06
2,1561.8861972716272,1.8292049173681615e-06
2,1568.1674294538066,1.798854909595725e-06
2,1574.4486616359864,1.763846470738289e-06
2,1580.7298938181661,1.7290367894125688e-06
2,1587.0111260003455,1.702761567237281e-06
2,1593.2923581825253,1.6835893870566212e-06
2,1599.5735903647046,1.6395102359830803e-06
2,1605.8548225468844,1.613763664766618e-06
2,1612.1360547290637,1.5792322940234593e-06
2,1618.4172869112435,1.5490494810849628e-06
2,1624.6985190934229,1.4979405319734901e-06
2,1630.9797512756027,1.4854533082776763e-06
2,1637.260983457782,1.4485921159855712e-06
2,1643.5422156399618,1.4285608962782158e-06
2,1649.8234478221416,1.3844975011442709e-06
2,1656.104680004321,1.3656522223019512e-06
2,1662.3859121865007,1.337990516720204e-06
2,1668.66714436868,1.3176303946387027e-06
2,1674.9483765508598,1.2946180306923525e-06
2,1681.2296087330392,1.2734894386837449e-06
2,1687.510840915219,1.263215986403895e-06
2,1693.7920730973983,1.2267619187127907e-06
2,1700.073305279578,1.2100713661958435e-06
2,1706.3545374617577,1.1792984321933498e-06
2,1712.6357696439372,1.1662256123246113e-06
2,1718.917001826117,1.140139202313397e-06
2,1725.1982340082964,1.106279203556124e-06
2,1731.4794661904762,1.091652574348572e-06
2,1737.7606983726555,1.06170068573605e-06
2,1744.0419305548353,1.0505558000089274e-06
2,1750.3231627370146,1.0161059205541776e-06
2,1756.6043949191944,1.0036561995007583e-06
2,1762.8856271013738,9.868616102752602e-07
2,1769.1668592835535,9.623719459282775e-07
2,1775.4480914657331,9.38807261227295e-07
2,1781.7293236479127,9.257217518910087e-07
2,1788.0105558300925,9.079052952683053e-07
2,1794.2917880122718,8.881523627958289e-07
2,1800.5730201944516,8.613696236962339e-07
2,1806.854252376631,8.451328168302064e-07
2,1813.1354845588107,8.300561346089539e-07
2,1819.41671674099,8.086066697024039e-07
2,1825.6979489231699,7.878793949659709e-07
2,1831.9791811053492,7.71250922894247e-07
2,1838.260413287529,7.493478788404497e-07
2,1844.5416454697086,7.38109758262808e-07
2,1850.8228776518881,7.201042840681986e-07
2,1857.104109834068,7.060897828819073e-07
2,1863.3853420162473,6.802729252378258e-07
2,1869.666574198427,6.64301177017135e-07
2,1875.9478063806064,6.482842244173298e-07
2,1882.2290385627862,6.348203412761132e-07
2,1888.5102707449655,6.155836048038573e-07
2,1894.7915029271453,5.97734780795967e-07
2,1901.0727351093246,5.808838713380352e-07
2,1907.3539672915044,5.667331370578187e-07
2,1913.635199473684,5.513911784700188e-07
2,1919.9164316558636,5.335903344487256e-07
2,1926.1976638380434,5.239900101587337e-07
2,1932.4788960202227,5.075268290916138e-07
2,1938.7601282024025,4.94232406744028e-07
2,1945.0413603845818,4.813727557088749e-07
2,1951.3225925667616,4.7020998025631504e-07
2,1957.603824748941,4.572244826820631e-07
2,1963.8850569311207,4.4048241343550835e-07
2,1970.1662891133,4.342025793755811e-07
2,1976.4475212954799,4.2113650586904373e-07
2,1982.7287534776597,4.072738211165569e-07
2,1989.009985659839,3.9811272705820985e-07
2,1995.2912178420188,3.8543656404547976e-07
2,2001.5724500241981,3.7503471046197296e-07
2,2007.853682206378,3.6601527436611056e-07
2,2014.1349143885573,3.571048666507749e-07
2,2020.416146570737,3.464293921538642e-07
2,2026.6973787529164,3.3430905588131766e-07
2,2032.9786109350962,3.2855130062620316e-07
2,2039.2598431172755,3.17253116256201e-07
2,2045.5410752994553,3.1055834430973885e-07
2,2051.822307481635,3.0175429391831555e-07
2,2058.1035396638144,2.92432374850444e-07
2,2064.384771845994,2.848868346639232e-07
2,2070.6660040281736,2.770023841543052e-07
2,2076.9472362103534,2.700280571812657e-07
2,2083.2284683925327,2.6179465625030545e-07
2,2089.5097005747125,2.5340257601898434e-07
2,2095.7909327568923,2.462539454941061e-07
2,2102.0721649390716,2.3714326518637113e-07
2,2108.353397121251,2.306408188556397e-07
2,2114.6346293034308,2.226308736658131e-07
2,2120.9158614856105,2.1625695815896806e-07
2,2127.19709366779,2.0978841439608213e-07
2,2133.478325849969,2.0178770151686213e-07
2,2139.759558032149,1.956693543319088e-07
2,2146.040790214329,1.888713030793379e-07
2,2152.322022396508,1.830296582464906e-07
2,2158.603254578688,1.7670412632736735e-07
2,2164.8844867608677,1.7047003368731438e-07
2,2171.165718943047,1.6549182630572957e-07
2,2177.4469511252264,1.584357051179734e-07
2,2183.728183307406,1.543568647533485e-07
2,2190.009415489586,1.48980455391376e-07
2,2196.2906476717653,1.443035244100741e-07
2,2202.5718798539447,1.3919486326776678e-07
2,2208.8531120361245,1.3387466730670805e-07
2,2215.1343442183042,1.2930489754781533e-07
2,2221.4155764004836,1.253620396826646e-07
2,2227.6968085826634,1.2067687977016582e-07
2,2233.978040764843,1.1586731213176362e-07
2,2240.2592729470225,1.1220027255328762e-07
2,2246.540505129202,1.0780139627053755e-07
2,2252.8217373113816,1.0394417743585702e-07
2,2259.1029694935614,9.98464135861217e-08
2,2265.3842016757408,9.622242213754657e-08
2,2271.66543385792,9.189971183089393e-08
2,2277.9466660401004,8.879374485330362e-08
2,2284.2278982222797,8.589011300995286e-08
2,2290.509130404459,8.206911672116964e-08
2,2296.790362586639,7.955336966579879e-08
2,2303.0715947688186,7.654622288436247e-08
2,2309.352826950998,7.350612223268739e-08
2,2315.6340591331773,7.059854752184949e-08
2,2321.915291315357,6.832085051049752e-08
2,2328.196523497537,6.510295855301385e-08
2,2334.477755679716,6.251897068966012e-08
2,2340.7589878618955,5.988161217110906e-08
2,2347.040220044076,5.760120512964181e-08
2,2353.321452226255,5.5785418367379213e-08
2,2359.6026844084345,5.333561493467276e-08
2,2365.8839165906143,5.115983046679859e-08
2,2372.165148772794,4.9169036391449083e-08
2,2378.4463809549734,4.733225237712763e-08
2,2384.7276131371527,4.5626118049217854e-08
2,2391.0088453193325,4.3744547859515047e-08
2,2397.2900775015123,4.199129062939763e-08
2,2403.5713096836917,4.0011750919796996e-08
2,2409.852541865871,3.858373213757461e-08
2,2416.1337740480512,3.7023113326176625e-08
2,2422.4150062302306,3.544012683209012e-08
2,2428.69623841241,3.391453750056859e-08
2,2434.9774705945897,3.235378362361616e-08
2,2441.2587027767695,3.1028122257458335e-08
2,2447.539934958949,2.9664128969358982e-08
2,2453.821167141128,2.8392045062341722e-08
2,2460.102399323308,2.7125443142300475e-08
2,2466.3836315054878,2.5932244424498302e-08
2,2472.664863687667,2.474989808420545e-08
2,2478.9460958698464,2.3787766783264657e-08
2,2485.2273280520267,2.2728956906762254e-08
2,2491.508560234206,2.1707494528451656e-08
2,2497.7897924163854,2.0708080331168943e-08
2,2504.071024598565,1.9647511064562216e-08
2,2510.352256780745,1.8867327387498864e-08
2,2516.6334889629243,1.791559444315128e-08
2,2522.9147211451036,1.7184068959366316e-08
2,2529.1959533272834,1.6291335299041284e-08
2,2535.477185509463,1.556058398817575e-08
2,2541.7584176916425,1.4914542347343262e-08
2,2548.039649873822,1.4112151664090514e-08
2,2554.320882056002,1.3448027307353721e-08
2,2560.6021142381815,1.2737252595738524e-08
2,2566.883346420361,1.2130704643502257e-08
2,2573.1645786025406,1.1463279765412652e-08
2,2579.4458107847204,1.0944238092813288e-08
2,2585.7270429668997,1.037100438072419e-08
2,2592.008275149079,9.871718269338304e-09
2,2598.289507331259,9.336461320779698e-09
2,2604.5707395134386,8.943885354809254e-09
2,2610.851971695618,8.474655144187106e-09
2,2617.1332038777978,8.036624854989879e-09
2,2623.4144360599776,7.70460372914404e-09
2,2629.695668242157,7.254839242898703e-09
2,2635.9769004243362,6.905970558106784e-09
2,2642.258132606516,6.577306113862691e-09
2,2648.539364788696,6.240607775296786e-09
2,2654.820596970875,5.897761803604665e-09
2,2661.1018291530545,5.599429079659267e-09
2,2667.3830613352343,5.289232135526946e-09
2,2673.664293517414,5.021563302436594e-09
2,2679.9455256995934,4.750202499823754e-09
2,2686.226757881773,4.495574962917366e-09
2,2692.507990063953,4.240958143846912e-09
2,2698.7892222461323,4.021260552277937e-09
2,2705.0704544283117,3.8038519472135516e-09
2,2711.3516866104915,3.597306168678065e-09
2,2717.6329187926713,3.408003429454388e-09
2,2723.9141509748506,3.2201820886165184e-09
2,2730.19538315703,3.048572034899608e-09
2,2736.4766153392097,2.8794026085992222e-09
2,2742.7578475213895,2.7163177614219966e-09
2,2749.039079703569,2.5640276617007423e-09
2,2755.3203118857487,2.41937306668444e-09
2,2761.6015440679284,2.277073326042289e-09
2,2767.882776250108,2.1622346857900505e-09
2,2774.164008432287,2.0247051064836503e-09
2,2780.445240614467,1.9265535351132715e-09
2,2786.7264727966467,1.814655310778929e-09
2,2793.007704978826,1.716148541979738e-09
2,2799.2889371610054,1.6146270954889413e-09
2,2805.570169343185,1.5315584250910854e-09
2,2811.851401525365,1.437049838567418e-09
2,2818.1326337075443,1.3544253687329906e-09
2,2824.413865889724,1.2762246555939158e-09
2,2830.695098071904,1.2021135558539566e-09
2,2836.976330254083,1.1287807132597672e-09
2,2843.2575624362626,1.0649071808872222e-09
2,2849.5387946184424,9.9931671352968e-10
2,2855.820026800622,9.428252168314426e-10
2,2862.1012589828015,8.852258591629328e-10
2,2868.382491164981,8.331423849251457e-10
2,2874.6637233471606,7.795111588339905e-10
2,2880.9449555293404,7.392651665565767e-10
2,2887.2261877115197,6.914466888921653e-10
2,2893.5074198936995,6.529253578071495e-10
2,2899.7886520758793,6.103715187541766e-10
2,2906.0698842580587,5.733396591183472e-10
2,2912.351116440238,5.400113106232586e-10
2,2918.632348622418,5.082713827951112e-10
2,2924.9135808045976,4.761746663386426e-10
2,2931.194812986777,4.4716556696098566e-10
2,2937.4760451689563,4.2019647683690527e-10
2,2943.757277351136,3.9686610957202976e-10
2,2950.038509533316,3.710627012389624e-10
2,2956.319741715495,3.459939589803271e-10
2,2962.600973897675,3.268585451456527e-10
2,2968.8822060798548,3.0702042364004634e-10
2,2975.163438262034,2.8761741508232784e-10
2,2981.4446704442134,2.687022155022275e-10
2,2987.7259026263932,2.516974572841323e-10
2,2994.007134808573,2.3804870863570234e-10
2,3000.2883669907524,2.2225742890371742e-10
2,3006.5695991729317,2.0881073662172263e-10
2,3012.8508313551115,1.9501577968650766e-10
2,3019.1320635372913,1.8253998812431497e-10
2,3025.4132957194706,1.7166945706620074e-10
2,3031.6945279016504,1.5963597570454164e-10
2,3037.97576008383,1.4988596150881733e-10
2,3044.2569922660095,1.398260665624706e-10
2,3050.538224448189,1.307077630417317e-10
2,3056.8194566303687,1.2216775877662544e-10
2,3063.1006888125485,1.1403606419652597e-10
2,3069.381920994728,1.0689467256871516e-10
2,3075.663153176907,9.989040161219166e-11
2,3081.9443853590874,9.340488348429877e-11
2,3088.2256175412667,8.72272083306592e-11
2,3094.506849723446,8.121643139748548e-11
2,3100.788081905626,7.592883961991462e-11
2,3107.0693140878057,7.078413065149944e-11
2,3113.350546269985,6.578509667943872e-11
2,3119.6317784521643,6.146755582556714e-11
2,3125.913010634344,5.693496452913162e-11
2,3132.194242816524,5.322637629032648e-11
2,3138.4754749987032,4.957807154654326e-11
2,3144.7567071808826,4.6021791916531673e-11
2,3151.037939363063,4.2896935558431043e-11
2,3157.319171545242,3.985804301332196e-11
2,3163.6004037274215,3.717098773359158e-11
2,3169.8816359096013,3.4540040675179145e-11
2,3176.162868091781,3.2060730192929666e-11
2,3182.4441002739604,2.979856862933266e-11
2,3188.7253324561398,2.76347926432024e-11
2,3195.0065646383196,2.56787961401061e-11
2,3201.2877968204994,2.3769490730075488e-11
2,3207.5690290026787,2.2272297409059982e-11
2,3213.850261184858,2.064739620930844e-11
3,4.140616091089793,0.00853648278797345
3,10.42184827326938,0.01288848069393762
3,16.703080455448966,0.005660291656150577
3,22.984312637628552,0.0030180354131313977
3,29.265544819808138,0.001990338162266101
3,35.54677700198772,0.0014711671069668252
3,41.828009184167314,0.0010658778103330856
3,48.10924136634689,0.0009345877674473425
3,54.39047354852649,0.0006239500551856218
3,60.671705730706066,0.0003872727685483909
3,66.95293791288566,0.0003229809656981901
3,73.23417009506524,0.00027268823383773166
3,79.51540227724483,0.0002665602974540091
3,85.79663445942441,0.0002458128010247235
3,92.077866641604,0.0002600514517470992
3,98.35909882378358,0.00025592461367790616
3,104.64033100596318,0.0002810775934457528
3,110.92156318814276,0.00023372528023684545
3,117.20279537032235,0.00019332539774330053
3,123.48402755250193,0.00015667767684339527
3,129.76525973468154,0.0001376697632523648
3,136.0464919168611,0.00013109181688104575
3,142.32772409904067,0.00012144679513566756
3,148.6089562812203,0.00010585878764620005
3,154.89018846339985,0.00010370954102968411
3,161.17142064557947,0.00010667249657182372
3,167.45265282775904,9.25927610057898e-05
3,173.7338850099386,9.327163460063388e-05
3,180.01511719211823,8.823630503579828e-05
3,186.2963493742978,8.908798531419763e-05
3,192.57758155647736,8.09321664112305e-05
3,198.85881373865698,7.492039711195292e-05
3,205.14004592083654,6.922163110356855e-05
3,211.42127810301616,6.548157081317973e-05
3,217.70251028519573,6.1597505388947e-05
3,223.9837424673753,5.820936285750255e-05
3,230.26497464955492,5.6638289759598574e-05
3,236.54620683173448,4.9786587789506115e-05
3,242.82743901391405,4.766936544923707e-05
3,249.10867119609367,4.4757249967567294e-05
3,255.38990337827323,4.504402443961392e-05
3,261.67113556045285,4.5335621530398145e-05
3,267.9523677426324,4.249152366002201e-05
3,274.233599924812,4.3546749781345456e-05
3,280.51483210699155,4.177923761512034e-05
3,286.79606428917117,4.1781286950270516e-05
3,293.0772964713508,4.1705708948521086e-05
3,299.35852865353036,4.235774039767303e-05
3,305.6397608357099,4.155981160824027e-05
3,311.9209930178895,4.006877093052586e-05
3,318.2022252000691,3.959728876761709e-05
3,324.48345738224873,3.9340508255910204e-05
3,330.7646895644283,3.8502128752890035e-05
3,337.04592174660786,3.797420322383571e-05
3,343.3271539287874,3.7628897245819966e-05
3,349.60838611096705,3.7758538460789574e-05
3,355.8896182931466,3.573056606312853e-05
3,362.17085047532623,3.4745536219758104e-05
3,368.4520826575058,3.325161195926639e-05
3,374.73331483968536,3.347995065888952e-05
3,381.0145470218649,3.1271397181529296e-05
3,387.29577920404455,3.0199722289265284e-05
3,393.57701138622417,2.7520500338928093e-05
3,399.85824356840374,2.6934395588084395e-05
3,406.1394757505833,2.5803237874408278e-05
3,412.42070793276287,2.4491160674933458e-05
3,418.7019401149425,2.3438704996120565e-05
3,424.9831722971221,2.2892959935061446e-05
3,431.2644044793017,2.3039407749905947e-05
3,437.54563666148124,2.143918582845545e-05
3,443.8268688436608,2.099561502727141e-05
3,450.1081010258404,2.0588944516067423e-05
3,456.38933320802,1.9685672761330093e-05
3,462.6705653901996,1.9239706198729143e-05
3,468.9517975723792,1.8554406338614695e-05
3,475.23302975455874,1.8095855623776476e-05
3,481.5142619367383,1.770603878968642e-05
3,487.79549411891793,1.7277271895266312e-05
3,494.07672630109755,1.6898693133202635e-05
3,500.3579584832771,1.6552153050449718e-05
3,506.6391906654567,1.6530911642835677e-05
3,512.9204228476362,1.596960625473059e-05
3,519.2016550298158,1.592118050402085e-05
3,525.4828872119955,1.5313359711816e-05
3,531.764119394175,1.5609350349737617e-05
3,538.0453515763546,1.5242388709561857e-05
3,544.3265837585342,1.5475754840403257e-05
3,550.6078159407137,1.5175695818766737e-05
3,556.8890481228934,1.491540369934693e-05
3,563.170280305073,1.502058012118595e-05
3,569.4515124872526,1.5006021336278716e-05
3,575.7327446694321,1.4953696429530717e-05
3,582.0139768516117,1.4510136656315731e-05
3,588.2952090337913,1.4698800774946819e-05
3,594.5764412159709,1.4329371934446913e-05
3,600.8576733981505,1.4481362121517115e-05
3,607.1389055803301,1.3828623766770885e-05
3,613.4201377625096,1.3609664791111183e-05
3,619.7013699446893,1.3749171162428154e-05
3,625.9826021268689,1.3374026860491929e-05
3,632.2638343090484,1.3788279900918155e-05
3,638.545066491228,1.373535922265625e-05
3,644.8262986734076,1.3879796715336356e-05
3,651.1075308555871,1.3894520082388657e-05
3,657.3887630377668,1.3595486496373563e-05
3,663.6699952199464,1.3641628608553121e-05
3,669.9512274021259,1.3265846404986503e-05
3,676.2324595843055,1.342500822530911e-05
3,682.5136917664851,1.3107946845643105e-05
3,688.7949239486647,1.2898213717619891e-05
3,695.0761561308443,1.2878993243947392e-05
3,701.3573883130239,1.2669148074522215e-05
3,707.6386204952034,1.2428778345380991e-05
3,713.919852677383,1.2344705818199567e-05
3,720.2010848595626,1.2108393387815595e-05
3,726.4823170417422,1.2067492692294415e-05
3,732.7635492239218,1.1970593906849998e-05
3,739.0447814061014,1.1966269880430516e-05
3,745.326013588281,1.1846361707719418e-05
3,751.6072457704605,1.185912173582193e-05
3,757.8884779526402,1.1478599267023956e-05
3,764.1697101348198,1.1465188366826905e-05
3,770.4509423169993,1.1241954743502805e-05
3,776.7321744991789,1.1026862853295711e-05
3,783.0134066813584,1.0754813778568283e-05
3,789.294638863538,1.0520042049591725e-05
3,795.5758710457177,1.0243313232397622e-05
3,801.8571032278973,9.984018285204417e-06
3,808.1383354100768,9.636423358629783e-06
3,814.4195675922564,9.42048273056703e-06
3,820.7007997744361,9.181202022615871e-06
3,826.9820319566156,8.854787548699944e-06
3,833.2632641387952,8.755036421515089e-06
3,839.5444963209748,8.590451550892678e-06
3,845.8257285031543,8.462283266663347e-06
3,852.1069606853339,8.13645931656277e-06
3,858.3881928675136,8.06099096847021e-06
3,864.6694250496931,7.760098778014036e-06
3,870.9506572318727,7.684297555015303e-06
3,877.2318894140523,7.4452300691357286e-06
3,883.5131215962318,7.21440110584344e-06
3,889.7943537784115,7.077444350018753e-06
3,896.0755859605911,6.818794864641263e-06
3,902.3568181427706,6.6902214084863245e-06
3,908.6380503249502,6.4797065926038195e-06
3,914.9192825071298,6.372664912272416e-06
3,921.2005146893093,6.1538615212891975e-06
3,927.481746871489,6.107331787606809e-06
3,933.7629790536686,5.941323649680739e-06
3,940.0442112358481,5.861320366242172e-06
3,946.3254434180277,5.726254308015688e-06
3,952.6066756002073,5.672190117269853e-06
3,958.887907782387,5.5312410149800845e-06
3,965.1691399645665,5.340946946952477e-06
3,971.4503721467461,5.236378446691552e-06
3,977.7316043289256,5.072099927650972e-06
3,984.0128365111052,4.943036220577452e-06
3,990.2940686932848,4.8079092567358386e-06
3,996.5753008754644,4.680869711155096e-06
3,1002.856533057644,4.602675725504929e-06
3,1009.1377652398236,4.45463577260351e-06
3,1015.4189974220031,4.347874937310735e-06
3,1021.7002296041827,4.289009492984864e-06
3,1027.9814617863622,4.1804713506510995e-06
3,1034.262693968542,4.098718408565308e-06
3,1040.5439261507215,4.033588725290581e-06
3,1046.825158332901,3.950092951082639e-06
3,1053.1063905150809,3.8094951785909975e-06
3,1059.3876226972602,3.7624690519409567e-06
3,1065.66885487944,3.654772823366531e-06
3,1071.9500870616193,3.587606317651628e-06
3,1078.2313192437991,3.5213638654612513e-06
3,1084.5125514259785,3.4294166526858222e-06
3,1090.7937836081583,3.361929716842807e-06
3,1097.0750157903376,3.3415374904096907e-06
3,1103.3562479725174,3.265510810009655e-06
3,1109.637480154697,3.193494242476023e-06
3,1115.9187123368765,3.211641569643892e-06
3,1122.1999445190563,3.162653710618527e-06
3,1128.4811767012357,3.1663099272241768e-06
3,1134.7624088834154,3.093696228589072e-06
3,1141.0436410655948,3.0867939399892595e-06
3,1147.3248732477746,3.066192026575682e-06
3,1153.606105429954,3.0216324495400833e-06
3,1159.8873376121337,2.9677550721685145e-06
3,1166.168569794313,2.923004187716116e-06
3,1172.4498019764928,2.918114674798097e-06
3,1178.7310341586726,2.887150159805012e-06
3,1185.012266340852,2.8766484306913384e-06
3,1191.2934985230318,2.890253559184471e-06
3,1197.574730705211,2.8311131716708864e-06
3,1203.855962887391,2.8182009978602844e-06
3,1210.1371950695702,2.7358027957249554e-06
3,1216.41842725175,2.7417238942129314e-06
3,1222.6996594339294,2.6945177762911404e-06
3,1228.9808916161091,2.7045827268565105e-06
3,1235.2621237982885,2.6658145010582423e-06
3,1241.5433559804683,2.687786747577036e-06
3,1247.824588162648,2.6708754889037174e-06
3,1254.1058203448274,2.674754336714055e-06
3,1260.3870525270072,2.6258271511880996e-06
3,1266.6682847091865,2.62027408988877e-06
3,1272.9495168913663,2.5810533460871175e-06
3,1279.2307490735457,2.543084519139273e-06
3,1285.5119812557255,2.5601997673524235e-06
3,1291.7932134379048,2.5870604168426925e-06
3,1298.0744456200846,2.5617249675250245e-06
3,1304.3556778022642,2.555004053526573e-06
3,1310.6369099844437,2.499145603070625e-06
3,1316.9181421666235,2.52736067785592e-06
3,1323.1993743488028,2.537340953376211e-06
3,1329.4806065309826,2.5198201915585976e-06
3,1335.761838713162,2.4588202920303085e-06
3,1342.0430708953418,2.444763842506305e-06
3,1348.324303077521,2.3728795946427244e-06
3,1354.605535259701,2.383900727468151e-06
3,1360.8867674418802,2.321330458832361e-06
3,1367.16799962406,2.2852948141023775e-06
3,1373.4492318062396,2.2797635854436205e-06
3,1379.7304639884192,2.2440156953143453e-06
3,1386.011696170599,2.2630716507506536e-06
3,1392.2929283527783,2.171753658019453e-06
3,1398.574160534958,2.1765063784260333e-06
3,1404.8553927171374,2.1366040183984942e-06
3,1411.1366248993172,2.1176296748045772e-06
3,1417.4178570814965,2.0724677534632405e-06
3,1423.6990892636763,2.0625542773710733e-06
3,1429.9803214458557,2.042404072235191e-06
3,1436.2615536280355,2.0367167500625825e-06
3,1442.542785810215,2.0266569456628782e-06
3,1448.8240179923946,2.0557871329990277e-06
3,1455.1052501745744,2.032567493966913e-06
3,1461.3864823567537,2.0028556121449615e-06
3,1467.6677145389335,1.9456400160493367e-06
3,1473.9489467211129,1.9276826991972335e-06
3,1480.2301789032927,1.8970442726823423e-06
3,1486.511411085472,1.8768762831957083e-06
3,1492.7926432676518,1.8299594076074462e-06
3,1499.0738754498311,1.836080596571284e-06
3,1505.355107632011,1.7993374062377347e-06
3,1511.6363398141905,1.7758724198238423e-06
3,1517.91757199637,1.7704363047327462e-06
3,1524.1988041785498,1.7790141823984388e-06
3,1530.4800363607292,1.7805727112967404e-06
3,1536.761268542909,1.759996809977202e-06
3,1543.0425007250883,1.7357351575964204e-06
3,1549.323732907268,1.7018017703956082e-06
3,1555.6049650894474,1.6502369516588514e-06
3,1561.8861972716272,1.6331840776384937e-06
3,1568.1674294538066,1.6078533628384749e-06
3,1574.4486616359864,1.5970428406697889e-06
3,1580.7298938181661,1.578917432093266e-06
3,1587.0111260003455,1.5564897096996643e-06
3,1593.2923581825253,1.5169505473674009e-06
3,1599.5735903647046,1.4794072496616267e-06
3,1605.8548225468844,1.4462984189351424e-06
3,1612.1360547290637,1.4325422721793237e-06
3,1618.4172869112435,1.403652848598406e-06
3,1624.6985190934229,1.4199106875581865e-06
3,1630.9797512756027,1.4093407455106648e-06
3,1637.260983457782,1.3796288141317261e-06
3,1643.5422156399618,1.374254161653827e-06
3,1649.8234478221416,1.3174269310403324e-06
3,1656.104680004321,1.2992665872158708e-06
3,1662.3859121865007,1.2799256977734408e-06
3,1668.66714436868,1.2498156754035675e-06
3,1674.9483765508598,1.23526326599595e-06
3,1681.2296087330392,1.2067993272771215e-06
3,1687.510840915219,1.1856158106873504e-06
3,1693.7920730973983,1.1538542810596283e-06
3,1700.073305279578,1.1472634206285417e-06
3,1706.3545374617577,1.1134826426822915e-06
3,1712.6357696439372,1.1025845716661388e-06
3,1718.917001826117,1.1063882751981969e-06
3,1725.1982340082964,1.0819356841600543e-06
3,1731.4794661904762,1.0486477445882637e-06
3,1737.7606983726555,1.0223368186502802e-06
3,1744.0419305548353,1.0029444763082992e-06
3,1750.3231627370146,9.746828753077288e-07
3,1756.6043949191944,9.687023138895785e-07
3,1762.8856271013738,9.507012577718795e-07
3,1769.1668592835535,9.268404056101484e-07
3,1775.4480914657331,8.953624358595441e-07
3,1781.7293236479127,8.893634924498477e-07
3,1788.0105558300925,8.77418217877311e-07
3,1794.2917880122718,8.581877501255086e-07
3,1800.5730201944516,8.376053329335529e-07
3,1806.854252376631,8.17354086694165e-07
3,1813.1354845588107,8.055448239130651e-07
3,1819.41671674099,7.7855923603823e-07
3,1825.6979489231699,7.585040627856082e-07
3,1831.9791811053492,7.497329645257998e-07
3,1838.260413287529,7.35260511358322e-07
3,1844.5416454697086,7.219938040093727e-07
3,1850.8228776518881,7.018387995807224e-07
3,1857.104109834068,6.843103537593012e-07
3,1863.3853420162473,6.631070635935501e-07
3,1869.666574198427,6.462545590943461e-07
3,1875.9478063806064,6.387101632927058e-07
3,1882.2290385627862,6.234722776598649e-07
3,1888.5102707449655,6.027802353917964e-07
3,1894.7915029271453,5.86978001458539e-07
3,1901.0727351093246,5.753106757329084e-07
3,1907.3539672915044,5.644912729955546e-07
3,1913.635199473684,5.497298426915555e-07
3,1919.9164316558636,5.340568865746197e-07
3,1926.1976638380434,5.242455113770846e-07
3,1932.4788960202227,5.097718494353491e-07
3,1938.7601282024025,4.961789639894876e-07
3,1945.0413603845818,4.841301505284782e-07
3,1951.3225925667616,4.730685803549018e-07
3,1957.603824748941,4.616532346350883e-07
3,1963.8850569311207,4.44703168531123e-07
3,1970.1662891133,4.368916638209907e-07
3,1976.4475212954799,4.2723668279176557e-07
3,1982.7287534776597,4.1148124130276275e-07
3,1989.009985659839,4.0035520996714376e-07
3,1995.2912178420188,3.893579922771078e-07
3,2001.5724500241981,3.75506308685802e-07
3,2007.853682206378,3.6472657541043323e-07
3,2014.1349143885573,3.602426681523676e-07
3,2020.416146570737,3.500694667177686e-07
3,2026.6973787529164,3.3838827832902333e-07
3,2032.9786109350962,3.2781037205314485e-07
3,2039.2598431172755,3.198656493950162e-07
3,2045.5410752994553,3.128405939953189e-07
3,2051.822307481635,3.0112266979677703e-07
3,2058.1035396638144,2.9541600367212555e-07
3,2064.384771845994,2.8432652695756704e-07
3,2070.6660040281736,2.778704485155615e-07
3,2076.9472362103534,2.6902571195484333e-07
3,2083.2284683925327,2.599933806409944e-07
3,2089.5097005747125,2.532606184990375e-07
3,2095.7909327568923,2.459029701257515e-07
3,2102.0721649390716,2.395356918386131e-07
3,2108.353397121251,2.3244554880373404e-07
3,2114.6346293034308,2.2596454794911982e-07
3,2120.9158614856105,2.1686635474914232e-07
3,2127.19709366779,2.119342789609228e-07
3,2133.478325849969,2.0433155597291491e-07
3,2139.759558032149,1.9805480238050528e-07
3,2146.040790214329,1.908281874329257e-07
3,2152.322022396508,1.8402994494590858e-07
3,2158.603254578688,1.7778622800946698e-07
3,2164.8844867608677,1.7263820539120422e-07
3,2171.165718943047,1.663807877298219e-07
3,2177.4469511252264,1.610448869687899e-07
3,2183.728183307406,1.5582629066583442e-07
3,2190.009415489586,1.5072973561041704e-07
3,2196.2906476717653,1.460702793462569e-07
3,2202.5718798539447,1.416804368600259e-07
3,2208.8531120361245,1.3733763924215764e-07
3,2215.1343442183042,1.3207803363491571e-07
3,2221.4155764004836,1.2966399954665896e-07
3,2227.6968085826634,1.2593789462551277e-07
3,2233.978040764843,1.206895318207213e-07
3,2240.2592729470225,1.175576957316912e-07
3,2246.540505129202,1.1290979672055717e-07
3,2252.8217373113816,1.0847643934091306e-07
3,2259.1029694935614,1.0466169642850622e-07
3,2265.3842016757408,1.0111656591527184e-07
3,2271.66543385792,9.706102532524087e-08
3,2277.9466660401004,9.317227739019415e-08
3,2284.2278982222797,9.03576040152936e-08
3,2290.509130404459,8.68957752160177e-08
3,2296.790362586639,8.433977604636926e-08
3,2303.0715947688186,8.165886036139121e-08
3,2309.352826950998,7.86147918035945e-08
3,2315.6340591331773,7.536615119676696e-08
3,2321.915291315357,7.274758580631905e-08
3,2328.196523497537,6.993043476416299e-08
3,2334.477755679716,6.712103124370758e-08
3,2340.7589878618955,6.463033296471222e-08
3,2347.040220044076,6.199329424698941e-08
3,2353.321452226255,5.997906945473146e-08
3,2359.6026844084345,5.730533361031515e-08
3,2365.8839165906143,5.482327443656061e-08
3,2372.165148772794,5.2665373637188606e-08
3,2378.4463809549734,5.072510241155389e-08
3,2384.7276131371527,4.849926608478744e-08
3,2391.0088453193325,4.6333413205647964e-08
3,2397.2900775015123,4.474579166781202e-08
3,2403.5713096836917,4.272190845723533e-08
3,2409.852541865871,4.1232850641879914e-08
3,2416.1337740480512,3.9597246216844424e-08
3,2422.4150062302306,3.78128192287217e-08
3,2428.69623841241,3.6247201062512965e-08
3,2434.9774705945897,3.479251323322122e-08
3,2441.2587027767695,3.363204694440081e-08
3,2447.539934958949,3.244606461707014e-08
3,2453.821167141128,3.114117093662272e-08
3,2460.102399323308,2.9761483778839836e-08
3,2466.3836315054878,2.857702524864903e-08
3,2472.664863687667,2.719178123078728e-08
3,2478.9460958698464,2.6003765376066145e-08
3,2485.2273280520267,2.501081423367682e-08
3,2491.508560234206,2.3808418944402116e-08
3,2497.7897924163854,2.2751746716992968e-08
3,2504.071024598565,2.16626163192902e-08
3,2510.352256780745,2.075450831695163e-08
3,2516.6334889629243,1.9824558369556437e-08
3,2522.9147211451036,1.8900907986694554e-08
3,2529.1959533272834,1.8057877742841353e-08
3,2535.477185509463,1.715392715115239e-08
3,2541.7584176916425,1.6382509727895183e-08
3,2548.039649873822,1.5720011373622403e-08
3,2554.320882056002,1.4874661628648195e-08
3,2560.6021142381815,1.4171507476599523e-08
3,2566.883346420361,1.348630110497278e-08
3,2573.1645786025406,1.273863102571836e-08
3,2579.4458107847204,1.2186883293834839e-08
3,2585.7270429668997,1.1545403154708844e-08
3,2592.008275149079,1.0962204018118043e-08
3,2598.289507331259,1.041044976535026e-08
3,2604.5707395134386,9.9446295393582e-09
3,2610.851971695618,9.458057986225475e-09
3,2617.1332038777978,8.94184675032e-09
3,2623.4144360599776,8.565877564842388e-09
3,2629.695668242157,8.06490056298731e-09
3,2635.9769004243362,7.626144157706218e-09
3,2642.258132606516,7.2658633702673715e-09
3,2648.539364788696,6.9061324702782045e-09
3,2654.820596970875,6.536228912603551e-09
3,2661.1018291530545,6.192022642804718e-09
3,2667.3830613352343,5.860193514514144e-09
3,2673.664293517414,5.5638141336272615e-09
3,2679.9455256995934,5.280880807674937e-09
3,2686.226757881773,5.0073277218859574e-09
3,2692.507990063953,4.7342240568356525e-09
3,2698.7892222461323,4.486580144309024e-09
3,2705.0704544283117,4.2592393955339754e-09
3,2711.3516866104915,4.017378761718697e-09
3,2717.6329187926713,3.790791608660092e-09
3,2723.9141509748506,3.5958220561470748e-09
3,2730.19538315703,3.3716090859884155e-09
3,2736.4766153392097,3.189579699587254e-09
3,2742.7578475213895,3.0175119526255875e-09
3,2749.039079703569,2.863081619738851e-09
3,2755.3203118857487,2.6987932098087806e-09
3,2761.6015440679284,2.5258348678591397e-09
3,2767.882776250108,2.399700586047956e-09
3,2774.164008432287,2.2373886197556413e-09
3,2780.445240614467,2.129524668016989e-09
3,2786.7264727966467,1.9997519668450894e-09
3,2793.007704978826,1.8868390729557763e-09
3,2799.2889371610054,1.7839822759447784e-09
3,2805.570169343185,1.6766598784513683e-09
3,2811.851401525365,1.5840227727397428e-09
3,2818.1326337075443,1.495614113697518e-09
3,2824.413865889724,1.3999574743160892e-09
3,2830.695098071904,1.3181908736483917e-09
3,2836.976330254083,1.2443054901590482e-09
3,2843.2575624362626,1.1681353084457864e-09
3,2849.5387946184424,1.1018629967788177e-09
3,2855.820026800622,1.0357284214516764e-09
3,2862.1012589828015,9.813505497625116e-10
3,2868.382491164981,9.21704280414768e-10
3,2874.6637233471606,8.615530067254806e-10
3,2880.9449555293404,8.136100079177678e-10
3,2887.2261877115197,7.632109075999108e-10
3,2893.5074198936995,7.166988527027369e-10
3,2899.7886520758793,6.73017737439806e-10
3,2906.0698842580587,6.33322044503485e-10
3,2912.351116440238,5.957179165630465e-10
3,2918.632348622418,5.587097124758992e-10
3,2924.9135808045976,5.236939507391055e-10
3,2931.194812986777,4.924077620020082e-10
3,2937.4760451689563,4.622160326038744e-10
3,2943.757277351136,4.3408492868631487e-10
3,2950.038509533316,4.03976687419674e-10
3,2956.319741715495,3.800769697724379e-10
3,2962.600973897675,3.565512751388318e-10
3,2968.8822060798548,3.353028606351961e-10
3,2975.163438262034,3.1441963300006656e-10
3,2981.4446704442134,2.9465210960647984e-10
3,2987.7259026263932,2.7404124162256586e-10
3,2994.007134808573,2.5888328110822755e-10
3,3000.2883669907524,2.4132603402328297e-10
3,3006.5695991729317,2.2562299000819477e-10
3,3012.8508313551115,2.1123239537543352e-10
3,3019.1320635372913,1.9784887849663294e-10
3,3025.4132957194706,1.8551564890220175e-10
3,3031.6945279016504,1.7301611941310811e-10
3,3037.97576008383,1.6149938778929414e-10
3,3044.2569922660095,1.5077794391903688e-10
3,3050.538224448189,1.415447705106952e-10
3,3056.8194566303687,1.3226898589774793e-10
3,3063.1006888125485,1.2279238926265717e-10
3,3069.381920994728,1.1540580544477876e-10
3,3075.663153176907,1.0764049004910765e-10
3,3081.9443853590874,1.0023025068253233e-10
3,3088.2256175412667,9.286877053526511e-11
3,3094.506849723446,8.673013830974199e-11
3,3100.788081905626,8.116647119084681e-11
3,3107.0693140878057,7.573370735746218e-11
3,3113.350546269985,7.050948175362942e-11
3,3119.6317784521643,6.587573437100827e-11
3,3125.913010634344,6.141585700546141e-11
3,3132.194242816524,5.7251543927604535e-11
3,3138.4754749987032,5.33635099687051e-11
3,3144.7567071808826,4.930690421128306e-11
3,3151.037939363063,4.610430018108789e-11
3,3157.319171545242,4.288940879294161e-11
3,3163.6004037274215,3.986242640036395e-11
3,3169.8816359096013,3.694962885567774e-11
3,3176.162868091781,3.439948613391146e-11
3,3182.4441002739604,3.201618093290664e-11
3,3188.7253324561398,2.989453488932294e-11
3,3195.0065646383196,2.7656674892869313e-11
3,3201.2877968204994,2.5544524020037494e-11
3,3207.5690290026787,2.3928524000898912e-11
3,3213.850261184858,2.217131041494873e-11
4,4.140616091089793,0.0030070105253069738
4,10.42184827326938,0.026286443211785467
4,16.703080455448966,0.010386995759017735
4,22.984312637628552,0.00365374238939004
4,29.265544819808138,0.0036629184218440296
4,35.54677700198772,0.002006517122140667
4,41.828009184167314,0.0014259637945016183
4,48.10924136634689,0.0012888079936177617
4,54.39047354852649,0.0008828472202637064
4,60.671705730706066,0.0006753453911571478
4,66.95293791288566,0.0006582807410762183
4,73.23417009506524,0.0005937100406901429
4,79.51540227724483,0.0005956835433933911
4,85.79663445942441,0.000566130785622755
4,92.077866641604,0.0005470351060221236
4,98.35909882378358,0.0004854918028208471
4,104.64033100596318,0.0004669209536898593
4,110.92156318814276,0.000359695305269793
4,117.20279537032235,0.00030086084560493933
4,123.48402755250193,0.00023246204289083434
4,129.76525973468154,0.00018127228950243736
4,136.0464919168611,0.00016170650906875342
4,142.32772409904067,0.00012894434704336226
4,148.6089562812203,0.00011665607274625226
4,154.89018846339985,0.0001113730359664767
4,161.17142064557947,0.00011240347682569426
4,167.45265282775904,0.00010061546592253685
4,173.7338850099386,9.592600944422496e-05
4,180.01511719211823,8.964466023622634e-05
4,186.2963493742978,9.003507761865586e-05
4,192.57758155647736,8.59845727129767e-05
4,198.85881373865698,8.190464931028733e-05
4,205.14004592083654,7.883950594503256e-05
4,211.42127810301616,6.776061263654675e-05
4,217.70251028519573,6.53949673424159e-05
4,223.9837424673753,5.719382937568486e-05
4,230.26497464955492,5.4672597576250847e-05
4,236.54620683173448,4.7990578576713665e-05
4,242.82743901391405,4.3927426879814796e-05
4,249.10867119609367,3.926466479496664e-05
4,255.38990337827323,3.65028391763902e-05
4,261.67113556045285,3.425505209016481e-05
4,267.9523677426324,3.176095791553982e-05
4,274.233599924812,3.0861505110977074e-05
4,280.51483210699155,2.8937970485783374e-05
4,286.79606428917117,2.8339865411416673e-05
4,293.0772964713508,2.6974638017236116e-05
4,299.35852865353036,2.731674624430315e-05
4,305.6397608357099,2.7914734566180385e-05
4,311.9209930178895,2.669283229738845e-05
4,318.2022252000691,2.618866676104022e-05
4,324.48345738224873,2.675291890625952e-05
4,330.7646895644283,2.5800590025980385e-05
4,337.04592174660786,2.5551268051715132e-05
4,343.3271539287874,2.6256044344184107e-05
4,349.60838611096705,2.6280531678372867e-05
4,355.8896182931466,2.571668426447727e-05
4,362.17085047532623,2.635821875880012e-05
4,368.4520826575058,2.4864396821962416e-05
4,374.73331483968536,2.4597947155789057e-05
4,381.0145470218649,2.3393919193155952e-05
4,387.29577920404455,2.4279179585725925e-05
4,393.57701138622417,2.3052215404718563e-05
4,399.85824356840374,2.3201880715160242e-05
4,406.1394757505833,2.2873034331798915e-05
4,412.42070793276287,2.263045491250892e-05
4,418.7019401149425,2.1811843022830975e-05
4,424.9831722971221,2.058292050712388e-05
4,431.2644044793017,2.0865190915919302e-05
4,437.54563666148124,1.987290734890635e-05
4,443.8268688436608,1.9229572471780377e-05
4,450.1081010258404,1.9627471817807473e-05
4,456.38933320802,1.9164550894354448e-05
4,462.6705653901996,1.8886186630563077e-05
4,468.9517975723792,1.8059657941009452e-05
4,475.23302975455874,1.7790442848472175e-05
4,481.5142619367383,1.720743565937702e-05
4,487.79549411891793,1.707740665187867e-05
4,494.07672630109755,1.6423951043380216e-05
4,500.3579584832771,1.599520772383019e-05
4,506.6391906654567,1.5912762061666256e-05
4,512.9204228476362,1.5215387799395018e-05
4,519.2016550298158,1.5278428432870708e-05
4,525.4828872119955,1.4863159273085489e-05
4,531.764119394175,1.4809773231770044e-05
4,538.0453515763546,1.43555832831592e-05
4,544.3265837585342,1.4256204590961789e-05
4,550.6078159407137,1.4017047454905885e-05
4,556.8890481228934,1.4042718604338102e-05
4,563.170280305073,1.3804356823134725e-05
4,569.4515124872526,1.3649956869608931e-05
4,575.7327446694321,1.340659802879601e-05
4,582.0139768516117,1.3021266119742356e-05
4,588.2952090337913,1.3252331719780936e-05
4,594.5764412159709,1.3064058018065716e-05
4,600.8576733981505,1.319470872004769e-05
4,607.1389055803301,1.2976468117382132e-05
4,613.4201377625096,1.3028387226563753e-05
4,619.7013699446893,1.29512359554653e-05
4,625.9826021268689,1.2781794055563209e-05
4,632.2638343090484,1.2772850383832173e-05
4,638.545066491228,1.2688361658421228e-05
4,644.8262986734076,1.2624460049400784e-05
4,651.1075308555871,1.2698634701186026e-05
4,657.3887630377668,1.2336413729963612e-05
4,663.6699952199464,1.2408170610031652e-05
4,669.9512274021259,1.2005395495472253e-05
4,676.2324595843055,1.220394547746733e-05
4,682.5136917664851,1.1944669226022925e-05
4,688.7949239486647,1.1715884974798898e-05
4,695.0761561308443,1.1547895454931326e-05
4,701.3573883130239,1.1094465782942377e-05
4,707.6386204952034,1.0911795103079753e-05
4,713.919852677383,1.085756243062265e-05
4,720.2010848595626,1.0683667769365068e-05
4,726.4823170417422,1.071637827178224e-05
4,732.7635492239218,1.0458718499494158e-05
4,739.0447814061014,1.0160321868861922e-05
4,745.326013588281,1.0274355826439745e-05
4,751.6072457704605,1.0118232135397695e-05
4,757.8884779526402,9.906788671958544e-06
4,764.1697101348198,9.637676574578944e-06
4,770.4509423169993,9.424721919292312e-06
4,776.7321744991789,9.350098507180716e-06
4,783.0134066813584,9.291014814881035e-06
4,789.294638863538,8.876066611854287e-06
4,795.5758710457177,8.767685653661348e-06
4,801.8571032278973,8.53726197021852e-06
4,808.1383354100768,8.418088920772317e-06
4,814.4195675922564,8.290698535595556e-06
4,820.7007997744361,8.233739699513298e-06
4,826.9820319566156,7.980662075188203e-06
4,833.2632641387952,7.7119889937139e-06
4,839.5444963209748,7.609260786045663e-06
4,845.8257285031543,7.490786499924278e-06
4,852.1069606853339,7.194882593346148e-06
4,858.3881928675136,7.149020061977413e-06
4,864.6694250496931,6.771873022731722e-06
4,870.9506572318727,6.6741847501902465e-06
4,877.2318894140523,6.540588979569482e-06
4,883.5131215962318,6.260558606560638e-06
4,889.7943537784115,6.119893088982668e-06
4,896.0755859605911,5.876644545018707e-06
4,902.3568181427706,5.787200146230095e-06
4,908.6380503249502,5.610887423518616e-06
4,914.9192825071298,5.560742517298451e-06
4,921.2005146893093,5.319605704702672e-06
4,927.481746871489,5.2298718219870685e-06
4,933.7629790536686,5.140465754760545e-06
4,940.0442112358481,4.975025062537808e-06
4,946.3254434180277,4.8740114280541066e-06
4,952.6066756002073,4.85219335469215e-06
4,958.887907782387,4.763224090805512e-06
4,965.1691399645665,4.6422062474746625e-06
4,971.4503721467461,4.549686831534218e-06
4,977.7316043289256,4.446860335841418e-06
4,984.0128365111052,4.36303039458597e-06
4,990.2940686932848,4.32351962145271e-06
4,996.5753008754644,4.2304023272926014e-06
4,1002.856533057644,4.208009271932089e-06
4,1009.1377652398236,4.093892664130227e-06
4,1015.4189974220031,4.017218660445083e-06
4,1021.7002296041827,3.983119665812187e-06
4,1027.9814617863622,3.950690811178954e-06
4,1034.262693968542,3.921578386749291e-06
4,1040.5439261507215,3.856906665228431e-06
4,1046.825158332901,3.820629799752482e-06
4,1053.1063905150809,3.706200932655264e-06
4,1059.3876226972602,3.6672979101525878e-06
4,1065.66885487944,3.6471171328128536e-06
4,1071.9500870616193,3.626290200302128e-06
4,1078.2313192437991,3.5734782159564815e-06
4,1084.5125514259785,3.5295454609875904e-06
4,1090.7937836081583,3.4723957006599056e-06
4,1097.0750157903376,3.4680838753351806e-06
4,1103.3562479725174,3.418050545279535e-06
4,1109.637480154697,3.370117267315587e-06
4,1115.9187123368765,3.363560095923629e-06
4,1122.1999445190563,3.3126158496884045e-06
4,1128.4811767012357,3.3030120468317692e-06
4,1134.7624088834154,3.2312583153971513e-06
4,1141.0436410655948,3.2363088576787814e-06
4,1147.3248732477746,3.187661232083074e-06
4,1153.606105429954,3.153118489802026e-06
4,1159.8873376121337,3.1607027597451125e-06
4,1166.168569794313,3.1237061912484678e-06
4,1172.4498019764928,3.107617726485438e-06
4,1178.7310341586726,3.1129920244336054e-06
4,1185.012266340852,3.087347910831106e-06
4,1191.2934985230318,3.1020090615963784e-06
4,1197.574730705211,3.0988787493824222e-06
4,1203.855962887391,3.0673133480995856e-06
4,1210.1371950695702,3.0349947046764706e-06
4,1216.41842725175,3.0184765410080124e-06
4,1222.6996594339294,3.032798227920711e-06
4,1228.9808916161091,3.044265355645151e-06
4,1235.2621237982885,3.0415172023755176e-06
4,1241.5433559804683,3.027343628983891e-06
4,1247.824588162648,3.0350214236014705e-06
4,1254.1058203448274,3.0324626447746673e-06
4,1260.3870525270072,3.0265303519486323e-06
4,1266.6682847091865,3.0448622634150015e-06
4,1272.9495168913663,3.0505765635789147e-06
4,1279.2307490735457,3.006675333955898e-06
4,1285.5119812557255,2.9890595554819764e-06
4,1291.7932134379048,2.9846186133512576e-06
4,1298.0744456200846,2.956182008029233e-06
4,1304.3556778022642,2.9324344843637856e-06
4,1310.6369099844437,2.8716640096916813e-06
4,1316.9181421666235,2.8431119303290535e-06
4,1323.1993743488028,2.8352437124901807e-06
4,1329.4806065309826,2.8127593541605574e-06
4,1335.761838713162,2.78579251754846e-06
4,1342.0430708953418,2.7758146103057543e-06
4,1348.324303077521,2.7371619558497434e-06
4,1354.605535259701,2.742475316263384e-06
4,1360.8867674418802,2.7470319321541324e-06
4,1367.16799962406,2.7039404881877436e-06
4,1373.4492318062396,2.681050243826173e-06
4,1379.7304639884192,2.6318328700481445e-06
4,1386.011696170599,2.6353478337535597e-06
4,1392.2929283527783,2.5823957463511422e-06
4,1398.574160534958,2.5870830763002696e-06
4,1404.8553927171374,2.561142357036992e-06
4,1411.1366248993172,2.568617789266062e-06
4,1417.4178570814965,2.5496141049701878e-06
4,1423.6990892636763,2.5510544674051076e-06
4,1429.9803214458557,2.53031969164842e-06
4,1436.2615536280355,2.515520591539362e-06
4,1442.542785810215,2.4957631984784347e-06
4,1448.8240179923946,2.5136611161351604e-06
4,1455.1052501745744,2.4583667887923115e-06
4,1461.3864823567537,2.445752281994464e-06
4,1467.6677145389335,2.393078593371213e-06
4,1473.9489467211129,2.365837147576112e-06
4,1480.2301789032927,2.315571633393566e-06
4,1486.511411085472,2.306965450762528e-06
4,1492.7926432676518,2.251404744035202e-06
4,1499.0738754498311,2.2268149165453807e-06
4,1505.355107632011,2.1887987153376877e-06
4,1511.6363398141905,2.1556935142985515e-06
4,1517.91757199637,2.0859415748355053e-06
4,1524.1988041785498,2.0512481760273246e-06
4,1530.4800363607292,2.013674802537346e-06
4,1536.761268542909,1.9773512389617875e-06
4,1543.0425007250883,1.955881081038781e-06
4,1549.323732907268,1.8989798337655953e-06
4,1555.6049650894474,1.8589491744099e-06
4,1561.8861972716272,1.8483602972750185e-06
4,1568.1674294538066,1.8133867047188319e-06
4,1574.4486616359864,1.7824819042908881e-06
4,1580.7298938181661,1.7502010662326336e-06
4,1587.0111260003455,1.7432415936217792e-06
4,1593.2923581825253,1.7124511784549849e-06
4,1599.5735903647046,1.6918583517896838e-06
4,1605.8548225468844,1.6579921408928226e-06
4,1612.1360547290637,1.6274891766894056e-06
4,1618.4172869112435,1.603881998255136e-06
4,1624.6985190934229,1.5719454288833922e-06
4,1630.9797512756027,1.5410354810843723e-06
4,1637.260983457782,1.5012891193762594e-06
4,1643.5422156399618,1.4716854547697552e-06
4,1649.8234478221416,1.443944819215457e-06
4,1656.104680004321,1.4130091673908957e-06
4,1662.3859121865007,1.3843426481288226e-06
4,1668.66714436868,1.3566018771533938e-06
4,1674.9483765508598,1.3395834735858162e-06
4,1681.2296087330392,1.3175908034663982e-06
4,1687.510840915219,1.289345170281982e-06
4,1693.7920730973983,1.2571600434928582e-06
4,1700.073305279578,1.2475612494992142e-06
4,1706.3545374617577,1.2208281333066565e-06
4,1712.6357696439372,1.2144251967512012e-06
4,1718.917001826117,1.2049763039286819e-06
4,1725.1982340082964,1.178983492450407e-06
4,1731.4794661904762,1.1668849230893624e-06
4,1737.7606983726555,1.1461039696640042e-06
4,1744.0419305548353,1.1467401075338705e-06
4,1750.3231627370146,1.1167069974691795e-06
4,1756.6043949191944,1.1079326775283125e-06
4,1762.8856271013738,1.084730616866859e-06
4,1769.1668592835535,1.0664770906885133e-06
4,1775.4480914657331,1.0325308787550797e-06
4,1781.7293236479127,1.016080592827885e-06
4,1788.0105558300925,9.964002779558076e-07
4,1794.2917880122718,9.751888052855083e-07
4,1800.5730201944516,9.530496548404278e-07
4,1806.854252376631,9.323142033658576e-07
4,1813.1354845588107,9.128621802337663e-07
4,1819.41671674099,8.866227656784349e-07
4,1825.6979489231699,8.663522815034132e-07
4,1831.9791811053492,8.530266521541646e-07
4,1838.260413287529,8.299972134368031e-07
4,1844.5416454697086,8.154942091195324e-07
4,1850.8228776518881,7.909977357292348e-07
4,1857.104109834068,7.72009613333152e-07
4,1863.3853420162473,7.527436987128162e-07
4,1869.666574198427,7.345142015511584e-07
4,1875.9478063806064,7.186160816636426e-07
4,1882.2290385627862,7.016497858849017e-07
4,1888.5102707449655,6.881392195805606e-07
4,1894.7915029271453,6.772872822259509e-07
4,1901.0727351093246,6.650522733051882e-07
4,1907.3539672915044,6.484993597484459e-07
4,1913.635199473684,6.349567065307008e-07
4,1919.9164316558636,6.197924192756774e-07
4,1926.1976638380434,6.131508960646818e-07
4,1932.4788960202227,5.933353301767937e-07
4,1938.7601282024025,5.803652713339751e-07
4,1945.0413603845818,5.714546070192042e-07
4,1951.3225925667616,5.520673310922582e-07
4,1957.603824748941,5.395785351783205e-07
4,1963.8850569311207,5.17945173367382e-07
4,1970.1662891133,5.081844586952127e-07
4,1976.4475212954799,4.952875144707785e-07
4,1982.7287534776597,4.815112835818182e-07
4,1989.009985659839,4.6898664492446396e-07
4,1995.2912178420188,4.5807852451447244e-07
4,2001.5724500241981,4.455074943865376e-07
4,2007.853682206378,4.340951930439226e-07
4,2014.1349143885573,4.245888240711778e-07
4,2020.416146570737,4.1110889900368333e-07
4,2026.6973787529164,3.9774912809014917e-07
4,2032.9786109350962,3.8531426439918763e-07
4,2039.2598431172755,3.7232291978552866e-07
4,2045.5410752994553,3.6214186222877525e-07
4,2051.822307481635,3.4989349603073093e-07
4,2058.1035396638144,3.4104030046955104e-07
4,2064.384771845994,3.3040400144294874e-07
4,2070.6660040281736,3.2204863510011186e-07
4,2076.9472362103534,3.119576368619609e-07
4,2083.2284683925327,3.0340168615559615e-07
4,2089.5097005747125,2.934589540201884e-07
4,2095.7909327568923,2.8616684162758826e-07
4,2102.0721649390716,2.765248184194179e-07
4,2108.353397121251,2.6980655940937893e-07
4,2114.6346293034308,2.5999861423169813e-07
4,2120.9158614856105,2.523392207435458e-07
4,2127.19709366779,2.445099687875125e-07
4,2133.478325849969,2.371205715895366e-07
4,2139.759558032149,2.307544994839445e-07
4,2146.040790214329,2.2351065369769533e-07
4,2152.322022396508,2.1540429889280723e-07
4,2158.603254578688,2.0858878480291052e-07
4,2164.8844867608677,2.0190819090665558e-07
4,2171.165718943047,1.9525577911078453e-07
4,2177.4469511252264,1.8903944835391976e-07
4,2183.728183307406,1.8282832750622275e-07
4,2190.009415489586,1.7693455547798193e-07
4,2196.2906476717653,1.7108130724295406e-07
4,2202.5718798539447,1.6535204830901099e-07
4,2208.8531120361245,1.5858363326632312e-07
4,2215.1343442183042,1.5304828574132928e-07
4,2221.4155764004836,1.4930267489525618e-07
4,2227.6968085826634,1.4422072329104249e-07
4,2233.978040764843,1.3912392273994668e-07
4,2240.2592729470225,1.3414413320709685e-07
4,2246.540505129202,1.292829096199218e-07
4,2252.8217373113816,1.2414689919044687e-07
4,2259.1029694935614,1.194064755154994e-07
4,2265.3842016757408,1.1498470262571173e-07
4,2271.66543385792,1.1064536979132414e-07
4,2277.9466660401004,1.0644526879055892e-07
4,2284.2278982222797,1.026440065146006e-07
4,2290.509130404459,9.828256865388716e-08
4,2296.790362586639,9.441492289905672e-08
4,2303.0715947688186,9.079002460963954e-08
4,2309.352826950998,8.729885994704132e-08
4,2315.6340591331773,8.425293834815269e-08
4,2321.915291315357,8.144342243782109e-08
4,2328.196523497537,7.833824556250592e-08
4,2334.477755679716,7.540831095154826e-08
4,2340.7589878618955,7.266047423095823e-08
4,2347.040220044076,7.019053338377026e-08
4,2353.321452226255,6.841063839295652e-08
4,2359.6026844084345,6.514872076256596e-08
4,2365.8839165906143,6.216827047314391e-08
4,2372.165148772794,5.965950008335324e-08
4,2378.4463809549734,5.750064928998783e-08
4,2384.7276131371527,5.485143331493657e-08
4,2391.0088453193325,5.250075722330532e-08
4,2397.2900775015123,5.045436423200092e-08
4,2403.5713096836917,4.785944282260318e-08
4,2409.852541865871,4.6142565181583954e-08
4,2416.1337740480512,4.4194074823416314e-08
4,2422.4150062302306,4.233165819676507e-08
4,2428.69623841241,4.065626225127854e-08
4,2434.9774705945897,3.9028875328548365e-08
4,2441.2587027767695,3.7250738305734176e-08
4,2447.539934958949,3.5940610306188566e-08
4,2453.821167141128,3.436533618433341e-08
4,2460.102399323308,3.284057680444215e-08
4,2466.3836315054878,3.138900880210324e-08
4,2472.664863687667,3.0015122101053585e-08
4,2478.9460958698464,2.870741662740058e-08
4,2485.2273280520267,2.7560893914443803e-08
4,2491.508560234206,2.6090179754423667e-08
4,2497.7897924163854,2.496737426106716e-08
4,2504.071024598565,2.3725108897223693e-08
4,2510.352256780745,2.2821029249257936e-08
4,2516.6334889629243,2.1695968405712203e-08
4,2522.9147211451036,2.0737347803247664e-08
4,2529.1959533272834,1.981297723552931e-08
4,2535.477185509463,1.8881767552124416e-08
4,2541.7584176916425,1.8042329673887107e-08
4,2548.039649873822,1.7217504993502192e-08
4,2554.320882056002,1.6376334441709154e-08
4,2560.6021142381815,1.5526837362235263e-08
4,2566.883346420361,1.4889017858566018e-08
4,2573.1645786025406,1.4097525146983342e-08
4,2579.4458107847204,1.3511581168976806e-08
4,2585.7270429668997,1.2823819122284155e-08
4,2592.008275149079,1.2113965281811007e-08
4,2598.289507331259,1.1492093589449126e-08
4,2604.5707395134386,1.0944420629884267e-08
4,2610.851971695618,1.0414223215578129e-08
4,2617.1332038777978,9.889674716813604e-09
4,2623.4144360599776,9.39095510292386e-09
4,2629.695668242157,8.905639340318361e-09
4,2635.9769004243362,8.443379118317696e-09
4,2642.258132606516,8.017286209816172e-09
4,2648.539364788696,7.60772137594641e-09
4,2654.820596970875,7.216319303572058e-09
4,2661.1018291530545,6.837982594819957e-09
4,2667.3830613352343,6.43904110539984e-09
4,2673.664293517414,6.128003357393674e-09
4,2679.9455256995934,5.793736007995891e-09
4,2686.226757881773,5.46069053532514e-09
4,2692.507990063953,5.145070383229143e-09
4,2698.7892222461323,4.879172052628464e-09
4,2705.0704544283117,4.6352939855206385e-09
4,2711.3516866104915,4.395875665707211e-09
4,2717.6329187926713,4.149529834071655e-09
4,2723.9141509748506,3.941031484231631e-09
4,2730.19538315703,3.722666134489958e-09
4,2736.4766153392097,3.5157442778219194e-09
4,2742.7578475213895,3.3268734431317345e-09
4,2749.039079703569,3.144345356488801e-09
4,2755.3203118857487,2.9726312981342423e-09
4,2761.6015440679284,2.8027990091943416e-09
4,2767.882776250108,2.6621992986649776e-09
4,2774.164008432287,2.5010001923987015e-09
4,2780.445240614467,2.3713555329541876e-09
4,2786.7264727966467,2.2274273791999757e-09
4,2793.007704978826,2.0973166672920073e-09
4,2799.2889371610054,1.972946614220295e-09
4,2805.570169343185,1.8642455352767607e-09
4,2811.851401525365,1.7401506687290028e-09
4,2818.1326337075443,1.6493597710665948e-09
4,2824.413865889724,1.5473539321250993e-09
4,2830.695098071904,1.4596350040205366e-09
4,2836.976330254083,1.3677300583517072e-09
4,2843.2575624362626,1.295455584776453e-09
4,2849.5387946184424,1.2135057489916546e-09
4,2855.820026800622,1.1419806048090837e-09
4,2862.1012589828015,1.0713697718630876e-09
4,2868.382491164981,1.008074400003784e-09
4,2874.6637233471606,9.437804917086732e-10
4,2880.9449555293404,8.945385015140385e-10
4,2887.2261877115197,8.339130242560145e-10
4,2893.5074198936995,7.871545805171214e-10
4,2899.7886520758793,7.358259420041512e-10
4,2906.0698842580587,6.941145847383111e-10
4,2912.351116440238,6.50726805216186e-10
4,2918.632348622418,6.082017161527784e-10
4,2924.9135808045976,5.731752018938605e-10
4,2931.194812986777,5.344292254745191e-10
4,2937.4760451689563,5.015924363326747e-10
4,2943.757277351136,4.728177592802163e-10
4,2950.038509533316,4.4048435293034285e-10
4,2956.319741715495,4.105253462652287e-10
4,2962.600973897675,3.8511373729291247e-10
4,2968.8822060798548,3.630602016807922e-10
4,2975.163438262034,3.395517197540051e-10
4,2981.4446704442134,3.179943263241961e-10
4,2987.7259026263932,2.9719611298498516e-10
4,2994.007134808573,2.8033168385202697e-10
4,3000.2883669907524,2.6113062760402175e-10
4,3006.5695991729317,2.450395996392878e-10
4,3012.8508313551115,2.2898461863781347e-10
4,3019.1320635372913,2.1381220291834062e-10
4,3025.4132957194706,2.0079594536990982e-10
4,3031.6945279016504,1.864049171677097e-10
4,3037.97576008383,1.7411167134710716e-10
4,3044.2569922660095,1.630484620295745e-10
4,3050.538224448189,1.5234779480690166e-10
4,3056.8194566303687,1.4115518235412773e-10
4,3063.1006888125485,1.3166405247138622e-10
4,3069.381920994728,1.2332131796607483e-10
4,3075.663153176907,1.149965939353181e-10
4,3081.9443853590874,1.0696259555727753e-10
4,3088.2256175412667,9.922853184689503e-11
4,3094.506849723446,9.233831566741857e-11
4,3100.788081905626,8.658990460986899e-11
4,3107.0693140878057,8.043588934059827e-11
4,3113.350546269985,7.459763402354832e-11
4,3119.6317784521643,6.996770205200504e-11
4,3125.913010634344,6.490986305671099e-11
4,3132.194242816524,6.055042638779074e-11
4,3138.4754749987032,5.6132379801880765e-11
4,3144.7567071808826,5.1968049381238213e-11
4,3151.037939363063,4.855614403927083e-11
4,3157.319171545242,4.4990651058649e-11
4,3163.6004037274215,4.168268965437293e-11
4,3169.8816359096013,3.864511082467193e-11
4,3176.162868091781,3.569493092280875e-11
4,3182.4441002739604,3.310346903335488e-11
4,3188.7253324561398,3.0710269777712314e-11
4,3195.0065646383196,2.8573656917035842e-11
4,3201.2877968204994,2.6278687153865698e-11
4,3207.5690290026787,2.456769207028382e-11
4,3213.850261184858,2.269799322865519e-11
5,4.140616091089793,0.0028573490521140964
5,10.42184827326938,0.011394466739890476
5,16.703080455448966,0.00721675932877542
5,22.984312637628552,0.0026522752191948116
5,29.265544819808138,0.002475426935934887
5,35.54677700198772,0.001598599416743169
5,41.828009184167314,0.001079042682712459
5,48.10924136634689,0.0008431868008011356
5,54.39047354852649,0.0006320939364284326
5,60.671705730706066,0.0005824723385539488
5,66.95293791288566,0.0006007368304886884
5,73.23417009506524,0.0005248855873269783
5,79.51540227724483,0.0004496715036587143
5,85.79663445942441,0.00039389212718641913
5,92.077866641604,0.0003351430421699677
5,98.35909882378358,0.0002847898179496676
5,104.64033100596318,0.00023917379791699904
5,110.92156318814276,0.0001905732669481228
5,117.20279537032235,0.00017279181690056541
5,123.48402755250193,0.0001434799707416988
5,129.76525973468154,0.00012212269455363776
5,136.0464919168611,0.00013126893737418744
5,142.32772409904067,0.00012767809397432717
5,148.6089562812203,0.00011917982270944905
5,154.89018846339985,0.00012088590887294907
5,161.17142064557947,0.00012742762365965655
5,167.45265282775904,0.00011845228126529699
5,173.7338850099386,0.0001242582312545518
5,180.01511719211823,0.00011743872421220297
5,186.2963493742978,0.00010903233528713769
5,192.57758155647736,9.809506614906858e-05
5,198.85881373865698,9.064435949294245e-05
5,205.14004592083654,8.315701904941525e-05
5,211.42127810301616,7.330942034373554e-05
5,217.70251028519573,7.073991521456006e-05
5,223.9837424673753,6.299308584682348e-05
5,230.26497464955492,6.0042091737088756e-05
5,236.54620683173448,5.3283418119432474e-05
5,242.82743901391405,4.976906802081421e-05
5,249.10867119609367,4.65582238848021e-05
5,255.38990337827323,4.3523452681560615e-05
5,261.67113556045285,4.281105542030927e-05
5,267.9523677426324,3.985282240082898e-05
5,274.233599924812,3.999960118268347e-05
5,280.51483210699155,3.890408890102875e-05
5,286.79606428917117,3.628249271423488e-05
5,293.0772964713508,3.5574548046352124e-05
5,299.35852865353036,3.624259292512671e-05
5,305.6397608357099,3.5994189915078165e-05
5,311.9209930178895,3.4686401523081995e-05
5,318.2022252000691,3.4547087603969766e-05
5,324.48345738224873,3.5734299560924576e-05
5,330.7646895644283,3.592836226843113e-05
5,337.04592174660786,3.591102553416136e-05
5,343.3271539287874,3.605152801105543e-05
5,349.60838611096705,3.523932851541779e-05
5,355.8896182931466,3.292957567016883e-05
5,362.17085047532623,3.2842768227815246e-05
5,368.4520826575058,3.0425263458888516e-05
5,374.73331483968536,3.0527084427371074e-05
5,381.0145470218649,2.906443437803547e-05
5,387.29577920404455,2.897938981353607e-05
5,393.57701138622417,2.6440676662632316e-05
5,399.85824356840374,2.5893386638837236e-05
5,406.1394757505833,2.442747085139147e-05
5,412.42070793276287,2.353673251768541e-05
5,418.7019401149425,2.1815553471997515e-05
5,424.9831722971221,2.1082144423047203e-05
5,431.2644044793017,2.0415072774803643e-05
5,437.54563666148124,1.9236836804867302e-05
5,443.8268688436608,1.784448944811798e-05
5,450.1081010258404,1.7650747348264236e-05
5,456.38933320802,1.6208615116146652e-05
5,462.6705653901996,1.522329384850439e-05
5,468.9517975723792,1.4069162383158532e-05
5,475.23302975455874,1.3353319505968773e-05
5,481.5142619367383,1.26093400882564e-05
5,487.79549411891793,1.1908757161768183e-05
5,494.07672630109755,1.1205340053053528e-05
5,500.3579584832771,1.0528809295097186e-05
5,506.6391906654567,1.0111079749597822e-05
5,512.9204228476362,9.505992652053827e-06
5,519.2016550298158,9.35104858555037e-06
5,525.4828872119955,8.879129842837446e-06
5,531.764119394175,8.551607651692073e-06
5,538.0453515763546,8.253319681448253e-06
5,544.3265837585342,8.012011421777461e-06
5,550.6078159407137,7.733239285187314e-06
5,556.8890481228934,7.467007234635774e-06
5,563.170280305073,7.523611204540594e-06
5,569.4515124872526,7.329446020971516e-06
5,575.7327446694321,7.269648478478454e-06
5,582.0139768516117,7.0602019667328295e-06
5,588.2952090337913,7.248091592975268e-06
5,594.5764412159709,6.911594644596916e-06
5,600.8576733981505,7.053375368041174e-06
5,607.1389055803301,6.981888041190064e-06
5,613.4201377625096,7.098462023453349e-06
5,619.7013699446893,7.226726149971881e-06
5,625.9826021268689,7.1694777613720235e-06
5,632.2638343090484,7.250378608902716e-06
5,638.545066491228,7.19465317506702e-06
5,644.8262986734076,7.217411295861659e-06
5,651.1075308555871,7.375318151923067e-06
5,657.3887630377668,7.379730865439969e-06
5,663.6699952199464,7.490994698664627e-06
5,669.9512274021259,7.512926702963331e-06
5,676.2324595843055,7.661716989222203e-06
5,682.5136917664851,7.5520583903488625e-06
5,688.7949239486647,7.612804279652032e-06
5,695.0761561308443,7.68926597558133e-06
5,701.3573883130239,7.815570277360696e-06
5,707.6386204952034,7.83437447056011e-06
5,713.919852677383,7.93143248337998e-06
5,720.2010848595626,7.858336178899416e-06
5,726.4823170417422,8.14304035913038e-06
5,732.7635492239218,8.212602914160827e-06
5,739.0447814061014,8.144301330227733e-06
5,745.326013588281,8.151219449462122e-06
5,751.6072457704605,8.104627599599581e-06
5,757.8884779526402,7.937167487369165e-06
5,764.1697101348198,7.926188937154318e-06
5,770.4509423169993,7.921846094813914e-06
5,776.7321744991789,8.061758258464143e-06
5,783.0134066813584,7.983758359979195e-06
5,789.294638863538,7.874609998782151e-06
5,795.5758710457177,7.967813800893791e-06
5,801.8571032278973,7.970533348114393e-06
5,808.1383354100768,7.922887541300756e-06
5,814.4195675922564,7.894183934253066e-06
5,820.7007997744361,7.97268961014701e-06
5,826.9820319566156,7.795096205048879e-06
5,833.2632641387952,7.795831563407782e-06
5,839.5444963209748,7.739552123520074e-06
5,845.8257285031543,7.782134422825402e-06
5,852.1069606853339,7.709062575485651e-06
5,858.3881928675136,7.77362977230241e-06
5,864.6694250496931,7.576240971131387e-06
5,870.9506572318727,7.466397181929301e-06
5,877.2318894140523,7.330647133779599e-06
5,883.5131215962318,7.23691185451302e-06
5,889.7943537784115,7.213645847371007e-06
5,896.0755859605911,7.0830248455633066e-06
5,902.3568181427706,7.010588839453659e-06
5,908.6380503249502,6.841002013450805e-06
5,914.9192825071298,6.839740659533435e-06
5,921.2005146893093,6.67915716309825e-06
5,927.481746871489,6.612346628351921e-06
5,933.7629790536686,6.477902386507331e-06
5,940.0442112358481,6.311978994255118e-06
5,946.3254434180277,6.250800432258406e-06
5,952.6066756002073,6.254081620181743e-06
5,958.887907782387,6.24350045105316e-06
5,965.1691399645665,6.11465379793771e-06
5,971.4503721467461,6.05191270836637e-06
5,977.7316043289256,5.93868155901189e-06
5,984.0128365111052,5.833281133538547e-06
5,990.2940686932848,5.734186879031798e-06
5,996.5753008754644,5.635439837568773e-06
5,1002.856533057644,5.584873604074778e-06
5,1009.1377652398236,5.492367438129086e-06
5,1015.4189974220031,5.4388613313466314e-06
5,1021.7002296041827,5.3763225610626394e-06
5,1027.9814617863622,5.250810809448717e-06
5,1034.262693968542,5.196332830109229e-06
5,1040.5439261507215,5.149639931369209e-06
5,1046.825158332901,5.167368785017802e-06
5,1053.1063905150809,5.022501124457008e-06
5,1059.3876226972602,5.013140102043085e-06
5,1065.66885487944,4.954139184340827e-06
5,1071.9500870616193,4.8877008671728605e-06
5,1078.2313192437991,4.819442949037048e-06
5,1084.5125514259785,4.738833048600038e-06
5,1090.7937836081583,4.67039824162002e-06
5,1097.0750157903376,4.612028981714639e-06
5,1103.3562479725174,4.553811998992946e-06
5,1109.637480154697,4.442096467167947e-06
5,1115.9187123368765,4.446585269724016e-06
5,1122.1999445190563,4.3801488841772786e-06
5,1128.4811767012357,4.373033380616562e-06
5,1134.7624088834154,4.348111337753268e-06
5,1141.0436410655948,4.325412279790641e-06
5,1147.3248732477746,4.334341785962365e-06
5,1153.606105429954,4.300187303259729e-06
5,1159.8873376121337,4.35671210815842e-06
5,1166.168569794313,4.363075823207277e-06
5,1172.4498019764928,4.392838368459337e-06
5,1178.7310341586726,4.381344821029175e-06
5,1185.012266340852,4.3681200350672e-06
5,1191.2934985230318,4.402384649112142e-06
5,1197.574730705211,4.379027551983231e-06
5,1203.855962887391,4.343716759227452e-06
5,1210.1371950695702,4.363521807882676e-06
5,1216.41842725175,4.362429347745378e-06
5,1222.6996594339294,4.310687201032602e-06
5,1228.9808916161091,4.303815324176957e-06
5,1235.2621237982885,4.280202519433456e-06
5,1241.5433559804683,4.265865666864493e-06
5,1247.824588162648,4.250558143172574e-06
5,1254.1058203448274,4.275658231170584e-06
5,1260.3870525270072,4.281272114566577e-06
5,1266.6682847091865,4.296377106192844e-06
5,1272.9495168913663,4.327050069622442e-06
5,1279.2307490735457,4.428644599584309e-06
5,1285.5119812557255,4.5438327123318214e-06
5,1291.7932134379048,4.531039909878504e-06
5,1298.0744456200846,4.586637364919723e-06
5,1304.3556778022642,4.664829312494439e-06
5,1310.6369099844437,4.666149699158676e-06
5,1316.9181421666235,4.654521103063896e-06
5,1323.1993743488028,4.695562338246454e-06
5,1329.4806065309826,4.76016596969409e-06
5,1335.761838713162,4.763825574983271e-06
5,1342.0430708953418,4.722493271445863e-06
5,1348.324303077521,4.702618867141223e-06
5,1354.605535259701,4.745482674842338e-06
5,1360.8867674418802,4.6846090927962046e-06
5,1367.16799962406,4.55643295148682e-06
5,1373.4492318062396,4.533042301888694e-06
5,1379.7304639884192,4.4512708054718405e-06
5,1386.011696170599,4.395198456693166e-06
5,1392.2929283527783,4.271363349189117e-06
5,1398.574160534958,4.19577360001428e-06
5,1404.8553927171374,4.084221987878594e-06
5,1411.1366248993172,4.052871189369194e-06
5,1417.4178570814965,3.977512031877299e-06
5,1423.6990892636763,3.937368244872239e-06
5,1429.9803214458557,3.861811718480421e-06
5,1436.2615536280355,3.8010632357381516e-06
5,1442.542785810215,3.7741527511477e-06
5,1448.8240179923946,3.765576248989863e-06
5,1455.1052501745744,3.6770659174887806e-06
5,1461.3864823567537,3.6510624880639967e-06
5,1467.6677145389335,3.5726227234396345e-06
5,1473.9489467211129,3.5163104137029786e-06
5,1480.2301789032927,3.4550044953008283e-06
5,1486.511411085472,3.4027055373978392e-06
5,1492.7926432676518,3.304740858532345e-06
5,1499.0738754498311,3.2565651231087845e-06
5,1505.355107632011,3.1766626381308914e-06
5,1511.6363398141905,3.1070281806337503e-06
5,1517.91757199637,3.031786610685958e-06
5,1524.1988041785498,2.9745760299048375e-06
5,1530.4800363607292,2.9190533978323513e-06
5,1536.761268542909,2.838585221650865e-06
5,1543.0425007250883,2.7818941945357233e-06
5,1549.323732907268,2.71851492561098e-06
5,1555.6049650894474,2.643467481715135e-06
5,1561.8861972716272,2.6334636684166303e-06
5,1568.1674294538066,2.561392074009862e-06
5,1574.4486616359864,2.5122574798587365e-06
5,1580.7298938181661,2.4227073524002935e-06
5,1587.0111260003455,2.394632918536303e-06
5,1593.2923581825253,2.3362786967095694e-06
5,1599.5735903647046,2.3102921607673234e-06
5,1605.8548225468844,2.2655045055767167e-06
5,1612.1360547290637,2.203490806129745e-06
5,1618.4172869112435,2.179403070548252e-06
5,1624.6985190934229,2.1243328251900633e-06
5,1630.9797512756027,2.087433708049956e-06
5,1637.260983457782,2.0441378389060765e-06
5,1643.5422156399618,1.99984709838845e-06
5,1649.8234478221416,1.948757988573472e-06
5,1656.104680004321,1.919359432670852e-06
5,1662.3859121865007,1.8567612606374785e-06
5,1668.66714436868,1.8282098893891321e-06
5,1674.9483765508598,1.8037506960942899e-06
5,1681.2296087330392,1.7737315347606704e-06
5,1687.510840915219,1.7309688463746627e-06
5,1693.7920730973983,1.6862017384950952e-06
5,1700.073305279578,1.6592321178034498e-06
5,1706.3545374617577,1.6201786065780787e-06
5,1712.6357696439372,1.5976669171451337e-06
5,1718.917001826117,1.5690566443653323e-06
5,1725.1982340082964,1.5423973397236806e-06
5,1731.4794661904762,1.51102525245614e-06
5,1737.7606983726555,1.4686850874102158e-06
5,1744.0419305548353,1.4481707894099874e-06
5,1750.3231627370146,1.4077650380448276e-06
5,1756.6043949191944,1.3866528111017045e-06
5,1762.8856271013738,1.3577985481987734e-06
5,1769.1668592835535,1.3313439999859513e-06
5,1775.4480914657331,1.2932860237729514e-06
5,1781.7293236479127,1.2765026433233747e-06
5,1788.0105558300925,1.249126442182055e-06
5,1794.2917880122718,1.2210729584455078e-06
5,1800.5730201944516,1.1946161660901774e-06
5,1806.854252376631,1.1814707858045236e-06
5,1813.1354845588107,1.1652979369778883e-06
5,1819.41671674099,1.1369925856253508e-06
5,1825.6979489231699,1.1163648040195347e-06
5,1831.9791811053492,1.0988823239164796e-06
5,1838.260413287529,1.0860789338708492e-06
5,1844.5416454697086,1.0720759878347953e-06
5,1850.8228776518881,1.0615208548328688e-06
5,1857.104109834068,1.0453189862366744e-06
5,1863.3853420162473,1.0199917010749305e-06
5,1869.666574198427,1.0197135571564617e-06
5,1875.9478063806064,1.002006664819108e-06
5,1882.2290385627862,9.975783763561861e-07
5,1888.5102707449655,9.820214758091856e-07
5,1894.7915029271453,9.595597654865704e-07
5,1901.0727351093246,9.365838332270221e-07
5,1907.3539672915044,9.217078265142203e-07
5,1913.635199473684,9.050704576973556e-07
5,1919.9164316558636,8.791406737880712e-07
5,1926.1976638380434,8.576436373476675e-07
5,1932.4788960202227,8.324434140418605e-07
5,1938.7601282024025,8.10846964269336e-07
5,1945.0413603845818,7.878198436136172e-07
5,1951.3225925667616,7.65065824567858e-07
5,1957.603824748941,7.487773233821799e-07
5,1963.8850569311207,7.214708388585135e-07
5,1970.1662891133,7.08603548984549e-07
5,1976.4475212954799,6.888059509253095e-07
5,1982.7287534776597,6.677193779131192e-07
5,1989.009985659839,6.558138892853334e-07
5,1995.2912178420188,6.381504112229532e-07
5,2001.5724500241981,6.186853139821205e-07
5,2007.853682206378,5.997274497209595e-07
5,2014.1349143885573,5.827594361964547e-07
5,2020.416146570737,5.63156744076404e-07
5,2026.6973787529164,5.384219278526448e-07
5,2032.9786109350962,5.212625657177452e-07
5,2039.2598431172755,5.006072770921966e-07
5,2045.5410752994553,4.823029989009769e-07
5,2051.822307481635,4.6264166830906505e-07
5,2058.1035396638144,4.4880668617685704e-07
5,2064.384771845994,4.298715576944702e-07
5,2070.6660040281736,4.173594504860174e-07
5,2076.9472362103534,4.01633982619305e-07
5,2083.2284683925327,3.8832853650416806e-07
5,2089.5097005747125,3.743149047330502e-07
5,2095.7909327568923,3.6093793871561286e-07
5,2102.0721649390716,3.4743855250223885e-07
5,2108.353397121251,3.3727887299727647e-07
5,2114.6346293034308,3.2416603748738704e-07
5,2120.9158614856105,3.1467408768584443e-07
5,2127.19709366779,3.0468470266349214e-07
5,2133.478325849969,2.9221259130804806e-07
5,2139.759558032149,2.826251691774911e-07
5,2146.040790214329,2.7218865133999403e-07
5,2152.322022396508,2.630970038115719e-07
5,2158.603254578688,2.539866237983841e-07
5,2164.8844867608677,2.4493728589231937e-07
5,2171.165718943047,2.365626421719998e-07
5,2177.4469511252264,2.2687549526765573e-07
5,2183.728183307406,2.1851397358715549e-07
5,2190.009415489586,2.1140975691423053e-07
5,2196.2906476717653,2.0307811766333026e-07
5,2202.5718798539447,1.96224218443867e-07
5,2208.8531120361245,1.8878721202618497e-07
5,2215.1343442183042,1.8264273334656624e-07
5,2221.4155764004836,1.7590838521624845e-07
5,2227.6968085826634,1.6945635452214443e-07
5,2233.978040764843,1.6277103547775947e-07
5,2240.2592729470225,1.5786766659101745e-07
5,2246.540505129202,1.5162694283588407e-07
5,2252.8217373113816,1.4596066875570118e-07
5,2259.1029694935614,1.4011046952839565e-07
5,2265.3842016757408,1.3488324495077115e-07
5,2271.66543385792,1.299999433313198e-07
5,2277.9466660401004,1.2560733990088572e-07
5,2284.2278982222797,1.2023775028706043e-07
5,2290.509130404459,1.1516799377721946e-07
5,2296.790362586639,1.1117004542999074e-07
5,2303.0715947688186,1.0706008721428853e-07
5,2309.352826950998,1.031570011248322e-07
5,2315.6340591331773,9.89900653073894e-08
5,2321.915291315357,9.545934649059822e-08
5,2328.196523497537,9.127057126448241e-08
5,2334.477755679716,8.765473145901024e-08
5,2340.7589878618955,8.401265195294234e-08
5,2347.040220044076,8.073485168974926e-08
5,2353.321452226255,7.793628484725004e-08
5,2359.6026844084345,7.453583943062938e-08
5,2365.8839165906143,7.143320523630541e-08
5,2372.165148772794,6.873040874543983e-08
5,2378.4463809549734,6.631970260614345e-08
5,2384.7276131371527,6.340770832688568e-08
5,2391.0088453193325,6.088701450866437e-08
5,2397.2900775015123,5.830757709533666e-08
5,2403.5713096836917,5.531755949353692e-08
5,2409.852541865871,5.3228982706025944e-08
5,2416.1337740480512,5.0845111436756984e-08
5,2422.4150062302306,4.834995233955155e-08
5,2428.69623841241,4.6532036252734006e-08
5,2434.9774705945897,4.451635938005218e-08
5,2441.2587027767695,4.265791663411525e-08
5,2447.539934958949,4.076365603164454e-08
5,2453.821167141128,3.893262214964506e-08
5,2460.102399323308,3.719499860110329e-08
5,2466.3836315054878,3.563869285612002e-08
5,2472.664863687667,3.413909252233061e-08
5,2478.9460958698464,3.2420769365128605e-08
5,2485.2273280520267,3.1178981287531946e-08
5,2491.508560234206,2.962707055793065e-08
5,2497.7897924163854,2.8375092080988225e-08
5,2504.071024598565,2.6947998284477124e-08
5,2510.352256780745,2.588755181774638e-08
5,2516.6334889629243,2.456561614413775e-08
5,2522.9147211451036,2.3508789119432957e-08
5,2529.1959533272834,2.2324318562027898e-08
5,2535.477185509463,2.1341130900501397e-08
5,2541.7584176916425,2.0343209253012506e-08
5,2548.039649873822,1.939032801734407e-08
5,2554.320882056002,1.8385557438157707e-08
5,2560.6021142381815,1.7524124239675756e-08
5,2566.883346420361,1.6718344300748433e-08
5,2573.1645786025406,1.582466470896887e-08
5,2579.4458107847204,1.5148302572947923e-08
5,2585.7270429668997,1.4365254502031913e-08
5,2592.008275149079,1.3677356722089217e-08
5,2598.289507331259,1.3011592141806712e-08
5,2604.5707395134386,1.2342156745856915e-08
5,2610.851971695618,1.173445750633593e-08
5,2617.1332038777978,1.1109830683956474e-08
5,2623.4144360599776,1.059953685580655e-08
5,2629.695668242157,9.971246579767135e-09
5,2635.9769004243362,9.48511710270818e-09
5,2642.258132606516,8.987511792630027e-09
5,2648.539364788696,8.519035130030792e-09
5,2654.820596970875,8.065307641335696e-09
5,2661.1018291530545,7.639345558076646e-09
5,2667.3830613352343,7.238957728695264e-09
5,2673.664293517414,6.906604328236633e-09
5,2679.9455256995934,6.493474010057717e-09
5,2686.226757881773,6.1612841042999165e-09
5,2692.507990063953,5.822944193789296e-09
5,2698.7892222461323,5.5041513279411175e-09
5,2705.0704544283117,5.213944276296678e-09
5,2711.3516866104915,4.924785404788792e-09
5,2717.6329187926713,4.6600642499049775e-09
5,2723.9141509748506,4.409207271316898e-09
5,2730.19538315703,4.1612794965417686e-09
5,2736.4766153392097,3.9254274544699634e-09
5,2742.7578475213895,3.7149618353214037e-09
5,2749.039079703569,3.5004053194088936e-09
5,2755.3203118857487,3.310194586055299e-09
5,2761.6015440679284,3.121664805758521e-09
5,2767.882776250108,2.9428417954419134e-09
5,2774.164008432287,2.770211622201872e-09
5,2780.445240614467,2.6284282974494317e-09
5,2786.7264727966467,2.47213476926246e-09
5,2793.007704978826,2.3374355876285337e-09
5,2799.2889371610054,2.198576662738983e-09
5,2805.570169343185,2.076741872285535e-09
5,2811.851401525365,1.948121884842823e-09
5,2818.1326337075443,1.8386200248210393e-09
5,2824.413865889724,1.7319605029740243e-09
5,2830.695098071904,1.6347566797152986e-09
5,2836.976330254083,1.5358558656656932e-09
5,2843.2575624362626,1.4509406707130268e-09
5,2849.5387946184424,1.3616325501877317e-09
5,2855.820026800622,1.281599321122255e-09
5,2862.1012589828015,1.2064477371029643e-09
5,2868.382491164981,1.1365028451391505e-09
5,2874.6637233471606,1.0609175659440762e-09
5,2880.9449555293404,1.0014673176762037e-09
5,2887.2261877115197,9.365900243558023e-10
5,2893.5074198936995,8.837632950331425e-10
5,2899.7886520758793,8.238763296104955e-10
5,2906.0698842580587,7.770138378771241e-10
5,2912.351116440238,7.308549946604596e-10
5,2918.632348622418,6.859447143689724e-10
5,2924.9135808045976,6.401131987372035e-10
5,2931.194812986777,6.006325302293163e-10
5,2937.4760451689563,5.625913469498546e-10
5,2943.757277351136,5.314290029878203e-10
5,2950.038509533316,4.966007903838875e-10
5,2956.319741715495,4.638965607628939e-10
5,2962.600973897675,4.366628241879738e-10
5,2968.8822060798548,4.082934088273071e-10
5,2975.163438262034,3.8444270186964077e-10
5,2981.4446704442134,3.6060626801790557e-10
5,2987.7259026263932,3.3500510248616904e-10
5,2994.007134808573,3.1619257214963034e-10
5,3000.2883669907524,2.9439280473111893e-10
5,3006.5695991729317,2.755470716468372e-10
5,3012.8508313551115,2.581994597221332e-10
5,3019.1320635372913,2.4095160345436727e-10
5,3025.4132957194706,2.2621442641786013e-10
5,3031.6945279016504,2.110786299733121e-10
5,3037.97576008383,1.9727605522305403e-10
5,3044.2569922660095,1.845029824381813e-10
5,3050.538224448189,1.729734735229272e-10
5,3056.8194566303687,1.6131416692425462e-10
5,3063.1006888125485,1.502693756365495e-10
5,3069.381920994728,1.404995863386371e-10
5,3075.663153176907,1.3198115215319321e-10
5,3081.9443853590874,1.2268601300039724e-10
5,3088.2256175412667,1.1405775567564907e-10
5,3094.506849723446,1.0642953493709936e-10
5,3100.788081905626,9.995523758634431e-11
5,3107.0693140878057,9.303799268794518e-11
5,3113.350546269985,8.632732194953073e-11
5,3119.6317784521643,8.086367062920135e-11
5,3125.913010634344,7.514393585444349e-11
5,3132.194242816524,7.020928260863277e-11
5,3138.4754749987032,6.535391620642574e-11
5,3144.7567071808826,6.054371906853981e-11
5,3151.037939363063,5.6411459779429063e-11
5,3157.319171545242,5.254340036465971e-11
5,3163.6004037274215,4.854392605243027e-11
5,3169.8816359096013,4.5323237840866134e-11
5,3176.162868091781,4.1870837113136715e-11
5,3182.4441002739604,3.888320548299695e-11
5,3188.7253324561398,3.6217399441554765e-11
5,3195.0065646383196,3.355917219393251e-11
5,3201.2877968204994,3.0923672656393144e-11
5,3207.5690290026787,2.8932314229718372e-11
5,3213.850261184858,2.679041182187023e-11
6,4.140616091089793,0.006399471319495847
6,10.42184827326938,0.010429029627782698
6,16.703080455448966,0.007489733811955527
6,22.984312637628552,0.005533094168233506
6,29.265544819808138,0.003543991892849655
6,35.54677700198772,0.002059627657968628
6,41.828009184167314,0.0015775250086244757
6,48.10924136634689,0.0013600986976971526
6,54.39047354852649,0.0009524551856406973
6,60.671705730706066,0.0008157571275196046
6,66.95293791288566,0.0007283258051831006
6,73.23417009506524,0.0005928568299224916
6,79.51540227724483,0.0005590930523353114
6,85.79663445942441,0.0005412583044187406
6,92.077866641604,0.0004963642961371683
6,98.35909882378358,0.00042358900214496507
6,104.64033100596318,0.000407088825213491
6,110.92156318814276,0.0002770006511680166
6,117.20279537032235,0.0002453288646586895
6,123.48402755250193,0.00017865241453472372
6,129.76525973468154,0.00013941018234976164
6,136.0464919168611,0.00012460597872868782
6,142.32772409904067,0.00010699974959659567
6,148.6089562812203,9.20365881702853e-05
6,154.89018846339985,8.465826631780756e-05
6,161.17142064557947,8.957117596027872e-05
6,167.45265282775904,8.44335109134649e-05
6,173.7338850099386,8.236772640270404e-05
6,180.01511719211823,7.921973382888972e-05
6,186.2963493742978,7.82573060476761e-05
6,192.57758155647736,7.156588745684492e-05
6,198.85881373865698,6.315169855261607e-05
6,205.14004592083654,6.191552902281405e-05
6,211.42127810301616,5.423487765126075e-05
6,217.70251028519573,5.4585422966179855e-05
6,223.9837424673753,4.7222888333125887e-05
6,230.26497464955492,4.82381623655942e-05
6,236.54620683173448,4.139528494001392e-05
6,242.82743901391405,3.813112224224223e-05
6,249.10867119609367,3.649421783467145e-05
6,255.38990337827323,3.45786505893213e-05
6,261.67113556045285,3.547021266935984e-05
6,267.9523677426324,3.2379838925970965e-05
6,274.233599924812,3.463254619956223e-05
6,280.51483210699155,3.5812794807440175e-05
6,286.79606428917117,3.667598714090572e-05
6,293.0772964713508,3.475920079418539e-05
6,299.35852865353036,3.3969008194687556e-05
6,305.6397608357099,3.4525268999871124e-05
6,311.9209930178895,3.2260321585179967e-05
6,318.2022252000691,3.17431526725967e-05
6,324.48345738224873,3.291757908350279e-05
6,330.7646895644283,3.175750525906654e-05
6,337.04592174660786,3.1535828649879267e-05
6,343.3271539287874,3.1974107039745166e-05
6,349.60838611096705,3.103831989612311e-05
6,355.8896182931466,2.956306149328493e-05
6,362.17085047532623,2.8271468587734076e-05
6,368.4520826575058,2.6403022150679732e-05
6,374.73331483968536,2.5167587694220994e-05
6,381.0145470218649,2.4430032468281347e-05
6,387.29577920404455,2.3739887291904325e-05
6,393.57701138622417,2.177015103498512e-05
6,399.85824356840374,2.1038307665585782e-05
6,406.1394757505833,1.9615934193434826e-05
6,412.42070793276287,1.8819833779461713e-05
6,418.7019401149425,1.7671234291622664e-05
6,424.9831722971221,1.649856420190389e-05
6,431.2644044793017,1.6407241812084625e-05
6,437.54563666148124,1.535850385361039e-05
6,443.8268688436608,1.438122037690813e-05
6,450.1081010258404,1.437159826606158e-05
6,456.38933320802,1.3659266931710131e-05
6,462.6705653901996,1.3091781253645844e-05
6,468.9517975723792,1.2210329749829626e-05
6,475.23302975455874,1.204309034772259e-05
6,481.5142619367383,1.159985727265358e-05
6,487.79549411891793,1.1235956000471462e-05
6,494.07672630109755,1.0776640010241552e-05
6,500.3579584832771,1.0504405391873787e-05
6,506.6391906654567,1.0260855973644978e-05
6,512.9204228476362,9.843428831263092e-06
6,519.2016550298158,9.898996759123962e-06
6,525.4828872119955,9.496971694038178e-06
6,531.764119394175,9.437865648250541e-06
6,538.0453515763546,9.222964784750516e-06
6,544.3265837585342,9.219815364558947e-06
6,550.6078159407137,9.133247278680827e-06
6,556.8890481228934,8.950747452779003e-06
6,563.170280305073,8.89159078644113e-06
6,569.4515124872526,8.87347045662782e-06
6,575.7327446694321,8.879840552240339e-06
6,582.0139768516117,8.536497054966943e-06
6,588.2952090337913,8.655900028940806e-06
6,594.5764412159709,8.531430644746053e-06
6,600.8576733981505,8.50438757419127e-06
6,607.1389055803301,8.398753692194604e-06
6,613.4201377625096,8.285085331997425e-06
6,619.7013699446893,8.384119935950909e-06
6,625.9826021268689,8.16524346004036e-06
6,632.2638343090484,8.225319215523564e-06
6,638.545066491228,8.067798156041242e-06
6,644.8262986734076,8.087884107269728e-06
6,651.1075308555871,8.251324370984101e-06
6,657.3887630377668,8.19628365561973e-06
6,663.6699952199464,8.33983927594012e-06
6,669.9512274021259,8.276954007893749e-06
6,676.2324595843055,8.479601390073582e-06
6,682.5136917664851,8.492674228572908e-06
6,688.7949239486647,8.475156181584881e-06
6,695.0761561308443,8.521675970840797e-06
6,701.3573883130239,8.637448487228506e-06
6,707.6386204952034,8.574267872190639e-06
6,713.919852677383,8.682409121156323e-06
6,720.2010848595626,8.567887705991195e-06
6,726.4823170417422,8.626398512999842e-06
6,732.7635492239218,8.461464850711608e-06
6,739.0447814061014,8.394543270350946e-06
6,745.326013588281,8.432476274239368e-06
6,751.6072457704605,8.485661729560845e-06
6,757.8884779526402,8.39484125504003e-06
6,764.1697101348198,8.296495512049376e-06
6,770.4509423169993,8.306612644457461e-06
6,776.7321744991789,8.309319236931006e-06
6,783.0134066813584,8.213981160172959e-06
6,789.294638863538,8.13172536503887e-06
6,795.5758710457177,8.265101004069418e-06
6,801.8571032278973,8.201967868735251e-06
6,808.1383354100768,8.068580890684668e-06
6,814.4195675922564,8.11754808900772e-06
6,820.7007997744361,8.144958919604597e-06
6,826.9820319566156,8.105881336894459e-06
6,833.2632641387952,8.143809893903933e-06
6,839.5444963209748,8.051707511577331e-06
6,845.8257285031543,8.14537972357292e-06
6,852.1069606853339,7.979002184084794e-06
6,858.3881928675136,8.079751242685159e-06
6,864.6694250496931,7.991171342444087e-06
6,870.9506572318727,8.10105600287621e-06
6,877.2318894140523,8.280565289995435e-06
6,883.5131215962318,8.297824073531321e-06
6,889.7943537784115,8.411222127609568e-06
6,896.0755859605911,8.565778638300177e-06
6,902.3568181427706,8.430307270437678e-06
6,908.6380503249502,8.511153686737417e-06
6,914.9192825071298,8.673192898266672e-06
6,921.2005146893093,8.533591167651847e-06
6,927.481746871489,8.465401936982892e-06
6,933.7629790536686,8.479776790798903e-06
6,940.0442112358481,8.350441725454877e-06
6,946.3254434180277,8.133198454595786e-06
6,952.6066756002073,8.138184181905481e-06
6,958.887907782387,8.102856868086032e-06
6,965.1691399645665,8.07518764553732e-06
6,971.4503721467461,8.002393910079596e-06
6,977.7316043289256,7.879896406169415e-06
6,984.0128365111052,7.745423928579177e-06
6,990.2940686932848,7.600382803302059e-06
6,996.5753008754644,7.56477190195239e-06
6,1002.856533057644,7.641136393741653e-06
6,1009.1377652398236,7.399431722415917e-06
6,1015.4189974220031,7.515218062480352e-06
6,1021.7002296041827,7.332632543078838e-06
6,1027.9814617863622,7.324392608442601e-06
6,1034.262693968542,7.2571474295582755e-06
6,1040.5439261507215,7.180532933018718e-06
6,1046.825158332901,7.2117502734436e-06
6,1053.1063905150809,7.0628350161086366e-06
6,1059.3876226972602,7.034526141410404e-06
6,1065.66885487944,7.007096409197534e-06
6,1071.9500870616193,6.93550911600946e-06
6,1078.2313192437991,6.9403381394871115e-06
6,1084.5125514259785,6.815069955808021e-06
6,1090.7937836081583,6.728972811824981e-06
6,1097.0750157903376,6.600241025553586e-06
6,1103.3562479725174,6.577305456259015e-06
6,1109.637480154697,6.483452017448833e-06
6,1115.9187123368765,6.531311819353418e-06
6,1122.1999445190563,6.322083622728391e-06
6,1128.4811767012357,6.3643686676404665e-06
6,1134.7624088834154,6.252455090716514e-06
6,1141.0436410655948,6.199597219453384e-06
6,1147.3248732477746,6.191530161613616e-06
6,1153.606105429954,6.030477642175101e-06
6,1159.8873376121337,5.9558807108982426e-06
6,1166.168569794313,5.8965761944505515e-06
6,1172.4498019764928,5.8207750748837995e-06
6,1178.7310341586726,5.790925600831757e-06
6,1185.012266340852,5.701285333467159e-06
6,1191.2934985230318,5.701973014237128e-06
6,1197.574730705211,5.695036455354782e-06
6,1203.855962887391,5.682436850000425e-06
6,1210.1371950695702,5.550874830570122e-06
6,1216.41842725175,5.582080345778468e-06
6,1222.6996594339294,5.482235651369076e-06
6,1228.9808916161091,5.544535738927164e-06
6,1235.2621237982885,5.468723288526231e-06
6,1241.5433559804683,5.439235217113883e-06
6,1247.824588162648,5.3368060901376295e-06
6,1254.1058203448274,5.366290311964766e-06
6,1260.3870525270072,5.324211327016667e-06
6,1266.6682847091865,5.289514784656613e-06
6,1272.9495168913663,5.25940810243634e-06
6,1279.2307490735457,5.087807369196338e-06
6,1285.5119812557255,5.154359885268331e-06
6,1291.7932134379048,4.9810784172386376e-06
6,1298.0744456200846,5.00143871802012e-06
6,1304.3556778022642,4.981155441500298e-06
6,1310.6369099844437,4.893402406898202e-06
6,1316.9181421666235,4.911707797962455e-06
6,1323.1993743488028,4.846915933152942e-06
6,1329.4806065309826,4.855602897002627e-06
6,1335.761838713162,4.743090990088277e-06
6,1342.0430708953418,4.722173125249369e-06
6,1348.324303077521,4.707937954673326e-06
6,1354.605535259701,4.673598746137894e-06
6,1360.8867674418802,4.634139252077565e-06
6,1367.16799962406,4.555108204223783e-06
6,1373.4492318062396,4.633758123042874e-06
6,1379.7304639884192,4.542917891950479e-06
6,1386.011696170599,4.616453914280755e-06
6,1392.2929283527783,4.525615292216743e-06
6,1398.574160534958,4.599712812327622e-06
6,1404.8553927171374,4.505335690769905e-06
6,1411.1366248993172,4.573846762991737e-06
6,1417.4178570814965,4.568986028913141e-06
6,1423.6990892636763,4.536221813035114e-06
6,1429.9803214458557,4.3871733420619225e-06
6,1436.2615536280355,4.370754540603442e-06
6,1442.542785810215,4.324854174534665e-06
6,1448.8240179923946,4.315454027785768e-06
6,1455.1052501745744,4.262447350339875e-06
6,1461.3864823567537,4.266295280495595e-06
6,1467.6677145389335,4.262658051335201e-06
6,1473.9489467211129,4.219421330900715e-06
6,1480.2301789032927,4.153804546199117e-06
6,1486.511411085472,4.127072532339329e-06
6,1492.7926432676518,4.100228342992032e-06
6,1499.0738754498311,4.087871345415693e-06
6,1505.355107632011,4.017478880117278e-06
6,1511.6363398141905,3.982185586410699e-06
6,1517.91757199637,3.948071345047999e-06
6,1524.1988041785498,3.909833264470947e-06
6,1530.4800363607292,3.841332447224296e-06
6,1536.761268542909,3.75091173240779e-06
6,1543.0425007250883,3.764764919305599e-06
6,1549.323732907268,3.707057185639776e-06
6,1555.6049650894474,3.611684327273358e-06
6,1561.8861972716272,3.6591427071686123e-06
6,1568.1674294538066,3.5892388371088218e-06
6,1574.4486616359864,3.5543225601259056e-06
6,1580.7298938181661,3.474705277446904e-06
6,1587.0111260003455,3.4413120541384724e-06
6,1593.2923581825253,3.3793751795718612e-06
6,1599.5735903647046,3.3145254885913793e-06
6,1605.8548225468844,3.3197240873103355e-06
6,1612.1360547290637,3.2619257081833836e-06
6,1618.4172869112435,3.254658716448647e-06
6,1624.6985190934229,3.2258454510136693e-06
6,1630.9797512756027,3.175876428697069e-06
6,1637.260983457782,3.114921967168029e-06
6,1643.5422156399618,3.070315359008199e-06
6,1649.8234478221416,2.9957731051042337e-06
6,1656.104680004321,2.956289732909238e-06
6,1662.3859121865007,2.8932645633117185e-06
6,1668.66714436868,2.863180430656511e-06
6,1674.9483765508598,2.801883072922423e-06
6,1681.2296087330392,2.7611542801055425e-06
6,1687.510840915219,2.701852816801517e-06
6,1693.7920730973983,2.6810809196011664e-06
6,1700.073305279578,2.695250749406829e-06
6,1706.3545374617577,2.6499680921828947e-06
6,1712.6357696439372,2.6214271741202403e-06
6,1718.917001826117,2.5528084293935916e-06
6,1725.1982340082964,2.504234530867828e-06
6,1731.4794661904762,2.453772148150565e-06
6,1737.7606983726555,2.4048044419791842e-06
6,1744.0419305548353,2.374970550742266e-06
6,1750.3231627370146,2.3229808450183784e-06
6,1756.6043949191944,2.277772657499374e-06
6,1762.8856271013738,2.2282681419189323e-06
6,1769.1668592835535,2.178881371632686e-06
6,1775.4480914657331,2.1111305451890007e-06
6,1781.7293236479127,2.0778619428662905e-06
6,1788.0105558300925,2.051280852924728e-06
6,1794.2917880122718,2.0072942614998495e-06
6,1800.5730201944516,1.9517951954872406e-06
6,1806.854252376631,1.9091476533894162e-06
6,1813.1354845588107,1.8758697837453688e-06
6,1819.41671674099,1.823902540014192e-06
6,1825.6979489231699,1.7863947651037187e-06
6,1831.9791811053492,1.751910493901986e-06
6,1838.260413287529,1.7247379372789397e-06
6,1844.5416454697086,1.6749706472790736e-06
6,1850.8228776518881,1.6291913406225634e-06
6,1857.104109834068,1.5963139891431495e-06
6,1863.3853420162473,1.5434021865850757e-06
6,1869.666574198427,1.496302404143907e-06
6,1875.9478063806064,1.459599366589541e-06
6,1882.2290385627862,1.4302566183406742e-06
6,1888.5102707449655,1.382648677435485e-06
6,1894.7915029271453,1.3374745835020317e-06
6,1901.0727351093246,1.310138636374024e-06
6,1907.3539672915044,1.2707616321342042e-06
6,1913.635199473684,1.2413138252839578e-06
6,1919.9164316558636,1.1980077854637605e-06
6,1926.1976638380434,1.1823083551719007e-06
6,1932.4788960202227,1.1420712378181394e-06
6,1938.7601282024025,1.106472151547802e-06
6,1945.0413603845818,1.0730103087214553e-06
6,1951.3225925667616,1.0324584509193218e-06
6,1957.603824748941,1.0125417889078927e-06
6,1963.8850569311207,9.770221639841536e-07
6,1970.1662891133,9.523203685824156e-07
6,1976.4475212954799,9.213590984576759e-07
6,1982.7287534776597,8.890093890470709e-07
6,1989.009985659839,8.651649672767443e-07
6,1995.2912178420188,8.36386227765336e-07
6,2001.5724500241981,8.095724136600091e-07
6,2007.853682206378,7.829932763938076e-07
6,2014.1349143885573,7.655959510068739e-07
6,2020.416146570737,7.406869259400919e-07
6,2026.6973787529164,7.094143196762708e-07
6,2032.9786109350962,6.913810506671339e-07
6,2039.2598431172755,6.661463016154844e-07
6,2045.5410752994553,6.453580707270238e-07
6,2051.822307481635,6.201919520150508e-07
6,2058.1035396638144,6.017358078851374e-07
6,2064.384771845994,5.790992361151637e-07
6,2070.6660040281736,5.602940282549066e-07
6,2076.9472362103534,5.437507339651589e-07
6,2083.2284683925327,5.228037340750814e-07
6,2089.5097005747125,5.012873920231954e-07
6,2095.7909327568923,4.841906221753158e-07
6,2102.0721649390716,4.6518940776842635e-07
6,2108.353397121251,4.501676601870928e-07
6,2114.6346293034308,4.3262066056789237e-07
6,2120.9158614856105,4.195439266727791e-07
6,2127.19709366779,4.0584721825507547e-07
6,2133.478325849969,3.904189005039384e-07
6,2139.759558032149,3.794817569469304e-07
6,2146.040790214329,3.6684343352932813e-07
6,2152.322022396508,3.539354480775908e-07
6,2158.603254578688,3.4237971404703526e-07
6,2164.8844867608677,3.2893395813625084e-07
6,2171.165718943047,3.189822635828808e-07
6,2177.4469511252264,3.061175481011295e-07
6,2183.728183307406,2.975098060683308e-07
6,2190.009415489586,2.8575899999811806e-07
6,2196.2906476717653,2.788712029019796e-07
6,2202.5718798539447,2.686770385150414e-07
6,2208.8531120361245,2.60255490571894e-07
6,2215.1343442183042,2.510153965801978e-07
6,2221.4155764004836,2.426759040556838e-07
6,2227.6968085826634,2.3425865852615435e-07
6,2233.978040764843,2.2453622950972744e-07
6,2240.2592729470225,2.181074528746788e-07
6,2246.540505129202,2.109024690099897e-07
6,2252.8217373113816,2.029884502915166e-07
6,2259.1029694935614,1.9638986800602073e-07
6,2265.3842016757408,1.8958453887852516e-07
6,2271.66543385792,1.834351891893054e-07
6,2277.9466660401004,1.7692611382026048e-07
6,2284.2278982222797,1.7263250671057376e-07
6,2290.509130404459,1.653530012686156e-07
6,2296.790362586639,1.5953064560199636e-07
6,2303.0715947688186,1.526390788190333e-07
6,2309.352826950998,1.4647758676614787e-07
6,2315.6340591331773,1.4124902626569193e-07
6,2321.915291315357,1.353849729165657e-07
6,2328.196523497537,1.303485781877772e-07
6,2334.477755679716,1.2521568043134995e-07
6,2340.7589878618955,1.2049601341644639e-07
6,2347.040220044076,1.1556844179038361e-07
6,2353.321452226255,1.1231271067563222e-07
6,2359.6026844084345,1.0687657737467487e-07
6,2365.8839165906143,1.0284712425033927e-07
6,2372.165148772794,9.897278037659171e-08
6,2378.4463809549734,9.471552042500321e-08
6,2384.7276131371527,9.07073624799635e-08
6,2391.0088453193325,8.713588457614806e-08
6,2397.2900775015123,8.357868009917211e-08
6,2403.5713096836917,7.967878555339121e-08
6,2409.852541865871,7.677674392134862e-08
6,2416.1337740480512,7.311807340805007e-08
6,2422.4150062302306,6.997737044241292e-08
6,2428.69623841241,6.718566595492588e-08
6,2434.9774705945897,6.420028229561438e-08
6,2441.2587027767695,6.185563564608901e-08
6,2447.539934958949,5.911695338004482e-08
6,2453.821167141128,5.656126681395289e-08
6,2460.102399323308,5.4272086451497207e-08
6,2466.3836315054878,5.172125771014656e-08
6,2472.664863687667,4.95706556447598e-08
6,2478.9460958698464,4.7289926313780296e-08
6,2485.2273280520267,4.5119132381910153e-08
6,2491.508560234206,4.306947016429478e-08
6,2497.7897924163854,4.143973529828995e-08
6,2504.071024598565,3.936779577119678e-08
6,2510.352256780745,3.7681921310797376e-08
6,2516.6334889629243,3.6058419517111056e-08
6,2522.9147211451036,3.441774986505957e-08
6,2529.1959533272834,3.2800288283338306e-08
6,2535.477185509463,3.130578940562516e-08
6,2541.7584176916425,2.995756184701286e-08
6,2548.039649873822,2.84378267651805e-08
6,2554.320882056002,2.7108754850752774e-08
6,2560.6021142381815,2.5824984447999223e-08
6,2566.883346420361,2.4648256304850227e-08
6,2573.1645786025406,2.3399195251640177e-08
6,2579.4458107847204,2.242358273328122e-08
6,2585.7270429668997,2.122782824502938e-08
6,2592.008275149079,2.0290150286554598e-08
6,2598.289507331259,1.919752052388247e-08
6,2604.5707395134386,1.8354672682694304e-08
6,2610.851971695618,1.7485514009512586e-08
6,2617.1332038777978,1.6654826663851157e-08
6,2623.4144360599776,1.589097447236412e-08
6,2629.695668242157,1.4947956768042683e-08
6,2635.9769004243362,1.4189172188206007e-08
6,2642.258132606516,1.3489726329568927e-08
6,2648.539364788696,1.2847922565539272e-08
6,2654.820596970875,1.2145742505282401e-08
6,2661.1018291530545,1.1549389626272724e-08
6,2667.3830613352343,1.0908775663503795e-08
6,2673.664293517414,1.0408053080197055e-08
6,2679.9455256995934,9.839647957260035e-09
6,2686.226757881773,9.328405149661134e-09
6,2692.507990063953,8.828671182720915e-09
6,2698.7892222461323,8.376204470602265e-09
6,2705.0704544283117,7.911739764780057e-09
6,2711.3516866104915,7.448720657514898e-09
6,2717.6329187926713,7.0542752398372705e-09
6,2723.9141509748506,6.655402384458647e-09
6,2730.19538315703,6.307575116120315e-09
6,2736.4766153392097,5.931358665990074e-09
6,2742.7578475213895,5.618008752856322e-09
6,2749.039079703569,5.296071077784367e-09
6,2755.3203118857487,5.02255379615942e-09
6,2761.6015440679284,4.753058807606023e-09
6,2767.882776250108,4.4781557253210876e-09
6,2774.164008432287,4.214173268706801e-09
6,2780.445240614467,3.997243814238645e-09
6,2786.7264727966467,3.785905237707184e-09
6,2793.007704978826,3.551879758653108e-09
6,2799.2889371610054,3.3423740015469104e-09
6,2805.570169343185,3.1748078500023536e-09
6,2811.851401525365,2.996189831317282e-09
6,2818.1326337075443,2.830837901563499e-09
6,2824.413865889724,2.6669891310460433e-09
6,2830.695098071904,2.518072656820843e-09
6,2836.976330254083,2.373489483698328e-09
6,2843.2575624362626,2.2442621174976395e-09
6,2849.5387946184424,2.1126022879925956e-09
6,2855.820026800622,1.988778835914402e-09
6,2862.1012589828015,1.865095227323873e-09
6,2868.382491164981,1.7535230342016807e-09
6,2874.6637233471606,1.6459329075789218e-09
6,2880.9449555293404,1.5507576343333636e-09
6,2887.2261877115197,1.4583451175917646e-09
6,2893.5074198936995,1.3733906715976318e-09
6,2899.7886520758793,1.2762227132029124e-09
6,2906.0698842580587,1.2051099889436585e-09
6,2912.351116440238,1.1241418064008776e-09
6,2918.632348622418,1.053865272836233e-09
6,2924.9135808045976,9.82420330328947e-10
6,2931.194812986777,9.201093518705114e-10
6,2937.4760451689563,8.623294168655431e-10
6,2943.757277351136,8.102825098744997e-10
6,2950.038509533316,7.528194447595331e-10
6,2956.319741715495,7.031018549027412e-10
6,2962.600973897675,6.603482834155507e-10
6,2968.8822060798548,6.202334935865236e-10
6,2975.163438262034,5.782360758752344e-10
6,2981.4446704442134,5.419814328186905e-10
6,2987.7259026263932,5.067084256613779e-10
6,2994.007134808573,4.766244469406636e-10
6,3000.2883669907524,4.4293996017127033e-10
6,3006.5695991729317,4.1453879452052637e-10
6,3012.8508313551115,3.887070307460402e-10
6,3019.1320635372913,3.616524363926295e-10
6,3025.4132957194706,3.393621458517816e-10
6,3031.6945279016504,3.161469649801474e-10
6,3037.97576008383,2.9590434486494436e-10
6,3044.2569922660095,2.757993743757319e-10
6,3050.538224448189,2.587171286271688e-10
6,3056.8194566303687,2.414042499503908e-10
6,3063.1006888125485,2.252785971300931e-10
6,3069.381920994728,2.0994219677678283e-10
6,3075.663153176907,1.9569028366531826e-10
6,3081.9443853590874,1.8250992875498275e-10
6,3088.2256175412667,1.6963153761729818e-10
6,3094.506849723446,1.578014913728798e-10
6,3100.788081905626,1.4781470490562428e-10
6,3107.0693140878057,1.3769861068838238e-10
6,3113.350546269985,1.2785554381928843e-10
6,3119.6317784521643,1.1909607971041549e-10
6,3125.913010634344,1.1065305192207907e-10
6,3132.194242816524,1.0308646741522555e-10
6,3138.4754749987032,9.596253996447544e-11
6,3144.7567071808826,8.901403470940017e-11
6,3151.037939363063,8.292038964904987e-11
6,3157.319171545242,7.691255665238384e-11
6,3163.6004037274215,7.134673035766308e-11
6,3169.8816359096013,6.616486448819049e-11
6,3176.162868091781,6.127195530811447e-11
6,3182.4441002739604,5.7102196598083206e-11
6,3188.7253324561398,5.2901862571093975e-11
6,3195.0065646383196,4.9212819642665145e-11
6,3201.2877968204994,4.562197152115845e-11
6,3207.5690290026787,4.257344072738101e-11
6,3213.850261184858,3.952165816280485e-11
7,4.140616091089793,0.010690472282548717
7,10.42184827326938,0.017193270053929594
7,16.703080455448966,0.007841534667670343
7,22.984312637628552,0.0028142792452886083
7,29.265544819808138,0.002349804778839586
7,35.54677700198772,0.0013412996836540156
7,41.828009184167314,0.0007475048259891434
7,48.10924136634689,0.000781879556663941
7,54.39047354852649,0.000519108750682673
7,60.671705730706066,0.0004253636371094439
7,66.95293791288566,0.00040881241127009165
7,73.23417009506524,0.00036407012898582704
7,79.51540227724483,0.00032085409585343747
7,85.79663445942441,0.00030370063103033325
7,92.077866641604,0.00030715088119693184
7,98.35909882378358,0.00028339678957476673
7,104.64033100596318,0.00026121991955247917
7,110.92156318814276,0.00021215016046451107
7,117.20279537032235,0.00019796738906986588
7,123.48402755250193,0.00015134864745338053
7,129.76525973468154,0.00012959815280267102
7,136.0464919168611,0.00012580557493387342
7,142.32772409904067,0.0001175559318624817
7,148.6089562812203,0.00011388328437594678
7,154.89018846339985,0.0001202681278868681
7,161.17142064557947,0.00013648447516719238
7,167.45265282775904,0.00013158009574090415
7,173.7338850099386,0.00012352251119429364
7,180.01511719211823,0.000108476950221167
7,186.2963493742978,0.00010202156999780734
7,192.57758155647736,8.277941112551598e-05
7,198.85881373865698,7.451230383196368e-05
7,205.14004592083654,6.897842115116082e-05
7,211.42127810301616,5.685799261849025e-05
7,217.70251028519573,5.5671139742549275e-05
7,223.9837424673753,4.619129877660182e-05
7,230.26497464955492,4.361324578303752e-05
7,236.54620683173448,3.7274933885391425e-05
7,242.82743901391405,3.457991695719189e-05
7,249.10867119609367,3.096088305577883e-05
7,255.38990337827323,2.824328054304646e-05
7,261.67113556045285,2.640554601632722e-05
7,267.9523677426324,2.317103045598169e-05
7,274.233599924812,2.2303154539100968e-05
7,280.51483210699155,2.083674979100024e-05
7,286.79606428917117,1.9261768651139023e-05
7,293.0772964713508,1.9123839321979143e-05
7,299.35852865353036,1.8802627592538316e-05
7,305.6397608357099,1.912927214957325e-05
7,311.9209930178895,1.8795519179650276e-05
7,318.2022252000691,1.8866664546442132e-05
7,324.48345738224873,1.905530477953355e-05
7,330.7646895644283,1.88381506453486e-05
7,337.04592174660786,1.8458672101723714e-05
7,343.3271539287874,1.874758159963679e-05
7,349.60838611096705,1.8741474119869852e-05
7,355.8896182931466,1.8598617431472225e-05
7,362.17085047532623,1.936532127312298e-05
7,368.4520826575058,1.9036630008689523e-05
7,374.73331483968536,2.007137657045938e-05
7,381.0145470218649,1.9599657405825635e-05
7,387.29577920404455,2.001526257923081e-05
7,393.57701138622417,1.9469737248372017e-05
7,399.85824356840374,2.0317934098470796e-05
7,406.1394757505833,2.0739590801076117e-05
7,412.42070793276287,2.0836966887647758e-05
7,418.7019401149425,2.103970827479301e-05
7,424.9831722971221,2.150294211481518e-05
7,431.2644044793017,2.30919295281019e-05
7,437.54563666148124,2.34843334781031e-05
7,443.8268688436608,2.335606371518605e-05
7,450.1081010258404,2.4525726284403874e-05
7,456.38933320802,2.3196364820682046e-05
7,462.6705653901996,2.3765177948200558e-05
7,468.9517975723792,2.3933418934545836e-05
7,475.23302975455874,2.4481240537601513e-05
7,481.5142619367383,2.4974795308634177e-05
7,487.79549411891793,2.5303743324366402e-05
7,494.07672630109755,2.513994362404178e-05
7,500.3579584832771,2.6205169758510343e-05
7,506.6391906654567,2.592752618892251e-05
7,512.9204228476362,2.565065483445702e-05
7,519.2016550298158,2.6080670660968984e-05
7,525.4828872119955,2.5685562991126428e-05
7,531.764119394175,2.663771723754249e-05
7,538.0453515763546,2.6221126316266053e-05
7,544.3265837585342,2.681198254110785e-05
7,550.6078159407137,2.7063123131549063e-05
7,556.8890481228934,2.729285739126463e-05
7,563.170280305073,2.8561378565193668e-05
7,569.4515124872526,2.8611980268323306e-05
7,575.7327446694321,2.9098411482502306e-05
7,582.0139768516117,2.7380021433539848e-05
7,588.2952090337913,2.831803851381508e-05
7,594.5764412159709,2.747915877762563e-05
7,600.8576733981505,2.910851108208179e-05
7,607.1389055803301,2.8115398280874336e-05
7,613.4201377625096,2.776857583206088e-05
7,619.7013699446893,2.7550198409395266e-05
7,625.9826021268689,2.6961711667985622e-05
7,632.2638343090484,2.7228265483486493e-05
7,638.545066491228,2.6489919949737438e-05
7,644.8262986734076,2.6464412368642803e-05
7,651.1075308555871,2.592677233751357e-05
7,657.3887630377668,2.566818359195369e-05
7,663.6699952199464,2.5551080670269286e-05
7,669.9512274021259,2.4647838547905192e-05
7,676.2324595843055,2.4967997957539682e-05
7,682.5136917664851,2.456149445603599e-05
7,688.7949239486647,2.3958835694765135e-05
7,695.0761561308443,2.3066848231771124e-05
7,701.3573883130239,2.326572539637396e-05
7,707.6386204952034,2.2156755150945142e-05
7,713.919852677383,2.1903802868449895e-05
7,720.2010848595626,2.1383866924142043e-05
7,726.4823170417422,2.084194142603053e-05
7,732.7635492239218,2.025913285177446e-05
7,739.0447814061014,1.9781542284460242e-05
7,745.326013588281,1.9538862932677366e-05
7,751.6072457704605,1.9256396065720605e-05
7,757.8884779526402,1.8608241994388255e-05
7,764.1697101348198,1.811030766900381e-05
7,770.4509423169993,1.7623901232754505e-05
7,776.7321744991789,1.7220155031837683e-05
7,783.0134066813584,1.645453138245553e-05
7,789.294638863538,1.574086098617714e-05
7,795.5758710457177,1.5725832791990783e-05
7,801.8571032278973,1.5127339875329968e-05
7,808.1383354100768,1.4500896075702761e-05
7,814.4195675922564,1.4281075686619692e-05
7,820.7007997744361,1.385069821594313e-05
7,826.9820319566156,1.333447412338658e-05
7,833.2632641387952,1.2985845781639308e-05
7,839.5444963209748,1.2538769346080518e-05
7,845.8257285031543,1.2213578279269147e-05
7,852.1069606853339,1.164251897044689e-05
7,858.3881928675136,1.1381974201086636e-05
7,864.6694250496931,1.1044818465682286e-05
7,870.9506572318727,1.07027406796386e-05
7,877.2318894140523,1.02604387363316e-05
7,883.5131215962318,9.814845992932166e-06
7,889.7943537784115,9.611025696242307e-06
7,896.0755859605911,9.103252041080365e-06
7,902.3568181427706,8.885626115429692e-06
7,908.6380503249502,8.60695553788084e-06
7,914.9192825071298,8.31056122597252e-06
7,921.2005146893093,7.944246410095052e-06
7,927.481746871489,7.707126606634608e-06
7,933.7629790536686,7.416140997484535e-06
7,940.0442112358481,7.122178278793225e-06
7,946.3254434180277,6.874182113805993e-06
7,952.6066756002073,6.767973449226775e-06
7,958.887907782387,6.45000621304973e-06
7,965.1691399645665,6.18756447262774e-06
7,971.4503721467461,6.003024726345321e-06
7,977.7316043289256,5.80405205477076e-06
7,984.0128365111052,5.618783875564319e-06
7,990.2940686932848,5.441002802175125e-06
7,996.5753008754644,5.197480991428605e-06
7,1002.856533057644,5.089503222777519e-06
7,1009.1377652398236,4.901300428126997e-06
7,1015.4189974220031,4.755969472110632e-06
7,1021.7002296041827,4.620398041520328e-06
7,1027.9814617863622,4.5068120516255935e-06
7,1034.262693968542,4.377388119573604e-06
7,1040.5439261507215,4.2312963893792674e-06
7,1046.825158332901,4.131219066286755e-06
7,1053.1063905150809,3.933744161263997e-06
7,1059.3876226972602,3.8360393158340325e-06
7,1065.66885487944,3.731972747051978e-06
7,1071.9500870616193,3.647082804232666e-06
7,1078.2313192437991,3.5957176485678155e-06
7,1084.5125514259785,3.473735476762142e-06
7,1090.7937836081583,3.378796564530161e-06
7,1097.0750157903376,3.3088388553345975e-06
7,1103.3562479725174,3.227123539133262e-06
7,1109.637480154697,3.1136797090709216e-06
7,1115.9187123368765,3.095641259765376e-06
7,1122.1999445190563,2.961648774493971e-06
7,1128.4811767012357,2.9082092063605553e-06
7,1134.7624088834154,2.836785279657796e-06
7,1141.0436410655948,2.7779546220820303e-06
7,1147.3248732477746,2.7292678209726585e-06
7,1153.606105429954,2.6680044156972684e-06
7,1159.8873376121337,2.6239766048169256e-06
7,1166.168569794313,2.5616457738815937e-06
7,1172.4498019764928,2.5000785095106917e-06
7,1178.7310341586726,2.4669176821539284e-06
7,1185.012266340852,2.3891972181631112e-06
7,1191.2934985230318,2.3468476964458904e-06
7,1197.574730705211,2.310342707636778e-06
7,1203.855962887391,2.293373690177877e-06
7,1210.1371950695702,2.2303269448989687e-06
7,1216.41842725175,2.193488026517151e-06
7,1222.6996594339294,2.1745648835027544e-06
7,1228.9808916161091,2.159510547289974e-06
7,1235.2621237982885,2.114666838707246e-06
7,1241.5433559804683,2.081345842630664e-06
7,1247.824588162648,2.0773932482397364e-06
7,1254.1058203448274,2.0619909865378e-06
7,1260.3870525270072,2.04602668283014e-06
7,1266.6682847091865,2.068481401208178e-06
7,1272.9495168913663,2.0623765904253456e-06
7,1279.2307490735457,2.0540283489812047e-06
7,1285.5119812557255,2.0754519246022497e-06
7,1291.7932134379048,2.062553090535356e-06
7,1298.0744456200846,2.065011386938711e-06
7,1304.3556778022642,2.08296552855376e-06
7,1310.6369099844437,2.0808168893178536e-06
7,1316.9181421666235,2.075342558566527e-06
7,1323.1993743488028,2.065275777618296e-06
7,1329.4806065309826,2.055879487616833e-06
7,1335.761838713162,2.0706788479109856e-06
7,1342.0430708953418,2.0994055023439056e-06
7,1348.324303077521,2.0825462573053642e-06
7,1354.605535259701,2.067829078633293e-06
7,1360.8867674418802,2.0627103534467696e-06
7,1367.16799962406,2.0539485958510052e-06
7,1373.4492318062396,2.0631316801350818e-06
7,1379.7304639884192,2.034614217737019e-06
7,1386.011696170599,2.0550715889237715e-06
7,1392.2929283527783,2.013448593595653e-06
7,1398.574160534958,2.01056889248743e-06
7,1404.8553927171374,1.9718846946926462e-06
7,1411.1366248993172,1.9823847232776024e-06
7,1417.4178570814965,1.9530818872201854e-06
7,1423.6990892636763,1.937881820635703e-06
7,1429.9803214458557,1.9100029321954236e-06
7,1436.2615536280355,1.8952058166811092e-06
7,1442.542785810215,1.8751339203082794e-06
7,1448.8240179923946,1.8733981961061215e-06
7,1455.1052501745744,1.8430822364029854e-06
7,1461.3864823567537,1.8562157465198786e-06
7,1467.6677145389335,1.8233311495055152e-06
7,1473.9489467211129,1.8318501628530177e-06
7,1480.2301789032927,1.800549822947069e-06
7,1486.511411085472,1.80673894362283e-06
7,1492.7926432676518,1.7748005603005475e-06
7,1499.0738754498311,1.7846488484729779e-06
7,1505.355107632011,1.7567944781851929e-06
7,1511.6363398141905,1.757620328742964e-06
7,1517.91757199637,1.7273635306479159e-06
7,1524.1988041785498,1.7243979011493925e-06
7,1530.4800363607292,1.7206080485394129e-06
7,1536.761268542909,1.7084025058737066e-06
7,1543.0425007250883,1.7090799699350705e-06
7,1549.323732907268,1.6955907849169487e-06
7,1555.6049650894474,1.6500108621567965e-06
7,1561.8861972716272,1.6515558601246095e-06
7,1568.1674294538066,1.6298861142155088e-06
7,1574.4486616359864,1.6078698714284392e-06
7,1580.7298938181661,1.5845804708479434e-06
7,1587.0111260003455,1.5694706406257403e-06
7,1593.2923581825253,1.5511333803866648e-06
7,1599.5735903647046,1.5371698749702547e-06
7,1605.8548225468844,1.518624649732396e-06
7,1612.1360547290637,1.4899104937536397e-06
7,1618.4172869112435,1.4792801342208426e-06
7,1624.6985190934229,1.4654010589957088e-06
7,1630.9797512756027,1.445816407908185e-06
7,1637.260983457782,1.4246714022655538e-06
7,1643.5422156399618,1.4217756379992809e-06
7,1649.8234478221416,1.3972310316460824e-06
7,1656.104680004321,1.3782658930435107e-06
7,1662.3859121865007,1.3668643668206628e-06
7,1668.66714436868,1.356381327524167e-06
7,1674.9483765508598,1.3381264300957136e-06
7,1681.2296087330392,1.3280891359970742e-06
7,1687.510840915219,1.3043741366384498e-06
7,1693.7920730973983,1.2837430269362248e-06
7,1700.073305279578,1.266600008296813e-06
7,1706.3545374617577,1.2493926294737255e-06
7,1712.6357696439372,1.2345804991027818e-06
7,1718.917001826117,1.2167166496765552e-06
7,1725.1982340082964,1.185093469291167e-06
7,1731.4794661904762,1.1713144964136788e-06
7,1737.7606983726555,1.1503464092409234e-06
7,1744.0419305548353,1.1361961951312667e-06
7,1750.3231627370146,1.1026493412001102e-06
7,1756.6043949191944,1.0802463995459309e-06
7,1762.8856271013738,1.0577331896327078e-06
7,1769.1668592835535,1.0409423213218646e-06
7,1775.4480914657331,1.0174591419179166e-06
7,1781.7293236479127,1.0053175029739624e-06
7,1788.0105558300925,9.873744726338125e-07
7,1794.2917880122718,9.71509566931657e-07
7,1800.5730201944516,9.484113957949022e-07
7,1806.854252376631,9.377003813421546e-07
7,1813.1354845588107,9.247123461900233e-07
7,1819.41671674099,9.041444779409618e-07
7,1825.6979489231699,8.95925335561112e-07
7,1831.9791811053492,8.735999673100945e-07
7,1838.260413287529,8.570032379107212e-07
7,1844.5416454697086,8.451345138383399e-07
7,1850.8228776518881,8.289178475172036e-07
7,1857.104109834068,8.185182925801131e-07
7,1863.3853420162473,8.041940917365202e-07
7,1869.666574198427,7.845176024297167e-07
7,1875.9478063806064,7.673173103684632e-07
7,1882.2290385627862,7.562066525901255e-07
7,1888.5102707449655,7.387702103600903e-07
7,1894.7915029271453,7.225205407591176e-07
7,1901.0727351093246,7.097180141713637e-07
7,1907.3539672915044,6.92727366704823e-07
7,1913.635199473684,6.811649183138777e-07
7,1919.9164316558636,6.614098084816288e-07
7,1926.1976638380434,6.523641313367756e-07
7,1932.4788960202227,6.319451817904865e-07
7,1938.7601282024025,6.13367419325306e-07
7,1945.0413603845818,6.033472944723901e-07
7,1951.3225925667616,5.856577057700128e-07
7,1957.603824748941,5.725616872697901e-07
7,1963.8850569311207,5.537275476502316e-07
7,1970.1662891133,5.415057442400973e-07
7,1976.4475212954799,5.273019386410103e-07
7,1982.7287534776597,5.114249696495596e-07
7,1989.009985659839,5.008407636617607e-07
7,1995.2912178420188,4.8639164385753e-07
7,2001.5724500241981,4.7379371648626207e-07
7,2007.853682206378,4.644545116507897e-07
7,2014.1349143885573,4.509898931974737e-07
7,2020.416146570737,4.3980517934797077e-07
7,2026.6973787529164,4.243825592629829e-07
7,2032.9786109350962,4.1425057964238976e-07
7,2039.2598431172755,4.0190786211784775e-07
7,2045.5410752994553,3.9094170054724666e-07
7,2051.822307481635,3.7919942127041127e-07
7,2058.1035396638144,3.6903272051591536e-07
7,2064.384771845994,3.5642559667721945e-07
7,2070.6660040281736,3.4666597819000234e-07
7,2076.9472362103534,3.391149908234845e-07
7,2083.2284683925327,3.2729349825376366e-07
7,2089.5097005747125,3.181164123594915e-07
7,2095.7909327568923,3.092883169309729e-07
7,2102.0721649390716,2.9873002277853117e-07
7,2108.353397121251,2.9141052682512146e-07
7,2114.6346293034308,2.8134630879254773e-07
7,2120.9158614856105,2.732923532652106e-07
7,2127.19709366779,2.647775355865277e-07
7,2133.478325849969,2.5646878584080996e-07
7,2139.759558032149,2.507021004210037e-07
7,2146.040790214329,2.415114492054744e-07
7,2152.322022396508,2.3495435287319463e-07
7,2158.603254578688,2.2671133612213482e-07
7,2164.8844867608677,2.1891817059287087e-07
7,2171.165718943047,2.1239686148110348e-07
7,2177.4469511252264,2.0491603073149975e-07
7,2183.728183307406,1.9967623316905612e-07
7,2190.009415489586,1.9218748748792872e-07
7,2196.2906476717653,1.872928745533698e-07
7,2202.5718798539447,1.7991880626369742e-07
7,2208.8531120361245,1.7443834935826104e-07
7,2215.1343442183042,1.6871953412360479e-07
7,2221.4155764004836,1.6310933680058945e-07
7,2227.6968085826634,1.5861141568502518e-07
7,2233.978040764843,1.5182645953463017e-07
7,2240.2592729470225,1.4871373409394832e-07
7,2246.540505129202,1.424148143158899e-07
7,2252.8217373113816,1.376707956652584e-07
7,2259.1029694935614,1.3327776561983698e-07
7,2265.3842016757408,1.293976729881928e-07
7,2271.66543385792,1.2378745566895484e-07
7,2277.9466660401004,1.1991256391084645e-07
7,2284.2278982222797,1.1598168259072694e-07
7,2290.509130404459,1.110699206060455e-07
7,2296.790362586639,1.0836424351017897e-07
7,2303.0715947688186,1.0345987713623906e-07
7,2309.352826950998,1.0013835843177683e-07
7,2315.6340591331773,9.601708159534241e-08
7,2321.915291315357,9.302251559430175e-08
7,2328.196523497537,8.887284215336658e-08
7,2334.477755679716,8.572583708248698e-08
7,2340.7589878618955,8.22816866262411e-08
7,2347.040220044076,7.901603342226022e-08
7,2353.321452226255,7.658341366887673e-08
7,2359.6026844084345,7.30169156135866e-08
7,2365.8839165906143,7.01037695397722e-08
7,2372.165148772794,6.763506834564755e-08
7,2378.4463809549734,6.538206148806403e-08
7,2384.7276131371527,6.257324128326267e-08
7,2391.0088453193325,6.032303848399904e-08
7,2397.2900775015123,5.831291026393384e-08
7,2403.5713096836917,5.5984252337319464e-08
7,2409.852541865871,5.411280410369982e-08
7,2416.1337740480512,5.2227240644066594e-08
7,2422.4150062302306,4.994864104953289e-08
7,2428.69623841241,4.83309397125859e-08
7,2434.9774705945897,4.629850214225966e-08
7,2441.2587027767695,4.436920813177917e-08
7,2447.539934958949,4.2654639438798484e-08
7,2453.821167141128,4.07458510689925e-08
7,2460.102399323308,3.9096802115189406e-08
7,2466.3836315054878,3.722950968800858e-08
7,2472.664863687667,3.569786471378829e-08
7,2478.9460958698464,3.421891680127547e-08
7,2485.2273280520267,3.284485953400331e-08
7,2491.508560234206,3.1339585744641035e-08
7,2497.7897924163854,3.014937239523837e-08
7,2504.071024598565,2.8678996584134322e-08
7,2510.352256780745,2.7423818637870793e-08
7,2516.6334889629243,2.6177926040758184e-08
7,2522.9147211451036,2.4986307223987223e-08
7,2529.1959533272834,2.3877395524055608e-08
7,2535.477185509463,2.275133494742219e-08
7,2541.7584176916425,2.1685915907462054e-08
7,2548.039649873822,2.054813227217956e-08
7,2554.320882056002,1.9532864842428966e-08
7,2560.6021142381815,1.876230112607054e-08
7,2566.883346420361,1.783725677409739e-08
7,2573.1645786025406,1.6883551765165784e-08
7,2579.4458107847204,1.6135141288046875e-08
7,2585.7270429668997,1.5194059072396196e-08
7,2592.008275149079,1.4578522193761148e-08
7,2598.289507331259,1.3914256211564583e-08
7,2604.5707395134386,1.3208331646176515e-08
7,2610.851971695618,1.2549212523453777e-08
7,2617.1332038777978,1.1929319884817813e-08
7,2623.4144360599776,1.1351449446724102e-08
7,2629.695668242157,1.0696275892624276e-08
7,2635.9769004243362,1.0135094183983313e-08
7,2642.258132606516,9.588236759864087e-09
7,2648.539364788696,9.159810987629628e-09
7,2654.820596970875,8.629868347398845e-09
7,2661.1018291530545,8.220423907091315e-09
7,2667.3830613352343,7.736453371719103e-09
7,2673.664293517414,7.3634290245672085e-09
7,2679.9455256995934,6.9486378232606284e-09
7,2686.226757881773,6.577324211051143e-09
7,2692.507990063953,6.18373021969729e-09
7,2698.7892222461323,5.864797935259805e-09
7,2705.0704544283117,5.555481223805466e-09
7,2711.3516866104915,5.217866605597962e-09
7,2717.6329187926713,4.9286594951548306e-09
7,2723.9141509748506,4.6866518986419075e-09
7,2730.19538315703,4.431496898496816e-09
7,2736.4766153392097,4.18949577084028e-09
7,2742.7578475213895,3.9558770232784346e-09
7,2749.039079703569,3.7225867652681554e-09
7,2755.3203118857487,3.531427915268862e-09
7,2761.6015440679284,3.326945077474716e-09
7,2767.882776250108,3.122160908919801e-09
7,2774.164008432287,2.9265615707801426e-09
7,2780.445240614467,2.7742221525350313e-09
7,2786.7264727966467,2.6104787307204505e-09
7,2793.007704978826,2.4541436405667255e-09
7,2799.2889371610054,2.2912967536416655e-09
7,2805.570169343185,2.164587688822698e-09
7,2811.851401525365,2.0280993525424482e-09
7,2818.1326337075443,1.9075034954371528e-09
7,2824.413865889724,1.787401387210726e-09
7,2830.695098071904,1.6864923402120543e-09
7,2836.976330254083,1.5858574131562906e-09
7,2843.2575624362626,1.4971291267225421e-09
7,2849.5387946184424,1.3999398887396763e-09
7,2855.820026800622,1.3202916043020653e-09
7,2862.1012589828015,1.24321621631065e-09
7,2868.382491164981,1.1686360204499158e-09
7,2874.6637233471606,1.0935640354442235e-09
7,2880.9449555293404,1.0310911448138772e-09
7,2887.2261877115197,9.656198960453578e-10
7,2893.5074198936995,9.085508935237183e-10
7,2899.7886520758793,8.523124973222134e-10
7,2906.0698842580587,8.000509301009932e-10
7,2912.351116440238,7.510545483231467e-10
7,2918.632348622418,7.059238023067893e-10
7,2924.9135808045976,6.580959075142266e-10
7,2931.194812986777,6.137456211766187e-10
7,2937.4760451689563,5.754457877116504e-10
7,2943.757277351136,5.413069895396539e-10
7,2950.038509533316,5.043433390482303e-10
7,2956.319741715495,4.721229122232649e-10
7,2962.600973897675,4.396429680738768e-10
7,2968.8822060798548,4.131409146155551e-10
7,2975.163438262034,3.865225518191472e-10
7,2981.4446704442134,3.619393639770276e-10
7,2987.7259026263932,3.378708230609939e-10
7,2994.007134808573,3.179625196700537e-10
7,3000.2883669907524,2.964962451938902e-10
7,3006.5695991729317,2.7663073510676174e-10
7,3012.8508313551115,2.600868091756917e-10
7,3019.1320635372913,2.4295405258733144e-10
7,3025.4132957194706,2.2817246503302e-10
7,3031.6945279016504,2.1161570544651058e-10
7,3037.97576008383,1.988881531172252e-10
7,3044.2569922660095,1.8611663684664435e-10
7,3050.538224448189,1.7430638738288423e-10
7,3056.8194566303687,1.619667322893552e-10
7,3063.1006888125485,1.5148926661472164e-10
7,3069.381920994728,1.417762619064494e-10
7,3075.663153176907,1.3165348204843288e-10
7,3081.9443853590874,1.2262457187496476e-10
7,3088.2256175412667,1.1407230193038238e-10
7,3094.506849723446,1.0663773064679814e-10
7,3100.788081905626,9.880205560230827e-11
7,3107.0693140878057,9.25917283340878e-11
7,3113.350546269985,8.544164797467249e-11
7,3119.6317784521643,7.992787602700558e-11
7,3125.913010634344,7.396317451828872e-11
7,3132.194242816524,6.905646048723245e-11
7,3138.4754749987032,6.437395388531242e-11
7,3144.7567071808826,5.968717228870347e-11
7,3151.037939363063,5.550334858601787e-11
7,3157.319171545242,5.181743602895393e-11
7,3163.6004037274215,4.77364810117459e-11
7,3169.8816359096013,4.448292390088713e-11
7,3176.162868091781,4.1120618902921836e-11
7,3182.4441002739604,3.8507868753933144e-11
7,3188.7253324561398,3.5495610379562305e-11
7,3195.0065646383196,3.2927509211565006e-11
7,3201.2877968204994,3.0365556058240605e-11
7,3207.5690290026787,2.836830975856204e-11
7,3213.850261184858,2.62438975419491e-11
8,4.140616091089793,0.004393540772802343
8,10.42184827326938,0.013466336304686681
8,16.703080455448966,0.0077539577369954826
8,22.984312637628552,0.003830303843804819
8,29.265544819808138,0.002479177387987479
8,35.54677700198772,0.0014938367332125043
8,41.828009184167314,0.0009936147803510905
8,48.10924136634689,0.0010005551083618013
8,54.39047354852649,0.0006272351430604546
8,60.671705730706066,0.0004254667239177271
8,66.95293791288566,0.0003385406926091101
8,73.23417009506524,0.00028992933976926494
8,79.51540227724483,0.00029019949609690297
8,85.79663445942441,0.0003029223397053807
8,92.077866641604,0.000295384154622769
8,98.35909882378358,0.0002703747274682833
8,104.64033100596318,0.0002714229651036956
8,110.92156318814276,0.00023901113872536683
8,117.20279537032235,0.00022501548714811824
8,123.48402755250193,0.00021197617271278223
8,129.76525973468154,0.0001866458164198042
8,136.0464919168611,0.000193239022008059
8,142.32772409904067,0.00018697911776235346
8,148.6089562812203,0.0001795056116941911
8,154.89018846339985,0.000175474244023598
8,161.17142064557947,0.00019196032093161123
8,167.45265282775904,0.0001733500725891902
8,173.7338850099386,0.00017198650502993189
8,180.01511719211823,0.000154233687905095
8,186.2963493742978,0.00015810282729838212
8,192.57758155647736,0.00014509574486442373
8,198.85881373865698,0.00013515466205205108
8,205.14004592083654,0.00012659270110170116
8,211.42127810301616,0.00011358822750777108
8,217.70251028519573,0.00010526237664432833
8,223.9837424673753,9.410946691012655e-05
8,230.26497464955492,8.762514694532836e-05
8,236.54620683173448,7.63819968347747e-05
8,242.82743901391405,7.102065904129352e-05
8,249.10867119609367,6.570217235104835e-05
8,255.38990337827323,6.149466859406396e-05
8,261.67113556045285,5.779438125784461e-05
8,267.9523677426324,5.261492865531493e-05
8,274.233599924812,5.2182655509237896e-05
8,280.51483210699155,4.800459154029815e-05
8,286.79606428917117,4.5007294286999606e-05
8,293.0772964713508,4.485822061682327e-05
8,299.35852865353036,4.205653975497349e-05
8,305.6397608357099,4.173949978153236e-05
8,311.9209930178895,3.970417423985961e-05
8,318.2022252000691,3.946661539023062e-05
8,324.48345738224873,3.91136044930683e-05
8,330.7646895644283,3.716623306192432e-05
8,337.04592174660786,3.653153111033092e-05
8,343.3271539287874,3.641509093495048e-05
8,349.60838611096705,3.61605814693821e-05
8,355.8896182931466,3.489835604087796e-05
8,362.17085047532623,3.462007012417711e-05
8,368.4520826575058,3.379790519482953e-05
8,374.73331483968536,3.372441423275525e-05
8,381.0145470218649,3.2142828505646086e-05
8,387.29577920404455,3.2324778261556495e-05
8,393.57701138622417,3.0396900133968862e-05
8,399.85824356840374,2.9833776206906473e-05
8,406.1394757505833,2.889925164126382e-05
8,412.42070793276287,2.7568184001296588e-05
8,418.7019401149425,2.6181135023480497e-05
8,424.9831722971221,2.4868038782544714e-05
8,431.2644044793017,2.4378029728280546e-05
8,437.54563666148124,2.2816423541521482e-05
8,443.8268688436608,2.1702682696218777e-05
8,450.1081010258404,2.122923882635052e-05
8,456.38933320802,2.0094716402892207e-05
8,462.6705653901996,1.9076700468193704e-05
8,468.9517975723792,1.8348314606675273e-05
8,475.23302975455874,1.7481209733082112e-05
8,481.5142619367383,1.6855548050296857e-05
8,487.79549411891793,1.630042676998079e-05
8,494.07672630109755,1.558577128155271e-05
8,500.3579584832771,1.5233157971062026e-05
8,506.6391906654567,1.4689713541662559e-05
8,512.9204228476362,1.4032825065719805e-05
8,519.2016550298158,1.38796239201726e-05
8,525.4828872119955,1.3207210134350078e-05
8,531.764119394175,1.3018533076367497e-05
8,538.0453515763546,1.2849181264078752e-05
8,544.3265837585342,1.2765736816748662e-05
8,550.6078159407137,1.2476227980302028e-05
8,556.8890481228934,1.226146713349176e-05
8,563.170280305073,1.2143296339848065e-05
8,569.4515124872526,1.2198336490210826e-05
8,575.7327446694321,1.2075011461445097e-05
8,582.0139768516117,1.1862541939830618e-05
8,588.2952090337913,1.227326487000249e-05
8,594.5764412159709,1.1774777705878576e-05
8,600.8576733981505,1.1871012346791845e-05
8,607.1389055803301,1.1663018148358635e-05
8,613.4201377625096,1.1357962270855717e-05
8,619.7013699446893,1.168476094059903e-05
8,625.9826021268689,1.138973758080307e-05
8,632.2638343090484,1.1407952808934092e-05
8,638.545066491228,1.138913262129318e-05
8,644.8262986734076,1.1429450968783267e-05
8,651.1075308555871,1.1335393464385148e-05
8,657.3887630377668,1.1196004070198205e-05
8,663.6699952199464,1.1116701877858114e-05
8,669.9512274021259,1.1174380981078293e-05
8,676.2324595843055,1.1364907222696847e-05
8,682.5136917664851,1.1009045043429272e-05
8,688.7949239486647,1.0802449007119831e-05
8,695.0761561308443,1.0629214402934796e-05
8,701.3573883130239,1.0533968358331358e-05
8,707.6386204952034,1.0336820441634231e-05
8,713.919852677383,1.0201302169692353e-05
8,720.2010848595626,1.0119546687088901e-05
8,726.4823170417422,1.0001992315759749e-05
8,732.7635492239218,9.957195664081113e-06
8,739.0447814061014,9.606088364777527e-06
8,745.326013588281,9.62248189395007e-06
8,751.6072457704605,9.34270293525154e-06
8,757.8884779526402,9.21300712028411e-06
8,764.1697101348198,9.120330447831491e-06
8,770.4509423169993,8.923310870333726e-06
8,776.7321744991789,8.948737387374315e-06
8,783.0134066813584,8.794598922396284e-06
8,789.294638863538,8.472270182585776e-06
8,795.5758710457177,8.382928480477236e-06
8,801.8571032278973,8.257771106316704e-06
8,808.1383354100768,8.059730272034762e-06
8,814.4195675922564,7.784145630624845e-06
8,820.7007997744361,7.715522514676973e-06
8,826.9820319566156,7.474076239248398e-06
8,833.2632641387952,7.3181551789047315e-06
8,839.5444963209748,7.158372050391185e-06
8,845.8257285031543,6.931958474698557e-06
8,852.1069606853339,6.7353669336016155e-06
8,858.3881928675136,6.67703242689687e-06
8,864.6694250496931,6.476396820197336e-06
8,870.9506572318727,6.410599651722116e-06
8,877.2318894140523,6.28325148497049e-06
8,883.5131215962318,6.070847819701055e-06
8,889.7943537784115,5.993773075343275e-06
8,896.0755859605911,5.736113266063342e-06
8,902.3568181427706,5.648030440621013e-06
8,908.6380503249502,5.454621822224361e-06
8,914.9192825071298,5.363574319827096e-06
8,921.2005146893093,5.191293193720466e-06
8,927.481746871489,5.1004540291656285e-06
8,933.7629790536686,5.000723327359148e-06
8,940.0442112358481,4.817465385718974e-06
8,946.3254434180277,4.6886916092790635e-06
8,952.6066756002073,4.510737735037783e-06
8,958.887907782387,4.387319824043816e-06
8,965.1691399645665,4.2766361673913515e-06
8,971.4503721467461,4.243411709340199e-06
8,977.7316043289256,4.135376485601692e-06
8,984.0128365111052,3.9898906854711795e-06
8,990.2940686932848,3.90470068158999e-06
8,996.5753008754644,3.7714465147299713e-06
8,1002.856533057644,3.7195335382668527e-06
8,1009.1377652398236,3.5972377418819325e-06
8,1015.4189974220031,3.510323683216028e-06
8,1021.7002296041827,3.452493333779912e-06
8,1027.9814617863622,3.3586514052148024e-06
8,1034.262693968542,3.296621935416496e-06
8,1040.5439261507215,3.195932503670098e-06
8,1046.825158332901,3.1457250863445048e-06
8,1053.1063905150809,3.0245326842888306e-06
8,1059.3876226972602,2.969400706407449e-06
8,1065.66885487944,2.9226444283391825e-06
8,1071.9500870616193,2.8686562867311442e-06
8,1078.2313192437991,2.8164061189351585e-06
8,1084.5125514259785,2.750136552863918e-06
8,1090.7937836081583,2.7013250190379798e-06
8,1097.0750157903376,2.6826121377262747e-06
8,1103.3562479725174,2.6310503612248834e-06
8,1109.637480154697,2.566645940163601e-06
8,1115.9187123368765,2.5609089100349573e-06
8,1122.1999445190563,2.4902450971491264e-06
8,1128.4811767012357,2.468213905494799e-06
8,1134.7624088834154,2.4299906321900415e-06
8,1141.0436410655948,2.4001015624781184e-06
8,1147.3248732477746,2.3636751106803653e-06
8,1153.606105429954,2.337140830777305e-06
8,1159.8873376121337,2.3176198799982074e-06
8,1166.168569794313,2.2758939696447112e-06
8,1172.4498019764928,2.2556956210968755e-06
8,1178.7310341586726,2.2386528591645536e-06
8,1185.012266340852,2.1881120272251557e-06
8,1191.2934985230318,2.182483159110067e-06
8,1197.574730705211,2.1665536336200416e-06
8,1203.855962887391,2.140057029748078e-06
8,1210.1371950695702,2.1052793125923004e-06
8,1216.41842725175,2.1045026394402825e-06
8,1222.6996594339294,2.1027818693429677e-06
8,1228.9808916161091,2.1206843581741704e-06
8,1235.2621237982885,2.0911722983878967e-06
8,1241.5433559804683,2.080496383419145e-06
8,1247.824588162648,2.077841121526431e-06
8,1254.1058203448274,2.0576279211007706e-06
8,1260.3870525270072,2.037713878160933e-06
8,1266.6682847091865,2.0377455883458975e-06
8,1272.9495168913663,2.0101778649149946e-06
8,1279.2307490735457,1.9702349799583485e-06
8,1285.5119812557255,1.98254417658183e-06
8,1291.7932134379048,1.9702411669855248e-06
8,1298.0744456200846,1.945822062544388e-06
8,1304.3556778022642,1.9438426160826386e-06
8,1310.6369099844437,1.92400090813393e-06
8,1316.9181421666235,1.903212255425761e-06
8,1323.1993743488028,1.8861620911970646e-06
8,1329.4806065309826,1.8696048194523332e-06
8,1335.761838713162,1.8602498999879365e-06
8,1342.0430708953418,1.8521519703563655e-06
8,1348.324303077521,1.839685770390753e-06
8,1354.605535259701,1.8176758583852715e-06
8,1360.8867674418802,1.8034882943841638e-06
8,1367.16799962406,1.7792910075721601e-06
8,1373.4492318062396,1.7788998263253094e-06
8,1379.7304639884192,1.747436555549971e-06
8,1386.011696170599,1.7624501292201006e-06
8,1392.2929283527783,1.7226093157014433e-06
8,1398.574160534958,1.7150403063360247e-06
8,1404.8553927171374,1.6854815222799555e-06
8,1411.1366248993172,1.6726771171312007e-06
8,1417.4178570814965,1.6633984135466703e-06
8,1423.6990892636763,1.6491448465239338e-06
8,1429.9803214458557,1.623558987458833e-06
8,1436.2615536280355,1.5984179809761786e-06
8,1442.542785810215,1.5744462532980125e-06
8,1448.8240179923946,1.5807748998283039e-06
8,1455.1052501745744,1.5590283167861766e-06
8,1461.3864823567537,1.5518021266065918e-06
8,1467.6677145389335,1.5235240093591634e-06
8,1473.9489467211129,1.527107767926608e-06
8,1480.2301789032927,1.4988735012507758e-06
8,1486.511411085472,1.4935314981559103e-06
8,1492.7926432676518,1.459060014044326e-06
8,1499.0738754498311,1.4623097223679349e-06
8,1505.355107632011,1.4220931412648565e-06
8,1511.6363398141905,1.4113251448096812e-06
8,1517.91757199637,1.3767614536498633e-06
8,1524.1988041785498,1.3678018364750355e-06
8,1530.4800363607292,1.3531625609443887e-06
8,1536.761268542909,1.3343369823702677e-06
8,1543.0425007250883,1.3240667125421383e-06
8,1549.323732907268,1.300342877645358e-06
8,1555.6049650894474,1.2746276055943663e-06
8,1561.8861972716272,1.2779788827189204e-06
8,1568.1674294538066,1.2620955907068772e-06
8,1574.4486616359864,1.2491539271504423e-06
8,1580.7298938181661,1.2314577569159844e-06
8,1587.0111260003455,1.2285886627806992e-06
8,1593.2923581825253,1.2020267340764099e-06
8,1599.5735903647046,1.2015571986978942e-06
8,1605.8548225468844,1.1920610366521494e-06
8,1612.1360547290637,1.165586665007107e-06
8,1618.4172869112435,1.1499962783487345e-06
8,1624.6985190934229,1.126933539555981e-06
8,1630.9797512756027,1.119295678747742e-06
8,1637.260983457782,1.092950280050353e-06
8,1643.5422156399618,1.0809044664042924e-06
8,1649.8234478221416,1.057444143480621e-06
8,1656.104680004321,1.0431930442309878e-06
8,1662.3859121865007,1.0273270913458707e-06
8,1668.66714436868,1.0080737173747496e-06
8,1674.9483765508598,9.923164408117605e-07
8,1681.2296087330392,9.779011148318581e-07
8,1687.510840915219,9.655291754206647e-07
8,1693.7920730973983,9.399116329739211e-07
8,1700.073305279578,9.220734524801297e-07
8,1706.3545374617577,9.041178005000256e-07
8,1712.6357696439372,8.929895319113753e-07
8,1718.917001826117,8.716265994658199e-07
8,1725.1982340082964,8.534223700027658e-07
8,1731.4794661904762,8.370927972912525e-07
8,1737.7606983726555,8.160355692647144e-07
8,1744.0419305548353,8.033621712760138e-07
8,1750.3231627370146,7.799000329537e-07
8,1756.6043949191944,7.7044970425325e-07
8,1762.8856271013738,7.584382338940526e-07
8,1769.1668592835535,7.410180467373689e-07
8,1775.4480914657331,7.216185697934675e-07
8,1781.7293236479127,7.103755985970088e-07
8,1788.0105558300925,6.953906879511294e-07
8,1794.2917880122718,6.822228933654276e-07
8,1800.5730201944516,6.671487808018332e-07
8,1806.854252376631,6.52612868737446e-07
8,1813.1354845588107,6.350829507830425e-07
8,1819.41671674099,6.243566008837942e-07
8,1825.6979489231699,6.109866476006112e-07
8,1831.9791811053492,5.966664170304069e-07
8,1838.260413287529,5.802668021816401e-07
8,1844.5416454697086,5.690646208513009e-07
8,1850.8228776518881,5.568293540868115e-07
8,1857.104109834068,5.425872402603547e-07
8,1863.3853420162473,5.273737646303563e-07
8,1869.666574198427,5.117271593465488e-07
8,1875.9478063806064,5.006942548246533e-07
8,1882.2290385627862,4.877194135201307e-07
8,1888.5102707449655,4.7436422556560873e-07
8,1894.7915029271453,4.630762249656549e-07
8,1901.0727351093246,4.5113648246169627e-07
8,1907.3539672915044,4.430122218025346e-07
8,1913.635199473684,4.322341743405517e-07
8,1919.9164316558636,4.211789333963116e-07
8,1926.1976638380434,4.1347629787732203e-07
8,1932.4788960202227,4.038325043184316e-07
8,1938.7601282024025,3.9327675252184007e-07
8,1945.0413603845818,3.8601263203133923e-07
8,1951.3225925667616,3.751277102485218e-07
8,1957.603824748941,3.6752177294145226e-07
8,1963.8850569311207,3.5377284607934446e-07
8,1970.1662891133,3.477307772516782e-07
8,1976.4475212954799,3.3817892428652355e-07
8,1982.7287534776597,3.2715143835074077e-07
8,1989.009985659839,3.202512979922311e-07
8,1995.2912178420188,3.113588618646147e-07
8,2001.5724500241981,3.026813693827068e-07
8,2007.853682206378,2.9504274402682773e-07
8,2014.1349143885573,2.8961544041090394e-07
8,2020.416146570737,2.816925425717927e-07
8,2026.6973787529164,2.724902778693204e-07
8,2032.9786109350962,2.658241511013713e-07
8,2039.2598431172755,2.5738271524997683e-07
8,2045.5410752994553,2.503432959201674e-07
8,2051.822307481635,2.429747173046226e-07
8,2058.1035396638144,2.3522075520225624e-07
8,2064.384771845994,2.2660272429778037e-07
8,2070.6660040281736,2.2138297806461632e-07
8,2076.9472362103534,2.1530652374642507e-07
8,2083.2284683925327,2.0896289205909666e-07
8,2089.5097005747125,2.0149715543994362e-07
8,2095.7909327568923,1.9604127788093647e-07
8,2102.0721649390716,1.8929263701259523e-07
8,2108.353397121251,1.8438054890567327e-07
8,2114.6346293034308,1.781707623852465e-07
8,2120.9158614856105,1.7258877289928101e-07
8,2127.19709366779,1.6729057957712724e-07
8,2133.478325849969,1.619391051665439e-07
8,2139.759558032149,1.5713703070934522e-07
8,2146.040790214329,1.5229891697168024e-07
8,2152.322022396508,1.4776080643166555e-07
8,2158.603254578688,1.423205933289933e-07
8,2164.8844867608677,1.3751582128075618e-07
8,2171.165718943047,1.3343137452074255e-07
8,2177.4469511252264,1.285223429916406e-07
8,2183.728183307406,1.250100480535553e-07
8,2190.009415489586,1.2110019668096114e-07
8,2196.2906476717653,1.1800050817041025e-07
8,2202.5718798539447,1.1387202491560459e-07
8,2208.8531120361245,1.0993252650689278e-07
8,2215.1343442183042,1.0598943951330758e-07
8,2221.4155764004836,1.0359732242097466e-07
8,2227.6968085826634,9.972728609430532e-08
8,2233.978040764843,9.602507398839692e-08
8,2240.2592729470225,9.330631631928326e-08
8,2246.540505129202,9.007888469814241e-08
8,2252.8217373113816,8.692324076483592e-08
8,2259.1029694935614,8.390568176991985e-08
8,2265.3842016757408,8.053303606276178e-08
8,2271.66543385792,7.759253911057579e-08
8,2277.9466660401004,7.501074312283832e-08
8,2284.2278982222797,7.259900948466779e-08
8,2290.509130404459,6.957544592586965e-08
8,2296.790362586639,6.808706519856881e-08
8,2303.0715947688186,6.560770796886453e-08
8,2309.352826950998,6.319907109174252e-08
8,2315.6340591331773,6.055034034159955e-08
8,2321.915291315357,5.841657222540624e-08
8,2328.196523497537,5.611237525474539e-08
8,2334.477755679716,5.417805049468497e-08
8,2340.7589878618955,5.2160716203094805e-08
8,2347.040220044076,5.014993048364368e-08
8,2353.321452226255,4.8569919520266755e-08
8,2359.6026844084345,4.647881805356003e-08
8,2365.8839165906143,4.4451611299099707e-08
8,2372.165148772794,4.2849279478533317e-08
8,2378.4463809549734,4.130853797465001e-08
8,2384.7276131371527,3.972873601775763e-08
8,2391.0088453193325,3.828417130650782e-08
8,2397.2900775015123,3.687440212106721e-08
8,2403.5713096836917,3.538052260597111e-08
8,2409.852541865871,3.3917374458146726e-08
8,2416.1337740480512,3.2658469470926953e-08
8,2422.4150062302306,3.1107966237796366e-08
8,2428.69623841241,2.9841730709946816e-08
8,2434.9774705945897,2.8688808928272845e-08
8,2441.2587027767695,2.7623841017316108e-08
8,2447.539934958949,2.6628372848240675e-08
8,2453.821167141128,2.537118034758156e-08
8,2460.102399323308,2.4278223907681855e-08
8,2466.3836315054878,2.319026347977176e-08
8,2472.664863687667,2.2166162714351175e-08
8,2478.9460958698464,2.114400105356663e-08
8,2485.2273280520267,2.0311565581934465e-08
8,2491.508560234206,1.9482133775333244e-08
8,2497.7897924163854,1.8822733266043536e-08
8,2504.071024598565,1.7869013394348964e-08
8,2510.352256780745,1.706486296113131e-08
8,2516.6334889629243,1.620051657055533e-08
8,2522.9147211451036,1.547477906103926e-08
8,2529.1959533272834,1.4774185639478091e-08
8,2535.477185509463,1.4111526587027949e-08
8,2541.7584176916425,1.346647662789845e-08
8,2548.039649873822,1.2913758454878682e-08
8,2554.320882056002,1.2219892079974614e-08
8,2560.6021142381815,1.1589683020697903e-08
8,2566.883346420361,1.106075997103367e-08
8,2573.1645786025406,1.05141917637463e-08
8,2579.4458107847204,1.0022822582653068e-08
8,2585.7270429668997,9.423658604148227e-09
8,2592.008275149079,9.020859421958181e-09
8,2598.289507331259,8.546368708976499e-09
8,2604.5707395134386,8.129133459391378e-09
8,2610.851971695618,7.702787051509304e-09
8,2617.1332038777978,7.307923915688742e-09
8,2623.4144360599776,6.958504155466391e-09
8,2629.695668242157,6.577121404609124e-09
8,2635.9769004243362,6.230187176590441e-09
8,2642.258132606516,5.916190429879992e-09
8,2648.539364788696,5.5886698372051755e-09
8,2654.820596970875,5.259954301138594e-09
8,2661.1018291530545,4.9846558468800525e-09
8,2667.3830613352343,4.718905536886394e-09
8,2673.664293517414,4.4866211513067195e-09
8,2679.9455256995934,4.250716625653823e-09
8,2686.226757881773,4.028620098705506e-09
8,2692.507990063953,3.7963036203155655e-09
8,2698.7892222461323,3.595344028496252e-09
8,2705.0704544283117,3.4242650279727807e-09
8,2711.3516866104915,3.2402671842825707e-09
8,2717.6329187926713,3.063204136382177e-09
8,2723.9141509748506,2.902233408483032e-09
8,2730.19538315703,2.747918621852217e-09
8,2736.4766153392097,2.5922877178413685e-09
8,2742.7578475213895,2.4486720635970152e-09
8,2749.039079703569,2.3121173131498693e-09
8,2755.3203118857487,2.183714760781488e-09
8,2761.6015440679284,2.0583356008505675e-09
8,2767.882776250108,1.9465998826784155e-09
8,2774.164008432287,1.8276771960585693e-09
8,2780.445240614467,1.7417990737281327e-09
8,2786.7264727966467,1.6348362180291833e-09
8,2793.007704978826,1.5442272894609004e-09
8,2799.2889371610054,1.4525588038938115e-09
8,2805.570169343185,1.371910344127761e-09
8,2811.851401525365,1.2887348942482716e-09
8,2818.1326337075443,1.2159470571124302e-09
8,2824.413865889724,1.142880287412569e-09
8,2830.695098071904,1.0767857652305084e-09
8,2836.976330254083,1.0128162189051826e-09
8,2843.2575624362626,9.5290582772573e-10
8,2849.5387946184424,8.949645702033512e-10
8,2855.820026800622,8.429331589839949e-10
8,2862.1012589828015,7.918580545371906e-10
8,2868.382491164981,7.454345258482986e-10
8,2874.6637233471606,7.041480319488284e-10
8,2880.9449555293404,6.617678504639133e-10
8,2887.2261877115197,6.201729065928891e-10
8,2893.5074198936995,5.863032943438088e-10
8,2899.7886520758793,5.495228442838671e-10
8,2906.0698842580587,5.174050867023716e-10
8,2912.351116440238,4.842079666698762e-10
8,2918.632348622418,4.5747221061166e-10
8,2924.9135808045976,4.2878612046730903e-10
8,2931.194812986777,4.032963302534574e-10
8,2937.4760451689563,3.773798556816606e-10
8,2943.757277351136,3.5516648903099705e-10
8,2950.038509533316,3.328625237099678e-10
8,2956.319741715495,3.104237789926699e-10
8,2962.600973897675,2.931251474076928e-10
8,2968.8822060798548,2.7457752366366846e-10
8,2975.163438262034,2.5725776857556313e-10
8,2981.4446704442134,2.4152740101429175e-10
8,2987.7259026263932,2.2630999812965945e-10
8,2994.007134808573,2.1307729404507452e-10
8,3000.2883669907524,1.9881024936011767e-10
8,3006.5695991729317,1.8648319379453527e-10
8,3012.8508313551115,1.7452013711711753e-10
8,3019.1320635372913,1.6342014376825377e-10
8,3025.4132957194706,1.5401398482449736e-10
8,3031.6945279016504,1.4256090119454626e-10
8,3037.97576008383,1.3445337811078043e-10
8,3044.2569922660095,1.2523884818839613e-10
8,3050.538224448189,1.1715650681772397e-10
8,3056.8194566303687,1.0975229406638892e-10
8,3063.1006888125485,1.0211066736073508e-10
8,3069.381920994728,9.522045118127242e-11
8,3075.663153176907,8.899827879593379e-11
8,3081.9443853590874,8.316902438047084e-11
8,3088.2256175412667,7.722445783658825e-11
8,3094.506849723446,7.23521952332745e-11
8,3100.788081905626,6.757005437390155e-11
8,3107.0693140878057,6.320449570447491e-11
8,3113.350546269985,5.885269852908987e-11
8,3119.6317784521643,5.512336832824486e-11
8,3125.913010634344,5.112753166362217e-11
8,3132.194242816524,4.768909187188782e-11
8,3138.4754749987032,4.4519317719734076e-11
8,3144.7567071808826,4.1204419204407867e-11
8,3151.037939363063,3.85012871698243e-11
8,3157.319171545242,3.575224880286331e-11
8,3163.6004037274215,3.323227384277654e-11
8,3169.8816359096013,3.098727729333438e-11
8,3176.162868091781,2.8755201113218755e-11
8,3182.4441002739604,2.6793091281013358e-11
8,3188.7253324561398,2.4886816521370966e-11
8,3195.0065646383196,2.3126897462107875e-11
8,3201.2877968204994,2.1394839575103307e-11
8,3207.5690290026787,2.0040516056166194e-11
8,3213.850261184858,1.855325147534425e-11
9,4.140616091089793,0.005410842027965141
9,10.42184827326938,0.0059762232561165005
9,16.703080455448966,0.007559378825875351
9,22.984312637628552,0.0025154385885098507
9,29.265544819808138,0.002377004552065883
9,35.54677700198772,0.0014642118630534817
9,41.828009184167314,0.0012122066812890679
9,48.10924136634689,0.0009621515199647044
9,54.39047354852649,0.0005124356819953904
9,60.671705730706066,0.000345808178942522
9,66.95293791288566,0.00025991951125697854
9,73.23417009506524,0.0002285440016627694
9,79.51540227724483,0.00023613669486000796
9,85.79663445942441,0.00022019947018682377
9,92.077866641604,0.00020787241642575662
9,98.35909882378358,0.0001893437327120195
9,104.64033100596318,0.00019086528569859442
9,110.92156318814276,0.00016383192667046752
9,117.20279537032235,0.00016018417473184445
9,123.48402755250193,0.00014320209926404115
9,129.76525973468154,0.0001416848731579478
9,136.0464919168611,0.00014637103410624058
9,142.32772409904067,0.00013647058535385257
9,148.6089562812203,0.00011602299939350756
9,154.89018846339985,0.00012101744574646609
9,161.17142064557947,0.0001315928698005847
9,167.45265282775904,0.00011801365120090167
9,173.7338850099386,0.0001248250822716051
9,180.01511719211823,0.00011517855545340072
9,186.2963493742978,0.00011489110879080595
9,192.57758155647736,0.00010180432949683757
9,198.85881373865698,9.7094333767832e-05
9,205.14004592083654,8.804649578694896e-05
9,211.42127810301616,7.839067040133655e-05
9,217.70251028519573,7.665460771414619e-05
9,223.9837424673753,6.861135908271427e-05
9,230.26497464955492,6.830923451488325e-05
9,236.54620683173448,5.963685123662348e-05
9,242.82743901391405,5.465964566612185e-05
9,249.10867119609367,5.0964539737952996e-05
9,255.38990337827323,4.728930959286128e-05
9,261.67113556045285,4.6176949404121265e-05
9,267.9523677426324,4.284668946324587e-05
9,274.233599924812,4.286144841940717e-05
9,280.51483210699155,4.039293229218797e-05
9,286.79606428917117,3.915954527644565e-05
9,293.0772964713508,3.78875478829878e-05
9,299.35852865353036,3.750135706389713e-05
9,305.6397608357099,3.77022068677789e-05
9,311.9209930178895,3.660409702663516e-05
9,318.2022252000691,3.70040748817419e-05
9,324.48345738224873,3.653250942291164e-05
9,330.7646895644283,3.584225882202634e-05
9,337.04592174660786,3.6173692945474005e-05
9,343.3271539287874,3.64027899348965e-05
9,349.60838611096705,3.751349718833967e-05
9,355.8896182931466,3.592612656246868e-05
9,362.17085047532623,3.608813427173971e-05
9,368.4520826575058,3.53830845966341e-05
9,374.73331483968536,3.6158513046336976e-05
9,381.0145470218649,3.547690398911803e-05
9,387.29577920404455,3.550517377961666e-05
9,393.57701138622417,3.412566446006264e-05
9,399.85824356840374,3.510348010844199e-05
9,406.1394757505833,3.365871368406376e-05
9,412.42070793276287,3.297142499016714e-05
9,418.7019401149425,3.175478672692752e-05
9,424.9831722971221,3.11299277575441e-05
9,431.2644044793017,3.093259659889231e-05
9,437.54563666148124,2.9459086160784745e-05
9,443.8268688436608,2.7920072072800233e-05
9,450.1081010258404,2.818962961084263e-05
9,456.38933320802,2.7020616900814217e-05
9,462.6705653901996,2.6111756287532916e-05
9,468.9517975723792,2.5422169348728595e-05
9,475.23302975455874,2.5125672944093642e-05
9,481.5142619367383,2.4174829903764643e-05
9,487.79549411891793,2.349324351060312e-05
9,494.07672630109755,2.264567874766937e-05
9,500.3579584832771,2.204904211061613e-05
9,506.6391906654567,2.1601444807900892e-05
9,512.9204228476362,2.0839660400788405e-05
9,519.2016550298158,2.0967565072438688e-05
9,525.4828872119955,2.0321240022406716e-05
9,531.764119394175,2.0646220815882064e-05
9,538.0453515763546,1.9954636995154522e-05
9,544.3265837585342,1.975081279182606e-05
9,550.6078159407137,1.9296788028003694e-05
9,556.8890481228934,1.931260545588407e-05
9,563.170280305073,1.9040594513167852e-05
9,569.4515124872526,1.9080081327163035e-05
9,575.7327446694321,1.880392317541024e-05
9,582.0139768516117,1.803397776971731e-05
9,588.2952090337913,1.8083077087782524e-05
9,594.5764412159709,1.7474242040645328e-05
9,600.8576733981505,1.760436982869826e-05
9,607.1389055803301,1.7120549783513696e-05
9,613.4201377625096,1.6820879879567855e-05
9,619.7013699446893,1.6788505981101072e-05
9,625.9826021268689,1.5997812730286038e-05
9,632.2638343090484,1.6221117677348222e-05
9,638.545066491228,1.576155954146057e-05
9,644.8262986734076,1.5771204723755105e-05
9,651.1075308555871,1.5681207014724435e-05
9,657.3887630377668,1.526546584074399e-05
9,663.6699952199464,1.5098635909685524e-05
9,669.9512274021259,1.492132215169991e-05
9,676.2324595843055,1.5006257102911677e-05
9,682.5136917664851,1.4763166725712828e-05
9,688.7949239486647,1.4622616940357242e-05
9,695.0761561308443,1.4416099309111338e-05
9,701.3573883130239,1.4356927908674674e-05
9,707.6386204952034,1.4124590917746242e-05
9,713.919852677383,1.4075510312217174e-05
9,720.2010848595626,1.3894732908801834e-05
9,726.4823170417422,1.384234300709028e-05
9,732.7635492239218,1.3578333334238344e-05
9,739.0447814061014,1.3556540987044567e-05
9,745.326013588281,1.3599186676313496e-05
9,751.6072457704605,1.358726808719429e-05
9,757.8884779526402,1.326535185732952e-05
9,764.1697101348198,1.3291381704777434e-05
9,770.4509423169993,1.3046035043408584e-05
9,776.7321744991789,1.2946693683573476e-05
9,783.0134066813584,1.2598381872964521e-05
9,789.294638863538,1.2436536038057921e-05
9,795.5758710457177,1.2500501672581158e-05
9,801.8571032278973,1.2253886832482136e-05
9,808.1383354100768,1.191789065699403e-05
9,814.4195675922564,1.182857895644272e-05
9,820.7007997744361,1.1698501334966295e-05
9,826.9820319566156,1.1553627182709397e-05
9,833.2632641387952,1.1380426234798375e-05
9,839.5444963209748,1.1415602593066867e-05
9,845.8257285031543,1.1545051465203517e-05
9,852.1069606853339,1.1257379157160544e-05
9,858.3881928675136,1.1366778646217013e-05
9,864.6694250496931,1.1069065320602475e-05
9,870.9506572318727,1.105389034915175e-05
9,877.2318894140523,1.099009571803623e-05
9,883.5131215962318,1.0724407492675949e-05
9,889.7943537784115,1.0724117460729803e-05
9,896.0755859605911,1.0465639563562867e-05
9,902.3568181427706,1.0506348129207623e-05
9,908.6380503249502,1.0251192563106674e-05
9,914.9192825071298,1.0343130845374909e-05
9,921.2005146893093,1.015328537468187e-05
9,927.481746871489,1.0149824669265537e-05
9,933.7629790536686,1.0005513917352423e-05
9,940.0442112358481,1.0086758479060576e-05
9,946.3254434180277,1.0012501564350432e-05
9,952.6066756002073,9.994047233984523e-06
9,958.887907782387,9.890618976998399e-06
9,965.1691399645665,9.698585289558956e-06
9,971.4503721467461,9.74906580284102e-06
9,977.7316043289256,9.722150145047243e-06
9,984.0128365111052,9.575566846312418e-06
9,990.2940686932848,9.673574750316696e-06
9,996.5753008754644,9.43358585401737e-06
9,1002.856533057644,9.693520702033645e-06
9,1009.1377652398236,9.472410904267485e-06
9,1015.4189974220031,9.359522764058663e-06
9,1021.7002296041827,9.360393166430453e-06
9,1027.9814617863622,9.440985655724106e-06
9,1034.262693968542,9.28619499471261e-06
9,1040.5439261507215,9.225320345157814e-06
9,1046.825158332901,9.288143845874588e-06
9,1053.1063905150809,9.269526590206057e-06
9,1059.3876226972602,9.376342455671408e-06
9,1065.66885487944,9.416558376339836e-06
9,1071.9500870616193,9.540696080810144e-06
9,1078.2313192437991,9.63846168624997e-06
9,1084.5125514259785,9.541132077415865e-06
9,1090.7937836081583,9.595009101749182e-06
9,1097.0750157903376,9.71535621213206e-06
9,1103.3562479725174,9.638094988625797e-06
9,1109.637480154697,9.534861437209257e-06
9,1115.9187123368765,9.597677775540304e-06
9,1122.1999445190563,9.532524483022112e-06
9,1128.4811767012357,9.683573336883566e-06
9,1134.7624088834154,9.706639286301769e-06
9,1141.0436410655948,9.717583127248965e-06
9,1147.3248732477746,9.71060385326595e-06
9,1153.606105429954,9.80689503727956e-06
9,1159.8873376121337,9.831737163982028e-06
9,1166.168569794313,9.834557690718161e-06
9,1172.4498019764928,9.682934833016549e-06
9,1178.7310341586726,9.824745487190196e-06
9,1185.012266340852,9.585689941661403e-06
9,1191.2934985230318,9.769111971095023e-06
9,1197.574730705211,9.75537110376385e-06
9,1203.855962887391,9.900509482525135e-06
9,1210.1371950695702,9.80744921158254e-06
9,1216.41842725175,9.789602830638725e-06
9,1222.6996594339294,9.726382239757375e-06
9,1228.9808916161091,9.802688189006133e-06
9,1235.2621237982885,9.713827228224964e-06
9,1241.5433559804683,9.672719216515494e-06
9,1247.824588162648,9.712611690249635e-06
9,1254.1058203448274,9.713384185985762e-06
9,1260.3870525270072,9.695970609401614e-06
9,1266.6682847091865,9.612485620619244e-06
9,1272.9495168913663,9.592701400804705e-06
9,1279.2307490735457,9.460730830351956e-06
9,1285.5119812557255,9.577994512378687e-06
9,1291.7932134379048,9.53717147979691e-06
9,1298.0744456200846,9.434293330904266e-06
9,1304.3556778022642,9.380554099652417e-06
9,1310.6369099844437,9.421267117404828e-06
9,1316.9181421666235,9.329889897275638e-06
9,1323.1993743488028,9.30780761869776e-06
9,1329.4806065309826,9.116831587671191e-06
9,1335.761838713162,9.07177550615431e-06
9,1342.0430708953418,8.972598100780851e-06
9,1348.324303077521,8.954388611374743e-06
9,1354.605535259701,8.84745169759656e-06
9,1360.8867674418802,8.883828745626352e-06
9,1367.16799962406,8.636445166284713e-06
9,1373.4492318062396,8.668576347739386e-06
9,1379.7304639884192,8.536287229608307e-06
9,1386.011696170599,8.626744648137551e-06
9,1392.2929283527783,8.468428351122167e-06
9,1398.574160534958,8.410041228654136e-06
9,1404.8553927171374,8.30743617844483e-06
9,1411.1366248993172,8.239466850866203e-06
9,1417.4178570814965,8.150529961822061e-06
9,1423.6990892636763,8.048858854995125e-06
9,1429.9803214458557,7.924801954952231e-06
9,1436.2615536280355,7.720724041359734e-06
9,1442.542785810215,7.700238642978316e-06
9,1448.8240179923946,7.657248500981406e-06
9,1455.1052501745744,7.4548316181466615e-06
9,1461.3864823567537,7.488597665072601e-06
9,1467.6677145389335,7.286398849808043e-06
9,1473.9489467211129,7.246572373715337e-06
9,1480.2301789032927,7.08961740707387e-06
9,1486.511411085472,7.051928139787118e-06
9,1492.7926432676518,6.873106777975014e-06
9,1499.0738754498311,6.857931588399644e-06
9,1505.355107632011,6.787677386960733e-06
9,1511.6363398141905,6.631813614373082e-06
9,1517.91757199637,6.475939904789607e-06
9,1524.1988041785498,6.403502268380946e-06
9,1530.4800363607292,6.297045308689579e-06
9,1536.761268542909,6.161204063505064e-06
9,1543.0425007250883,6.092943718589653e-06
9,1549.323732907268,5.977121879225163e-06
9,1555.6049650894474,5.816068606277646e-06
9,1561.8861972716272,5.789498605004599e-06
9,1568.1674294538066,5.57863451915164e-06
9,1574.4486616359864,5.452851181465423e-06
9,1580.7298938181661,5.361954043005195e-06
9,1587.0111260003455,5.2312289520442575e-06
9,1593.2923581825253,5.1107236070776744e-06
9,1599.5735903647046,5.042859330742565e-06
9,1605.8548225468844,4.930921038079698e-06
9,1612.1360547290637,4.842067275596147e-06
9,1618.4172869112435,4.7410509645713125e-06
9,1624.6985190934229,4.648679100167878e-06
9,1630.9797512756027,4.572873627772099e-06
9,1637.260983457782,4.441331774987539e-06
9,1643.5422156399618,4.371671852665002e-06
9,1649.8234478221416,4.206324829638412e-06
9,1656.104680004321,4.154999124487038e-06
9,1662.3859121865007,4.014077776425189e-06
9,1668.66714436868,3.935796838076929e-06
9,1674.9483765508598,3.848670079474142e-06
9,1681.2296087330392,3.7545630317766787e-06
9,1687.510840915219,3.705691561063999e-06
9,1693.7920730973983,3.592261973675295e-06
9,1700.073305279578,3.5433827291537278e-06
9,1706.3545374617577,3.426383698507336e-06
9,1712.6357696439372,3.3749254610460274e-06
9,1718.917001826117,3.2589964249714894e-06
9,1725.1982340082964,3.188293445867723e-06
9,1731.4794661904762,3.140808916480337e-06
9,1737.7606983726555,3.069631509782738e-06
9,1744.0419305548353,3.033062686323735e-06
9,1750.3231627370146,2.933681963803266e-06
9,1756.6043949191944,2.89810928563185e-06
9,1762.8856271013738,2.8119273479183374e-06
9,1769.1668592835535,2.757953690183159e-06
9,1775.4480914657331,2.6797978832314757e-06
9,1781.7293236479127,2.6314178088111193e-06
9,1788.0105558300925,2.5848773235039834e-06
9,1794.2917880122718,2.5289803817591572e-06
9,1800.5730201944516,2.4586420871208347e-06
9,1806.854252376631,2.4052372518927884e-06
9,1813.1354845588107,2.3716657154386952e-06
9,1819.41671674099,2.318790098299981e-06
9,1825.6979489231699,2.2796755228207655e-06
9,1831.9791811053492,2.220292733340263e-06
9,1838.260413287529,2.1695274687714203e-06
9,1844.5416454697086,2.1248293840498714e-06
9,1850.8228776518881,2.072169331107559e-06
9,1857.104109834068,2.0323886776942656e-06
9,1863.3853420162473,1.978444295027205e-06
9,1869.666574198427,1.9291991407208364e-06
9,1875.9478063806064,1.8885541477500964e-06
9,1882.2290385627862,1.8562069589778787e-06
9,1888.5102707449655,1.8191245351731503e-06
9,1894.7915029271453,1.7711025841507244e-06
9,1901.0727351093246,1.752388077664671e-06
9,1907.3539672915044,1.7073116672123486e-06
9,1913.635199473684,1.6764538730912458e-06
9,1919.9164316558636,1.641443030060916e-06
9,1926.1976638380434,1.613323694033054e-06
9,1932.4788960202227,1.5635576127380744e-06
9,1938.7601282024025,1.5299470969692148e-06
9,1945.0413603845818,1.4977229089075845e-06
9,1951.3225925667616,1.45820958707113e-06
9,1957.603824748941,1.429188784466291e-06
9,1963.8850569311207,1.3845119554778978e-06
9,1970.1662891133,1.3613747979375447e-06
9,1976.4475212954799,1.3253335978518393e-06
9,1982.7287534776597,1.2784332384410642e-06
9,1989.009985659839,1.2451570406147657e-06
9,1995.2912178420188,1.2101389901949703e-06
9,2001.5724500241981,1.1824648609323289e-06
9,2007.853682206378,1.147408691542518e-06
9,2014.1349143885573,1.1245378016558784e-06
9,2020.416146570737,1.1043591486459037e-06
9,2026.6973787529164,1.0653336926498174e-06
9,2032.9786109350962,1.0452309382640127e-06
9,2039.2598431172755,1.0120592835294308e-06
9,2045.5410752994553,9.879570579228245e-07
9,2051.822307481635,9.525088378536933e-07
9,2058.1035396638144,9.312583394159755e-07
9,2064.384771845994,9.000672534895992e-07
9,2070.6660040281736,8.782893167737708e-07
9,2076.9472362103534,8.500933323891298e-07
9,2083.2284683925327,8.193483384337426e-07
9,2089.5097005747125,7.981466622779844e-07
9,2095.7909327568923,7.691876847980233e-07
9,2102.0721649390716,7.443668966664348e-07
9,2108.353397121251,7.27119324542772e-07
9,2114.6346293034308,6.990422513854607e-07
9,2120.9158614856105,6.754077250645026e-07
9,2127.19709366779,6.589076650750308e-07
9,2133.478325849969,6.350543146704249e-07
9,2139.759558032149,6.156097546125167e-07
9,2146.040790214329,5.969989626451845e-07
9,2152.322022396508,5.744242656005172e-07
9,2158.603254578688,5.562047250965857e-07
9,2164.8844867608677,5.33747643886457e-07
9,2171.165718943047,5.180672150615265e-07
9,2177.4469511252264,4.979896671110021e-07
9,2183.728183307406,4.834293115158602e-07
9,2190.009415489586,4.6543507064584804e-07
9,2196.2906476717653,4.4742817344592676e-07
9,2202.5718798539447,4.3131397934137386e-07
9,2208.8531120361245,4.1260540090283874e-07
9,2215.1343442183042,3.9825215618329215e-07
9,2221.4155764004836,3.823860339936435e-07
9,2227.6968085826634,3.687940779471906e-07
9,2233.978040764843,3.5388237605202136e-07
9,2240.2592729470225,3.4092758340163543e-07
9,2246.540505129202,3.2876714184305407e-07
9,2252.8217373113816,3.144462247113495e-07
9,2259.1029694935614,3.0497369140232954e-07
9,2265.3842016757408,2.933597670763222e-07
9,2271.66543385792,2.8222281682329516e-07
9,2277.9466660401004,2.7376613252974144e-07
9,2284.2278982222797,2.643452106245933e-07
9,2290.509130404459,2.541295625596638e-07
9,2296.790362586639,2.448346295691636e-07
9,2303.0715947688186,2.3479526736158761e-07
9,2309.352826950998,2.249096286689734e-07
9,2315.6340591331773,2.1689340912671106e-07
9,2321.915291315357,2.08900234320471e-07
9,2328.196523497537,2.007238689985476e-07
9,2334.477755679716,1.9342923470593908e-07
9,2340.7589878618955,1.8544039367773011e-07
9,2347.040220044076,1.776540274885196e-07
9,2353.321452226255,1.7259029644928833e-07
9,2359.6026844084345,1.6444724287012393e-07
9,2365.8839165906143,1.5672718723773927e-07
9,2372.165148772794,1.5094382639036165e-07
9,2378.4463809549734,1.461243821398249e-07
9,2384.7276131371527,1.394936592780019e-07
9,2391.0088453193325,1.333642359503308e-07
9,2397.2900775015123,1.2784111487544776e-07
9,2403.5713096836917,1.2252236124383382e-07
9,2409.852541865871,1.1809383220187365e-07
9,2416.1337740480512,1.128373012913315e-07
9,2422.4150062302306,1.083303601450995e-07
9,2428.69623841241,1.0393296645740272e-07
9,2434.9774705945897,1.0012030135283364e-07
9,2441.2587027767695,9.596574451089673e-08
9,2447.539934958949,9.178424739818939e-08
9,2453.821167141128,8.78763261986962e-08
9,2460.102399323308,8.414878055232813e-08
9,2466.3836315054878,8.04574176935412e-08
9,2472.664863687667,7.710495095416854e-08
9,2478.9460958698464,7.36893632592455e-08
9,2485.2273280520267,7.06673162656509e-08
9,2491.508560234206,6.726857351959087e-08
9,2497.7897924163854,6.455299461252386e-08
9,2504.071024598565,6.117481616908048e-08
9,2510.352256780745,5.856817523029649e-08
9,2516.6334889629243,5.583014004496001e-08
9,2522.9147211451036,5.3387312410712664e-08
9,2529.1959533272834,5.072451094913006e-08
9,2535.477185509463,4.807604121645383e-08
9,2541.7584176916425,4.586318231242443e-08
9,2548.039649873822,4.370751012934904e-08
9,2554.320882056002,4.1524721034990716e-08
9,2560.6021142381815,3.961756630281161e-08
9,2566.883346420361,3.786008198742692e-08
9,2573.1645786025406,3.5742465473191756e-08
9,2579.4458107847204,3.4368638270871765e-08
9,2585.7270429668997,3.236310398350561e-08
9,2592.008275149079,3.087874033776703e-08
9,2598.289507331259,2.9408159430974733e-08
9,2604.5707395134386,2.7945275691137603e-08
9,2610.851971695618,2.6678042918886827e-08
9,2617.1332038777978,2.515843978524257e-08
9,2623.4144360599776,2.410481786626369e-08
9,2629.695668242157,2.274086680782624e-08
9,2635.9769004243362,2.1615289652450975e-08
9,2642.258132606516,2.0506863970855227e-08
9,2648.539364788696,1.950309498043091e-08
9,2654.820596970875,1.8593750412033328e-08
9,2661.1018291530545,1.7506931503089717e-08
9,2667.3830613352343,1.6621304397089193e-08
9,2673.664293517414,1.572595838116336e-08
9,2679.9455256995934,1.4912219191229694e-08
9,2686.226757881773,1.4088216584520673e-08
9,2692.507990063953,1.3320576435570895e-08
9,2698.7892222461323,1.264473447015268e-08
9,2705.0704544283117,1.1923976557689489e-08
9,2711.3516866104915,1.1300105880414488e-08
9,2717.6329187926713,1.0687961465868495e-08
9,2723.9141509748506,1.0089287646286254e-08
9,2730.19538315703,9.484033721068393e-09
9,2736.4766153392097,9.010872275628279e-09
9,2742.7578475213895,8.511336987548559e-09
9,2749.039079703569,8.066111982019185e-09
9,2755.3203118857487,7.588683125023922e-09
9,2761.6015440679284,7.14652173416805e-09
9,2767.882776250108,6.788597149504985e-09
9,2774.164008432287,6.352391034358242e-09
9,2780.445240614467,6.009415225961435e-09
9,2786.7264727966467,5.690407938345977e-09
9,2793.007704978826,5.355564544253701e-09
9,2799.2889371610054,5.018953036640497e-09
9,2805.570169343185,4.7509042493062005e-09
9,2811.851401525365,4.455263900538302e-09
9,2818.1326337075443,4.208056340967782e-09
9,2824.413865889724,3.973285144154254e-09
9,2830.695098071904,3.747880417338452e-09
9,2836.976330254083,3.525799416511252e-09
9,2843.2575624362626,3.31963722553179e-09
9,2849.5387946184424,3.1324546452082603e-09
9,2855.820026800622,2.9608612752429864e-09
9,2862.1012589828015,2.76657281696473e-09
9,2868.382491164981,2.612356064719745e-09
9,2874.6637233471606,2.4517447181946407e-09
9,2880.9449555293404,2.3170918070915853e-09
9,2887.2261877115197,2.155229924899906e-09
9,2893.5074198936995,2.0512855146113982e-09
9,2899.7886520758793,1.9133834254488312e-09
9,2906.0698842580587,1.8176268656540838e-09
9,2912.351116440238,1.708637796881258e-09
9,2918.632348622418,1.6034353675177016e-09
9,2924.9135808045976,1.5023066829117798e-09
9,2931.194812986777,1.4134131284785372e-09
9,2937.4760451689563,1.324793472867933e-09
9,2943.757277351136,1.2532759551719983e-09
9,2950.038509533316,1.1624844938692348e-09
9,2956.319741715495,1.0974042553652097e-09
9,2962.600973897675,1.02885668400184e-09
9,2968.8822060798548,9.758127710748413e-10
9,2975.163438262034,9.109023790634774e-10
9,2981.4446704442134,8.604161833163786e-10
9,2987.7259026263932,8.045315450929382e-10
9,2994.007134808573,7.614412635781501e-10
9,3000.2883669907524,7.107265073647364e-10
9,3006.5695991729317,6.649341517248475e-10
9,3012.8508313551115,6.192453281315935e-10
9,3019.1320635372913,5.773947387113755e-10
9,3025.4132957194706,5.45636137047456e-10
9,3031.6945279016504,5.055371811744091e-10
9,3037.97576008383,4.747721038837419e-10
9,3044.2569922660095,4.427381075825195e-10
9,3050.538224448189,4.15552449522842e-10
9,3056.8194566303687,3.8898699954096945e-10
9,3063.1006888125485,3.633096948797115e-10
9,3069.381920994728,3.396959509641269e-10
9,3075.663153176907,3.180203881832953e-10
9,3081.9443853590874,2.9762318321968447e-10
9,3088.2256175412667,2.7473406391022946e-10
9,3094.506849723446,2.5881802890739347e-10
9,3100.788081905626,2.414820366437352e-10
9,3107.0693140878057,2.248392482088299e-10
9,3113.350546269985,2.0966941656319206e-10
9,3119.6317784521643,1.9578327130325137e-10
9,3125.913010634344,1.824407310722573e-10
9,3132.194242816524,1.7054405387622624e-10
9,3138.4754749987032,1.5948197183923923e-10
9,3144.7567071808826,1.4790768820785246e-10
9,3151.037939363063,1.3766542528339613e-10
9,3157.319171545242,1.2892930021750352e-10
9,3163.6004037274215,1.1904819196568884e-10
9,3169.8816359096013,1.1054869609342036e-10
9,3176.162868091781,1.0285437769364603e-10
9,3182.4441002739604,9.563109780558159e-11
9,3188.7253324561398,8.907792550217855e-11
9,3195.0065646383196,8.249805399261532e-11
9,3201.2877968204994,7.606401356442158e-11
9,3207.5690290026787,7.115863926292657e-11
9,3213.850261184858,6.611600988361968e-11
