run_idx,k_center,E_k
0,4.140616091089793,0.005941147101870911
0,10.42184827326938,0.018208847845548555
0,16.703080455448966,0.01035163845780787
0,22.984312637628552,0.008291198386578824
0,29.265544819808138,0.003401018355512917
0,35.54677700198772,0.00204923242151494
0,41.828009184167314,0.001769865369452546
0,48.10924136634689,0.0014326638200242454
0,54.39047354852649,0.0010015782887977354
0,60.671705730706066,0.0005326905530152671
0,66.95293791288566,0.00037308004263153873
0,73.23417009506524,0.00021502851990682284
0,79.51540227724483,0.00016485047737568905
0,85.79663445942441,0.0001619264762624553
0,92.077866641604,0.0001331175394436354
0,98.35909882378358,0.00011589152041124018
0,104.64033100596318,9.740858964701325e-05
0,110.92156318814276,7.352086629004912e-05
0,117.20279537032235,7.070476049609824e-05
0,123.48402755250193,5.759421816338531e-05
0,129.76525973468154,4.790695310626026e-05
0,136.0464919168611,4.72822816852118e-05
0,142.32772409904067,4.3706792443616184e-05
0,148.6089562812203,3.9653730559455e-05
0,154.89018846339985,3.971319510951381e-05
0,161.17142064557947,4.337103076745084e-05
0,167.45265282775904,4.2395265756434284e-05
0,173.7338850099386,4.93190414164267e-05
0,180.01511719211823,4.9905520346802624e-05
0,186.2963493742978,5.5037281509083326e-05
0,192.57758155647736,4.77633335243799e-05
0,198.85881373865698,4.8350356384979216e-05
0,205.14004592083654,4.6246561618461315e-05
0,211.42127810301616,4.3320420714944916e-05
0,217.70251028519573,4.385292935101765e-05
0,223.9837424673753,4.173282692344277e-05
0,230.26497464955492,4.6899969035014055e-05
0,236.54620683173448,4.3730982466362296e-05
0,242.82743901391405,4.306135256947847e-05
0,249.10867119609367,4.060961259272125e-05
0,255.38990337827323,3.948810711257081e-05
0,261.67113556045285,3.9899721158309066e-05
0,267.9523677426324,3.938109866816379e-05
0,274.233599924812,3.928279923834953e-05
0,280.51483210699155,4.011955263634706e-05
0,286.79606428917117,3.8151980624770243e-05
0,293.0772964713508,3.918428458947826e-05
0,299.35852865353036,4.017199289916115e-05
0,305.6397608357099,4.028412590733952e-05
0,311.9209930178895,4.130183723094243e-05
0,318.2022252000691,4.341002567394044e-05
0,324.48345738224873,4.3172981571834256e-05
0,330.7646895644283,4.054619108340612e-05
0,337.04592174660786,4.0370943388811414e-05
0,343.3271539287874,3.871053944489195e-05
0,349.60838611096705,3.861827138419234e-05
0,355.8896182931466,3.858834895530956e-05
0,362.17085047532623,4.0723448893977616e-05
0,368.4520826575058,3.9778944721474136e-05
0,374.73331483968536,3.789769424484778e-05
0,381.0145470218649,3.4444934430748765e-05
0,387.29577920404455,3.455270865076537e-05
0,393.57701138622417,3.325619270813514e-05
0,399.85824356840374,3.3462873173655694e-05
0,406.1394757505833,3.292225559291151e-05
0,412.42070793276287,3.113953856628024e-05
0,418.7019401149425,3.0013833231699982e-05
0,424.9831722971221,2.935097008318302e-05
0,431.2644044793017,2.9054815027577878e-05
0,437.54563666148124,2.6997732166964246e-05
0,443.8268688436608,2.526327528417385e-05
0,450.1081010258404,2.487833331943649e-05
0,456.38933320802,2.283823066005781e-05
0,462.6705653901996,2.1870643132491275e-05
0,468.9517975723792,2.0717614049311254e-05
0,475.23302975455874,1.991908182963722e-05
0,481.5142619367383,1.8929777859735738e-05
0,487.79549411891793,1.8435315166919024e-05
0,494.07672630109755,1.7962110756698418e-05
0,500.3579584832771,1.7509184229498025e-05
0,506.6391906654567,1.791857483748487e-05
0,512.9204228476362,1.732203515217793e-05
0,519.2016550298158,1.8132119968859708e-05
0,525.4828872119955,1.7791102726957403e-05
0,531.764119394175,1.7994947783401435e-05
0,538.0453515763546,1.8370032870383755e-05
0,544.3265837585342,1.9071403326710843e-05
0,550.6078159407137,1.8896253772180214e-05
0,556.8890481228934,1.9389117848849467e-05
0,563.170280305073,1.9669118913266276e-05
0,569.4515124872526,2.0830126113282153e-05
0,575.7327446694321,2.0326765359935918e-05
0,582.0139768516117,2.0098083199539685e-05
0,588.2952090337913,2.0802054471722053e-05
0,594.5764412159709,1.970145159524333e-05
0,600.8576733981505,2.0750932311212044e-05
0,607.1389055803301,1.973769336174668e-05
0,613.4201377625096,1.9809922072328064e-05
0,619.7013699446893,1.9260959437533736e-05
0,625.9826021268689,1.8961221050878553e-05
0,632.2638343090484,1.9019024017325935e-05
0,638.545066491228,1.8175507815360012e-05
0,644.8262986734076,1.746832228256298e-05
0,651.1075308555871,1.8079488412312487e-05
0,657.3887630377668,1.6758311198480957e-05
0,663.6699952199464,1.633465487581796e-05
0,669.9512274021259,1.5330833641595795e-05
0,676.2324595843055,1.539567892926199e-05
0,682.5136917664851,1.483354255397194e-05
0,688.7949239486647,1.4330353936746676e-05
0,695.0761561308443,1.4377669362788334e-05
0,701.3573883130239,1.3983614281225829e-05
0,707.6386204952034,1.3802843274585873e-05
0,713.919852677383,1.3931656130963563e-05
0,720.2010848595626,1.3622564804009788e-05
0,726.4823170417422,1.3652770659785545e-05
0,732.7635492239218,1.3603163594002143e-05
0,739.0447814061014,1.3029240409130886e-05
0,745.326013588281,1.3084133816346495e-05
0,751.6072457704605,1.2729145577745352e-05
0,757.8884779526402,1.218611662853274e-05
0,764.1697101348198,1.1982413428768547e-05
0,770.4509423169993,1.138174836449451e-05
0,776.7321744991789,1.1369727926791797e-05
0,783.0134066813584,1.0675718677133584e-05
0,789.294638863538,1.0184170869706343e-05
0,795.5758710457177,9.742656144654234e-06
0,801.8571032278973,9.438818426400737e-06
0,808.1383354100768,8.908175722031993e-06
0,814.4195675922564,8.464883235436849e-06
0,820.7007997744361,7.95115829224241e-06
0,826.9820319566156,7.648644096370898e-06
0,833.2632641387952,7.3171165580548275e-06
0,839.5444963209748,7.1276741551362214e-06
0,845.8257285031543,6.875449983734551e-06
0,852.1069606853339,6.4069791725545364e-06
0,858.3881928675136,6.260653536286055e-06
0,864.6694250496931,5.8054652579215585e-06
0,870.9506572318727,5.623939448256752e-06
0,877.2318894140523,5.434668724086379e-06
0,883.5131215962318,5.0894317929493326e-06
0,889.7943537784115,5.012173077386387e-06
0,896.0755859605911,4.785387513647154e-06
0,902.3568181427706,4.6976369949532296e-06
0,908.6380503249502,4.482453935888849e-06
0,914.9192825071298,4.353066378231873e-06
0,921.2005146893093,4.1040067922661395e-06
0,927.481746871489,3.851343727121927e-06
0,933.7629790536686,3.6720927526194995e-06
0,940.0442112358481,3.471021922784845e-06
0,946.3254434180277,3.2894844385689767e-06
0,952.6066756002073,3.1080198615346303e-06
0,958.887907782387,2.969647777956338e-06
0,965.1691399645665,2.821307376486038e-06
0,971.4503721467461,2.74979787506412e-06
0,977.7316043289256,2.579088862115367e-06
0,984.0128365111052,2.4827501748724775e-06
0,990.2940686932848,2.390581255878063e-06
0,996.5753008754644,2.2807390237364742e-06
0,1002.856533057644,2.2350299290982976e-06
0,1009.1377652398236,2.167231789181367e-06
0,1015.4189974220031,2.068816017286148e-06
0,1021.7002296041827,1.995987699358572e-06
0,1027.9814617863622,1.9203980579778495e-06
0,1034.262693968542,1.8991241662141815e-06
0,1040.5439261507215,1.856585212224447e-06
0,1046.825158332901,1.8649710894992651e-06
0,1053.1063905150809,1.7839100511581975e-06
0,1059.3876226972602,1.7421294271160568e-06
0,1065.66885487944,1.6792068587437058e-06
0,1071.9500870616193,1.6720148893502741e-06
0,1078.2313192437991,1.635002629247123e-06
0,1084.5125514259785,1.5855612206785744e-06
0,1090.7937836081583,1.539244512730045e-06
0,1097.0750157903376,1.51269652934453e-06
0,1103.3562479725174,1.477494053954403e-06
0,1109.637480154697,1.4274280883292433e-06
0,1115.9187123368765,1.3836065496450682e-06
0,1122.1999445190563,1.3272204217672075e-06
0,1128.4811767012357,1.2845564671410067e-06
0,1134.7624088834154,1.2489247609009388e-06
0,1141.0436410655948,1.2235138006958758e-06
0,1147.3248732477746,1.2063890094718332e-06
0,1153.606105429954,1.177450403516519e-06
0,1159.8873376121337,1.1490931444371165e-06
0,1166.168569794313,1.1109775085613611e-06
0,1172.4498019764928,1.0845717241072182e-06
0,1178.7310341586726,1.0651000438211703e-06
0,1185.012266340852,1.0260101574507303e-06
0,1191.2934985230318,9.974189648870736e-07
0,1197.574730705211,9.818835576259254e-07
0,1203.855962887391,9.59755354124216e-07
0,1210.1371950695702,9.179807056661769e-07
0,1216.41842725175,8.971306335457333e-07
0,1222.6996594339294,8.860833165773368e-07
0,1228.9808916161091,8.860451059117315e-07
0,1235.2621237982885,8.415988525770669e-07
0,1241.5433559804683,8.150999694565679e-07
0,1247.824588162648,8.005587662494979e-07
0,1254.1058203448274,7.906808979667082e-07
0,1260.3870525270072,7.79671296241397e-07
0,1266.6682847091865,7.61263417044229e-07
0,1272.9495168913663,7.55854350026665e-07
0,1279.2307490735457,7.348087186299243e-07
0,1285.5119812557255,7.3053913601046e-07
0,1291.7932134379048,7.273585899729674e-07
0,1298.0744456200846,7.189470948922888e-07
0,1304.3556778022642,7.249897313230907e-07
0,1310.6369099844437,7.105422952770683e-07
0,1316.9181421666235,7.018915210003388e-07
0,1323.1993743488028,7.0062940442553e-07
0,1329.4806065309826,7.030383488334517e-07
0,1335.761838713162,6.953881676206671e-07
0,1342.0430708953418,6.922612835709928e-07
0,1348.324303077521,6.910787802048539e-07
0,1354.605535259701,6.837155324730129e-07
0,1360.8867674418802,6.855411249371301e-07
0,1367.16799962406,6.813493040027752e-07
0,1373.4492318062396,6.797957798225166e-07
0,1379.7304639884192,6.716319488760437e-07
0,1386.011696170599,6.756934802597922e-07
0,1392.2929283527783,6.644093955810072e-07
0,1398.574160534958,6.684109287757408e-07
0,1404.8553927171374,6.477110128693098e-07
0,1411.1366248993172,6.53083910388184e-07
0,1417.4178570814965,6.521216314221632e-07
0,1423.6990892636763,6.577070774885016e-07
0,1429.9803214458557,6.580317683555128e-07
0,1436.2615536280355,6.638020791962858e-07
0,1442.542785810215,6.672757151146478e-07
0,1448.8240179923946,6.763282610140171e-07
0,1455.1052501745744,6.67495456674494e-07
0,1461.3864823567537,6.701467702758418e-07
0,1467.6677145389335,6.676922367869767e-07
0,1473.9489467211129,6.735011734534056e-07
0,1480.2301789032927,6.606086517240215e-07
0,1486.511411085472,6.701011124914848e-07
0,1492.7926432676518,6.661435993592365e-07
0,1499.0738754498311,6.688687476598058e-07
0,1505.355107632011,6.538850955359418e-07
0,1511.6363398141905,6.576686705807276e-07
0,1517.91757199637,6.483417383531472e-07
0,1524.1988041785498,6.48255743643994e-07
0,1530.4800363607292,6.423365340619858e-07
0,1536.761268542909,6.355978275355885e-07
0,1543.0425007250883,6.27892440515535e-07
0,1549.323732907268,6.183222242023325e-07
0,1555.6049650894474,6.065798739241928e-07
0,1561.8861972716272,6.138712527866702e-07
0,1568.1674294538066,5.976010407870208e-07
0,1574.4486616359864,5.8958420216826e-07
0,1580.7298938181661,5.84032540405071e-07
0,1587.0111260003455,5.812423395710848e-07
0,1593.2923581825253,5.663402370724178e-07
0,1599.5735903647046,5.600450933980217e-07
0,1605.8548225468844,5.525779631045727e-07
0,1612.1360547290637,5.468561954180985e-07
0,1618.4172869112435,5.425438456044212e-07
0,1624.6985190934229,5.3515223748849e-07
0,1630.9797512756027,5.239698218865479e-07
0,1637.260983457782,5.147471757263344e-07
0,1643.5422156399618,5.104839407195921e-07
0,1649.8234478221416,5.025323466188356e-07
0,1656.104680004321,4.980282342703948e-07
0,1662.3859121865007,4.833720577953969e-07
0,1668.66714436868,4.782028590820256e-07
0,1674.9483765508598,4.76390168022912e-07
0,1681.2296087330392,4.671688483250618e-07
0,1687.510840915219,4.6535149648983004e-07
0,1693.7920730973983,4.5136489717064714e-07
0,1700.073305279578,4.4624980928487524e-07
0,1706.3545374617577,4.412977003252817e-07
0,1712.6357696439372,4.3756105496682873e-07
0,1718.917001826117,4.3326160483254874e-07
0,1725.1982340082964,4.2837817579571035e-07
0,1731.4794661904762,4.2965887378666527e-07
0,1737.7606983726555,4.2347452873083044e-07
0,1744.0419305548353,4.2071782946932294e-07
0,1750.3231627370146,4.099040163438833e-07
0,1756.6043949191944,4.061069033708214e-07
0,1762.8856271013738,3.9834902611904633e-07
0,1769.1668592835535,3.943254229824234e-07
0,1775.4480914657331,3.833746958161984e-07
0,1781.7293236479127,3.776786996707034e-07
0,1788.0105558300925,3.692179981611957e-07
0,1794.2917880122718,3.6297561081748526e-07
0,1800.5730201944516,3.5339533310917316e-07
0,1806.854252376631,3.4585957356854957e-07
0,1813.1354845588107,3.4358200086589686e-07
0,1819.41671674099,3.363539385161246e-07
0,1825.6979489231699,3.310198317874188e-07
0,1831.9791811053492,3.292381842742288e-07
0,1838.260413287529,3.241141942106309e-07
0,1844.5416454697086,3.173056096529908e-07
0,1850.8228776518881,3.1213131986320206e-07
0,1857.104109834068,3.0854699982332075e-07
0,1863.3853420162473,2.984267308092923e-07
0,1869.666574198427,2.9644727042122375e-07
0,1875.9478063806064,2.917312347498362e-07
0,1882.2290385627862,2.846195337665518e-07
0,1888.5102707449655,2.8054297059098613e-07
0,1894.7915029271453,2.7405821029912537e-07
0,1901.0727351093246,2.6995873003036e-07
0,1907.3539672915044,2.6565241976961973e-07
0,1913.635199473684,2.5748158856705244e-07
0,1919.9164316558636,2.5070931128778976e-07
0,1926.1976638380434,2.4832755508298035e-07
0,1932.4788960202227,2.4055701262616153e-07
0,1938.7601282024025,2.3540449175965852e-07
0,1945.0413603845818,2.3275020388928246e-07
0,1951.3225925667616,2.2597636994832342e-07
0,1957.603824748941,2.1941227662036545e-07
0,1963.8850569311207,2.1177651179957068e-07
0,1970.1662891133,2.096089195872598e-07
0,1976.4475212954799,2.0250094845444206e-07
0,1982.7287534776597,1.9964471671158202e-07
0,1989.009985659839,1.9299686546788653e-07
0,1995.2912178420188,1.8608382339220983e-07
0,2001.5724500241981,1.827080796406154e-07
0,2007.853682206378,1.7704720276722548e-07
0,2014.1349143885573,1.7378661391445335e-07
0,2020.416146570737,1.6894246666780824e-07
0,2026.6973787529164,1.6407919906088343e-07
0,2032.9786109350962,1.5932324229246733e-07
0,2039.2598431172755,1.5615100591681433e-07
0,2045.5410752994553,1.5268488455462619e-07
0,2051.822307481635,1.4797049646444515e-07
0,2058.1035396638144,1.4481608631368583e-07
0,2064.384771845994,1.4083291064847693e-07
0,2070.6660040281736,1.3729637731431236e-07
0,2076.9472362103534,1.333211851019661e-07
0,2083.2284683925327,1.3183493026100367e-07
0,2089.5097005747125,1.2745756994414035e-07
0,2095.7909327568923,1.24098264752438e-07
0,2102.0721649390716,1.2015380729786294e-07
0,2108.353397121251,1.1813868699394807e-07
0,2114.6346293034308,1.1384492272398986e-07
0,2120.9158614856105,1.10872877490348e-07
0,2127.19709366779,1.0850173324445363e-07
0,2133.478325849969,1.0520651664856609e-07
0,2139.759558032149,1.0204917470991754e-07
0,2146.040790214329,9.918721412731735e-08
0,2152.322022396508,9.600851695999738e-08
0,2158.603254578688,9.258039837550761e-08
0,2164.8844867608677,9.00237013064608e-08
0,2171.165718943047,8.64442608044954e-08
0,2177.4469511252264,8.323599431403917e-08
0,2183.728183307406,8.070880944968985e-08
0,2190.009415489586,7.847335619720315e-08
0,2196.2906476717653,7.573715073126877e-08
0,2202.5718798539447,7.307560957367728e-08
0,2208.8531120361245,7.048024201265213e-08
0,2215.1343442183042,6.837194497382477e-08
0,2221.4155764004836,6.613072404245458e-08
0,2227.6968085826634,6.368708297989978e-08
0,2233.978040764843,6.125073770305966e-08
0,2240.2592729470225,5.8934579886921396e-08
0,2246.540505129202,5.6441887838853855e-08
0,2252.8217373113816,5.475445078552022e-08
0,2259.1029694935614,5.266450448654513e-08
0,2265.3842016757408,5.1114837036559824e-08
0,2271.66543385792,4.9815171293072855e-08
0,2277.9466660401004,4.8408503846061616e-08
0,2284.2278982222797,4.7031210633275044e-08
0,2290.509130404459,4.494639083335241e-08
0,2296.790362586639,4.3193132181127306e-08
0,2303.0715947688186,4.140719349245277e-08
0,2309.352826950998,3.981465832948276e-08
0,2315.6340591331773,3.845567121624698e-08
0,2321.915291315357,3.7373077528214836e-08
0,2328.196523497537,3.58109183443179e-08
0,2334.477755679716,3.4591856637072e-08
0,2340.7589878618955,3.3230771091095295e-08
0,2347.040220044076,3.187503540180826e-08
0,2353.321452226255,3.0936453138879756e-08
0,2359.6026844084345,2.9342346113260405e-08
0,2365.8839165906143,2.8285296472326654e-08
0,2372.165148772794,2.7201086385392216e-08
0,2378.4463809549734,2.630959133324004e-08
0,2384.7276131371527,2.5221039559971507e-08
0,2391.0088453193325,2.3926130420102164e-08
0,2397.2900775015123,2.3166506155001834e-08
0,2403.5713096836917,2.2130695485425622e-08
0,2409.852541865871,2.1433911812526727e-08
0,2416.1337740480512,2.064485390552216e-08
0,2422.4150062302306,1.984916529098971e-08
0,2428.69623841241,1.9170317969623083e-08
0,2434.9774705945897,1.8233269033691478e-08
0,2441.2587027767695,1.7596876372368163e-08
0,2447.539934958949,1.6922236599622607e-08
0,2453.821167141128,1.6095001420561447e-08
0,2460.102399323308,1.5383262160019893e-08
0,2466.3836315054878,1.50364364284165e-08
0,2472.664863687667,1.462848017185866e-08
0,2478.9460958698464,1.4281761661979004e-08
0,2485.2273280520267,1.3756207126026933e-08
0,2491.508560234206,1.3008931933147672e-08
0,2497.7897924163854,1.238629014341754e-08
0,2504.071024598565,1.1633491900202774e-08
0,2510.352256780745,1.1112115421481635e-08
0,2516.6334889629243,1.0567880745621951e-08
0,2522.9147211451036,1.0156325463822632e-08
0,2529.1959533272834,9.705389763440738e-09
0,2535.477185509463,9.294035146248523e-09
0,2541.7584176916425,8.979415386266708e-09
0,2548.039649873822,8.495026742538927e-09
0,2554.320882056002,8.075024669568388e-09
0,2560.6021142381815,7.731317949808107e-09
0,2566.883346420361,7.397053236512408e-09
0,2573.1645786025406,7.065015067051811e-09
0,2579.4458107847204,6.839293422652608e-09
0,2585.7270429668997,6.495703567199842e-09
0,2592.008275149079,6.194872815579842e-09
0,2598.289507331259,5.9196575112685585e-09
0,2604.5707395134386,5.696626087206906e-09
0,2610.851971695618,5.502600944321126e-09
0,2617.1332038777978,5.3404890443112785e-09
0,2623.4144360599776,5.206722049982348e-09
0,2629.695668242157,5.070780834978722e-09
0,2635.9769004243362,4.802614415920184e-09
0,2642.258132606516,4.529743612345391e-09
0,2648.539364788696,4.3281188729752325e-09
0,2654.820596970875,4.15716234714766e-09
0,2661.1018291530545,4.002943743561065e-09
0,2667.3830613352343,3.752935889044596e-09
0,2673.664293517414,3.56931699371712e-09
0,2679.9455256995934,3.338729078644527e-09
0,2686.226757881773,3.137318010966647e-09
0,2692.507990063953,2.9342337207744095e-09
0,2698.7892222461323,2.7537790499104557e-09
0,2705.0704544283117,2.5768502871369853e-09
0,2711.3516866104915,2.4061093407062067e-09
0,2717.6329187926713,2.269415622581945e-09
0,2723.9141509748506,2.1292663300013297e-09
0,2730.19538315703,2.0098545163530057e-09
0,2736.4766153392097,1.88898419244901e-09
0,2742.7578475213895,1.7671143695847807e-09
0,2749.039079703569,1.6634690831890343e-09
0,2755.3203118857487,1.5612232809050347e-09
0,2761.6015440679284,1.4630157010340668e-09
0,2767.882776250108,1.3776355245347854e-09
0,2774.164008432287,1.2816163690726608e-09
0,2780.445240614467,1.2168206301642004e-09
0,2786.7264727966467,1.1363357041198662e-09
0,2793.007704978826,1.061142891982299e-09
0,2799.2889371610054,9.96673197293181e-10
0,2805.570169343185,9.355856564108755e-10
0,2811.851401525365,8.828557388086153e-10
0,2818.1326337075443,8.308194976257502e-10
0,2824.413865889724,7.751330873504521e-10
0,2830.695098071904,7.318166039871508e-10
0,2836.976330254083,6.842507325502429e-10
0,2843.2575624362626,6.453494862428697e-10
0,2849.5387946184424,6.073750293003618e-10
0,2855.820026800622,5.683096422740638e-10
0,2862.1012589828015,5.326783506737893e-10
0,2868.382491164981,5.00602588628315e-10
0,2874.6637233471606,4.679352124097758e-10
0,2880.9449555293404,4.3921057794211973e-10
0,2887.2261877115197,4.0771212227824707e-10
0,2893.5074198936995,3.8466586006073593e-10
0,2899.7886520758793,3.579353501927839e-10
0,2906.0698842580587,3.346820585673165e-10
0,2912.351116440238,3.1413197701898253e-10
0,2918.632348622418,2.9014586632495605e-10
0,2924.9135808045976,2.728078232778458e-10
0,2931.194812986777,2.5391627491075123e-10
0,2937.4760451689563,2.3712449467324905e-10
0,2943.757277351136,2.231415940569381e-10
0,2950.038509533316,2.0675984911083597e-10
0,2956.319741715495,1.942591489842796e-10
0,2962.600973897675,1.8178415085414939e-10
0,2968.8822060798548,1.6993330194796846e-10
0,2975.163438262034,1.5875477183062762e-10
0,2981.4446704442134,1.481949019481071e-10
0,2987.7259026263932,1.3792131796725926e-10
0,2994.007134808573,1.3042780725392257e-10
0,3000.2883669907524,1.2111900199235788e-10
0,3006.5695991729317,1.13022847099324e-10
0,3012.8508313551115,1.0514237566021262e-10
0,3019.1320635372913,9.822223451795751e-11
0,3025.4132957194706,9.214172661165214e-11
0,3031.6945279016504,8.537141839667834e-11
0,3037.97576008383,7.970776149338371e-11
0,3044.2569922660095,7.530617320344025e-11
0,3050.538224448189,7.074096447798473e-11
0,3056.8194566303687,6.589005083393805e-11
0,3063.1006888125485,6.172457578997153e-11
0,3069.381920994728,5.8144809703368363e-11
0,3075.663153176907,5.4195026784733615e-11
0,3081.9443853590874,5.068777952276317e-11
0,3088.2256175412667,4.704272654978832e-11
0,3094.506849723446,4.425987843784342e-11
0,3100.788081905626,4.1126923002591594e-11
0,3107.0693140878057,3.8323584398885404e-11
0,3113.350546269985,3.6158399312070515e-11
0,3119.6317784521643,3.346673085349699e-11
0,3125.913010634344,3.1153056904653577e-11
0,3132.194242816524,2.94093446710853e-11
0,3138.4754749987032,2.7298789333793056e-11
0,3144.7567071808826,2.5256182999235422e-11
0,3151.037939363063,2.3562678106892323e-11
0,3157.319171545242,2.1824186049387082e-11
0,3163.6004037274215,2.0635876269269284e-11
0,3169.8816359096013,1.8917761975475382e-11
0,3176.162868091781,1.751470525141101e-11
0,3182.4441002739604,1.6416985470222314e-11
0,3188.7253324561398,1.5107284918116835e-11
0,3195.0065646383196,1.4177026997676972e-11
0,3201.2877968204994,1.298188416317723e-11
0,3207.5690290026787,1.2164224226470565e-11
0,3213.850261184858,1.12802368367372e-11
1,4.140616091089793,0.0007423358752569932
1,10.42184827326938,0.004916668905756504
1,16.703080455448966,0.00717321325069517
1,22.984312637628552,0.0036282761956450914
1,29.265544819808138,0.004091741404067996
1,35.54677700198772,0.0016596316827779353
1,41.828009184167314,0.0007901231687778369
1,48.10924136634689,0.0007341923741026327
1,54.39047354852649,0.0003371958961465666
1,60.671705730706066,0.00022196708156351885
1,66.95293791288566,0.00011202390365951004
1,73.23417009506524,8.549121239485976e-05
1,79.51540227724483,8.528881079491016e-05
1,85.79663445942441,8.146319000672988e-05
1,92.077866641604,8.80704426396772e-05
1,98.35909882378358,8.85613901877908e-05
1,104.64033100596318,9.093129216915373e-05
1,110.92156318814276,8.42527604174562e-05
1,117.20279537032235,9.124820947776585e-05
1,123.48402755250193,8.73867469340791e-05
1,129.76525973468154,7.693265252736457e-05
1,136.0464919168611,8.645599155430397e-05
1,142.32772409904067,8.143649930432057e-05
1,148.6089562812203,7.590328449466883e-05
1,154.89018846339985,7.516039326208595e-05
1,161.17142064557947,8.568562880447487e-05
1,167.45265282775904,7.520194204822331e-05
1,173.7338850099386,7.296504133893549e-05
1,180.01511719211823,7.383309359679303e-05
1,186.2963493742978,7.724215294662163e-05
1,192.57758155647736,7.783889143540623e-05
1,198.85881373865698,7.501601671464031e-05
1,205.14004592083654,8.625331822248607e-05
1,211.42127810301616,7.929627629258828e-05
1,217.70251028519573,7.975498119390208e-05
1,223.9837424673753,7.841148544281516e-05
1,230.26497464955492,8.100155580977791e-05
1,236.54620683173448,7.16013404737005e-05
1,242.82743901391405,7.544177662562194e-05
1,249.10867119609367,7.50688111216734e-05
1,255.38990337827323,7.146525846918766e-05
1,261.67113556045285,7.420915912333904e-05
1,267.9523677426324,7.655825347465504e-05
1,274.233599924812,7.521687476003912e-05
1,280.51483210699155,7.046255828455436e-05
1,286.79606428917117,7.070814363434644e-05
1,293.0772964713508,7.337920626399964e-05
1,299.35852865353036,6.999211718684727e-05
1,305.6397608357099,7.101961970819742e-05
1,311.9209930178895,6.559072446325611e-05
1,318.2022252000691,6.549400480705667e-05
1,324.48345738224873,6.309094304693767e-05
1,330.7646895644283,6.018197667569942e-05
1,337.04592174660786,5.591391644631032e-05
1,343.3271539287874,5.7353908614792385e-05
1,349.60838611096705,5.541043558024244e-05
1,355.8896182931466,5.290185529009158e-05
1,362.17085047532623,5.3459173124104744e-05
1,368.4520826575058,4.970047047417333e-05
1,374.73331483968536,5.187170927339385e-05
1,381.0145470218649,4.9463834373662065e-05
1,387.29577920404455,4.9343350489988064e-05
1,393.57701138622417,4.7071229098857503e-05
1,399.85824356840374,4.831467517926936e-05
1,406.1394757505833,4.774620284316703e-05
1,412.42070793276287,4.4945576972634957e-05
1,418.7019401149425,4.426670246182815e-05
1,424.9831722971221,4.087912435348755e-05
1,431.2644044793017,3.9676840961255776e-05
1,437.54563666148124,3.7772471653597373e-05
1,443.8268688436608,3.5526660507895914e-05
1,450.1081010258404,3.333088955606191e-05
1,456.38933320802,3.0379192488980974e-05
1,462.6705653901996,2.7881128986551857e-05
1,468.9517975723792,2.5486300300933713e-05
1,475.23302975455874,2.3868363654648467e-05
1,481.5142619367383,2.2393093962486047e-05
1,487.79549411891793,2.0809464575646047e-05
1,494.07672630109755,1.980313136364318e-05
1,500.3579584832771,1.823797288111103e-05
1,506.6391906654567,1.8062209260702995e-05
1,512.9204228476362,1.6534094677054775e-05
1,519.2016550298158,1.607849423334997e-05
1,525.4828872119955,1.4640459036130756e-05
1,531.764119394175,1.4398344492851976e-05
1,538.0453515763546,1.3595332834898278e-05
1,544.3265837585342,1.371061077193065e-05
1,550.6078159407137,1.3595476386847923e-05
1,556.8890481228934,1.3663984390950535e-05
1,563.170280305073,1.3651072382108527e-05
1,569.4515124872526,1.3828156212562202e-05
1,575.7327446694321,1.4024874532779986e-05
1,582.0139768516117,1.3922623075623451e-05
1,588.2952090337913,1.4257881548797831e-05
1,594.5764412159709,1.4150996497187287e-05
1,600.8576733981505,1.4350916488389493e-05
1,607.1389055803301,1.5238647889419369e-05
1,613.4201377625096,1.551873553554261e-05
1,619.7013699446893,1.55738066772187e-05
1,625.9826021268689,1.568025065721571e-05
1,632.2638343090484,1.625375300595208e-05
1,638.545066491228,1.6153152570854543e-05
1,644.8262986734076,1.692844874581375e-05
1,651.1075308555871,1.7003225575288405e-05
1,657.3887630377668,1.7880405074817447e-05
1,663.6699952199464,1.8096231221752805e-05
1,669.9512274021259,1.8324249693647336e-05
1,676.2324595843055,1.8811664003315517e-05
1,682.5136917664851,1.881486504530375e-05
1,688.7949239486647,1.8245245697712297e-05
1,695.0761561308443,1.7939766830314124e-05
1,701.3573883130239,1.8129203375969537e-05
1,707.6386204952034,1.814597187437352e-05
1,713.919852677383,1.8445980225135717e-05
1,720.2010848595626,1.8205090306225354e-05
1,726.4823170417422,1.8035036053123444e-05
1,732.7635492239218,1.817503905691164e-05
1,739.0447814061014,1.8190401340905646e-05
1,745.326013588281,1.853054086625443e-05
1,751.6072457704605,1.8911641092307397e-05
1,757.8884779526402,1.8511823338140896e-05
1,764.1697101348198,1.8298222736645903e-05
1,770.4509423169993,1.78217739493022e-05
1,776.7321744991789,1.8264168370494698e-05
1,783.0134066813584,1.8078674262996214e-05
1,789.294638863538,1.770957804708087e-05
1,795.5758710457177,1.748420362432367e-05
1,801.8571032278973,1.762342255278922e-05
1,808.1383354100768,1.7290181144503472e-05
1,814.4195675922564,1.730701409595772e-05
1,820.7007997744361,1.667145250147748e-05
1,826.9820319566156,1.703572540425039e-05
1,833.2632641387952,1.6738938826941438e-05
1,839.5444963209748,1.6297670318877248e-05
1,845.8257285031543,1.5944664105097058e-05
1,852.1069606853339,1.6733573170028184e-05
1,858.3881928675136,1.6600221541799957e-05
1,864.6694250496931,1.6383271555139038e-05
1,870.9506572318727,1.554494867471892e-05
1,877.2318894140523,1.5274587323070122e-05
1,883.5131215962318,1.4540675340688148e-05
1,889.7943537784115,1.479271986458179e-05
1,896.0755859605911,1.4220440911213604e-05
1,902.3568181427706,1.4153958949800868e-05
1,908.6380503249502,1.3261357841153375e-05
1,914.9192825071298,1.3120511538030703e-05
1,921.2005146893093,1.260815634538449e-05
1,927.481746871489,1.2394599632988569e-05
1,933.7629790536686,1.232686822615901e-05
1,940.0442112358481,1.2342492831921504e-05
1,946.3254434180277,1.213467273765e-05
1,952.6066756002073,1.2388749761478851e-05
1,958.887907782387,1.1879987370150238e-05
1,965.1691399645665,1.1562890760460703e-05
1,971.4503721467461,1.1211134723022226e-05
1,977.7316043289256,1.0970089652419277e-05
1,984.0128365111052,1.0588947517375273e-05
1,990.2940686932848,1.0490767097117768e-05
1,996.5753008754644,1.0073513707979712e-05
1,1002.856533057644,1.0154783182440151e-05
1,1009.1377652398236,9.651797307822274e-06
1,1015.4189974220031,9.399113333440527e-06
1,1021.7002296041827,9.263038558437988e-06
1,1027.9814617863622,9.423552957808458e-06
1,1034.262693968542,9.181277067281667e-06
1,1040.5439261507215,8.953514014270975e-06
1,1046.825158332901,9.278987996155132e-06
1,1053.1063905150809,8.958098995271739e-06
1,1059.3876226972602,8.697972260043323e-06
1,1065.66885487944,8.592060128233188e-06
1,1071.9500870616193,8.58263965727926e-06
1,1078.2313192437991,8.35473761502601e-06
1,1084.5125514259785,8.320083643496299e-06
1,1090.7937836081583,8.120312457761282e-06
1,1097.0750157903376,8.05015256807704e-06
1,1103.3562479725174,7.885851981904204e-06
1,1109.637480154697,7.586736713384087e-06
1,1115.9187123368765,7.565467853960926e-06
1,1122.1999445190563,7.542503348423986e-06
1,1128.4811767012357,7.626911246965901e-06
1,1134.7624088834154,7.561443761272631e-06
1,1141.0436410655948,7.498375809210288e-06
1,1147.3248732477746,7.561606970033686e-06
1,1153.606105429954,7.438370590423848e-06
1,1159.8873376121337,7.398682779628254e-06
1,1166.168569794313,7.241012804682039e-06
1,1172.4498019764928,7.260181843448126e-06
1,1178.7310341586726,7.250194471276238e-06
1,1185.012266340852,7.0611690193676375e-06
1,1191.2934985230318,7.086079504956636e-06
1,1197.574730705211,7.164374088801521e-06
1,1203.855962887391,6.978341357943256e-06
1,1210.1371950695702,7.079041909059221e-06
1,1216.41842725175,7.031051063873652e-06
1,1222.6996594339294,7.100513013997788e-06
1,1228.9808916161091,7.049855357028165e-06
1,1235.2621237982885,6.944412488826506e-06
1,1241.5433559804683,6.924409699524725e-06
1,1247.824588162648,7.010064667748666e-06
1,1254.1058203448274,6.987610016885813e-06
1,1260.3870525270072,6.987850395626972e-06
1,1266.6682847091865,6.8278587504148005e-06
1,1272.9495168913663,6.882904633610252e-06
1,1279.2307490735457,6.631479736360371e-06
1,1285.5119812557255,6.742024546626461e-06
1,1291.7932134379048,6.601256940549648e-06
1,1298.0744456200846,6.624982517107878e-06
1,1304.3556778022642,6.551974060356266e-06
1,1310.6369099844437,6.60792169973117e-06
1,1316.9181421666235,6.464624988324514e-06
1,1323.1993743488028,6.536894912113202e-06
1,1329.4806065309826,6.50442627194725e-06
1,1335.761838713162,6.414367489540362e-06
1,1342.0430708953418,6.4199085799655295e-06
1,1348.324303077521,6.473520062223582e-06
1,1354.605535259701,6.227268786303245e-06
1,1360.8867674418802,6.2122519204232885e-06
1,1367.16799962406,6.252847766277721e-06
1,1373.4492318062396,6.4215071643023395e-06
1,1379.7304639884192,6.106384015171781e-06
1,1386.011696170599,6.036363873971185e-06
1,1392.2929283527783,6.048182189920884e-06
1,1398.574160534958,6.070392510646317e-06
1,1404.8553927171374,5.845994286519344e-06
1,1411.1366248993172,5.813427798319651e-06
1,1417.4178570814965,5.7987950389084634e-06
1,1423.6990892636763,5.825218229185731e-06
1,1429.9803214458557,5.686301514752909e-06
1,1436.2615536280355,5.550986924160847e-06
1,1442.542785810215,5.438976226168812e-06
1,1448.8240179923946,5.449226599413078e-06
1,1455.1052501745744,5.4489506391192115e-06
1,1461.3864823567537,5.404567966609854e-06
1,1467.6677145389335,5.432894516919629e-06
1,1473.9489467211129,5.456823668490616e-06
1,1480.2301789032927,5.246365995447695e-06
1,1486.511411085472,5.242047404926353e-06
1,1492.7926432676518,5.100657597644403e-06
1,1499.0738754498311,5.0740588055395056e-06
1,1505.355107632011,5.081469106243142e-06
1,1511.6363398141905,5.1375710540706425e-06
1,1517.91757199637,5.323034540411016e-06
1,1524.1988041785498,5.186254039378542e-06
1,1530.4800363607292,4.935468409307449e-06
1,1536.761268542909,4.736714893683773e-06
1,1543.0425007250883,4.823610651053907e-06
1,1549.323732907268,4.699287027376933e-06
1,1555.6049650894474,4.542861753877911e-06
1,1561.8861972716272,4.47779530685785e-06
1,1568.1674294538066,4.4568542730092065e-06
1,1574.4486616359864,4.2733793055795275e-06
1,1580.7298938181661,4.205989980252241e-06
1,1587.0111260003455,4.21518672393784e-06
1,1593.2923581825253,4.16412998698411e-06
1,1599.5735903647046,4.106656990527444e-06
1,1605.8548225468844,4.066665167304598e-06
1,1612.1360547290637,3.950769930434967e-06
1,1618.4172869112435,4.075330628260531e-06
1,1624.6985190934229,3.936224494900892e-06
1,1630.9797512756027,3.931695987217119e-06
1,1637.260983457782,3.896813749628037e-06
1,1643.5422156399618,4.172203879729456e-06
1,1649.8234478221416,3.918526660197687e-06
1,1656.104680004321,3.886543619799527e-06
1,1662.3859121865007,3.7663715798140863e-06
1,1668.66714436868,3.6620418211056697e-06
1,1674.9483765508598,3.5687101381949323e-06
1,1681.2296087330392,3.5650297275127973e-06
1,1687.510840915219,3.492686162886665e-06
1,1693.7920730973983,3.492259829798036e-06
1,1700.073305279578,3.425216002560697e-06
1,1706.3545374617577,3.310039454007615e-06
1,1712.6357696439372,3.2756823437107037e-06
1,1718.917001826117,3.1968705523694658e-06
1,1725.1982340082964,3.1255061514556774e-06
1,1731.4794661904762,3.1025444009793836e-06
1,1737.7606983726555,3.03796819331926e-06
1,1744.0419305548353,2.9448248435649703e-06
1,1750.3231627370146,2.869536229299538e-06
1,1756.6043949191944,2.819208569423794e-06
1,1762.8856271013738,2.7865017631342662e-06
1,1769.1668592835535,2.718412998001069e-06
1,1775.4480914657331,2.6324361405449215e-06
1,1781.7293236479127,2.5950126307873464e-06
1,1788.0105558300925,2.593858540072113e-06
1,1794.2917880122718,2.529518825256669e-06
1,1800.5730201944516,2.459782579797702e-06
1,1806.854252376631,2.3868605708784323e-06
1,1813.1354845588107,2.35264780192707e-06
1,1819.41671674099,2.296068012007723e-06
1,1825.6979489231699,2.2423893498861935e-06
1,1831.9791811053492,2.1919416588514467e-06
1,1838.260413287529,2.1299619638004564e-06
1,1844.5416454697086,2.095103599307858e-06
1,1850.8228776518881,2.0571500782457322e-06
1,1857.104109834068,1.9978016429650433e-06
1,1863.3853420162473,1.971198241873914e-06
1,1869.666574198427,1.9359235552203e-06
1,1875.9478063806064,1.8974968976298972e-06
1,1882.2290385627862,1.8218526649617355e-06
1,1888.5102707449655,1.7897145679873988e-06
1,1894.7915029271453,1.7137624741870442e-06
1,1901.0727351093246,1.6725768336598694e-06
1,1907.3539672915044,1.6154095351838332e-06
1,1913.635199473684,1.5964604584647947e-06
1,1919.9164316558636,1.5504059352681863e-06
1,1926.1976638380434,1.5148473065719744e-06
1,1932.4788960202227,1.4520152578389008e-06
1,1938.7601282024025,1.4178781684984872e-06
1,1945.0413603845818,1.390412596238952e-06
1,1951.3225925667616,1.373525030852104e-06
1,1957.603824748941,1.3492533733536012e-06
1,1963.8850569311207,1.3050664033979246e-06
1,1970.1662891133,1.2821194027155836e-06
1,1976.4475212954799,1.2585515517306716e-06
1,1982.7287534776597,1.2208732524242972e-06
1,1989.009985659839,1.2096310133705388e-06
1,1995.2912178420188,1.161831411173496e-06
1,2001.5724500241981,1.1367502509613951e-06
1,2007.853682206378,1.096964220927249e-06
1,2014.1349143885573,1.081112972211565e-06
1,2020.416146570737,1.0347830471673755e-06
1,2026.6973787529164,9.96891643993557e-07
1,2032.9786109350962,9.623171724547552e-07
1,2039.2598431172755,9.380214567993922e-07
1,2045.5410752994553,9.098004673941932e-07
1,2051.822307481635,8.720109838829187e-07
1,2058.1035396638144,8.472066136127255e-07
1,2064.384771845994,8.149316159992545e-07
1,2070.6660040281736,7.93380895519723e-07
1,2076.9472362103534,7.701540189563652e-07
1,2083.2284683925327,7.393389200655324e-07
1,2089.5097005747125,7.172438618766948e-07
1,2095.7909327568923,6.929151200923469e-07
1,2102.0721649390716,6.642974504010553e-07
1,2108.353397121251,6.429131027425432e-07
1,2114.6346293034308,6.277204648673719e-07
1,2120.9158614856105,6.072462375240351e-07
1,2127.19709366779,5.892418167730696e-07
1,2133.478325849969,5.649854920675816e-07
1,2139.759558032149,5.445996407181609e-07
1,2146.040790214329,5.225384077483077e-07
1,2152.322022396508,5.014750165972138e-07
1,2158.603254578688,4.871244509639114e-07
1,2164.8844867608677,4.65688858120252e-07
1,2171.165718943047,4.493241023195802e-07
1,2177.4469511252264,4.2744581272219425e-07
1,2183.728183307406,4.200456313775828e-07
1,2190.009415489586,4.0407082247314626e-07
1,2196.2906476717653,3.8668116275428845e-07
1,2202.5718798539447,3.733627460755415e-07
1,2208.8531120361245,3.5998491564201345e-07
1,2215.1343442183042,3.457244556022054e-07
1,2221.4155764004836,3.3560695342890475e-07
1,2227.6968085826634,3.26168281394592e-07
1,2233.978040764843,3.109877298182794e-07
1,2240.2592729470225,3.0184162957972755e-07
1,2246.540505129202,2.895338937469857e-07
1,2252.8217373113816,2.750973742901489e-07
1,2259.1029694935614,2.6657268902189045e-07
1,2265.3842016757408,2.5504548298040164e-07
1,2271.66543385792,2.467716885915444e-07
1,2277.9466660401004,2.3643823915896229e-07
1,2284.2278982222797,2.2928713873207547e-07
1,2290.509130404459,2.2000559804687297e-07
1,2296.790362586639,2.1495896141069295e-07
1,2303.0715947688186,2.0560297246482624e-07
1,2309.352826950998,2.0278720365503442e-07
1,2315.6340591331773,1.935066724279121e-07
1,2321.915291315357,1.8619698588767706e-07
1,2328.196523497537,1.7741385934070878e-07
1,2334.477755679716,1.715833357807851e-07
1,2340.7589878618955,1.630632637997747e-07
1,2347.040220044076,1.579825190751421e-07
1,2353.321452226255,1.5286832194044304e-07
1,2359.6026844084345,1.4664993677548655e-07
1,2365.8839165906143,1.4002520854014547e-07
1,2372.165148772794,1.3412239348470067e-07
1,2378.4463809549734,1.2956136326306535e-07
1,2384.7276131371527,1.2418038363261204e-07
1,2391.0088453193325,1.199092652148211e-07
1,2397.2900775015123,1.1640830852949878e-07
1,2403.5713096836917,1.1207161765482545e-07
1,2409.852541865871,1.0770827277796357e-07
1,2416.1337740480512,1.0241828963946572e-07
1,2422.4150062302306,9.756636565287526e-08
1,2428.69623841241,9.412985069267592e-08
1,2434.9774705945897,8.910122801260056e-08
1,2441.2587027767695,8.562401485153232e-08
1,2447.539934958949,8.269141827595845e-08
1,2453.821167141128,7.830411081820259e-08
1,2460.102399323308,7.559721043650685e-08
1,2466.3836315054878,7.222182147478707e-08
1,2472.664863687667,6.857949125286552e-08
1,2478.9460958698464,6.525054801859507e-08
1,2485.2273280520267,6.285085024207262e-08
1,2491.508560234206,5.984954070574103e-08
1,2497.7897924163854,5.798651122001706e-08
1,2504.071024598565,5.525178148571784e-08
1,2510.352256780745,5.282156699783145e-08
1,2516.6334889629243,5.0673896564238604e-08
1,2522.9147211451036,4.83915410573688e-08
1,2529.1959533272834,4.681993310332082e-08
1,2535.477185509463,4.4877173813429924e-08
1,2541.7584176916425,4.257555764318502e-08
1,2548.039649873822,4.0047248537603064e-08
1,2554.320882056002,3.841829060636022e-08
1,2560.6021142381815,3.668196816935717e-08
1,2566.883346420361,3.5094248146217e-08
1,2573.1645786025406,3.304007568347346e-08
1,2579.4458107847204,3.145229125359314e-08
1,2585.7270429668997,2.9633935453654784e-08
1,2592.008275149079,2.8044396125451562e-08
1,2598.289507331259,2.6623189937466956e-08
1,2604.5707395134386,2.516339970258148e-08
1,2610.851971695618,2.391893696112192e-08
1,2617.1332038777978,2.2627819637481302e-08
1,2623.4144360599776,2.1561195109719804e-08
1,2629.695668242157,2.0451997839274657e-08
1,2635.9769004243362,1.9427893284456966e-08
1,2642.258132606516,1.8422035000942115e-08
1,2648.539364788696,1.727467098117207e-08
1,2654.820596970875,1.650171808908364e-08
1,2661.1018291530545,1.551262604422942e-08
1,2667.3830613352343,1.4509909838451959e-08
1,2673.664293517414,1.3783150639890658e-08
1,2679.9455256995934,1.3022904705580943e-08
1,2686.226757881773,1.2363708190713977e-08
1,2692.507990063953,1.1662763586576456e-08
1,2698.7892222461323,1.0965399858464966e-08
1,2705.0704544283117,1.0330121015354877e-08
1,2711.3516866104915,9.816205026696952e-09
1,2717.6329187926713,9.236378592099999e-09
1,2723.9141509748506,8.784615589196416e-09
1,2730.19538315703,8.25060226520845e-09
1,2736.4766153392097,7.751765500855143e-09
1,2742.7578475213895,7.369558187635618e-09
1,2749.039079703569,7.017151805999925e-09
1,2755.3203118857487,6.5940591373278776e-09
1,2761.6015440679284,6.2062771573328256e-09
1,2767.882776250108,5.883185797336325e-09
1,2774.164008432287,5.542333460309602e-09
1,2780.445240614467,5.206064841088537e-09
1,2786.7264727966467,4.930080666410124e-09
1,2793.007704978826,4.6766792942310445e-09
1,2799.2889371610054,4.35839865599134e-09
1,2805.570169343185,4.1081233064722e-09
1,2811.851401525365,3.868998253029024e-09
1,2818.1326337075443,3.6466728751225537e-09
1,2824.413865889724,3.409203996242349e-09
1,2830.695098071904,3.2217701624282127e-09
1,2836.976330254083,3.0173909997587333e-09
1,2843.2575624362626,2.865860288241385e-09
1,2849.5387946184424,2.6699302320040064e-09
1,2855.820026800622,2.5056305622753846e-09
1,2862.1012589828015,2.36300324691409e-09
1,2868.382491164981,2.2260546896793767e-09
1,2874.6637233471606,2.0894050742386036e-09
1,2880.9449555293404,1.9773212214839476e-09
1,2887.2261877115197,1.8471498098543078e-09
1,2893.5074198936995,1.7583223053897828e-09
1,2899.7886520758793,1.6254221854643849e-09
1,2906.0698842580587,1.5416718875418217e-09
1,2912.351116440238,1.4389525190363974e-09
1,2918.632348622418,1.34352168695535e-09
1,2924.9135808045976,1.2576392939658889e-09
1,2931.194812986777,1.1724338979794125e-09
1,2937.4760451689563,1.1071923803146986e-09
1,2943.757277351136,1.0487812505824985e-09
1,2950.038509533316,9.72069662037169e-10
1,2956.319741715495,9.1233863419961e-10
1,2962.600973897675,8.548058337758652e-10
1,2968.8822060798548,8.079038438664497e-10
1,2975.163438262034,7.509703968304137e-10
1,2981.4446704442134,7.083333471303437e-10
1,2987.7259026263932,6.595688556321201e-10
1,2994.007134808573,6.194314724995856e-10
1,3000.2883669907524,5.776816836385359e-10
1,3006.5695991729317,5.399148240799396e-10
1,3012.8508313551115,5.050417717244557e-10
1,3019.1320635372913,4.727035570895528e-10
1,3025.4132957194706,4.4425627265737697e-10
1,3031.6945279016504,4.0930199106719673e-10
1,3037.97576008383,3.8783228705680795e-10
1,3044.2569922660095,3.616925849228324e-10
1,3050.538224448189,3.365624275528808e-10
1,3056.8194566303687,3.1527757153780745e-10
1,3063.1006888125485,2.919210123429725e-10
1,3069.381920994728,2.749416786368778e-10
1,3075.663153176907,2.5749370405807374e-10
1,3081.9443853590874,2.403923552399576e-10
1,3088.2256175412667,2.219786090678493e-10
1,3094.506849723446,2.0959028580458168e-10
1,3100.788081905626,1.9474217569100845e-10
1,3107.0693140878057,1.8209931248054738e-10
1,3113.350546269985,1.6848462938305617e-10
1,3119.6317784521643,1.5695861937321226e-10
1,3125.913010634344,1.4542414608786486e-10
1,3132.194242816524,1.360386077067154e-10
1,3138.4754749987032,1.2696572058489234e-10
1,3144.7567071808826,1.1757861268234912e-10
1,3151.037939363063,1.093925615014936e-10
1,3157.319171545242,1.0184059695617044e-10
1,3163.6004037274215,9.424938570507425e-11
1,3169.8816359096013,8.728916540372603e-11
1,3176.162868091781,8.111020254883538e-11
1,3182.4441002739604,7.519233521110699e-11
1,3188.7253324561398,6.968428204435597e-11
1,3195.0065646383196,6.539157604803469e-11
1,3201.2877968204994,5.989451386660845e-11
1,3207.5690290026787,5.615638220611036e-11
1,3213.850261184858,5.240167085021035e-11
2,4.140616091089793,0.007615315341994824
2,10.42184827326938,0.010694038308627486
2,16.703080455448966,0.007162881780554839
2,22.984312637628552,0.0022242162749032644
2,29.265544819808138,0.0016899006395653692
2,35.54677700198772,0.0015009246169986384
2,41.828009184167314,0.0009495392185991238
2,48.10924136634689,0.0008264856775385157
2,54.39047354852649,0.0004372695586552452
2,60.671705730706066,0.0003337666525444386
2,66.95293791288566,0.0003093893604269922
2,73.23417009506524,0.0003225399147522844
2,79.51540227724483,0.00030554361820938155
2,85.79663445942441,0.0002896817174717391
2,92.077866641604,0.0002696284914219857
2,98.35909882378358,0.0002648725768650092
2,104.64033100596318,0.0002616490486910366
2,110.92156318814276,0.00023741821714647992
2,117.20279537032235,0.00026559268188383394
2,123.48402755250193,0.00020840501472252053
2,129.76525973468154,0.00020312646583098995
2,136.0464919168611,0.00020005410328446919
2,142.32772409904067,0.00019858228592625247
2,148.6089562812203,0.00019718248744039776
2,154.89018846339985,0.00017988207750999012
2,161.17142064557947,0.00018684670535654073
2,167.45265282775904,0.00018265236617151932
2,173.7338850099386,0.00017953495322857566
2,180.01511719211823,0.00016179229965989215
2,186.2963493742978,0.0001524010684525297
2,192.57758155647736,0.0001408516905748227
2,198.85881373865698,0.00014476333434795499
2,205.14004592083654,0.00014117017794330335
2,211.42127810301616,0.00012854174031085383
2,217.70251028519573,0.00012647197579700184
2,223.9837424673753,0.00011531419832699132
2,230.26497464955492,0.00011368762103822765
2,236.54620683173448,0.00010531720216839629
2,242.82743901391405,0.00010232758716933291
2,249.10867119609367,9.929023924907486e-05
2,255.38990337827323,9.774932086113546e-05
2,261.67113556045285,9.494838675682265e-05
2,267.9523677426324,9.467683915842147e-05
2,274.233599924812,9.752666746916406e-05
2,280.51483210699155,9.545239174325682e-05
2,286.79606428917117,9.038958675816086e-05
2,293.0772964713508,9.402742016210262e-05
2,299.35852865353036,9.790298494260504e-05
2,305.6397608357099,9.117990400819651e-05
2,311.9209930178895,8.985964277419369e-05
2,318.2022252000691,9.562673264467489e-05
2,324.48345738224873,9.816616823963832e-05
2,330.7646895644283,9.566761247081601e-05
2,337.04592174660786,9.909496339195295e-05
2,343.3271539287874,9.966653190365613e-05
2,349.60838611096705,9.757778275689692e-05
2,355.8896182931466,9.062540680882588e-05
2,362.17085047532623,9.638159927829451e-05
2,368.4520826575058,8.634567497852949e-05
2,374.73331483968536,9.052807097926272e-05
2,381.0145470218649,8.462934099243973e-05
2,387.29577920404455,8.358915090897262e-05
2,393.57701138622417,7.803387440188979e-05
2,399.85824356840374,7.70915370689741e-05
2,406.1394757505833,7.462972564964276e-05
2,412.42070793276287,6.727119435529653e-05
2,418.7019401149425,6.412001711610145e-05
2,424.9831722971221,6.0779652007544033e-05
2,431.2644044793017,6.062652380134018e-05
2,437.54563666148124,5.7172362694078344e-05
2,443.8268688436608,5.223755647980428e-05
2,450.1081010258404,5.280802824446534e-05
2,456.38933320802,4.8183161116512644e-05
2,462.6705653901996,4.4059096385549186e-05
2,468.9517975723792,4.1381876838455965e-05
2,475.23302975455874,3.9371811362092956e-05
2,481.5142619367383,3.716354756984486e-05
2,487.79549411891793,3.453819877959264e-05
2,494.07672630109755,3.200492083165821e-05
2,500.3579584832771,2.9020233070259232e-05
2,506.6391906654567,2.756931818040872e-05
2,512.9204228476362,2.5191533665316775e-05
2,519.2016550298158,2.384355519593545e-05
2,525.4828872119955,2.14713676506045e-05
2,531.764119394175,2.072926246611954e-05
2,538.0453515763546,1.906443028378439e-05
2,544.3265837585342,1.8320281313257154e-05
2,550.6078159407137,1.6411319710775458e-05
2,556.8890481228934,1.5199231469707149e-05
2,563.170280305073,1.4505830917429884e-05
2,569.4515124872526,1.3404439737784384e-05
2,575.7327446694321,1.2625836661874866e-05
2,582.0139768516117,1.1602273253867611e-05
2,588.2952090337913,1.1655347531188426e-05
2,594.5764412159709,1.0735625687225882e-05
2,600.8576733981505,1.109597252632403e-05
2,607.1389055803301,1.0475343723900952e-05
2,613.4201377625096,1.02197139762569e-05
2,619.7013699446893,1.0139708607331696e-05
2,625.9826021268689,9.433369357746465e-06
2,632.2638343090484,9.302674360749185e-06
2,638.545066491228,8.929864932529735e-06
2,644.8262986734076,8.811036021568928e-06
2,651.1075308555871,8.775315763418584e-06
2,657.3887630377668,8.746822527319859e-06
2,663.6699952199464,8.484325395115485e-06
2,669.9512274021259,8.599133000779644e-06
2,676.2324595843055,8.614559380952128e-06
2,682.5136917664851,8.56018732704521e-06
2,688.7949239486647,8.362278037462591e-06
2,695.0761561308443,8.67498390146264e-06
2,701.3573883130239,8.51133546725496e-06
2,707.6386204952034,8.463248822937413e-06
2,713.919852677383,8.418762439846252e-06
2,720.2010848595626,8.080414941619227e-06
2,726.4823170417422,7.87350302776519e-06
2,732.7635492239218,7.731743703821116e-06
2,739.0447814061014,7.901291418695508e-06
2,745.326013588281,8.108870392010974e-06
2,751.6072457704605,8.101302575135007e-06
2,757.8884779526402,8.246051649476373e-06
2,764.1697101348198,7.87661860240731e-06
2,770.4509423169993,7.504803879274695e-06
2,776.7321744991789,7.43618272987641e-06
2,783.0134066813584,7.2967285223739835e-06
2,789.294638863538,7.397618677685539e-06
2,795.5758710457177,7.681162259102836e-06
2,801.8571032278973,7.792523626422139e-06
2,808.1383354100768,7.601927305890772e-06
2,814.4195675922564,7.519878720529753e-06
2,820.7007997744361,7.479191821039001e-06
2,826.9820319566156,7.4081347057373975e-06
2,833.2632641387952,7.511335668392736e-06
2,839.5444963209748,7.75655771647209e-06
2,845.8257285031543,7.565901490006499e-06
2,852.1069606853339,7.567166589981435e-06
2,858.3881928675136,7.353046685042152e-06
2,864.6694250496931,7.026978678261056e-06
2,870.9506572318727,7.04759803863912e-06
2,877.2318894140523,7.122380452769564e-06
2,883.5131215962318,7.291275936222699e-06
2,889.7943537784115,7.587926291896509e-06
2,896.0755859605911,7.570970071248455e-06
2,902.3568181427706,7.5983275320399445e-06
2,908.6380503249502,7.658617812306258e-06
2,914.9192825071298,7.842052204187508e-06
2,921.2005146893093,7.684623631526777e-06
2,927.481746871489,7.456697141484919e-06
2,933.7629790536686,7.582128451494732e-06
2,940.0442112358481,7.455662022098461e-06
2,946.3254434180277,7.4098341146574116e-06
2,952.6066756002073,7.394854771970989e-06
2,958.887907782387,7.330940565226604e-06
2,965.1691399645665,7.311618134664795e-06
2,971.4503721467461,7.14660629597394e-06
2,977.7316043289256,7.034430708579568e-06
2,984.0128365111052,7.119510078485946e-06
2,990.2940686932848,6.893909923678246e-06
2,996.5753008754644,6.732499523137867e-06
2,1002.856533057644,6.760197317478883e-06
2,1009.1377652398236,6.669106162894013e-06
2,1015.4189974220031,6.694237395238668e-06
2,1021.7002296041827,6.77915921360657e-06
2,1027.9814617863622,6.708376165343598e-06
2,1034.262693968542,6.801567061090058e-06
2,1040.5439261507215,6.662005212351713e-06
2,1046.825158332901,6.7319421554183144e-06
2,1053.1063905150809,6.596117687423968e-06
2,1059.3876226972602,6.556206878359368e-06
2,1065.66885487944,6.556868140277651e-06
2,1071.9500870616193,6.768773511516395e-06
2,1078.2313192437991,6.821058450454582e-06
2,1084.5125514259785,6.923688362025305e-06
2,1090.7937836081583,6.843426055418682e-06
2,1097.0750157903376,6.913522327294143e-06
2,1103.3562479725174,7.0081455108255835e-06
2,1109.637480154697,6.896966276793372e-06
2,1115.9187123368765,7.04839663548992e-06
2,1122.1999445190563,7.019988350013262e-06
2,1128.4811767012357,6.940381570545289e-06
2,1134.7624088834154,7.094168704537383e-06
2,1141.0436410655948,7.227174991354101e-06
2,1147.3248732477746,7.122012195466383e-06
2,1153.606105429954,7.1117735442534e-06
2,1159.8873376121337,7.051994208238769e-06
2,1166.168569794313,6.860906806772189e-06
2,1172.4498019764928,6.872527182129989e-06
2,1178.7310341586726,6.598072049396285e-06
2,1185.012266340852,6.4750829082551825e-06
2,1191.2934985230318,6.4259520132147875e-06
2,1197.574730705211,6.38147465970979e-06
2,1203.855962887391,6.34128539016033e-06
2,1210.1371950695702,6.135597692009425e-06
2,1216.41842725175,6.141027494589544e-06
2,1222.6996594339294,6.0938007573886425e-06
2,1228.9808916161091,6.096235178215281e-06
2,1235.2621237982885,5.972160270342883e-06
2,1241.5433559804683,5.965730001665318e-06
2,1247.824588162648,5.80436676881496e-06
2,1254.1058203448274,5.759177732014585e-06
2,1260.3870525270072,5.826195051150172e-06
2,1266.6682847091865,5.819309984813133e-06
2,1272.9495168913663,5.94692326876787e-06
2,1279.2307490735457,5.953671901615374e-06
2,1285.5119812557255,6.122347376056678e-06
2,1291.7932134379048,6.087396715820595e-06
2,1298.0744456200846,6.07063581569071e-06
2,1304.3556778022642,6.122357976439506e-06
2,1310.6369099844437,6.141411176021519e-06
2,1316.9181421666235,6.177372410827113e-06
2,1323.1993743488028,6.110930748488813e-06
2,1329.4806065309826,6.029836611101187e-06
2,1335.761838713162,5.986096350567282e-06
2,1342.0430708953418,6.039833142900099e-06
2,1348.324303077521,5.991330319013854e-06
2,1354.605535259701,6.033681071305288e-06
2,1360.8867674418802,5.949117771638159e-06
2,1367.16799962406,5.827067008288844e-06
2,1373.4492318062396,5.716873900009691e-06
2,1379.7304639884192,5.5748596013611275e-06
2,1386.011696170599,5.453128563520007e-06
2,1392.2929283527783,5.304227277717914e-06
2,1398.574160534958,5.252701745297639e-06
2,1404.8553927171374,5.116701101139264e-06
2,1411.1366248993172,5.094581627194043e-06
2,1417.4178570814965,4.987669995365891e-06
2,1423.6990892636763,4.94268183218957e-06
2,1429.9803214458557,4.929786591441967e-06
2,1436.2615536280355,4.92653657062752e-06
2,1442.542785810215,4.856773169132047e-06
2,1448.8240179923946,4.80804947977008e-06
2,1455.1052501745744,4.715846966072329e-06
2,1461.3864823567537,4.673054972875305e-06
2,1467.6677145389335,4.6050268915733805e-06
2,1473.9489467211129,4.610945616554826e-06
2,1480.2301789032927,4.525136311788148e-06
2,1486.511411085472,4.386161999441489e-06
2,1492.7926432676518,4.307310719172246e-06
2,1499.0738754498311,4.2903435407501555e-06
2,1505.355107632011,4.178974778565722e-06
2,1511.6363398141905,4.113990081597129e-06
2,1517.91757199637,4.012553428463673e-06
2,1524.1988041785498,3.937658606460899e-06
2,1530.4800363607292,3.7727342930485673e-06
2,1536.761268542909,3.6878377169984855e-06
2,1543.0425007250883,3.5837064747006166e-06
2,1549.323732907268,3.5158639907407482e-06
2,1555.6049650894474,3.450429386463655e-06
2,1561.8861972716272,3.431145599087752e-06
2,1568.1674294538066,3.3550530037067585e-06
2,1574.4486616359864,3.2688812126453178e-06
2,1580.7298938181661,3.269678430684722e-06
2,1587.0111260003455,3.220580535568078e-06
2,1593.2923581825253,3.172054489156408e-06
2,1599.5735903647046,3.1364952051675667e-06
2,1605.8548225468844,3.093547965105e-06
2,1612.1360547290637,3.059426584804816e-06
2,1618.4172869112435,2.9638970366017283e-06
2,1624.6985190934229,2.9100533037419297e-06
2,1630.9797512756027,2.8316729960903943e-06
2,1637.260983457782,2.754721596047212e-06
2,1643.5422156399618,2.7171226081504907e-06
2,1649.8234478221416,2.667469673712237e-06
2,1656.104680004321,2.6356409170701876e-06
2,1662.3859121865007,2.5880728435254697e-06
2,1668.66714436868,2.5216294829650417e-06
2,1674.9483765508598,2.4777235256747233e-06
2,1681.2296087330392,2.453796849702952e-06
2,1687.510840915219,2.390317592164359e-06
2,1693.7920730973983,2.374034536077565e-06
2,1700.073305279578,2.3423893672266663e-06
2,1706.3545374617577,2.2654262838832327e-06
2,1712.6357696439372,2.2394265970341154e-06
2,1718.917001826117,2.219440399979579e-06
2,1725.1982340082964,2.1615137028029427e-06
2,1731.4794661904762,2.1387446988689183e-06
2,1737.7606983726555,2.0921321362973415e-06
2,1744.0419305548353,2.0405595216871402e-06
2,1750.3231627370146,1.9887553346991693e-06
2,1756.6043949191944,1.944605843934063e-06
2,1762.8856271013738,1.9000036058160104e-06
2,1769.1668592835535,1.8562395261128427e-06
2,1775.4480914657331,1.8203620041143552e-06
2,1781.7293236479127,1.7761578792206777e-06
2,1788.0105558300925,1.7560533405232717e-06
2,1794.2917880122718,1.706055609163536e-06
2,1800.5730201944516,1.6912830986108606e-06
2,1806.854252376631,1.6632126948918845e-06
2,1813.1354845588107,1.6303227875450264e-06
2,1819.41671674099,1.6143943820950141e-06
2,1825.6979489231699,1.5883745465890876e-06
2,1831.9791811053492,1.581476684325762e-06
2,1838.260413287529,1.5540455624708065e-06
2,1844.5416454697086,1.5381329910287945e-06
2,1850.8228776518881,1.5225857323205039e-06
2,1857.104109834068,1.5320116634354638e-06
2,1863.3853420162473,1.5066210342640409e-06
2,1869.666574198427,1.4919713667155848e-06
2,1875.9478063806064,1.4776286687937735e-06
2,1882.2290385627862,1.4592877854923637e-06
2,1888.5102707449655,1.447137260898199e-06
2,1894.7915029271453,1.430538073463596e-06
2,1901.0727351093246,1.407089820107233e-06
2,1907.3539672915044,1.3827698583685363e-06
2,1913.635199473684,1.3347839327003513e-06
2,1919.9164316558636,1.3180416893235904e-06
2,1926.1976638380434,1.2871302227829042e-06
2,1932.4788960202227,1.2489055550753825e-06
2,1938.7601282024025,1.2120179640841455e-06
2,1945.0413603845818,1.1923680292753168e-06
2,1951.3225925667616,1.1407855300363544e-06
2,1957.603824748941,1.1154830093031502e-06
2,1963.8850569311207,1.0749699294141612e-06
2,1970.1662891133,1.0527029111293042e-06
2,1976.4475212954799,1.0085503537882067e-06
2,1982.7287534776597,9.784647985222935e-07
2,1989.009985659839,9.54832298462053e-07
2,1995.2912178420188,9.293924565577345e-07
2,2001.5724500241981,8.921248960438277e-07
2,2007.853682206378,8.727411898935285e-07
2,2014.1349143885573,8.448410417747099e-07
2,2020.416146570737,8.167399940960075e-07
2,2026.6973787529164,7.858541418233784e-07
2,2032.9786109350962,7.644136516351025e-07
2,2039.2598431172755,7.407191149938847e-07
2,2045.5410752994553,7.170023330058801e-07
2,2051.822307481635,6.862418018294555e-07
2,2058.1035396638144,6.737520063732491e-07
2,2064.384771845994,6.425935433172065e-07
2,2070.6660040281736,6.270221581951419e-07
2,2076.9472362103534,6.089337027420436e-07
2,2083.2284683925327,5.884466493913425e-07
2,2089.5097005747125,5.600361301042672e-07
2,2095.7909327568923,5.439150997152057e-07
2,2102.0721649390716,5.244600727879777e-07
2,2108.353397121251,5.15333105804122e-07
2,2114.6346293034308,4.945920877574817e-07
2,2120.9158614856105,4.7986057566995e-07
2,2127.19709366779,4.6429412320666604e-07
2,2133.478325849969,4.4659622291737977e-07
2,2139.759558032149,4.3317912637157453e-07
2,2146.040790214329,4.2022435893322175e-07
2,2152.322022396508,4.0399848727383504e-07
2,2158.603254578688,3.8783998531635395e-07
2,2164.8844867608677,3.752477369763518e-07
2,2171.165718943047,3.630973591455207e-07
2,2177.4469511252264,3.436167086372336e-07
2,2183.728183307406,3.343245492251371e-07
2,2190.009415489586,3.2362997356640215e-07
2,2196.2906476717653,3.122119199712818e-07
2,2202.5718798539447,2.9965389128152987e-07
2,2208.8531120361245,2.881502402049082e-07
2,2215.1343442183042,2.773832916610267e-07
2,2221.4155764004836,2.6871199188613574e-07
2,2227.6968085826634,2.5883099314528044e-07
2,2233.978040764843,2.4653121936444265e-07
2,2240.2592729470225,2.369708833703951e-07
2,2246.540505129202,2.301758543352857e-07
2,2252.8217373113816,2.2257671904771605e-07
2,2259.1029694935614,2.1642597744449148e-07
2,2265.3842016757408,2.078811246590506e-07
2,2271.66543385792,2.007201945625736e-07
2,2277.9466660401004,1.9446830785113414e-07
2,2284.2278982222797,1.8843418886601869e-07
2,2290.509130404459,1.8345636787715855e-07
2,2296.790362586639,1.7584584087337427e-07
2,2303.0715947688186,1.7060817831956986e-07
2,2309.352826950998,1.6356483292307855e-07
2,2315.6340591331773,1.5837263828491326e-07
2,2321.915291315357,1.524739195935423e-07
2,2328.196523497537,1.4652316355974373e-07
2,2334.477755679716,1.4034677318507818e-07
2,2340.7589878618955,1.3620881832833933e-07
2,2347.040220044076,1.3006661660366977e-07
2,2353.321452226255,1.2602770937627408e-07
2,2359.6026844084345,1.2054270386782565e-07
2,2365.8839165906143,1.1651167291492545e-07
2,2372.165148772794,1.1248704501956466e-07
2,2378.4463809549734,1.0930495821503013e-07
2,2384.7276131371527,1.050929669885897e-07
2,2391.0088453193325,1.0057422611128911e-07
2,2397.2900775015123,9.629310522050423e-08
2,2403.5713096836917,9.227108398797891e-08
2,2409.852541865871,8.889642538266496e-08
2,2416.1337740480512,8.49348805488877e-08
2,2422.4150062302306,8.070912193185137e-08
2,2428.69623841241,7.833046090124181e-08
2,2434.9774705945897,7.436307829774e-08
2,2441.2587027767695,7.101255551464663e-08
2,2447.539934958949,6.7995870309573e-08
2,2453.821167141128,6.527311429775872e-08
2,2460.102399323308,6.247999927881013e-08
2,2466.3836315054878,6.001555094998644e-08
2,2472.664863687667,5.7879885551272096e-08
2,2478.9460958698464,5.589146177404388e-08
2,2485.2273280520267,5.3733852272636185e-08
2,2491.508560234206,5.137719694625612e-08
2,2497.7897924163854,4.9585131817328735e-08
2,2504.071024598565,4.736216683019369e-08
2,2510.352256780745,4.5214139681686225e-08
2,2516.6334889629243,4.3200204930038214e-08
2,2522.9147211451036,4.150652711286069e-08
2,2529.1959533272834,3.968055306427869e-08
2,2535.477185509463,3.7506361907728375e-08
2,2541.7584176916425,3.5902096194034685e-08
2,2548.039649873822,3.428420079140008e-08
2,2554.320882056002,3.2644592179154974e-08
2,2560.6021142381815,3.1293900047083494e-08
2,2566.883346420361,2.9790651105047044e-08
2,2573.1645786025406,2.828781767862395e-08
2,2579.4458107847204,2.7008799283651736e-08
2,2585.7270429668997,2.5320861613697076e-08
2,2592.008275149079,2.408129900902016e-08
2,2598.289507331259,2.2818325189383128e-08
2,2604.5707395134386,2.1562717393704347e-08
2,2610.851971695618,2.04953064663612e-08
2,2617.1332038777978,1.9403577713015034e-08
2,2623.4144360599776,1.844623148386441e-08
2,2629.695668242157,1.7454516543336154e-08
2,2635.9769004243362,1.6610209107968747e-08
2,2642.258132606516,1.573041970231514e-08
2,2648.539364788696,1.4896426866595375e-08
2,2654.820596970875,1.4013124655320628e-08
2,2661.1018291530545,1.3265238779882314e-08
2,2667.3830613352343,1.2477016248462739e-08
2,2673.664293517414,1.1829529984602807e-08
2,2679.9455256995934,1.1213942395685185e-08
2,2686.226757881773,1.059184208215887e-08
2,2692.507990063953,1.0031930333093611e-08
2,2698.7892222461323,9.449973407636498e-09
2,2705.0704544283117,8.993781510240225e-09
2,2711.3516866104915,8.40629350474206e-09
2,2717.6329187926713,7.948007137435339e-09
2,2723.9141509748506,7.605645662249366e-09
2,2730.19538315703,7.143786361910366e-09
2,2736.4766153392097,6.822033794974996e-09
2,2742.7578475213895,6.4264211043055265e-09
2,2749.039079703569,6.125114510224886e-09
2,2755.3203118857487,5.7762846992685e-09
2,2761.6015440679284,5.487845266876198e-09
2,2767.882776250108,5.166981647365353e-09
2,2774.164008432287,4.887640010659282e-09
2,2780.445240614467,4.671149189722875e-09
2,2786.7264727966467,4.451356251897908e-09
2,2793.007704978826,4.181696472271554e-09
2,2799.2889371610054,4.011410227456416e-09
2,2805.570169343185,3.8125428163009595e-09
2,2811.851401525365,3.6021182041506304e-09
2,2818.1326337075443,3.4208328055668214e-09
2,2824.413865889724,3.2643867389790135e-09
2,2830.695098071904,3.113171852449325e-09
2,2836.976330254083,2.9427642342044688e-09
2,2843.2575624362626,2.815822940922071e-09
2,2849.5387946184424,2.680305123820364e-09
2,2855.820026800622,2.5398594951984335e-09
2,2862.1012589828015,2.39454120508967e-09
2,2868.382491164981,2.2800703574579043e-09
2,2874.6637233471606,2.143832546271851e-09
2,2880.9449555293404,2.028316640203317e-09
2,2887.2261877115197,1.915408524249238e-09
2,2893.5074198936995,1.7969277316035535e-09
2,2899.7886520758793,1.6975158605829912e-09
2,2906.0698842580587,1.603547202419219e-09
2,2912.351116440238,1.5047532979225086e-09
2,2918.632348622418,1.417298240179306e-09
2,2924.9135808045976,1.3269542051966842e-09
2,2931.194812986777,1.246281352814001e-09
2,2937.4760451689563,1.1572941994098316e-09
2,2943.757277351136,1.0982485971652921e-09
2,2950.038509533316,1.0200113037725291e-09
2,2956.319741715495,9.584835858514519e-10
2,2962.600973897675,8.861461840074867e-10
2,2968.8822060798548,8.317745557181344e-10
2,2975.163438262034,7.773230986234903e-10
2,2981.4446704442134,7.246489814081219e-10
2,2987.7259026263932,6.738958889848693e-10
2,2994.007134808573,6.32673017065065e-10
2,3000.2883669907524,5.84671573096713e-10
2,3006.5695991729317,5.481972837616232e-10
2,3012.8508313551115,5.087026803318778e-10
2,3019.1320635372913,4.776376553664849e-10
2,3025.4132957194706,4.449076630492934e-10
2,3031.6945279016504,4.1139340431368476e-10
2,3037.97576008383,3.851800907601073e-10
2,3044.2569922660095,3.591513303746016e-10
2,3050.538224448189,3.3452092682039874e-10
2,3056.8194566303687,3.1044021127446997e-10
2,3063.1006888125485,2.8781106887296726e-10
2,3069.381920994728,2.68259202919194e-10
2,3075.663153176907,2.508439151405195e-10
2,3081.9443853590874,2.347418918547358e-10
2,3088.2256175412667,2.1782908504360815e-10
2,3094.506849723446,2.044456115217221e-10
2,3100.788081905626,1.9105436843548892e-10
2,3107.0693140878057,1.775354131348076e-10
2,3113.350546269985,1.6770784203751915e-10
2,3119.6317784521643,1.563055207176997e-10
2,3125.913010634344,1.4557429552085133e-10
2,3132.194242816524,1.3580790974304763e-10
2,3138.4754749987032,1.262019273154911e-10
2,3144.7567071808826,1.180137169588045e-10
2,3151.037939363063,1.1050944505195963e-10
2,3157.319171545242,1.0247768389224034e-10
2,3163.6004037274215,9.600726698796459e-11
2,3169.8816359096013,8.906236035925973e-11
2,3176.162868091781,8.323520441988944e-11
2,3182.4441002739604,7.75913616400317e-11
2,3188.7253324561398,7.236844541591466e-11
2,3195.0065646383196,6.774871099760503e-11
2,3201.2877968204994,6.263136026089877e-11
2,3207.5690290026787,5.847604808462097e-11
2,3213.850261184858,5.488227770508505e-11
3,4.140616091089793,0.0041857033720928616
3,10.42184827326938,0.015924874187641772
3,16.703080455448966,0.008051726597441959
3,22.984312637628552,0.0031732250592873988
3,29.265544819808138,0.0021116629088234183
3,35.54677700198772,0.0018132542381555108
3,41.828009184167314,0.0015195482637034678
3,48.10924136634689,0.0013496683605891478
3,54.39047354852649,0.0007016548649979116
3,60.671705730706066,0.000598904440964277
3,66.95293791288566,0.0004826334317776104
3,73.23417009506524,0.00037010721724602797
3,79.51540227724483,0.00028180061035558543
3,85.79663445942441,0.00026828024176941826
3,92.077866641604,0.00026838855250588094
3,98.35909882378358,0.00023738538190532462
3,104.64033100596318,0.00023417442608225384
3,110.92156318814276,0.00020614086859033903
3,117.20279537032235,0.0002270068532972176
3,123.48402755250193,0.00018453767776231903
3,129.76525973468154,0.0001761651437860505
3,136.0464919168611,0.00018323685064328666
3,142.32772409904067,0.0001772340682448945
3,148.6089562812203,0.00017849032047170902
3,154.89018846339985,0.00018181018061305782
3,161.17142064557947,0.00020421712679872966
3,167.45265282775904,0.0001905489705682082
3,173.7338850099386,0.00020568918902491844
3,180.01511719211823,0.00018847463422060442
3,186.2963493742978,0.00017278655056605544
3,192.57758155647736,0.00015984093123454888
3,198.85881373865698,0.0001369836133843567
3,205.14004592083654,0.00012870442713539646
3,211.42127810301616,0.00010551489779086165
3,217.70251028519573,0.00010282758512480295
3,223.9837424673753,8.340233610018106e-05
3,230.26497464955492,7.337956972125554e-05
3,236.54620683173448,6.396181661859366e-05
3,242.82743901391405,5.496007005633578e-05
3,249.10867119609367,4.935515934577753e-05
3,255.38990337827323,4.5325753411123694e-05
3,261.67113556045285,4.7309745845986186e-05
3,267.9523677426324,4.1043749448103084e-05
3,274.233599924812,4.321814024252302e-05
3,280.51483210699155,3.4821355783689494e-05
3,286.79606428917117,3.219361986405842e-05
3,293.0772964713508,2.7861543164081156e-05
3,299.35852865353036,2.6689185276929376e-05
3,305.6397608357099,2.4772729466606693e-05
3,311.9209930178895,2.273982284718814e-05
3,318.2022252000691,2.2509684731569412e-05
3,324.48345738224873,2.4115591126702196e-05
3,330.7646895644283,2.4734572579789474e-05
3,337.04592174660786,2.5672724844840492e-05
3,343.3271539287874,2.8279894216294038e-05
3,349.60838611096705,2.843983537253562e-05
3,355.8896182931466,2.652852145167928e-05
3,362.17085047532623,2.6790509528139058e-05
3,368.4520826575058,2.5629203372030796e-05
3,374.73331483968536,2.6063118588361906e-05
3,381.0145470218649,2.320660023590615e-05
3,387.29577920404455,2.3253915392952403e-05
3,393.57701138622417,2.2030837776892633e-05
3,399.85824356840374,2.124727639157318e-05
3,406.1394757505833,2.1720316982176478e-05
3,412.42070793276287,2.0977367396449437e-05
3,418.7019401149425,2.0805910735256034e-05
3,424.9831722971221,2.0115393813067442e-05
3,431.2644044793017,1.9511165594858836e-05
3,437.54563666148124,1.8162781998617692e-05
3,443.8268688436608,1.735431983421066e-05
3,450.1081010258404,1.6970150410049526e-05
3,456.38933320802,1.6356767170642487e-05
3,462.6705653901996,1.5991477209837354e-05
3,468.9517975723792,1.5159174178313742e-05
3,475.23302975455874,1.4562219057451492e-05
3,481.5142619367383,1.3890734195898369e-05
3,487.79549411891793,1.3631079821694173e-05
3,494.07672630109755,1.2749669845601222e-05
3,500.3579584832771,1.2176545060748797e-05
3,506.6391906654567,1.1847796364675235e-05
3,512.9204228476362,1.1052954671752045e-05
3,519.2016550298158,1.1249017204568167e-05
3,525.4828872119955,1.0775156453746123e-05
3,531.764119394175,1.0983749174917115e-05
3,538.0453515763546,1.0755221696107091e-05
3,544.3265837585342,1.0658081999771416e-05
3,550.6078159407137,1.0425822694978568e-05
3,556.8890481228934,1.0026574908354357e-05
3,563.170280305073,1.0038776199212555e-05
3,569.4515124872526,1.00384457222748e-05
3,575.7327446694321,1.010281955570567e-05
3,582.0139768516117,9.85909519561569e-06
3,588.2952090337913,1.0087241385724755e-05
3,594.5764412159709,9.900777002461983e-06
3,600.8576733981505,9.962753779178571e-06
3,607.1389055803301,9.782020105382156e-06
3,613.4201377625096,9.57627913729441e-06
3,619.7013699446893,9.61048350321893e-06
3,625.9826021268689,9.242382409965995e-06
3,632.2638343090484,9.221850013879714e-06
3,638.545066491228,9.038442851798527e-06
3,644.8262986734076,9.025506562708063e-06
3,651.1075308555871,8.806156697723793e-06
3,657.3887630377668,8.516669111599211e-06
3,663.6699952199464,8.527430708794949e-06
3,669.9512274021259,8.078107080258536e-06
3,676.2324595843055,8.243270910029258e-06
3,682.5136917664851,7.788088130513387e-06
3,688.7949239486647,7.638165397676678e-06
3,695.0761561308443,7.4296226220662965e-06
3,701.3573883130239,7.333354553182942e-06
3,707.6386204952034,7.133252163526769e-06
3,713.919852677383,7.107652263341532e-06
3,720.2010848595626,6.843014902957578e-06
3,726.4823170417422,6.814247960506542e-06
3,732.7635492239218,6.656782370562798e-06
3,739.0447814061014,6.620437493970937e-06
3,745.326013588281,6.483433950141756e-06
3,751.6072457704605,6.343139137011044e-06
3,757.8884779526402,6.158667829317977e-06
3,764.1697101348198,6.078303196707285e-06
3,770.4509423169993,5.9621745471354045e-06
3,776.7321744991789,5.965939364014997e-06
3,783.0134066813584,5.84017303498509e-06
3,789.294638863538,5.689444813494446e-06
3,795.5758710457177,5.64921346195532e-06
3,801.8571032278973,5.601871309817685e-06
3,808.1383354100768,5.5627308864458304e-06
3,814.4195675922564,5.54247708344755e-06
3,820.7007997744361,5.4279339420397655e-06
3,826.9820319566156,5.286033987706022e-06
3,833.2632641387952,5.240422972926777e-06
3,839.5444963209748,5.099583292369054e-06
3,845.8257285031543,4.973705881556225e-06
3,852.1069606853339,4.846695838476887e-06
3,858.3881928675136,4.810310642849101e-06
3,864.6694250496931,4.632603616382798e-06
3,870.9506572318727,4.59340825866163e-06
3,877.2318894140523,4.4787054483268805e-06
3,883.5131215962318,4.335663865134527e-06
3,889.7943537784115,4.2229938920517574e-06
3,896.0755859605911,4.183455039175367e-06
3,902.3568181427706,4.170924446343496e-06
3,908.6380503249502,4.057801838956753e-06
3,914.9192825071298,4.047540404441489e-06
3,921.2005146893093,3.9280982226614855e-06
3,927.481746871489,3.877476815657026e-06
3,933.7629790536686,3.8072735850967347e-06
3,940.0442112358481,3.7180904285366716e-06
3,946.3254434180277,3.6695025233332775e-06
3,952.6066756002073,3.5858736875223315e-06
3,958.887907782387,3.513585803635575e-06
3,965.1691399645665,3.4721424912505967e-06
3,971.4503721467461,3.376315596919557e-06
3,977.7316043289256,3.3395260775580545e-06
3,984.0128365111052,3.2829152909660226e-06
3,990.2940686932848,3.2507929067650056e-06
3,996.5753008754644,3.1889160654544186e-06
3,1002.856533057644,3.229101075045326e-06
3,1009.1377652398236,3.1410520182196828e-06
3,1015.4189974220031,3.113497966221782e-06
3,1021.7002296041827,3.087331495111768e-06
3,1027.9814617863622,3.0607709593618827e-06
3,1034.262693968542,3.015189070182218e-06
3,1040.5439261507215,2.9988055564982695e-06
3,1046.825158332901,3.021154143008577e-06
3,1053.1063905150809,2.9247199670996274e-06
3,1059.3876226972602,2.9406701519219516e-06
3,1065.66885487944,2.926885880739185e-06
3,1071.9500870616193,2.948138476820609e-06
3,1078.2313192437991,2.9154372957131356e-06
3,1084.5125514259785,2.8565784976683498e-06
3,1090.7937836081583,2.82895090475788e-06
3,1097.0750157903376,2.8175014596686995e-06
3,1103.3562479725174,2.7472212582193925e-06
3,1109.637480154697,2.7525014895661574e-06
3,1115.9187123368765,2.731222614450626e-06
3,1122.1999445190563,2.712173243798169e-06
3,1128.4811767012357,2.700529604005766e-06
3,1134.7624088834154,2.6883827278812485e-06
3,1141.0436410655948,2.6730748290127753e-06
3,1147.3248732477746,2.6605492559439054e-06
3,1153.606105429954,2.595597590887899e-06
3,1159.8873376121337,2.6154782506630573e-06
3,1166.168569794313,2.5393632257723463e-06
3,1172.4498019764928,2.526057365958194e-06
3,1178.7310341586726,2.540983900580459e-06
3,1185.012266340852,2.49182650319155e-06
3,1191.2934985230318,2.496364521719557e-06
3,1197.574730705211,2.471214459861562e-06
3,1203.855962887391,2.4722352258709883e-06
3,1210.1371950695702,2.4546796422706055e-06
3,1216.41842725175,2.416846771452463e-06
3,1222.6996594339294,2.365204009868076e-06
3,1228.9808916161091,2.3320193949493246e-06
3,1235.2621237982885,2.3163445519728877e-06
3,1241.5433559804683,2.2865757113010668e-06
3,1247.824588162648,2.2621853245226806e-06
3,1254.1058203448274,2.2552838762151593e-06
3,1260.3870525270072,2.2327216560979645e-06
3,1266.6682847091865,2.250643034760674e-06
3,1272.9495168913663,2.2456903125951333e-06
3,1279.2307490735457,2.2086712947746442e-06
3,1285.5119812557255,2.216476340054459e-06
3,1291.7932134379048,2.1817428005116537e-06
3,1298.0744456200846,2.1333615475108156e-06
3,1304.3556778022642,2.1202949219750856e-06
3,1310.6369099844437,2.0785270376945143e-06
3,1316.9181421666235,2.0662999182634352e-06
3,1323.1993743488028,2.046075370319706e-06
3,1329.4806065309826,2.0223605719465785e-06
3,1335.761838713162,2.041221231291958e-06
3,1342.0430708953418,1.986726896798265e-06
3,1348.324303077521,1.9694155782950873e-06
3,1354.605535259701,1.935028817649713e-06
3,1360.8867674418802,1.9117066933029573e-06
3,1367.16799962406,1.8704470362939681e-06
3,1373.4492318062396,1.8775935656935778e-06
3,1379.7304639884192,1.8354460319774634e-06
3,1386.011696170599,1.8359745738068604e-06
3,1392.2929283527783,1.7786941879729912e-06
3,1398.574160534958,1.7948197116849009e-06
3,1404.8553927171374,1.7376319529932545e-06
3,1411.1366248993172,1.7313822246945613e-06
3,1417.4178570814965,1.7013426732794612e-06
3,1423.6990892636763,1.7139854344971075e-06
3,1429.9803214458557,1.6861564790873474e-06
3,1436.2615536280355,1.6948141322380799e-06
3,1442.542785810215,1.6598638763055009e-06
3,1448.8240179923946,1.6518980271266168e-06
3,1455.1052501745744,1.6363010654569894e-06
3,1461.3864823567537,1.6370559022396564e-06
3,1467.6677145389335,1.599723317027524e-06
3,1473.9489467211129,1.6097557204715917e-06
3,1480.2301789032927,1.5942290393851826e-06
3,1486.511411085472,1.588682584565463e-06
3,1492.7926432676518,1.5639126796275336e-06
3,1499.0738754498311,1.5733143423261193e-06
3,1505.355107632011,1.5506599847312937e-06
3,1511.6363398141905,1.5293254697189688e-06
3,1517.91757199637,1.4876566269977798e-06
3,1524.1988041785498,1.4721381984026762e-06
3,1530.4800363607292,1.4493434253469903e-06
3,1536.761268542909,1.4191021800729306e-06
3,1543.0425007250883,1.3924848234957304e-06
3,1549.323732907268,1.382742716175813e-06
3,1555.6049650894474,1.3530331957117773e-06
3,1561.8861972716272,1.351366553620008e-06
3,1568.1674294538066,1.3249160453335267e-06
3,1574.4486616359864,1.3023646893305154e-06
3,1580.7298938181661,1.2866712507428693e-06
3,1587.0111260003455,1.2771655527881898e-06
3,1593.2923581825253,1.2475846025378695e-06
3,1599.5735903647046,1.236857727204443e-06
3,1605.8548225468844,1.2221359113597906e-06
3,1612.1360547290637,1.200089376844925e-06
3,1618.4172869112435,1.1969558527399918e-06
3,1624.6985190934229,1.1785975862349322e-06
3,1630.9797512756027,1.17031585153334e-06
3,1637.260983457782,1.1516176649825733e-06
3,1643.5422156399618,1.1429246770930666e-06
3,1649.8234478221416,1.1125064718565655e-06
3,1656.104680004321,1.1052504124885213e-06
3,1662.3859121865007,1.0698603785396588e-06
3,1668.66714436868,1.064324700964253e-06
3,1674.9483765508598,1.035421005274559e-06
3,1681.2296087330392,1.0268793984327712e-06
3,1687.510840915219,1.019360972538764e-06
3,1693.7920730973983,1.0085906299959383e-06
3,1700.073305279578,9.96015068885266e-07
3,1706.3545374617577,9.700613248925279e-07
3,1712.6357696439372,9.631556050936085e-07
3,1718.917001826117,9.402129523496292e-07
3,1725.1982340082964,9.228551625904386e-07
3,1731.4794661904762,9.103381891372961e-07
3,1737.7606983726555,8.861804296111547e-07
3,1744.0419305548353,8.768857297855791e-07
3,1750.3231627370146,8.506475832647765e-07
3,1756.6043949191944,8.377653410332369e-07
3,1762.8856271013738,8.097045345646e-07
3,1769.1668592835535,7.96692924889273e-07
3,1775.4480914657331,7.672424124269023e-07
3,1781.7293236479127,7.520417583297452e-07
3,1788.0105558300925,7.345285921111056e-07
3,1794.2917880122718,7.209270179336617e-07
3,1800.5730201944516,7.023099407442935e-07
3,1806.854252376631,6.825504129088398e-07
3,1813.1354845588107,6.739050867789873e-07
3,1819.41671674099,6.521939636818736e-07
3,1825.6979489231699,6.410981100627112e-07
3,1831.9791811053492,6.259763675287752e-07
3,1838.260413287529,6.08216299824576e-07
3,1844.5416454697086,5.944144739441127e-07
3,1850.8228776518881,5.774707802963928e-07
3,1857.104109834068,5.690819118087068e-07
3,1863.3853420162473,5.474423153212402e-07
3,1869.666574198427,5.346460093450218e-07
3,1875.9478063806064,5.196172512753134e-07
3,1882.2290385627862,5.095795169649205e-07
3,1888.5102707449655,5.001981059740472e-07
3,1894.7915029271453,4.841252929378647e-07
3,1901.0727351093246,4.7578011284942886e-07
3,1907.3539672915044,4.580308501639453e-07
3,1913.635199473684,4.530986967928263e-07
3,1919.9164316558636,4.3685530928351954e-07
3,1926.1976638380434,4.2956569066961415e-07
3,1932.4788960202227,4.1620264639348836e-07
3,1938.7601282024025,4.065579079567304e-07
3,1945.0413603845818,3.953743662535561e-07
3,1951.3225925667616,3.844713981313106e-07
3,1957.603824748941,3.753029998239825e-07
3,1963.8850569311207,3.6176127089821976e-07
3,1970.1662891133,3.575229963714594e-07
3,1976.4475212954799,3.475350936969982e-07
3,1982.7287534776597,3.3961949115801513e-07
3,1989.009985659839,3.3211139401540107e-07
3,1995.2912178420188,3.21231071597921e-07
3,2001.5724500241981,3.119974415455721e-07
3,2007.853682206378,3.005080259931579e-07
3,2014.1349143885573,2.936907760906735e-07
3,2020.416146570737,2.854037333718688e-07
3,2026.6973787529164,2.7594209333033035e-07
3,2032.9786109350962,2.7047125676713457e-07
3,2039.2598431172755,2.6371741042943613e-07
3,2045.5410752994553,2.5685970654706727e-07
3,2051.822307481635,2.4952180447826864e-07
3,2058.1035396638144,2.4150694563299776e-07
3,2064.384771845994,2.3161971708026551e-07
3,2070.6660040281736,2.2589918084374706e-07
3,2076.9472362103534,2.1829348852942535e-07
3,2083.2284683925327,2.1230668025143064e-07
3,2089.5097005747125,2.051966431168936e-07
3,2095.7909327568923,1.998069302142613e-07
3,2102.0721649390716,1.929068750694755e-07
3,2108.353397121251,1.891536795417208e-07
3,2114.6346293034308,1.8350284959086632e-07
3,2120.9158614856105,1.786654076950876e-07
3,2127.19709366779,1.7390758395065728e-07
3,2133.478325849969,1.6837960334274827e-07
3,2139.759558032149,1.6257147426011398e-07
3,2146.040790214329,1.582075592957825e-07
3,2152.322022396508,1.521578680658782e-07
3,2158.603254578688,1.4842971896888504e-07
3,2164.8844867608677,1.423451640907251e-07
3,2171.165718943047,1.3856484142377456e-07
3,2177.4469511252264,1.3298385050023707e-07
3,2183.728183307406,1.2902993615911166e-07
3,2190.009415489586,1.2403225437741292e-07
3,2196.2906476717653,1.199720573556377e-07
3,2202.5718798539447,1.1480516332399341e-07
3,2208.8531120361245,1.105096345478115e-07
3,2215.1343442183042,1.06378788989908e-07
3,2221.4155764004836,1.0271955614571634e-07
3,2227.6968085826634,9.908530247700126e-08
3,2233.978040764843,9.554472008985597e-08
3,2240.2592729470225,9.214305927404184e-08
3,2246.540505129202,8.893608191560304e-08
3,2252.8217373113816,8.549140941574863e-08
3,2259.1029694935614,8.229754774100287e-08
3,2265.3842016757408,7.963643226188867e-08
3,2271.66543385792,7.657893012729112e-08
3,2277.9466660401004,7.395757891444482e-08
3,2284.2278982222797,7.081079675029129e-08
3,2290.509130404459,6.823038088345494e-08
3,2296.790362586639,6.566764701031269e-08
3,2303.0715947688186,6.35151430231998e-08
3,2309.352826950998,6.123842689767235e-08
3,2315.6340591331773,5.9371114023363696e-08
3,2321.915291315357,5.743978515876288e-08
3,2328.196523497537,5.4941568100635857e-08
3,2334.477755679716,5.311848726960261e-08
3,2340.7589878618955,5.109027185051728e-08
3,2347.040220044076,4.912683310196375e-08
3,2353.321452226255,4.796218410804733e-08
3,2359.6026844084345,4.588987457279307e-08
3,2365.8839165906143,4.409726234860597e-08
3,2372.165148772794,4.218182913690965e-08
3,2378.4463809549734,4.091445235890786e-08
3,2384.7276131371527,3.9169112956569436e-08
3,2391.0088453193325,3.77046500354253e-08
3,2397.2900775015123,3.6149134843622526e-08
3,2403.5713096836917,3.45177870039108e-08
3,2409.852541865871,3.3246917442523036e-08
3,2416.1337740480512,3.1732609800293346e-08
3,2422.4150062302306,3.025317008996187e-08
3,2428.69623841241,2.9061120903493033e-08
3,2434.9774705945897,2.7919046430897987e-08
3,2441.2587027767695,2.6760143480751968e-08
3,2447.539934958949,2.546169209589711e-08
3,2453.821167141128,2.456778495820078e-08
3,2460.102399323308,2.3254865274399773e-08
3,2466.3836315054878,2.222126455161942e-08
3,2472.664863687667,2.1162971468214974e-08
3,2478.9460958698464,2.0174859463725473e-08
3,2485.2273280520267,1.9258268458493242e-08
3,2491.508560234206,1.8478613978946323e-08
3,2497.7897924163854,1.7683712830576145e-08
3,2504.071024598565,1.6808207767363146e-08
3,2510.352256780745,1.6074626171555476e-08
3,2516.6334889629243,1.5265860105484068e-08
3,2522.9147211451036,1.4627981749101095e-08
3,2529.1959533272834,1.3927067954408853e-08
3,2535.477185509463,1.3215969743625976e-08
3,2541.7584176916425,1.2669881185539545e-08
3,2548.039649873822,1.2071570194207865e-08
3,2554.320882056002,1.1436577702035701e-08
3,2560.6021142381815,1.0913341089013966e-08
3,2566.883346420361,1.0445205818992151e-08
3,2573.1645786025406,9.908548011907951e-09
3,2579.4458107847204,9.504356829013902e-09
3,2585.7270429668997,8.963952383636716e-09
3,2592.008275149079,8.515557981159998e-09
3,2598.289507331259,8.082286567485963e-09
3,2604.5707395134386,7.695336967111142e-09
3,2610.851971695618,7.403322928108965e-09
3,2617.1332038777978,7.0006624794680356e-09
3,2623.4144360599776,6.726273671239576e-09
3,2629.695668242157,6.34830696197676e-09
3,2635.9769004243362,6.062170711153677e-09
3,2642.258132606516,5.755730490139067e-09
3,2648.539364788696,5.469099848753376e-09
3,2654.820596970875,5.196981028016811e-09
3,2661.1018291530545,4.9248918114009134e-09
3,2667.3830613352343,4.669807847272992e-09
3,2673.664293517414,4.450044791053873e-09
3,2679.9455256995934,4.200851821629108e-09
3,2686.226757881773,4.000650932973991e-09
3,2692.507990063953,3.789347692351674e-09
3,2698.7892222461323,3.617132115554012e-09
3,2705.0704544283117,3.4032709626458233e-09
3,2711.3516866104915,3.223996068914957e-09
3,2717.6329187926713,3.0375227431611194e-09
3,2723.9141509748506,2.8650553579032527e-09
3,2730.19538315703,2.702184589973432e-09
3,2736.4766153392097,2.5504475644375426e-09
3,2742.7578475213895,2.414409342607458e-09
3,2749.039079703569,2.2820679245991288e-09
3,2755.3203118857487,2.1301635672733207e-09
3,2761.6015440679284,2.0230639464298734e-09
3,2767.882776250108,1.8944507313418205e-09
3,2774.164008432287,1.7843939587999238e-09
3,2780.445240614467,1.6931903203729352e-09
3,2786.7264727966467,1.5971321870181885e-09
3,2793.007704978826,1.5051669144973793e-09
3,2799.2889371610054,1.4114690898206153e-09
3,2805.570169343185,1.3341345747171214e-09
3,2811.851401525365,1.2477685046667697e-09
3,2818.1326337075443,1.178587696463963e-09
3,2824.413865889724,1.1116729649567254e-09
3,2830.695098071904,1.0437482681232407e-09
3,2836.976330254083,9.860670308657298e-10
3,2843.2575624362626,9.357138455517604e-10
3,2849.5387946184424,8.737033307156853e-10
3,2855.820026800622,8.209255383756652e-10
3,2862.1012589828015,7.681167024638124e-10
3,2868.382491164981,7.203234758836215e-10
3,2874.6637233471606,6.797783250279146e-10
3,2880.9449555293404,6.371966638239362e-10
3,2887.2261877115197,6.009764028240305e-10
3,2893.5074198936995,5.681620985934559e-10
3,2899.7886520758793,5.319124155713513e-10
3,2906.0698842580587,5.007954663296761e-10
3,2912.351116440238,4.705735604985425e-10
3,2918.632348622418,4.428043743357948e-10
3,2924.9135808045976,4.1152627600449115e-10
3,2931.194812986777,3.878394843095225e-10
3,2937.4760451689563,3.61306248537034e-10
3,2943.757277351136,3.403451951873122e-10
3,2950.038509533316,3.1748631301060346e-10
3,2956.319741715495,2.961005003512767e-10
3,2962.600973897675,2.7735845539870215e-10
3,2968.8822060798548,2.6140949946823854e-10
3,2975.163438262034,2.44982038960349e-10
3,2981.4446704442134,2.2839748757269365e-10
3,2987.7259026263932,2.1287747923266323e-10
3,2994.007134808573,2.0164608832910804e-10
3,3000.2883669907524,1.8715886841080844e-10
3,3006.5695991729317,1.7639499543510387e-10
3,3012.8508313551115,1.652257176896024e-10
3,3019.1320635372913,1.540211127061014e-10
3,3025.4132957194706,1.4383634108946283e-10
3,3031.6945279016504,1.3394734187382752e-10
3,3037.97576008383,1.253801658118769e-10
3,3044.2569922660095,1.178891784726847e-10
3,3050.538224448189,1.097354889148621e-10
3,3056.8194566303687,1.0265688681344383e-10
3,3063.1006888125485,9.609216855582984e-11
3,3069.381920994728,8.952672190156924e-11
3,3075.663153176907,8.412263435098823e-11
3,3081.9443853590874,7.784150519310645e-11
3,3088.2256175412667,7.273972827070853e-11
3,3094.506849723446,6.769300599587218e-11
3,3100.788081905626,6.319044805459832e-11
3,3107.0693140878057,5.89993924136387e-11
3,3113.350546269985,5.47125786260164e-11
3,3119.6317784521643,5.127523142927271e-11
3,3125.913010634344,4.760532625595365e-11
3,3132.194242816524,4.4440356053205526e-11
3,3138.4754749987032,4.149114734689191e-11
3,3144.7567071808826,3.8310802771772745e-11
3,3151.037939363063,3.584601253009516e-11
3,3157.319171545242,3.335621400307898e-11
3,3163.6004037274215,3.084335825320762e-11
3,3169.8816359096013,2.882823154980145e-11
3,3176.162868091781,2.665168694364258e-11
3,3182.4441002739604,2.479196887053753e-11
3,3188.7253324561398,2.306134176268542e-11
3,3195.0065646383196,2.126029430628377e-11
3,3201.2877968204994,1.9745350652371736e-11
3,3207.5690290026787,1.829519961566547e-11
3,3213.850261184858,1.71151189835337e-11
4,4.140616091089793,0.008132422373838401
4,10.42184827326938,0.02261458089880039
4,16.703080455448966,0.014099104931960224
4,22.984312637628552,0.002525100803724057
4,29.265544819808138,0.001340077234081856
4,35.54677700198772,0.0006196183931127008
4,41.828009184167314,0.00038274674716089316
4,48.10924136634689,0.0003247652227148327
4,54.39047354852649,0.0002968130629732814
4,60.671705730706066,0.00023506449876496588
4,66.95293791288566,0.00021233600305154877
4,73.23417009506524,0.00021240562006367332
4,79.51540227724483,0.00021206536370372536
4,85.79663445942441,0.00018951007728438288
4,92.077866641604,0.00018600887755550213
4,98.35909882378358,0.00018427929746235274
4,104.64033100596318,0.0001692423509515939
4,110.92156318814276,0.00014611452257045756
4,117.20279537032235,0.0001286323609102179
4,123.48402755250193,0.0001102471645727022
4,129.76525973468154,9.78328077005613e-05
4,136.0464919168611,0.00010458470411871048
4,142.32772409904067,0.0001029023625005796
4,148.6089562812203,0.00010217162809408474
4,154.89018846339985,0.00011070811883045338
4,161.17142064557947,0.00011021376094523602
4,167.45265282775904,0.00010664850745399565
4,173.7338850099386,0.0001110547329069041
4,180.01511719211823,9.75933826904422e-05
4,186.2963493742978,9.202431634067014e-05
4,192.57758155647736,8.127084381610408e-05
4,198.85881373865698,7.826060568925602e-05
4,205.14004592083654,7.391041983783933e-05
4,211.42127810301616,6.732889836020447e-05
4,217.70251028519573,6.658303383782222e-05
4,223.9837424673753,6.169670676492667e-05
4,230.26497464955492,6.267933217952357e-05
4,236.54620683173448,5.684171903311197e-05
4,242.82743901391405,5.500052382696895e-05
4,249.10867119609367,5.629366395202806e-05
4,255.38990337827323,5.553554422044763e-05
4,261.67113556045285,5.6485410963643675e-05
4,267.9523677426324,5.6538415314755236e-05
4,274.233599924812,5.9434408169572035e-05
4,280.51483210699155,5.794996177283129e-05
4,286.79606428917117,5.9046645755578286e-05
4,293.0772964713508,5.9513457413156625e-05
4,299.35852865353036,5.8355838203937356e-05
4,305.6397608357099,6.01821092677818e-05
4,311.9209930178895,5.785285624873952e-05
4,318.2022252000691,5.710713104254648e-05
4,324.48345738224873,5.703767198577888e-05
4,330.7646895644283,5.624886784921333e-05
4,337.04592174660786,5.5491150529716114e-05
4,343.3271539287874,5.567009497368495e-05
4,349.60838611096705,5.74003225374988e-05
4,355.8896182931466,5.649299048915777e-05
4,362.17085047532623,5.615701352120777e-05
4,368.4520826575058,5.394833445368641e-05
4,374.73331483968536,5.67360903837519e-05
4,381.0145470218649,5.3118302123648285e-05
4,387.29577920404455,5.187931184690924e-05
4,393.57701138622417,4.7798650677352234e-05
4,399.85824356840374,4.8055747331567005e-05
4,406.1394757505833,4.533048766576452e-05
4,412.42070793276287,4.360356714830664e-05
4,418.7019401149425,4.12114331985945e-05
4,424.9831722971221,3.8971936644003836e-05
4,431.2644044793017,3.888747107834567e-05
4,437.54563666148124,3.691165251046996e-05
4,443.8268688436608,3.520350105010389e-05
4,450.1081010258404,3.4155865889323954e-05
4,456.38933320802,3.236979980308505e-05
4,462.6705653901996,2.999614176496556e-05
4,468.9517975723792,2.9077014400818486e-05
4,475.23302975455874,2.767600241605191e-05
4,481.5142619367383,2.6739890532274888e-05
4,487.79549411891793,2.5674780034504838e-05
4,494.07672630109755,2.4729597090806113e-05
4,500.3579584832771,2.376557496325424e-05
4,506.6391906654567,2.3789311268206247e-05
4,512.9204228476362,2.272069393046978e-05
4,519.2016550298158,2.286994761504415e-05
4,525.4828872119955,2.171533798351784e-05
4,531.764119394175,2.129842817334774e-05
4,538.0453515763546,2.0847708217189265e-05
4,544.3265837585342,2.0602799001470974e-05
4,550.6078159407137,2.0440779640068915e-05
4,556.8890481228934,1.969913619534993e-05
4,563.170280305073,1.9731895170413796e-05
4,569.4515124872526,1.898278733340104e-05
4,575.7327446694321,1.9070142041930334e-05
4,582.0139768516117,1.845447413313903e-05
4,588.2952090337913,1.8575868301658812e-05
4,594.5764412159709,1.8732793241184777e-05
4,600.8576733981505,1.93105571418763e-05
4,607.1389055803301,1.8891101174528552e-05
4,613.4201377625096,1.925633320641589e-05
4,619.7013699446893,1.8995476440277906e-05
4,625.9826021268689,1.8172594336391576e-05
4,632.2638343090484,1.826988235371068e-05
4,638.545066491228,1.750294004814817e-05
4,644.8262986734076,1.7016439465589334e-05
4,651.1075308555871,1.7200177309236356e-05
4,657.3887630377668,1.6761999704476988e-05
4,663.6699952199464,1.722180002011018e-05
4,669.9512274021259,1.663968940835963e-05
4,676.2324595843055,1.682932995376112e-05
4,682.5136917664851,1.6717356900769913e-05
4,688.7949239486647,1.610331868397264e-05
4,695.0761561308443,1.5680565904216265e-05
4,701.3573883130239,1.5484220632052683e-05
4,707.6386204952034,1.5386833607720712e-05
4,713.919852677383,1.4901564344510795e-05
4,720.2010848595626,1.4561870207184728e-05
4,726.4823170417422,1.4670251672992513e-05
4,732.7635492239218,1.4326329671636217e-05
4,739.0447814061014,1.3651823386527793e-05
4,745.326013588281,1.3550043482659462e-05
4,751.6072457704605,1.3773410103088836e-05
4,757.8884779526402,1.372681421101095e-05
4,764.1697101348198,1.3660481352013038e-05
4,770.4509423169993,1.3389743764672812e-05
4,776.7321744991789,1.325209478032503e-05
4,783.0134066813584,1.2874486837201519e-05
4,789.294638863538,1.2600734666166831e-05
4,795.5758710457177,1.2788092883597964e-05
4,801.8571032278973,1.2420013512997395e-05
4,808.1383354100768,1.2215234860399389e-05
4,814.4195675922564,1.174264085239013e-05
4,820.7007997744361,1.1749108971939796e-05
4,826.9820319566156,1.1405582400594484e-05
4,833.2632641387952,1.1142927482715147e-05
4,839.5444963209748,1.0880325197148658e-05
4,845.8257285031543,1.0916646485030828e-05
4,852.1069606853339,1.0570410546089905e-05
4,858.3881928675136,1.0753103107291514e-05
4,864.6694250496931,1.0235265893677374e-05
4,870.9506572318727,9.998989503259283e-06
4,877.2318894140523,9.977494750632723e-06
4,883.5131215962318,9.536049538156148e-06
4,889.7943537784115,9.429995715583831e-06
4,896.0755859605911,9.20595682123157e-06
4,902.3568181427706,9.062563712830864e-06
4,908.6380503249502,8.770361160870896e-06
4,914.9192825071298,8.711752344276506e-06
4,921.2005146893093,8.486630543155405e-06
4,927.481746871489,8.209351412373038e-06
4,933.7629790536686,8.099865970221063e-06
4,940.0442112358481,7.877648113182982e-06
4,946.3254434180277,7.632729630490436e-06
4,952.6066756002073,7.5075588655899086e-06
4,958.887907782387,7.4530353834542635e-06
4,965.1691399645665,7.132163837990034e-06
4,971.4503721467461,7.026489315509389e-06
4,977.7316043289256,6.813643321083507e-06
4,984.0128365111052,6.5402289066873775e-06
4,990.2940686932848,6.342886882156887e-06
4,996.5753008754644,6.176096536833921e-06
4,1002.856533057644,6.145244780028367e-06
4,1009.1377652398236,6.06231758057293e-06
4,1015.4189974220031,5.942599870789735e-06
4,1021.7002296041827,5.9259413934887465e-06
4,1027.9814617863622,5.83522001626662e-06
4,1034.262693968542,5.726177562079772e-06
4,1040.5439261507215,5.641730305426423e-06
4,1046.825158332901,5.661972962768121e-06
4,1053.1063905150809,5.556820265380172e-06
4,1059.3876226972602,5.7226553838135505e-06
4,1065.66885487944,5.611015995830764e-06
4,1071.9500870616193,5.623180965631916e-06
4,1078.2313192437991,5.642923165093122e-06
4,1084.5125514259785,5.543703731787455e-06
4,1090.7937836081583,5.46935593359541e-06
4,1097.0750157903376,5.502041027715888e-06
4,1103.3562479725174,5.326493860013862e-06
4,1109.637480154697,5.199985187088574e-06
4,1115.9187123368765,5.238637002969074e-06
4,1122.1999445190563,5.071828150560998e-06
4,1128.4811767012357,5.049628896153359e-06
4,1134.7624088834154,5.0249474280826785e-06
4,1141.0436410655948,5.000513989272015e-06
4,1147.3248732477746,5.013585254373705e-06
4,1153.606105429954,4.977552763046211e-06
4,1159.8873376121337,4.918993980000917e-06
4,1166.168569794313,4.846688530473281e-06
4,1172.4498019764928,4.7650564371281355e-06
4,1178.7310341586726,4.76320562501358e-06
4,1185.012266340852,4.640743771134012e-06
4,1191.2934985230318,4.614159700081868e-06
4,1197.574730705211,4.603511018823513e-06
4,1203.855962887391,4.547688727243894e-06
4,1210.1371950695702,4.556010494617221e-06
4,1216.41842725175,4.480332899556627e-06
4,1222.6996594339294,4.445017348363387e-06
4,1228.9808916161091,4.405183451881295e-06
4,1235.2621237982885,4.407624062206742e-06
4,1241.5433559804683,4.29628541728182e-06
4,1247.824588162648,4.345270561087388e-06
4,1254.1058203448274,4.247761259559221e-06
4,1260.3870525270072,4.2784639435366275e-06
4,1266.6682847091865,4.2082174730180485e-06
4,1272.9495168913663,4.182862637891523e-06
4,1279.2307490735457,3.989465280013111e-06
4,1285.5119812557255,4.019162578934899e-06
4,1291.7932134379048,4.062517816217665e-06
4,1298.0744456200846,4.033053770249432e-06
4,1304.3556778022642,4.05027800457031e-06
4,1310.6369099844437,3.935858150367202e-06
4,1316.9181421666235,4.033442895553288e-06
4,1323.1993743488028,3.952591039795404e-06
4,1329.4806065309826,3.8804990553721626e-06
4,1335.761838713162,3.81728694670006e-06
4,1342.0430708953418,3.826233973287009e-06
4,1348.324303077521,3.844755460901492e-06
4,1354.605535259701,3.852279465082542e-06
4,1360.8867674418802,3.775587926643897e-06
4,1367.16799962406,3.7304060786159574e-06
4,1373.4492318062396,3.7551704284799817e-06
4,1379.7304639884192,3.66766696616872e-06
4,1386.011696170599,3.718867917120013e-06
4,1392.2929283527783,3.6530564662691084e-06
4,1398.574160534958,3.6093490794988056e-06
4,1404.8553927171374,3.63566196949772e-06
4,1411.1366248993172,3.649921271447563e-06
4,1417.4178570814965,3.6206908341333945e-06
4,1423.6990892636763,3.5647444740050192e-06
4,1429.9803214458557,3.5206680849638547e-06
4,1436.2615536280355,3.4403958134746926e-06
4,1442.542785810215,3.518763344563106e-06
4,1448.8240179923946,3.513837241931124e-06
4,1455.1052501745744,3.4940607816653817e-06
4,1461.3864823567537,3.436128334083268e-06
4,1467.6677145389335,3.3737286313705966e-06
4,1473.9489467211129,3.409456722950249e-06
4,1480.2301789032927,3.3205354184427057e-06
4,1486.511411085472,3.300981869077399e-06
4,1492.7926432676518,3.239642144229609e-06
4,1499.0738754498311,3.31487342595167e-06
4,1505.355107632011,3.2223582397151652e-06
4,1511.6363398141905,3.176138921747382e-06
4,1517.91757199637,3.100928060192009e-06
4,1524.1988041785498,3.0772575346090176e-06
4,1530.4800363607292,3.0385797942240552e-06
4,1536.761268542909,2.9403871568558157e-06
4,1543.0425007250883,2.9618041670475174e-06
4,1549.323732907268,2.916334456390495e-06
4,1555.6049650894474,2.8324190017052383e-06
4,1561.8861972716272,2.7929455227758883e-06
4,1568.1674294538066,2.707005842351625e-06
4,1574.4486616359864,2.629029709632807e-06
4,1580.7298938181661,2.5939899662337035e-06
4,1587.0111260003455,2.5912318658925637e-06
4,1593.2923581825253,2.524696360509928e-06
4,1599.5735903647046,2.4826089209576465e-06
4,1605.8548225468844,2.4051078211738484e-06
4,1612.1360547290637,2.356005365843199e-06
4,1618.4172869112435,2.344572989489743e-06
4,1624.6985190934229,2.2971874482113593e-06
4,1630.9797512756027,2.287242472093852e-06
4,1637.260983457782,2.2369446395497337e-06
4,1643.5422156399618,2.18226785570568e-06
4,1649.8234478221416,2.1549760144696642e-06
4,1656.104680004321,2.1430261478156916e-06
4,1662.3859121865007,2.1138184741198224e-06
4,1668.66714436868,2.0678420430099222e-06
4,1674.9483765508598,2.0361456588555623e-06
4,1681.2296087330392,1.9892240835307192e-06
4,1687.510840915219,1.9332790956927834e-06
4,1693.7920730973983,1.8877272387409908e-06
4,1700.073305279578,1.8382775343935657e-06
4,1706.3545374617577,1.8010386951063677e-06
4,1712.6357696439372,1.7790728465116039e-06
4,1718.917001826117,1.7411697609348704e-06
4,1725.1982340082964,1.6765532919426749e-06
4,1731.4794661904762,1.632853223061577e-06
4,1737.7606983726555,1.6014073390972335e-06
4,1744.0419305548353,1.5708354355837355e-06
4,1750.3231627370146,1.546470000041538e-06
4,1756.6043949191944,1.5078279301515247e-06
4,1762.8856271013738,1.4706042701390508e-06
4,1769.1668592835535,1.4335420438199756e-06
4,1775.4480914657331,1.407807736110755e-06
4,1781.7293236479127,1.386199522255212e-06
4,1788.0105558300925,1.3522590800037906e-06
4,1794.2917880122718,1.336427267928655e-06
4,1800.5730201944516,1.303832639875566e-06
4,1806.854252376631,1.2939947396540635e-06
4,1813.1354845588107,1.264513282248148e-06
4,1819.41671674099,1.2293197493664762e-06
4,1825.6979489231699,1.2238531618532327e-06
4,1831.9791811053492,1.1976070690017496e-06
4,1838.260413287529,1.1784075589230886e-06
4,1844.5416454697086,1.1625551121596165e-06
4,1850.8228776518881,1.1307509759491593e-06
4,1857.104109834068,1.1196823655790223e-06
4,1863.3853420162473,1.0890774382605969e-06
4,1869.666574198427,1.0710831535870648e-06
4,1875.9478063806064,1.0504509292992073e-06
4,1882.2290385627862,1.0158979780013755e-06
4,1888.5102707449655,9.872583501640965e-07
4,1894.7915029271453,9.56452976929582e-07
4,1901.0727351093246,9.311049133079225e-07
4,1907.3539672915044,8.990733663531996e-07
4,1913.635199473684,8.768090377076899e-07
4,1919.9164316558636,8.608567192901172e-07
4,1926.1976638380434,8.221565547630561e-07
4,1932.4788960202227,7.972161720813608e-07
4,1938.7601282024025,7.761187986636611e-07
4,1945.0413603845818,7.598278158522124e-07
4,1951.3225925667616,7.450674657777839e-07
4,1957.603824748941,7.196332496623804e-07
4,1963.8850569311207,7.068885757539123e-07
4,1970.1662891133,6.841899746175695e-07
4,1976.4475212954799,6.682390656128556e-07
4,1982.7287534776597,6.332752104105725e-07
4,1989.009985659839,6.120850183516089e-07
4,1995.2912178420188,5.996861656203846e-07
4,2001.5724500241981,5.79451243062302e-07
4,2007.853682206378,5.602718122174483e-07
4,2014.1349143885573,5.467078441276725e-07
4,2020.416146570737,5.263120011357294e-07
4,2026.6973787529164,5.07237958960029e-07
4,2032.9786109350962,4.846474169423135e-07
4,2039.2598431172755,4.6966525352251465e-07
4,2045.5410752994553,4.6046572383675356e-07
4,2051.822307481635,4.447326384887861e-07
4,2058.1035396638144,4.312550774066991e-07
4,2064.384771845994,4.1257346959745954e-07
4,2070.6660040281736,4.030697015557747e-07
4,2076.9472362103534,3.8971286447654526e-07
4,2083.2284683925327,3.7640011364850875e-07
4,2089.5097005747125,3.617650356857423e-07
4,2095.7909327568923,3.544709614781372e-07
4,2102.0721649390716,3.4227713091035934e-07
4,2108.353397121251,3.353441847195899e-07
4,2114.6346293034308,3.2306769288927627e-07
4,2120.9158614856105,3.112221566655715e-07
4,2127.19709366779,3.038826325528134e-07
4,2133.478325849969,2.9586561048215087e-07
4,2139.759558032149,2.859122400875052e-07
4,2146.040790214329,2.77770006700315e-07
4,2152.322022396508,2.6645136525374157e-07
4,2158.603254578688,2.561853987584424e-07
4,2164.8844867608677,2.4856681501119655e-07
4,2171.165718943047,2.394380599609339e-07
4,2177.4469511252264,2.3034552354141598e-07
4,2183.728183307406,2.246302275552278e-07
4,2190.009415489586,2.1685175189625423e-07
4,2196.2906476717653,2.0875397405739535e-07
4,2202.5718798539447,2.012854078773588e-07
4,2208.8531120361245,1.9373121647601784e-07
4,2215.1343442183042,1.867252702678892e-07
4,2221.4155764004836,1.8020680552772183e-07
4,2227.6968085826634,1.7420921619006147e-07
4,2233.978040764843,1.6859269867329404e-07
4,2240.2592729470225,1.6443147873185064e-07
4,2246.540505129202,1.579430304202739e-07
4,2252.8217373113816,1.5066665482074536e-07
4,2259.1029694935614,1.468290056977187e-07
4,2265.3842016757408,1.4137253468621443e-07
4,2271.66543385792,1.3447860775932989e-07
4,2277.9466660401004,1.2965871056311427e-07
4,2284.2278982222797,1.2474807318820784e-07
4,2290.509130404459,1.2061171345078497e-07
4,2296.790362586639,1.1566380822439556e-07
4,2303.0715947688186,1.1031308446126769e-07
4,2309.352826950998,1.0709619733563578e-07
4,2315.6340591331773,1.0305643900276434e-07
4,2321.915291315357,9.93493127080736e-08
4,2328.196523497537,9.549032049633775e-08
4,2334.477755679716,9.135845117692039e-08
4,2340.7589878618955,8.740706786676016e-08
4,2347.040220044076,8.371764467192743e-08
4,2353.321452226255,8.181202431598457e-08
4,2359.6026844084345,7.795696883671461e-08
4,2365.8839165906143,7.394476804741706e-08
4,2372.165148772794,7.200405759858734e-08
4,2378.4463809549734,6.905208852907809e-08
4,2384.7276131371527,6.540122572559512e-08
4,2391.0088453193325,6.371898169819984e-08
4,2397.2900775015123,6.098265858754333e-08
4,2403.5713096836917,5.803453886891824e-08
4,2409.852541865871,5.5333358920042606e-08
4,2416.1337740480512,5.329674469725552e-08
4,2422.4150062302306,5.097927521215627e-08
4,2428.69623841241,4.87490441908576e-08
4,2434.9774705945897,4.721294794995486e-08
4,2441.2587027767695,4.518586741623015e-08
4,2447.539934958949,4.3205807973936785e-08
4,2453.821167141128,4.1025855867500436e-08
4,2460.102399323308,3.905048873915265e-08
4,2466.3836315054878,3.793982790736676e-08
4,2472.664863687667,3.607436390322216e-08
4,2478.9460958698464,3.4234040267005114e-08
4,2485.2273280520267,3.2730173939427766e-08
4,2491.508560234206,3.1148187685709956e-08
4,2497.7897924163854,2.981068083389764e-08
4,2504.071024598565,2.8227252328774008e-08
4,2510.352256780745,2.6968118382206033e-08
4,2516.6334889629243,2.5593106108870273e-08
4,2522.9147211451036,2.4495620021610657e-08
4,2529.1959533272834,2.30374015496524e-08
4,2535.477185509463,2.1962962019434162e-08
4,2541.7584176916425,2.0794643501887102e-08
4,2548.039649873822,1.9967437085822357e-08
4,2554.320882056002,1.8718366320656505e-08
4,2560.6021142381815,1.7739711931131973e-08
4,2566.883346420361,1.7169050139955647e-08
4,2573.1645786025406,1.6222129122690505e-08
4,2579.4458107847204,1.5485462047299032e-08
4,2585.7270429668997,1.46373304340798e-08
4,2592.008275149079,1.3965477099401154e-08
4,2598.289507331259,1.3307142615965577e-08
4,2604.5707395134386,1.2732517106950958e-08
4,2610.851971695618,1.2100188422064258e-08
4,2617.1332038777978,1.1523645538910552e-08
4,2623.4144360599776,1.1077492222187742e-08
4,2629.695668242157,1.0495294821774618e-08
4,2635.9769004243362,9.918576967339014e-09
4,2642.258132606516,9.453260063438459e-09
4,2648.539364788696,9.031532540177943e-09
4,2654.820596970875,8.518438460438583e-09
4,2661.1018291530545,8.047503233654868e-09
4,2667.3830613352343,7.673714945820533e-09
4,2673.664293517414,7.240919131809283e-09
4,2679.9455256995934,6.9138793503012595e-09
4,2686.226757881773,6.552293987101587e-09
4,2692.507990063953,6.19116490370892e-09
4,2698.7892222461323,5.842885639228692e-09
4,2705.0704544283117,5.573448471496236e-09
4,2711.3516866104915,5.29470108506547e-09
4,2717.6329187926713,4.953862409812591e-09
4,2723.9141509748506,4.764450090247895e-09
4,2730.19538315703,4.480489820390583e-09
4,2736.4766153392097,4.190558839751774e-09
4,2742.7578475213895,3.974015825725474e-09
4,2749.039079703569,3.78678351932308e-09
4,2755.3203118857487,3.555784450350169e-09
4,2761.6015440679284,3.337176466477611e-09
4,2767.882776250108,3.155874418827519e-09
4,2774.164008432287,2.9463311753070222e-09
4,2780.445240614467,2.8067710515682577e-09
4,2786.7264727966467,2.6602126921593745e-09
4,2793.007704978826,2.48875154353075e-09
4,2799.2889371610054,2.3560883476263645e-09
4,2805.570169343185,2.2254795077880406e-09
4,2811.851401525365,2.0820453370404807e-09
4,2818.1326337075443,1.995142525365305e-09
4,2824.413865889724,1.862681849746331e-09
4,2830.695098071904,1.757531938649365e-09
4,2836.976330254083,1.628719420360581e-09
4,2843.2575624362626,1.5613551553860984e-09
4,2849.5387946184424,1.467055883181178e-09
4,2855.820026800622,1.3673434965098254e-09
4,2862.1012589828015,1.2939886546023955e-09
4,2868.382491164981,1.2049571470444457e-09
4,2874.6637233471606,1.1209957051401827e-09
4,2880.9449555293404,1.0681440932672582e-09
4,2887.2261877115197,9.926913042217022e-10
4,2893.5074198936995,9.478203530142944e-10
4,2899.7886520758793,8.795164129910066e-10
4,2906.0698842580587,8.287309502732057e-10
4,2912.351116440238,7.775727739215747e-10
4,2918.632348622418,7.377044076198189e-10
4,2924.9135808045976,6.870903609161789e-10
4,2931.194812986777,6.384778441782367e-10
4,2937.4760451689563,6.01014392178419e-10
4,2943.757277351136,5.681989086389658e-10
4,2950.038509533316,5.305974601575877e-10
4,2956.319741715495,4.963640918191966e-10
4,2962.600973897675,4.715460914394433e-10
4,2968.8822060798548,4.3606741628220123e-10
4,2975.163438262034,4.095924522425908e-10
4,2981.4446704442134,3.8996951558606037e-10
4,2987.7259026263932,3.643090290834582e-10
4,2994.007134808573,3.437448044999469e-10
4,3000.2883669907524,3.1952565023157675e-10
4,3006.5695991729317,3.003375663812766e-10
4,3012.8508313551115,2.8200834890727754e-10
4,3019.1320635372913,2.6632790253143815e-10
4,3025.4132957194706,2.465723196402674e-10
4,3031.6945279016504,2.3071064123820591e-10
4,3037.97576008383,2.1720589834380502e-10
4,3044.2569922660095,2.0280785498806865e-10
4,3050.538224448189,1.9087622342370702e-10
4,3056.8194566303687,1.783426934191046e-10
4,3063.1006888125485,1.657594850279688e-10
4,3069.381920994728,1.558269120835709e-10
4,3075.663153176907,1.4504768207826573e-10
4,3081.9443853590874,1.3486841679351365e-10
4,3088.2256175412667,1.263815984916905e-10
4,3094.506849723446,1.1675192582988932e-10
4,3100.788081905626,1.1011378692321324e-10
4,3107.0693140878057,1.0289918275964861e-10
4,3113.350546269985,9.535902864588158e-11
4,3119.6317784521643,8.933941123182586e-11
4,3125.913010634344,8.2334515935302e-11
4,3132.194242816524,7.704920906868336e-11
4,3138.4754749987032,7.122944982397623e-11
4,3144.7567071808826,6.609771325322016e-11
4,3151.037939363063,6.169158115554354e-11
4,3157.319171545242,5.7519749983581696e-11
4,3163.6004037274215,5.33570237698694e-11
4,3169.8816359096013,5.015043957220949e-11
4,3176.162868091781,4.671734135597682e-11
4,3182.4441002739604,4.330782931732137e-11
4,3188.7253324561398,4.0345630870566306e-11
4,3195.0065646383196,3.740026358949406e-11
4,3201.2877968204994,3.4629243251895506e-11
4,3207.5690290026787,3.2764443744941984e-11
4,3213.850261184858,3.020137198246073e-11
5,4.140616091089793,0.007006861236119323
5,10.42184827326938,0.009723096501400326
5,16.703080455448966,0.005998174545972617
5,22.984312637628552,0.007276499315933883
5,29.265544819808138,0.0034227045533003777
5,35.54677700198772,0.001522254420922313
5,41.828009184167314,0.0007569531216177803
5,48.10924136634689,0.0005880913557893589
5,54.39047354852649,0.00033049264056372125
5,60.671705730706066,0.00024765420483964696
5,66.95293791288566,0.00019305904292075905
5,73.23417009506524,0.00016406745652035933
5,79.51540227724483,0.00015343231228456754
5,85.79663445942441,0.00014767612917261972
5,92.077866641604,0.00015058014573056996
5,98.35909882378358,0.00013688124076820983
5,104.64033100596318,0.00014354225025512977
5,110.92156318814276,0.00012166373963512973
5,117.20279537032235,0.00014973438764588496
5,123.48402755250193,0.00012424015734732185
5,129.76525973468154,0.00011754603687410258
5,136.0464919168611,0.0001072191738241453
5,142.32772409904067,0.00010459739983137843
5,148.6089562812203,0.00010356747198081876
5,154.89018846339985,9.606527919294748e-05
5,161.17142064557947,0.00010061928580493416
5,167.45265282775904,8.858886045891507e-05
5,173.7338850099386,8.275292854098181e-05
5,180.01511719211823,7.405251642992746e-05
5,186.2963493742978,7.106867979579404e-05
5,192.57758155647736,6.489241048985427e-05
5,198.85881373865698,5.952775294398683e-05
5,205.14004592083654,5.668410158819483e-05
5,211.42127810301616,5.0117592915641546e-05
5,217.70251028519573,4.739326893520756e-05
5,223.9837424673753,3.975658470851014e-05
5,230.26497464955492,3.661234790154183e-05
5,236.54620683173448,3.1189397623237825e-05
5,242.82743901391405,2.950703518804168e-05
5,249.10867119609367,2.654110420230779e-05
5,255.38990337827323,2.4457907435372124e-05
5,261.67113556045285,2.3084492183795098e-05
5,267.9523677426324,2.102495111009256e-05
5,274.233599924812,2.0432846558836957e-05
5,280.51483210699155,1.8816140192552124e-05
5,286.79606428917117,1.8057730061553952e-05
5,293.0772964713508,1.7287472188304728e-05
5,299.35852865353036,1.6703268005874525e-05
5,305.6397608357099,1.694174390349094e-05
5,311.9209930178895,1.609047627786732e-05
5,318.2022252000691,1.6545934431174617e-05
5,324.48345738224873,1.5893851453101095e-05
5,330.7646895644283,1.5963166051268594e-05
5,337.04592174660786,1.6106054630337615e-05
5,343.3271539287874,1.5827972051617102e-05
5,349.60838611096705,1.58632120183204e-05
5,355.8896182931466,1.473764163122266e-05
5,362.17085047532623,1.483369145718748e-05
5,368.4520826575058,1.4545420672763575e-05
5,374.73331483968536,1.4244146054307206e-05
5,381.0145470218649,1.4082663528631916e-05
5,387.29577920404455,1.4764824616708248e-05
5,393.57701138622417,1.3907893093637002e-05
5,399.85824356840374,1.4537683773890583e-05
5,406.1394757505833,1.4246868554209675e-05
5,412.42070793276287,1.3897238840248417e-05
5,418.7019401149425,1.309538201986775e-05
5,424.9831722971221,1.2689808941924925e-05
5,431.2644044793017,1.2685287333557981e-05
5,437.54563666148124,1.2138563747703355e-05
5,443.8268688436608,1.1789511976733703e-05
5,450.1081010258404,1.1661243942171856e-05
5,456.38933320802,1.1500195794812894e-05
5,462.6705653901996,1.1113432054748102e-05
5,468.9517975723792,1.1067292911261858e-05
5,475.23302975455874,1.0823023289092256e-05
5,481.5142619367383,1.0462231965702847e-05
5,487.79549411891793,1.0507823472692714e-05
5,494.07672630109755,1.01195827589305e-05
5,500.3579584832771,9.918737672852223e-06
5,506.6391906654567,9.914830166162374e-06
5,512.9204228476362,9.617421552253397e-06
5,519.2016550298158,9.848349874798676e-06
5,525.4828872119955,9.286257840273682e-06
5,531.764119394175,9.388821883437435e-06
5,538.0453515763546,9.520198693535815e-06
5,544.3265837585342,1.016673076349372e-05
5,550.6078159407137,1.0268180901130905e-05
5,556.8890481228934,1.0708232884636973e-05
5,563.170280305073,1.0864392548007481e-05
5,569.4515124872526,1.156152173361804e-05
5,575.7327446694321,1.1613141879049644e-05
5,582.0139768516117,1.174033176566667e-05
5,588.2952090337913,1.1255287963057193e-05
5,594.5764412159709,1.0426425874668746e-05
5,600.8576733981505,1.034758228633742e-05
5,607.1389055803301,1.0013714753329255e-05
5,613.4201377625096,1.0096246328908112e-05
5,619.7013699446893,1.032170934101021e-05
5,625.9826021268689,9.819616403917184e-06
5,632.2638343090484,1.0138772344543875e-05
5,638.545066491228,9.966752929814044e-06
5,644.8262986734076,9.920105714300057e-06
5,651.1075308555871,1.0207797020905389e-05
5,657.3887630377668,1.0179626509020033e-05
5,663.6699952199464,1.0189806899547545e-05
5,669.9512274021259,1.0006220083702324e-05
5,676.2324595843055,1.0148942749074016e-05
5,682.5136917664851,9.796987570156443e-06
5,688.7949239486647,9.777473533838555e-06
5,695.0761561308443,9.77129086786725e-06
5,701.3573883130239,9.588663373627887e-06
5,707.6386204952034,9.674095119977806e-06
5,713.919852677383,9.626191480205202e-06
5,720.2010848595626,9.77283247998707e-06
5,726.4823170417422,9.712994850162436e-06
5,732.7635492239218,9.742088656357064e-06
5,739.0447814061014,9.800225397784226e-06
5,745.326013588281,9.731799463650886e-06
5,751.6072457704605,9.48688218730475e-06
5,757.8884779526402,9.3682344106439e-06
5,764.1697101348198,9.120692343855868e-06
5,770.4509423169993,8.889486082557166e-06
5,776.7321744991789,9.174394444199475e-06
5,783.0134066813584,8.921003736268285e-06
5,789.294638863538,8.816953809494082e-06
5,795.5758710457177,8.848500073776377e-06
5,801.8571032278973,8.751109649158564e-06
5,808.1383354100768,8.538748710362419e-06
5,814.4195675922564,8.462720779062669e-06
5,820.7007997744361,8.36654157151952e-06
5,826.9820319566156,8.211970007835856e-06
5,833.2632641387952,8.066388969035358e-06
5,839.5444963209748,7.825193841462779e-06
5,845.8257285031543,7.571274940968093e-06
5,852.1069606853339,7.336681538313692e-06
5,858.3881928675136,7.222693424226378e-06
5,864.6694250496931,6.992524324321987e-06
5,870.9506572318727,6.934653799595763e-06
5,877.2318894140523,6.791538264354083e-06
5,883.5131215962318,6.6454022926821124e-06
5,889.7943537784115,6.460942555222911e-06
5,896.0755859605911,6.245392582157645e-06
5,902.3568181427706,6.115696615631407e-06
5,908.6380503249502,5.893529755256249e-06
5,914.9192825071298,5.78683211365473e-06
5,921.2005146893093,5.700612352149552e-06
5,927.481746871489,5.5780243829526e-06
5,933.7629790536686,5.5827471087391e-06
5,940.0442112358481,5.420913388252925e-06
5,946.3254434180277,5.3470176660748076e-06
5,952.6066756002073,5.2552985071919666e-06
5,958.887907782387,5.117160437152264e-06
5,965.1691399645665,5.050124080806229e-06
5,971.4503721467461,4.989791500829008e-06
5,977.7316043289256,4.90299571335085e-06
5,984.0128365111052,4.802991413454247e-06
5,990.2940686932848,4.697281161218172e-06
5,996.5753008754644,4.530078898322752e-06
5,1002.856533057644,4.5470170840776665e-06
5,1009.1377652398236,4.456697818266736e-06
5,1015.4189974220031,4.364778506482705e-06
5,1021.7002296041827,4.258175519116741e-06
5,1027.9814617863622,4.161134409534794e-06
5,1034.262693968542,4.110112119421504e-06
5,1040.5439261507215,3.963882697527576e-06
5,1046.825158332901,3.997947298467109e-06
5,1053.1063905150809,3.881304677660905e-06
5,1059.3876226972602,3.821364044561985e-06
5,1065.66885487944,3.673902466417964e-06
5,1071.9500870616193,3.6268176951133543e-06
5,1078.2313192437991,3.5045927573030834e-06
5,1084.5125514259785,3.4788752503575856e-06
5,1090.7937836081583,3.4121969711997416e-06
5,1097.0750157903376,3.3730010506273163e-06
5,1103.3562479725174,3.297031692807225e-06
5,1109.637480154697,3.2438764091843528e-06
5,1115.9187123368765,3.25122810943571e-06
5,1122.1999445190563,3.1563850741050573e-06
5,1128.4811767012357,3.1510689018982094e-06
5,1134.7624088834154,3.0954255360416176e-06
5,1141.0436410655948,3.059898626812982e-06
5,1147.3248732477746,3.023585213826355e-06
5,1153.606105429954,2.9928130547684944e-06
5,1159.8873376121337,2.9826607575983454e-06
5,1166.168569794313,2.9227614283882355e-06
5,1172.4498019764928,2.902713501953856e-06
5,1178.7310341586726,2.8843272681994e-06
5,1185.012266340852,2.8107017882408493e-06
5,1191.2934985230318,2.7888473588067006e-06
5,1197.574730705211,2.7301175900475854e-06
5,1203.855962887391,2.7245100969491996e-06
5,1210.1371950695702,2.695649545008804e-06
5,1216.41842725175,2.63847081609447e-06
5,1222.6996594339294,2.59514296220787e-06
5,1228.9808916161091,2.604452762710642e-06
5,1235.2621237982885,2.559403285548615e-06
5,1241.5433559804683,2.5397290936395636e-06
5,1247.824588162648,2.488254183937658e-06
5,1254.1058203448274,2.4638515069829545e-06
5,1260.3870525270072,2.445347284450454e-06
5,1266.6682847091865,2.438839272705302e-06
5,1272.9495168913663,2.47767462678537e-06
5,1279.2307490735457,2.4422397588168317e-06
5,1285.5119812557255,2.467348703229477e-06
5,1291.7932134379048,2.4516289424676623e-06
5,1298.0744456200846,2.41534381197873e-06
5,1304.3556778022642,2.4085791427766645e-06
5,1310.6369099844437,2.38688157849714e-06
5,1316.9181421666235,2.395806017165606e-06
5,1323.1993743488028,2.390247141994905e-06
5,1329.4806065309826,2.363285318624751e-06
5,1335.761838713162,2.334377366107015e-06
5,1342.0430708953418,2.3195268372048204e-06
5,1348.324303077521,2.2824804689914843e-06
5,1354.605535259701,2.2393448348298417e-06
5,1360.8867674418802,2.260720202237725e-06
5,1367.16799962406,2.2415419493577643e-06
5,1373.4492318062396,2.2577427699471324e-06
5,1379.7304639884192,2.2070033761156214e-06
5,1386.011696170599,2.23475295495018e-06
5,1392.2929283527783,2.1848546417482386e-06
5,1398.574160534958,2.227791503242243e-06
5,1404.8553927171374,2.2031637323824075e-06
5,1411.1366248993172,2.229679510056444e-06
5,1417.4178570814965,2.1868568904593158e-06
5,1423.6990892636763,2.1970954766889895e-06
5,1429.9803214458557,2.1412932243072973e-06
5,1436.2615536280355,2.1270055827933495e-06
5,1442.542785810215,2.116640533549593e-06
5,1448.8240179923946,2.1048947762828633e-06
5,1455.1052501745744,2.0819820729982752e-06
5,1461.3864823567537,2.0858231046046112e-06
5,1467.6677145389335,2.045624267556347e-06
5,1473.9489467211129,2.0450159414404504e-06
5,1480.2301789032927,2.006319219810346e-06
5,1486.511411085472,2.020508869505848e-06
5,1492.7926432676518,2.018016817024738e-06
5,1499.0738754498311,2.0406291908159327e-06
5,1505.355107632011,2.0115965187187017e-06
5,1511.6363398141905,2.017187389562573e-06
5,1517.91757199637,2.0129025727610407e-06
5,1524.1988041785498,1.9908719985702964e-06
5,1530.4800363607292,1.985956834296851e-06
5,1536.761268542909,1.9633313611676016e-06
5,1543.0425007250883,1.9406118321285345e-06
5,1549.323732907268,1.8965125447938576e-06
5,1555.6049650894474,1.8745487604839642e-06
5,1561.8861972716272,1.8835918819710925e-06
5,1568.1674294538066,1.8363135928779504e-06
5,1574.4486616359864,1.8182619163313402e-06
5,1580.7298938181661,1.8088518898267743e-06
5,1587.0111260003455,1.8104980505317372e-06
5,1593.2923581825253,1.782447293413701e-06
5,1599.5735903647046,1.757543905608105e-06
5,1605.8548225468844,1.7412005832389917e-06
5,1612.1360547290637,1.7222381715974806e-06
5,1618.4172869112435,1.700843703712788e-06
5,1624.6985190934229,1.6651320428888303e-06
5,1630.9797512756027,1.6560929491490186e-06
5,1637.260983457782,1.6294850335204243e-06
5,1643.5422156399618,1.582341738232293e-06
5,1649.8234478221416,1.5682317427697855e-06
5,1656.104680004321,1.5602321811908171e-06
5,1662.3859121865007,1.5255461053531457e-06
5,1668.66714436868,1.4926514689950274e-06
5,1674.9483765508598,1.4671459976931182e-06
5,1681.2296087330392,1.4626229011686048e-06
5,1687.510840915219,1.443685824836464e-06
5,1693.7920730973983,1.402965764758374e-06
5,1700.073305279578,1.4055705015208789e-06
5,1706.3545374617577,1.3519824598825117e-06
5,1712.6357696439372,1.353095367089547e-06
5,1718.917001826117,1.310652119339538e-06
5,1725.1982340082964,1.2943585607007415e-06
5,1731.4794661904762,1.2711121761746723e-06
5,1737.7606983726555,1.247647669409962e-06
5,1744.0419305548353,1.2366992549811456e-06
5,1750.3231627370146,1.2038282046098273e-06
5,1756.6043949191944,1.1877350306324292e-06
5,1762.8856271013738,1.1686686748277642e-06
5,1769.1668592835535,1.1525984547276482e-06
5,1775.4480914657331,1.1246488847392743e-06
5,1781.7293236479127,1.1117154991681294e-06
5,1788.0105558300925,1.095809327471203e-06
5,1794.2917880122718,1.0856532231625194e-06
5,1800.5730201944516,1.0618991921225656e-06
5,1806.854252376631,1.0359573510590603e-06
5,1813.1354845588107,1.0211982094293767e-06
5,1819.41671674099,9.909843669492378e-07
5,1825.6979489231699,9.718572263392511e-07
5,1831.9791811053492,9.59157055376886e-07
5,1838.260413287529,9.364213549608352e-07
5,1844.5416454697086,9.185805274475663e-07
5,1850.8228776518881,9.050113370919334e-07
5,1857.104109834068,8.835997490761625e-07
5,1863.3853420162473,8.725733147630581e-07
5,1869.666574198427,8.573541406085019e-07
5,1875.9478063806064,8.448863442662231e-07
5,1882.2290385627862,8.311225230625218e-07
5,1888.5102707449655,8.051623505182804e-07
5,1894.7915029271453,7.916393525641068e-07
5,1901.0727351093246,7.718644076930552e-07
5,1907.3539672915044,7.573852290137571e-07
5,1913.635199473684,7.335677255929489e-07
5,1919.9164316558636,7.113748457053005e-07
5,1926.1976638380434,6.956158885317744e-07
5,1932.4788960202227,6.747182362581166e-07
5,1938.7601282024025,6.56511550745604e-07
5,1945.0413603845818,6.425445616941552e-07
5,1951.3225925667616,6.226248085147135e-07
5,1957.603824748941,6.202623936605517e-07
5,1963.8850569311207,5.943188372229114e-07
5,1970.1662891133,5.788249855028995e-07
5,1976.4475212954799,5.678177464188491e-07
5,1982.7287534776597,5.475073160777945e-07
5,1989.009985659839,5.335135681350456e-07
5,1995.2912178420188,5.203635866891068e-07
5,2001.5724500241981,5.00018746785746e-07
5,2007.853682206378,4.895753959589197e-07
5,2014.1349143885573,4.767316851909999e-07
5,2020.416146570737,4.7194532585701584e-07
5,2026.6973787529164,4.584031852224167e-07
5,2032.9786109350962,4.501374734176971e-07
5,2039.2598431172755,4.3919191295979956e-07
5,2045.5410752994553,4.2716560999926704e-07
5,2051.822307481635,4.1046670625849525e-07
5,2058.1035396638144,3.990626310375776e-07
5,2064.384771845994,3.833178091035987e-07
5,2070.6660040281736,3.728157760577742e-07
5,2076.9472362103534,3.604777663342459e-07
5,2083.2284683925327,3.4960560939937585e-07
5,2089.5097005747125,3.391453652677163e-07
5,2095.7909327568923,3.292401109007497e-07
5,2102.0721649390716,3.1916124233131806e-07
5,2108.353397121251,3.113598794260777e-07
5,2114.6346293034308,2.986283416831008e-07
5,2120.9158614856105,2.8878859724798936e-07
5,2127.19709366779,2.7937105579703657e-07
5,2133.478325849969,2.6773514731949406e-07
5,2139.759558032149,2.5950660646353777e-07
5,2146.040790214329,2.491787925275228e-07
5,2152.322022396508,2.4229785192457027e-07
5,2158.603254578688,2.3290309651612813e-07
5,2164.8844867608677,2.2470441263924122e-07
5,2171.165718943047,2.1857547404656588e-07
5,2177.4469511252264,2.1089226673951042e-07
5,2183.728183307406,2.035297239829232e-07
5,2190.009415489586,1.9740540385862744e-07
5,2196.2906476717653,1.895784436379158e-07
5,2202.5718798539447,1.826137647685885e-07
5,2208.8531120361245,1.7636872598296656e-07
5,2215.1343442183042,1.693911127920428e-07
5,2221.4155764004836,1.6387586003130226e-07
5,2227.6968085826634,1.5942657657950343e-07
5,2233.978040764843,1.5378181401676835e-07
5,2240.2592729470225,1.506447545866161e-07
5,2246.540505129202,1.460075432789761e-07
5,2252.8217373113816,1.4157939479392274e-07
5,2259.1029694935614,1.3629029786268048e-07
5,2265.3842016757408,1.3232841584195892e-07
5,2271.66543385792,1.2638915694243463e-07
5,2277.9466660401004,1.2191610178003287e-07
5,2284.2278982222797,1.1778239629404306e-07
5,2290.509130404459,1.1409900202968166e-07
5,2296.790362586639,1.1042466424185498e-07
5,2303.0715947688186,1.0625674780305818e-07
5,2309.352826950998,1.0200606346097736e-07
5,2315.6340591331773,9.92309675879842e-08
5,2321.915291315357,9.52057867441742e-08
5,2328.196523497537,9.08065767387044e-08
5,2334.477755679716,8.753022890278162e-08
5,2340.7589878618955,8.369229879207637e-08
5,2347.040220044076,8.040678922632363e-08
5,2353.321452226255,7.750658415106896e-08
5,2359.6026844084345,7.363658504200225e-08
5,2365.8839165906143,7.090491722713027e-08
5,2372.165148772794,6.815090032969124e-08
5,2378.4463809549734,6.574464629819597e-08
5,2384.7276131371527,6.301993792319513e-08
5,2391.0088453193325,6.082200152978759e-08
5,2397.2900775015123,5.858401199146278e-08
5,2403.5713096836917,5.5990675512497484e-08
5,2409.852541865871,5.3767235749489506e-08
5,2416.1337740480512,5.15906098577338e-08
5,2422.4150062302306,4.9420582676076336e-08
5,2428.69623841241,4.7574390980982405e-08
5,2434.9774705945897,4.59015667092698e-08
5,2441.2587027767695,4.432938808245593e-08
5,2447.539934958949,4.279279392173953e-08
5,2453.821167141128,4.0942055271187185e-08
5,2460.102399323308,3.916638120028038e-08
5,2466.3836315054878,3.726729255061527e-08
5,2472.664863687667,3.5521364005452174e-08
5,2478.9460958698464,3.3912812596577355e-08
5,2485.2273280520267,3.22171467507811e-08
5,2491.508560234206,3.092188586469995e-08
5,2497.7897924163854,2.958157048879342e-08
5,2504.071024598565,2.8183166719237134e-08
5,2510.352256780745,2.7193495677083608e-08
5,2516.6334889629243,2.5802922414424258e-08
5,2522.9147211451036,2.4514673334736052e-08
5,2529.1959533272834,2.3267098592252303e-08
5,2535.477185509463,2.1988268184318516e-08
5,2541.7584176916425,2.0942061395369267e-08
5,2548.039649873822,2.0059033815647126e-08
5,2554.320882056002,1.9088193197240377e-08
5,2560.6021142381815,1.817013756842488e-08
5,2566.883346420361,1.7309628544882886e-08
5,2573.1645786025406,1.6442498551786517e-08
5,2579.4458107847204,1.5820475873202323e-08
5,2585.7270429668997,1.500807554136783e-08
5,2592.008275149079,1.4396817897726575e-08
5,2598.289507331259,1.3639140203327034e-08
5,2604.5707395134386,1.2842161823767737e-08
5,2610.851971695618,1.2383600712177277e-08
5,2617.1332038777978,1.1747556259140996e-08
5,2623.4144360599776,1.1328985789106722e-08
5,2629.695668242157,1.0744057785699234e-08
5,2635.9769004243362,1.0162964547910696e-08
5,2642.258132606516,9.493630433781309e-09
5,2648.539364788696,9.075191812212452e-09
5,2654.820596970875,8.51385566613662e-09
5,2661.1018291530545,8.087020677522707e-09
5,2667.3830613352343,7.631817769363875e-09
5,2673.664293517414,7.2402221949476275e-09
5,2679.9455256995934,6.854201837939693e-09
5,2686.226757881773,6.46096904461637e-09
5,2692.507990063953,6.112254450402704e-09
5,2698.7892222461323,5.783654928847086e-09
5,2705.0704544283117,5.5030380083314535e-09
5,2711.3516866104915,5.185883566713099e-09
5,2717.6329187926713,4.8785025520410115e-09
5,2723.9141509748506,4.626742565371822e-09
5,2730.19538315703,4.37698703092707e-09
5,2736.4766153392097,4.147218544754738e-09
5,2742.7578475213895,3.910426311686331e-09
5,2749.039079703569,3.7152102749468463e-09
5,2755.3203118857487,3.5153589733314156e-09
5,2761.6015440679284,3.3194787082083636e-09
5,2767.882776250108,3.1217186941045194e-09
5,2774.164008432287,2.9417829798464225e-09
5,2780.445240614467,2.7788380455280917e-09
5,2786.7264727966467,2.63224001451539e-09
5,2793.007704978826,2.4905907017409823e-09
5,2799.2889371610054,2.3533090461124473e-09
5,2805.570169343185,2.225063445881418e-09
5,2811.851401525365,2.10159343961153e-09
5,2818.1326337075443,1.9915185872240856e-09
5,2824.413865889724,1.8693543100099356e-09
5,2830.695098071904,1.757588840302754e-09
5,2836.976330254083,1.6592299880539344e-09
5,2843.2575624362626,1.564519570619966e-09
5,2849.5387946184424,1.4760986675767378e-09
5,2855.820026800622,1.3880547444906548e-09
5,2862.1012589828015,1.3147193785224996e-09
5,2868.382491164981,1.2417853677853542e-09
5,2874.6637233471606,1.158505115500665e-09
5,2880.9449555293404,1.0932399769729038e-09
5,2887.2261877115197,1.0281763788638545e-09
5,2893.5074198936995,9.686699269894656e-10
5,2899.7886520758793,9.03166039113524e-10
5,2906.0698842580587,8.510460063005012e-10
5,2912.351116440238,7.99511587059677e-10
5,2918.632348622418,7.562388595242158e-10
5,2924.9135808045976,7.05407724601651e-10
5,2931.194812986777,6.676078747442757e-10
5,2937.4760451689563,6.17748490337521e-10
5,2943.757277351136,5.816845744779951e-10
5,2950.038509533316,5.409832258955154e-10
5,2956.319741715495,5.130710658740936e-10
5,2962.600973897675,4.825174187211164e-10
5,2968.8822060798548,4.519130786291081e-10
5,2975.163438262034,4.260138948066628e-10
5,2981.4446704442134,3.951649174934743e-10
5,2987.7259026263932,3.675994395967744e-10
5,2994.007134808573,3.450750822577049e-10
5,3000.2883669907524,3.2156616676142857e-10
5,3006.5695991729317,2.985819570022551e-10
5,3012.8508313551115,2.780918901358503e-10
5,3019.1320635372913,2.609852084136511e-10
5,3025.4132957194706,2.437139957600998e-10
5,3031.6945279016504,2.247536919510933e-10
5,3037.97576008383,2.1138538468827117e-10
5,3044.2569922660095,1.9743721298413827e-10
5,3050.538224448189,1.851534623342593e-10
5,3056.8194566303687,1.731493292880613e-10
5,3063.1006888125485,1.6112730716671806e-10
5,3069.381920994728,1.510714444161807e-10
5,3075.663153176907,1.410044562737852e-10
5,3081.9443853590874,1.3207224075696695e-10
5,3088.2256175412667,1.220221531513768e-10
5,3094.506849723446,1.1409783917042772e-10
5,3100.788081905626,1.0670946037506446e-10
5,3107.0693140878057,1.0020542449636865e-10
5,3113.350546269985,9.30953192393794e-11
5,3119.6317784521643,8.73892939303464e-11
5,3125.913010634344,8.128845161726946e-11
5,3132.194242816524,7.572303287783373e-11
5,3138.4754749987032,7.016220997446297e-11
5,3144.7567071808826,6.501040780999437e-11
5,3151.037939363063,6.075140316630296e-11
5,3157.319171545242,5.657371880689252e-11
5,3163.6004037274215,5.228684431954871e-11
5,3169.8816359096013,4.8760060418590546e-11
5,3176.162868091781,4.534140006473114e-11
5,3182.4441002739604,4.215939058296588e-11
5,3188.7253324561398,3.926455148450796e-11
5,3195.0065646383196,3.598725211107404e-11
5,3201.2877968204994,3.334267796514234e-11
5,3207.5690290026787,3.101786995306342e-11
5,3213.850261184858,2.8501276834618173e-11
6,4.140616091089793,0.004049734086556942
6,10.42184827326938,0.009607541556458672
6,16.703080455448966,0.004591121727844428
6,22.984312637628552,0.0021379887489713137
6,29.265544819808138,0.002207484417702515
6,35.54677700198772,0.0022246457541205385
6,41.828009184167314,0.0019013112644677727
6,48.10924136634689,0.0019399974790335677
6,54.39047354852649,0.0013748862149472044
6,60.671705730706066,0.0007330433318334462
6,66.95293791288566,0.0004331439206459186
6,73.23417009506524,0.0002446291710009616
6,79.51540227724483,0.00017195109460086354
6,85.79663445942441,0.0001615751823414193
6,92.077866641604,0.0001596152897877407
6,98.35909882378358,0.00017487610281340793
6,104.64033100596318,0.0001790050396623793
6,110.92156318814276,0.00017185257784099828
6,117.20279537032235,0.00017702915468820955
6,123.48402755250193,0.00016980657384131197
6,129.76525973468154,0.00017389498291963093
6,136.0464919168611,0.00017620747466483603
6,142.32772409904067,0.00015143707144978563
6,148.6089562812203,0.00014881485479431277
6,154.89018846339985,0.0001475677681550833
6,161.17142064557947,0.00014714299317789042
6,167.45265282775904,0.00012928959746263166
6,173.7338850099386,0.00012240351930943247
6,180.01511719211823,0.00010080475057201716
6,186.2963493742978,8.580775585387716e-05
6,192.57758155647736,7.719574890250045e-05
6,198.85881373865698,6.929354254929084e-05
6,205.14004592083654,6.063017161217954e-05
6,211.42127810301616,4.98764875666252e-05
6,217.70251028519573,4.9360802827640964e-05
6,223.9837424673753,4.073864050558954e-05
6,230.26497464955492,3.9797196615237565e-05
6,236.54620683173448,3.431148558125926e-05
6,242.82743901391405,3.348119542349967e-05
6,249.10867119609367,3.1317583902740766e-05
6,255.38990337827323,2.9870462407806165e-05
6,261.67113556045285,2.8372609973596452e-05
6,267.9523677426324,2.7030766562111958e-05
6,274.233599924812,2.7152996247962737e-05
6,280.51483210699155,2.6139442892617425e-05
6,286.79606428917117,2.734997520206377e-05
6,293.0772964713508,2.770430172563188e-05
6,299.35852865353036,2.838140125767875e-05
6,305.6397608357099,2.8795954138870395e-05
6,311.9209930178895,2.737335452382331e-05
6,318.2022252000691,2.816806197292137e-05
6,324.48345738224873,2.892375854376382e-05
6,330.7646895644283,2.9908447388974543e-05
6,337.04592174660786,3.172034848829197e-05
6,343.3271539287874,3.238451538311722e-05
6,349.60838611096705,3.2235387228957414e-05
6,355.8896182931466,3.15715399718731e-05
6,362.17085047532623,3.412656326941391e-05
6,368.4520826575058,3.324258158545788e-05
6,374.73331483968536,3.2920047284921126e-05
6,381.0145470218649,2.9184449439344614e-05
6,387.29577920404455,3.0319929014203316e-05
6,393.57701138622417,2.920893286467074e-05
6,399.85824356840374,2.8910232347818793e-05
6,406.1394757505833,2.8587792300383727e-05
6,412.42070793276287,2.8344599226968716e-05
6,418.7019401149425,2.6644446272088776e-05
6,424.9831722971221,2.5993236537849075e-05
6,431.2644044793017,2.8262147708118318e-05
6,437.54563666148124,2.739086883075014e-05
6,443.8268688436608,2.5723019048273986e-05
6,450.1081010258404,2.5204406198055292e-05
6,456.38933320802,2.531740981344934e-05
6,462.6705653901996,2.471093038569341e-05
6,468.9517975723792,2.4140369558906117e-05
6,475.23302975455874,2.3015513207677373e-05
6,481.5142619367383,2.113313656509154e-05
6,487.79549411891793,2.0529811400033743e-05
6,494.07672630109755,1.9337773285963784e-05
6,500.3579584832771,1.8169315790167658e-05
6,506.6391906654567,1.8140238597421486e-05
6,512.9204228476362,1.8058509095886282e-05
6,519.2016550298158,1.805007950973016e-05
6,525.4828872119955,1.720881904329542e-05
6,531.764119394175,1.6664351708563686e-05
6,538.0453515763546,1.5492047690112937e-05
6,544.3265837585342,1.5403308483885586e-05
6,550.6078159407137,1.5050059191211111e-05
6,556.8890481228934,1.4696278623494417e-05
6,563.170280305073,1.4643999178154174e-05
6,569.4515124872526,1.4710577680700967e-05
6,575.7327446694321,1.5063094282365689e-05
6,582.0139768516117,1.4704384748915072e-05
6,588.2952090337913,1.5076792422923953e-05
6,594.5764412159709,1.4354254455626185e-05
6,600.8576733981505,1.508049932090097e-05
6,607.1389055803301,1.5187614639836921e-05
6,613.4201377625096,1.484578574058033e-05
6,619.7013699446893,1.4847753880110177e-05
6,625.9826021268689,1.4530719836741622e-05
6,632.2638343090484,1.4351250822716697e-05
6,638.545066491228,1.3548532300814676e-05
6,644.8262986734076,1.3969455803087568e-05
6,651.1075308555871,1.313955072076383e-05
6,657.3887630377668,1.2960889781877411e-05
6,663.6699952199464,1.2817763067169226e-05
6,669.9512274021259,1.2325156009272629e-05
6,676.2324595843055,1.3081697144838996e-05
6,682.5136917664851,1.3247656209884422e-05
6,688.7949239486647,1.3090163865900882e-05
6,695.0761561308443,1.3033123558457447e-05
6,701.3573883130239,1.2693926200630448e-05
6,707.6386204952034,1.2675162101817085e-05
6,713.919852677383,1.243365237393453e-05
6,720.2010848595626,1.2381090893394466e-05
6,726.4823170417422,1.2414120136805267e-05
6,732.7635492239218,1.2090318685757467e-05
6,739.0447814061014,1.1334861763447408e-05
6,745.326013588281,1.1063197339959687e-05
6,751.6072457704605,1.1010840175268365e-05
6,757.8884779526402,1.038313007310967e-05
6,764.1697101348198,1.012637735625174e-05
6,770.4509423169993,9.547578296280868e-06
6,776.7321744991789,9.612798109203326e-06
6,783.0134066813584,9.111690386318734e-06
6,789.294638863538,9.092637723707758e-06
6,795.5758710457177,8.90437162288532e-06
6,801.8571032278973,8.480228984856545e-06
6,808.1383354100768,7.95006160402264e-06
6,814.4195675922564,7.765970159376213e-06
6,820.7007997744361,7.362504389036272e-06
6,826.9820319566156,7.046287347068673e-06
6,833.2632641387952,6.905269532108411e-06
6,839.5444963209748,6.59165378242823e-06
6,845.8257285031543,6.567306223916478e-06
6,852.1069606853339,6.1504066562049075e-06
6,858.3881928675136,6.184721362582181e-06
6,864.6694250496931,5.8510113552935445e-06
6,870.9506572318727,5.704103812862131e-06
6,877.2318894140523,5.453406282969658e-06
6,883.5131215962318,5.355845619379358e-06
6,889.7943537784115,5.2841152503005485e-06
6,896.0755859605911,5.282964972858989e-06
6,902.3568181427706,5.3924674165995486e-06
6,908.6380503249502,5.254190302782534e-06
6,914.9192825071298,5.095484389068487e-06
6,921.2005146893093,4.8412965928519695e-06
6,927.481746871489,4.63679965737436e-06
6,933.7629790536686,4.406599302094928e-06
6,940.0442112358481,4.329594068713002e-06
6,946.3254434180277,4.204400287704934e-06
6,952.6066756002073,4.1162310616675225e-06
6,958.887907782387,3.917085075599906e-06
6,965.1691399645665,3.7510336695595193e-06
6,971.4503721467461,3.6309438931884675e-06
6,977.7316043289256,3.5136786176592345e-06
6,984.0128365111052,3.349971105188738e-06
6,990.2940686932848,3.2172024116850174e-06
6,996.5753008754644,3.1152122187603174e-06
6,1002.856533057644,3.061862808374383e-06
6,1009.1377652398236,2.927861615047198e-06
6,1015.4189974220031,2.756088129930834e-06
6,1021.7002296041827,2.6489553283174994e-06
6,1027.9814617863622,2.52615269539139e-06
6,1034.262693968542,2.4643856476332806e-06
6,1040.5439261507215,2.3803381217261554e-06
6,1046.825158332901,2.347565332289847e-06
6,1053.1063905150809,2.252035128590381e-06
6,1059.3876226972602,2.213375937580783e-06
6,1065.66885487944,2.125945994932852e-06
6,1071.9500870616193,2.1263220239682555e-06
6,1078.2313192437991,2.0728076881506196e-06
6,1084.5125514259785,1.994395477007214e-06
6,1090.7937836081583,1.9483914303291395e-06
6,1097.0750157903376,1.9029743312252616e-06
6,1103.3562479725174,1.8346206432189017e-06
6,1109.637480154697,1.7564851573245414e-06
6,1115.9187123368765,1.7244426770014788e-06
6,1122.1999445190563,1.6643352185781118e-06
6,1128.4811767012357,1.6221337715686351e-06
6,1134.7624088834154,1.5762363600458607e-06
6,1141.0436410655948,1.5499955135493533e-06
6,1147.3248732477746,1.5015154330423865e-06
6,1153.606105429954,1.4676465858395484e-06
6,1159.8873376121337,1.432522842853101e-06
6,1166.168569794313,1.3868542188482901e-06
6,1172.4498019764928,1.340071108810522e-06
6,1178.7310341586726,1.3172993254665916e-06
6,1185.012266340852,1.2671377707868042e-06
6,1191.2934985230318,1.2527301425591812e-06
6,1197.574730705211,1.225767851488956e-06
6,1203.855962887391,1.2070651333874597e-06
6,1210.1371950695702,1.1590131204723403e-06
6,1216.41842725175,1.1341100134853985e-06
6,1222.6996594339294,1.1218223368859665e-06
6,1228.9808916161091,1.1043909623412755e-06
6,1235.2621237982885,1.0782250253236677e-06
6,1241.5433559804683,1.0562382766354815e-06
6,1247.824588162648,1.032595408880714e-06
6,1254.1058203448274,1.004679751280555e-06
6,1260.3870525270072,9.934400794348113e-07
6,1266.6682847091865,9.883870966773988e-07
6,1272.9495168913663,9.754316265053913e-07
6,1279.2307490735457,9.562606763351944e-07
6,1285.5119812557255,9.615240561427143e-07
6,1291.7932134379048,9.367270955568577e-07
6,1298.0744456200846,9.229368767205326e-07
6,1304.3556778022642,9.251789597353972e-07
6,1310.6369099844437,9.056584134808904e-07
6,1316.9181421666235,8.945709931732025e-07
6,1323.1993743488028,8.917069666799174e-07
6,1329.4806065309826,8.747687136306102e-07
6,1335.761838713162,8.671487396646801e-07
6,1342.0430708953418,8.607463452921584e-07
6,1348.324303077521,8.388438566755002e-07
6,1354.605535259701,8.151654709337978e-07
6,1360.8867674418802,8.025257908904493e-07
6,1367.16799962406,7.855976445399374e-07
6,1373.4492318062396,7.626069629807232e-07
6,1379.7304639884192,7.511920403813269e-07
6,1386.011696170599,7.507489819483059e-07
6,1392.2929283527783,7.407114289436542e-07
6,1398.574160534958,7.373837806121846e-07
6,1404.8553927171374,7.257565877172073e-07
6,1411.1366248993172,7.158382871113658e-07
6,1417.4178570814965,7.0871447282224e-07
6,1423.6990892636763,6.991297399971925e-07
6,1429.9803214458557,6.892337437728738e-07
6,1436.2615536280355,6.845614157035064e-07
6,1442.542785810215,6.763101791305422e-07
6,1448.8240179923946,6.689431109062135e-07
6,1455.1052501745744,6.572905497418415e-07
6,1461.3864823567537,6.558711890638613e-07
6,1467.6677145389335,6.491239618963876e-07
6,1473.9489467211129,6.490266218933031e-07
6,1480.2301789032927,6.38981836594851e-07
6,1486.511411085472,6.408603693834618e-07
6,1492.7926432676518,6.279557036341636e-07
6,1499.0738754498311,6.314153129437739e-07
6,1505.355107632011,6.27404816433564e-07
6,1511.6363398141905,6.186136891993668e-07
6,1517.91757199637,6.00257513196994e-07
6,1524.1988041785498,5.963487621455978e-07
6,1530.4800363607292,5.991955157396442e-07
6,1536.761268542909,5.901310865690908e-07
6,1543.0425007250883,5.864133412699678e-07
6,1549.323732907268,5.758437118954344e-07
6,1555.6049650894474,5.62513045327784e-07
6,1561.8861972716272,5.64674331545737e-07
6,1568.1674294538066,5.521105368073205e-07
6,1574.4486616359864,5.448857737648869e-07
6,1580.7298938181661,5.348182200051423e-07
6,1587.0111260003455,5.286284707229996e-07
6,1593.2923581825253,5.168360303798507e-07
6,1599.5735903647046,5.127702232990167e-07
6,1605.8548225468844,5.01920087069906e-07
6,1612.1360547290637,4.912240603366317e-07
6,1618.4172869112435,4.836823847756762e-07
6,1624.6985190934229,4.737682828389719e-07
6,1630.9797512756027,4.7172951786027223e-07
6,1637.260983457782,4.6448467437872797e-07
6,1643.5422156399618,4.584210788630073e-07
6,1649.8234478221416,4.4502191182265756e-07
6,1656.104680004321,4.3969294923925234e-07
6,1662.3859121865007,4.3591949347544247e-07
6,1668.66714436868,4.303551390362499e-07
6,1674.9483765508598,4.1951475837102365e-07
6,1681.2296087330392,4.1060650369649673e-07
6,1687.510840915219,4.107238858068226e-07
6,1693.7920730973983,4.0487690839935503e-07
6,1700.073305279578,3.94790215987012e-07
6,1706.3545374617577,3.8754799058853465e-07
6,1712.6357696439372,3.835063206783281e-07
6,1718.917001826117,3.7715946026009007e-07
6,1725.1982340082964,3.7409812043761714e-07
6,1731.4794661904762,3.697586858661605e-07
6,1737.7606983726555,3.6275815682637184e-07
6,1744.0419305548353,3.5795145632629524e-07
6,1750.3231627370146,3.492021060570697e-07
6,1756.6043949191944,3.445905450557324e-07
6,1762.8856271013738,3.3845167166155e-07
6,1769.1668592835535,3.3044247121397937e-07
6,1775.4480914657331,3.2279601692504887e-07
6,1781.7293236479127,3.17241676960068e-07
6,1788.0105558300925,3.1215988006211255e-07
6,1794.2917880122718,3.061121995668531e-07
6,1800.5730201944516,2.9273272920028793e-07
6,1806.854252376631,2.8783816947771996e-07
6,1813.1354845588107,2.793094132092179e-07
6,1819.41671674099,2.7411810940882807e-07
6,1825.6979489231699,2.6654037790970014e-07
6,1831.9791811053492,2.597267417000912e-07
6,1838.260413287529,2.50090495709352e-07
6,1844.5416454697086,2.4472188862890587e-07
6,1850.8228776518881,2.3605826859148306e-07
6,1857.104109834068,2.3122221549664397e-07
6,1863.3853420162473,2.2410390586583616e-07
6,1869.666574198427,2.181180426521736e-07
6,1875.9478063806064,2.1420624421894266e-07
6,1882.2290385627862,2.106100237775224e-07
6,1888.5102707449655,2.0478575202878373e-07
6,1894.7915029271453,1.9829569925014644e-07
6,1901.0727351093246,1.9174735027669986e-07
6,1907.3539672915044,1.8689155925392562e-07
6,1913.635199473684,1.8118579908561267e-07
6,1919.9164316558636,1.7400895472309003e-07
6,1926.1976638380434,1.7123754502712412e-07
6,1932.4788960202227,1.65679683333662e-07
6,1938.7601282024025,1.6081248313917646e-07
6,1945.0413603845818,1.5475615479357264e-07
6,1951.3225925667616,1.4791973875884826e-07
6,1957.603824748941,1.4374039789102599e-07
6,1963.8850569311207,1.3763542797953742e-07
6,1970.1662891133,1.3399073248023195e-07
6,1976.4475212954799,1.3122574554321267e-07
6,1982.7287534776597,1.2625619627019667e-07
6,1989.009985659839,1.2167791690458296e-07
6,1995.2912178420188,1.1860415641457076e-07
6,2001.5724500241981,1.1518858178742658e-07
6,2007.853682206378,1.1131100412300611e-07
6,2014.1349143885573,1.088033923825183e-07
6,2020.416146570737,1.0524398857684842e-07
6,2026.6973787529164,1.0124085928291674e-07
6,2032.9786109350962,9.837287398412591e-08
6,2039.2598431172755,9.521723646331205e-08
6,2045.5410752994553,9.230853643599285e-08
6,2051.822307481635,8.859366167875134e-08
6,2058.1035396638144,8.553802335079302e-08
6,2064.384771845994,8.167621915073028e-08
6,2070.6660040281736,7.928457157508613e-08
6,2076.9472362103534,7.603618619757562e-08
6,2083.2284683925327,7.368050574340237e-08
6,2089.5097005747125,7.200028008148398e-08
6,2095.7909327568923,6.987367593288341e-08
6,2102.0721649390716,6.77313731063072e-08
6,2108.353397121251,6.56913316775174e-08
6,2114.6346293034308,6.368304792254357e-08
6,2120.9158614856105,6.184605711294274e-08
6,2127.19709366779,6.004801133148692e-08
6,2133.478325849969,5.799386011797505e-08
6,2139.759558032149,5.689528614862716e-08
6,2146.040790214329,5.4321167062806485e-08
6,2152.322022396508,5.294752969887238e-08
6,2158.603254578688,5.10679416108918e-08
6,2164.8844867608677,4.923545453419741e-08
6,2171.165718943047,4.835101432887857e-08
6,2177.4469511252264,4.665571160615921e-08
6,2183.728183307406,4.5472412852548975e-08
6,2190.009415489586,4.409257153481357e-08
6,2196.2906476717653,4.246599516148103e-08
6,2202.5718798539447,4.085648303643559e-08
6,2208.8531120361245,3.938542659068009e-08
6,2215.1343442183042,3.833228152871581e-08
6,2221.4155764004836,3.772011798942098e-08
6,2227.6968085826634,3.6593986593554154e-08
6,2233.978040764843,3.552367920122975e-08
6,2240.2592729470225,3.479535373306415e-08
6,2246.540505129202,3.3758314557484155e-08
6,2252.8217373113816,3.371717859889682e-08
6,2259.1029694935614,3.3347562333002064e-08
6,2265.3842016757408,3.291261160516642e-08
6,2271.66543385792,3.233778557462025e-08
6,2277.9466660401004,3.10558604737537e-08
6,2284.2278982222797,3.00936079554709e-08
6,2290.509130404459,2.8950315681702312e-08
6,2296.790362586639,2.7613021369967548e-08
6,2303.0715947688186,2.6793226463629254e-08
6,2309.352826950998,2.534883238363372e-08
6,2315.6340591331773,2.447449659650539e-08
6,2321.915291315357,2.375606338366023e-08
6,2328.196523497537,2.264572116471787e-08
6,2334.477755679716,2.1543331857995062e-08
6,2340.7589878618955,2.009570842707091e-08
6,2347.040220044076,1.8973425341534855e-08
6,2353.321452226255,1.8081166673874814e-08
6,2359.6026844084345,1.7212817600572675e-08
6,2365.8839165906143,1.661160985376769e-08
6,2372.165148772794,1.6135200344540382e-08
6,2378.4463809549734,1.562570497787269e-08
6,2384.7276131371527,1.49574095920664e-08
6,2391.0088453193325,1.424874880028634e-08
6,2397.2900775015123,1.364321090009224e-08
6,2403.5713096836917,1.27512042186545e-08
6,2409.852541865871,1.2501153349714446e-08
6,2416.1337740480512,1.2102592720697581e-08
6,2422.4150062302306,1.1663653362118221e-08
6,2428.69623841241,1.1170584601826322e-08
6,2434.9774705945897,1.0863676953932686e-08
6,2441.2587027767695,1.0634699840382644e-08
6,2447.539934958949,1.0308577105934694e-08
6,2453.821167141128,1.0087758568268576e-08
6,2460.102399323308,9.748854917765289e-09
6,2466.3836315054878,9.353513351073924e-09
6,2472.664863687667,9.223483534553003e-09
6,2478.9460958698464,9.017545889186596e-09
6,2485.2273280520267,8.680862461073581e-09
6,2491.508560234206,8.306199945497668e-09
6,2497.7897924163854,7.82810444080187e-09
6,2504.071024598565,7.428921336138557e-09
6,2510.352256780745,6.9498407703455534e-09
6,2516.6334889629243,6.6011836631039865e-09
6,2522.9147211451036,6.207808342498427e-09
6,2529.1959533272834,5.727502396737604e-09
6,2535.477185509463,5.312074277587152e-09
6,2541.7584176916425,4.99819757324811e-09
6,2548.039649873822,4.785570688480405e-09
6,2554.320882056002,4.6647688338628145e-09
6,2560.6021142381815,4.546967648308107e-09
6,2566.883346420361,4.2884627866073614e-09
6,2573.1645786025406,4.032245298533798e-09
6,2579.4458107847204,3.8551578406733925e-09
6,2585.7270429668997,3.5994258159667826e-09
6,2592.008275149079,3.3546037814728057e-09
6,2598.289507331259,3.208161878815449e-09
6,2604.5707395134386,2.9850750272363137e-09
6,2610.851971695618,2.828993952410948e-09
6,2617.1332038777978,2.670057675405197e-09
6,2623.4144360599776,2.4913548505375015e-09
6,2629.695668242157,2.3276545558750157e-09
6,2635.9769004243362,2.2111657980243604e-09
6,2642.258132606516,2.05947581477278e-09
6,2648.539364788696,2.014432446005701e-09
6,2654.820596970875,1.8958806303499532e-09
6,2661.1018291530545,1.8037287235277068e-09
6,2667.3830613352343,1.6598871882764733e-09
6,2673.664293517414,1.5641441385056252e-09
6,2679.9455256995934,1.467175483311273e-09
6,2686.226757881773,1.3778210272199613e-09
6,2692.507990063953,1.3031683688986042e-09
6,2698.7892222461323,1.2561548432507351e-09
6,2705.0704544283117,1.1920186718537505e-09
6,2711.3516866104915,1.1270783201938894e-09
6,2717.6329187926713,1.0563879142484523e-09
6,2723.9141509748506,1.0047220540958732e-09
6,2730.19538315703,9.647603186152e-10
6,2736.4766153392097,9.12951384882977e-10
6,2742.7578475213895,8.432217731535427e-10
6,2749.039079703569,7.842114504543655e-10
6,2755.3203118857487,7.309921240031438e-10
6,2761.6015440679284,6.870857260588097e-10
6,2767.882776250108,6.474777745702839e-10
6,2774.164008432287,6.078835368830736e-10
6,2780.445240614467,5.733900225446122e-10
6,2786.7264727966467,5.3269813878306e-10
6,2793.007704978826,5.039869666464999e-10
6,2799.2889371610054,4.780182599642523e-10
6,2805.570169343185,4.4935562592657535e-10
6,2811.851401525365,4.221359413372582e-10
6,2818.1326337075443,3.9512066739639113e-10
6,2824.413865889724,3.6489597804938707e-10
6,2830.695098071904,3.448478485138678e-10
6,2836.976330254083,3.226723888393493e-10
6,2843.2575624362626,3.0363342252676716e-10
6,2849.5387946184424,2.8237827902543664e-10
6,2855.820026800622,2.6328709794507717e-10
6,2862.1012589828015,2.474212616121151e-10
6,2868.382491164981,2.316896106853001e-10
6,2874.6637233471606,2.1572921719302758e-10
6,2880.9449555293404,2.0124414344347243e-10
6,2887.2261877115197,1.872377780490041e-10
6,2893.5074198936995,1.7470261782330463e-10
6,2899.7886520758793,1.6197897629035877e-10
6,2906.0698842580587,1.5189893770778933e-10
6,2912.351116440238,1.4260445324486822e-10
6,2918.632348622418,1.3381055071530702e-10
6,2924.9135808045976,1.2478622337084462e-10
6,2931.194812986777,1.1626830079734068e-10
6,2937.4760451689563,1.0923198038775764e-10
6,2943.757277351136,1.0287202830558161e-10
6,2950.038509533316,9.543009934859057e-11
6,2956.319741715495,8.922468008644488e-11
6,2962.600973897675,8.345882653029197e-11
6,2968.8822060798548,7.900875216979663e-11
6,2975.163438262034,7.374749540004981e-11
6,2981.4446704442134,6.833826571589801e-11
6,2987.7259026263932,6.385278173919644e-11
6,2994.007134808573,5.974512751583745e-11
6,3000.2883669907524,5.5374166571176575e-11
6,3006.5695991729317,5.200940323448973e-11
6,3012.8508313551115,4.8470032812662753e-11
6,3019.1320635372913,4.522943075669023e-11
6,3025.4132957194706,4.249380269252809e-11
6,3031.6945279016504,3.925356049918506e-11
6,3037.97576008383,3.695667435908807e-11
6,3044.2569922660095,3.456303286261605e-11
6,3050.538224448189,3.21821860003349e-11
6,3056.8194566303687,3.001056674302583e-11
6,3063.1006888125485,2.799612074363728e-11
6,3069.381920994728,2.627230934739395e-11
6,3075.663153176907,2.4388068586724655e-11
6,3081.9443853590874,2.2752588292618402e-11
6,3088.2256175412667,2.1187979259281672e-11
6,3094.506849723446,1.9682847281808314e-11
6,3100.788081905626,1.8392540290783864e-11
6,3107.0693140878057,1.723159307806604e-11
6,3113.350546269985,1.5984530303048048e-11
6,3119.6317784521643,1.4938583048765536e-11
6,3125.913010634344,1.3844956163094216e-11
6,3132.194242816524,1.2919736319556527e-11
6,3138.4754749987032,1.2052124847595103e-11
6,3144.7567071808826,1.1213978754818476e-11
6,3151.037939363063,1.0392447043008596e-11
6,3157.319171545242,9.698532160354594e-12
6,3163.6004037274215,8.943496993653558e-12
6,3169.8816359096013,8.409976789868911e-12
6,3176.162868091781,7.713963431121684e-12
6,3182.4441002739604,7.182892894676539e-12
6,3188.7253324561398,6.662418795359981e-12
6,3195.0065646383196,6.240070131847621e-12
6,3201.2877968204994,5.7430044466314194e-12
6,3207.5690290026787,5.38106934897728e-12
6,3213.850261184858,5.0164677992639965e-12
7,4.140616091089793,0.002422980429004206
7,10.42184827326938,0.008205064090494532
7,16.703080455448966,0.004170899234168518
7,22.984312637628552,0.0018433113334483503
7,29.265544819808138,0.0019172229142961313
7,35.54677700198772,0.001428906650925511
7,41.828009184167314,0.0013274705629185532
7,48.10924136634689,0.0009919799566511563
7,54.39047354852649,0.0008762667776727365
7,60.671705730706066,0.0004928853729661586
7,66.95293791288566,0.0003650310870084709
7,73.23417009506524,0.00029558176008429596
7,79.51540227724483,0.00023979719210112847
7,85.79663445942441,0.00020502472162465694
7,92.077866641604,0.00021033885920094926
7,98.35909882378358,0.00019221607268920363
7,104.64033100596318,0.00016786726383155335
7,110.92156318814276,0.0001301707578301965
7,117.20279537032235,0.00012956526785974168
7,123.48402755250193,0.00010762580322646325
7,129.76525973468154,0.0001030791111891047
7,136.0464919168611,0.00011660252885401395
7,142.32772409904067,0.00013296964591723656
7,148.6089562812203,0.00012933222783795994
7,154.89018846339985,0.0001333663436030827
7,161.17142064557947,0.00014414891428371176
7,167.45265282775904,0.00012967848224696734
7,173.7338850099386,0.00013396228292071428
7,180.01511719211823,0.00013610464572961465
7,186.2963493742978,0.00014450793659501494
7,192.57758155647736,0.0001420508047288935
7,198.85881373865698,0.000139675821199818
7,205.14004592083654,0.0001374299093427512
7,211.42127810301616,0.00012787864627457384
7,217.70251028519573,0.0001229099119258442
7,223.9837424673753,0.00010758089728168412
7,230.26497464955492,9.816958044246096e-05
7,236.54620683173448,8.58598965325038e-05
7,242.82743901391405,8.005588422918766e-05
7,249.10867119609367,8.04831014211037e-05
7,255.38990337827323,8.104061372946804e-05
7,261.67113556045285,8.090676342545576e-05
7,267.9523677426324,7.666480999282894e-05
7,274.233599924812,7.198003386553636e-05
7,280.51483210699155,6.520025741128883e-05
7,286.79606428917117,6.117014506148145e-05
7,293.0772964713508,5.744029470313845e-05
7,299.35852865353036,5.4274635278655116e-05
7,305.6397608357099,5.1230423834139784e-05
7,311.9209930178895,4.764751246864881e-05
7,318.2022252000691,4.8310092828266134e-05
7,324.48345738224873,4.875681554963766e-05
7,330.7646895644283,4.547369680569964e-05
7,337.04592174660786,4.328229602391499e-05
7,343.3271539287874,4.436669427055024e-05
7,349.60838611096705,4.333795413715062e-05
7,355.8896182931466,4.170510527454892e-05
7,362.17085047532623,4.223787988149295e-05
7,368.4520826575058,4.2835117512959486e-05
7,374.73331483968536,4.531798138275463e-05
7,381.0145470218649,4.381127763456276e-05
7,387.29577920404455,4.258226117551796e-05
7,393.57701138622417,3.9669942273780143e-05
7,399.85824356840374,4.020215725062182e-05
7,406.1394757505833,3.765066577943358e-05
7,412.42070793276287,3.62369103468498e-05
7,418.7019401149425,3.540963126438349e-05
7,424.9831722971221,3.384762476610739e-05
7,431.2644044793017,3.35758868994509e-05
7,437.54563666148124,3.2098834703475735e-05
7,443.8268688436608,3.053633516821998e-05
7,450.1081010258404,2.9809010629017572e-05
7,456.38933320802,2.8254123999479312e-05
7,462.6705653901996,2.674046959950338e-05
7,468.9517975723792,2.562040474600932e-05
7,475.23302975455874,2.3783767386430444e-05
7,481.5142619367383,2.296437822757712e-05
7,487.79549411891793,2.168529160322777e-05
7,494.07672630109755,2.067624331468607e-05
7,500.3579584832771,1.9160595135166672e-05
7,506.6391906654567,1.883039183058529e-05
7,512.9204228476362,1.7955508078851123e-05
7,519.2016550298158,1.740466066923833e-05
7,525.4828872119955,1.6440902412520918e-05
7,531.764119394175,1.6143877533927462e-05
7,538.0453515763546,1.5445374890767703e-05
7,544.3265837585342,1.5216772792211149e-05
7,550.6078159407137,1.4977931297036297e-05
7,556.8890481228934,1.4731418353374121e-05
7,563.170280305073,1.4400095381526929e-05
7,569.4515124872526,1.4275031416291152e-05
7,575.7327446694321,1.3967340445808299e-05
7,582.0139768516117,1.336894128814499e-05
7,588.2952090337913,1.3404557427568369e-05
7,594.5764412159709,1.2863274223540084e-05
7,600.8576733981505,1.3116436199935719e-05
7,607.1389055803301,1.2644066688511526e-05
7,613.4201377625096,1.2649819554278524e-05
7,619.7013699446893,1.2789848942362811e-05
7,625.9826021268689,1.263375831054426e-05
7,632.2638343090484,1.2659683176765614e-05
7,638.545066491228,1.2495552916916973e-05
7,644.8262986734076,1.2595603298806473e-05
7,651.1075308555871,1.2533791208924163e-05
7,657.3887630377668,1.206657545226153e-05
7,663.6699952199464,1.221098885049519e-05
7,669.9512274021259,1.2181973416906687e-05
7,676.2324595843055,1.2334006654469772e-05
7,682.5136917664851,1.2259049462180795e-05
7,688.7949239486647,1.196909642912044e-05
7,695.0761561308443,1.1882573313455125e-05
7,701.3573883130239,1.1787550428547245e-05
7,707.6386204952034,1.1590429032100486e-05
7,713.919852677383,1.1732919010721537e-05
7,720.2010848595626,1.1547253093791897e-05
7,726.4823170417422,1.1719796956666897e-05
7,732.7635492239218,1.1562277806043058e-05
7,739.0447814061014,1.130813554253074e-05
7,745.326013588281,1.1386944325736648e-05
7,751.6072457704605,1.1310645823974862e-05
7,757.8884779526402,1.0968649427413148e-05
7,764.1697101348198,1.0964722786393285e-05
7,770.4509423169993,1.0518154577412187e-05
7,776.7321744991789,1.0570735206589548e-05
7,783.0134066813584,1.0384295812426674e-05
7,789.294638863538,1.0031990864339242e-05
7,795.5758710457177,9.921449788840254e-06
7,801.8571032278973,9.744665176628485e-06
7,808.1383354100768,9.491952832965783e-06
7,814.4195675922564,9.348472071635242e-06
7,820.7007997744361,9.340238716428368e-06
7,826.9820319566156,9.240498839148155e-06
7,833.2632641387952,9.240746803524699e-06
7,839.5444963209748,9.097490355136752e-06
7,845.8257285031543,9.16180532999858e-06
7,852.1069606853339,8.756042373094232e-06
7,858.3881928675136,8.678820718483367e-06
7,864.6694250496931,8.431117691195505e-06
7,870.9506572318727,8.22193183053236e-06
7,877.2318894140523,8.10412085238246e-06
7,883.5131215962318,7.730086399328092e-06
7,889.7943537784115,7.517825595163087e-06
7,896.0755859605911,7.240679081349432e-06
7,902.3568181427706,7.139527326014731e-06
7,908.6380503249502,6.8421764011384185e-06
7,914.9192825071298,6.696202440826041e-06
7,921.2005146893093,6.506423477469721e-06
7,927.481746871489,6.255860468514361e-06
7,933.7629790536686,6.129029986475715e-06
7,940.0442112358481,6.07921009408847e-06
7,946.3254434180277,5.854439548599392e-06
7,952.6066756002073,5.870442928520307e-06
7,958.887907782387,5.755236802037733e-06
7,965.1691399645665,5.643165318260373e-06
7,971.4503721467461,5.6149269486476e-06
7,977.7316043289256,5.481159560359658e-06
7,984.0128365111052,5.299904915558756e-06
7,990.2940686932848,5.262139349315989e-06
7,996.5753008754644,5.095147776737091e-06
7,1002.856533057644,5.027834500291705e-06
7,1009.1377652398236,4.861243319448558e-06
7,1015.4189974220031,4.758169960988032e-06
7,1021.7002296041827,4.6508116002235245e-06
7,1027.9814617863622,4.516929564885265e-06
7,1034.262693968542,4.450932177848985e-06
7,1040.5439261507215,4.274380521249164e-06
7,1046.825158332901,4.272757343284312e-06
7,1053.1063905150809,4.113724752174524e-06
7,1059.3876226972602,4.060986398355787e-06
7,1065.66885487944,3.9388794774230714e-06
7,1071.9500870616193,3.890902463024616e-06
7,1078.2313192437991,3.847309429695942e-06
7,1084.5125514259785,3.722746472388137e-06
7,1090.7937836081583,3.7140424027455476e-06
7,1097.0750157903376,3.6917402584031867e-06
7,1103.3562479725174,3.6719702548276647e-06
7,1109.637480154697,3.60963716493922e-06
7,1115.9187123368765,3.6163410596071473e-06
7,1122.1999445190563,3.5554623308836396e-06
7,1128.4811767012357,3.579193153731823e-06
7,1134.7624088834154,3.5377904366748797e-06
7,1141.0436410655948,3.5981562340631463e-06
7,1147.3248732477746,3.610434147112385e-06
7,1153.606105429954,3.640380102275121e-06
7,1159.8873376121337,3.69907002723388e-06
7,1166.168569794313,3.7423026530256942e-06
7,1172.4498019764928,3.750842662406796e-06
7,1178.7310341586726,3.7928860694053433e-06
7,1185.012266340852,3.8090019233568242e-06
7,1191.2934985230318,3.8085826978805632e-06
7,1197.574730705211,3.86921503794431e-06
7,1203.855962887391,3.891646683950579e-06
7,1210.1371950695702,3.841043400192025e-06
7,1216.41842725175,3.840798207746151e-06
7,1222.6996594339294,3.7422887815394173e-06
7,1228.9808916161091,3.859690581525404e-06
7,1235.2621237982885,3.809988394101539e-06
7,1241.5433559804683,3.7492906860217723e-06
7,1247.824588162648,3.725170852648703e-06
7,1254.1058203448274,3.6459113775858683e-06
7,1260.3870525270072,3.62261363241519e-06
7,1266.6682847091865,3.572107563952143e-06
7,1272.9495168913663,3.598009852066779e-06
7,1279.2307490735457,3.5411098148296634e-06
7,1285.5119812557255,3.532073454606366e-06
7,1291.7932134379048,3.52714068765643e-06
7,1298.0744456200846,3.480004503943356e-06
7,1304.3556778022642,3.453012970843074e-06
7,1310.6369099844437,3.35937481805505e-06
7,1316.9181421666235,3.3124718393732413e-06
7,1323.1993743488028,3.2517221858894253e-06
7,1329.4806065309826,3.1733496988681777e-06
7,1335.761838713162,3.0937047144318425e-06
7,1342.0430708953418,3.0622631733806698e-06
7,1348.324303077521,3.001494066928089e-06
7,1354.605535259701,2.987841507850295e-06
7,1360.8867674418802,2.9913867339916125e-06
7,1367.16799962406,2.944343473574871e-06
7,1373.4492318062396,2.987808096572973e-06
7,1379.7304639884192,2.908123433873083e-06
7,1386.011696170599,2.9531884232999e-06
7,1392.2929283527783,2.8978639739718258e-06
7,1398.574160534958,2.8498279573236313e-06
7,1404.8553927171374,2.7811210586686583e-06
7,1411.1366248993172,2.7137589449268848e-06
7,1417.4178570814965,2.657885333601262e-06
7,1423.6990892636763,2.61317777146806e-06
7,1429.9803214458557,2.5209872244733838e-06
7,1436.2615536280355,2.5006783027978973e-06
7,1442.542785810215,2.477212896060048e-06
7,1448.8240179923946,2.4438636021981993e-06
7,1455.1052501745744,2.4345200124537665e-06
7,1461.3864823567537,2.4017825064258626e-06
7,1467.6677145389335,2.3448030435507634e-06
7,1473.9489467211129,2.3041583911835044e-06
7,1480.2301789032927,2.253888732480323e-06
7,1486.511411085472,2.208441252654048e-06
7,1492.7926432676518,2.135404422610732e-06
7,1499.0738754498311,2.096176716590023e-06
7,1505.355107632011,2.0477030666159075e-06
7,1511.6363398141905,2.0200862679196747e-06
7,1517.91757199637,1.9907405950843876e-06
7,1524.1988041785498,1.9922686328259e-06
7,1530.4800363607292,1.987533948986015e-06
7,1536.761268542909,1.959464348445826e-06
7,1543.0425007250883,1.959463376634541e-06
7,1549.323732907268,1.9388433280821783e-06
7,1555.6049650894474,1.8894719726462627e-06
7,1561.8861972716272,1.8892925496235325e-06
7,1568.1674294538066,1.8309418028515124e-06
7,1574.4486616359864,1.7970892546078064e-06
7,1580.7298938181661,1.789846777504912e-06
7,1587.0111260003455,1.7525925387329433e-06
7,1593.2923581825253,1.7193650865466047e-06
7,1599.5735903647046,1.7176196034896426e-06
7,1605.8548225468844,1.685561679735337e-06
7,1612.1360547290637,1.6538099922943382e-06
7,1618.4172869112435,1.6448167819468008e-06
7,1624.6985190934229,1.6073768083089421e-06
7,1630.9797512756027,1.5762871593740732e-06
7,1637.260983457782,1.5378947850775297e-06
7,1643.5422156399618,1.49606357058787e-06
7,1649.8234478221416,1.4462204988151896e-06
7,1656.104680004321,1.4312906334690735e-06
7,1662.3859121865007,1.3592877867475532e-06
7,1668.66714436868,1.335922128716487e-06
7,1674.9483765508598,1.3089233535192805e-06
7,1681.2296087330392,1.288758849068259e-06
7,1687.510840915219,1.2634000822386142e-06
7,1693.7920730973983,1.2246664805067786e-06
7,1700.073305279578,1.1953568469173216e-06
7,1706.3545374617577,1.1527981381555119e-06
7,1712.6357696439372,1.1346665212287564e-06
7,1718.917001826117,1.1095559633697292e-06
7,1725.1982340082964,1.0879195382649573e-06
7,1731.4794661904762,1.0613353566004134e-06
7,1737.7606983726555,1.0471236745924894e-06
7,1744.0419305548353,1.026005697811828e-06
7,1750.3231627370146,1.015209738746441e-06
7,1756.6043949191944,1.011112645043319e-06
7,1762.8856271013738,9.867167529648518e-07
7,1769.1668592835535,9.744211678333614e-07
7,1775.4480914657331,9.57614167756297e-07
7,1781.7293236479127,9.497783534579669e-07
7,1788.0105558300925,9.383091930254749e-07
7,1794.2917880122718,9.26005253075897e-07
7,1800.5730201944516,9.107451624268978e-07
7,1806.854252376631,8.854551093775072e-07
7,1813.1354845588107,8.703030015606845e-07
7,1819.41671674099,8.478345922173416e-07
7,1825.6979489231699,8.275671166803882e-07
7,1831.9791811053492,8.037539080943468e-07
7,1838.260413287529,7.846984949666947e-07
7,1844.5416454697086,7.603030702370634e-07
7,1850.8228776518881,7.463127667997691e-07
7,1857.104109834068,7.302405266345264e-07
7,1863.3853420162473,7.1205646787976e-07
7,1869.666574198427,6.896461168706956e-07
7,1875.9478063806064,6.834419433836172e-07
7,1882.2290385627862,6.665125690907384e-07
7,1888.5102707449655,6.455669334269201e-07
7,1894.7915029271453,6.252942706001139e-07
7,1901.0727351093246,6.056460325913484e-07
7,1907.3539672915044,5.979397785104787e-07
7,1913.635199473684,5.776956325863703e-07
7,1919.9164316558636,5.621253615729461e-07
7,1926.1976638380434,5.533996997820007e-07
7,1932.4788960202227,5.380892335321801e-07
7,1938.7601282024025,5.278848039508291e-07
7,1945.0413603845818,5.175532854500991e-07
7,1951.3225925667616,5.011596837108689e-07
7,1957.603824748941,4.859619892497632e-07
7,1963.8850569311207,4.680037212720428e-07
7,1970.1662891133,4.611076316747908e-07
7,1976.4475212954799,4.4799414819537947e-07
7,1982.7287534776597,4.3398306791102156e-07
7,1989.009985659839,4.269534910540913e-07
7,1995.2912178420188,4.130358706992085e-07
7,2001.5724500241981,4.007942439262385e-07
7,2007.853682206378,3.9085903786692355e-07
7,2014.1349143885573,3.840931544925888e-07
7,2020.416146570737,3.796360756616736e-07
7,2026.6973787529164,3.7285216381098467e-07
7,2032.9786109350962,3.6718051625755255e-07
7,2039.2598431172755,3.639196573604098e-07
7,2045.5410752994553,3.560328065756626e-07
7,2051.822307481635,3.4746370136379445e-07
7,2058.1035396638144,3.401035251159378e-07
7,2064.384771845994,3.308301827259093e-07
7,2070.6660040281736,3.278119864359733e-07
7,2076.9472362103534,3.191408667137996e-07
7,2083.2284683925327,3.121152322907636e-07
7,2089.5097005747125,3.0239612906845757e-07
7,2095.7909327568923,2.946404415157852e-07
7,2102.0721649390716,2.821444667541352e-07
7,2108.353397121251,2.7277821149960286e-07
7,2114.6346293034308,2.621264022720061e-07
7,2120.9158614856105,2.499468479406282e-07
7,2127.19709366779,2.423551300983329e-07
7,2133.478325849969,2.322239926907268e-07
7,2139.759558032149,2.2411286997039328e-07
7,2146.040790214329,2.130973153886749e-07
7,2152.322022396508,2.061952204427777e-07
7,2158.603254578688,1.9681989280404403e-07
7,2164.8844867608677,1.8926574854037296e-07
7,2171.165718943047,1.8158725139300678e-07
7,2177.4469511252264,1.7255327394606881e-07
7,2183.728183307406,1.6586366305849094e-07
7,2190.009415489586,1.593525919866661e-07
7,2196.2906476717653,1.5304405595491931e-07
7,2202.5718798539447,1.469245127036251e-07
7,2208.8531120361245,1.4176031170182888e-07
7,2215.1343442183042,1.3622892543633556e-07
7,2221.4155764004836,1.3337213642233767e-07
7,2227.6968085826634,1.2939264451918223e-07
7,2233.978040764843,1.2569106504311817e-07
7,2240.2592729470225,1.2242943723222482e-07
7,2246.540505129202,1.1817152636281966e-07
7,2252.8217373113816,1.1493150816013223e-07
7,2259.1029694935614,1.0924477415481192e-07
7,2265.3842016757408,1.0596393590957135e-07
7,2271.66543385792,1.0181745815722718e-07
7,2277.9466660401004,9.832593400486217e-08
7,2284.2278982222797,9.502325240113077e-08
7,2290.509130404459,9.160672781900404e-08
7,2296.790362586639,8.86586438308472e-08
7,2303.0715947688186,8.544110796394024e-08
7,2309.352826950998,8.212067540295641e-08
7,2315.6340591331773,7.944343426668622e-08
7,2321.915291315357,7.679100154456416e-08
7,2328.196523497537,7.301096334251894e-08
7,2334.477755679716,7.06389721100509e-08
7,2340.7589878618955,6.701473377401732e-08
7,2347.040220044076,6.444735994477797e-08
7,2353.321452226255,6.189267309443488e-08
7,2359.6026844084345,5.9070969859298606e-08
7,2365.8839165906143,5.6308653003324297e-08
7,2372.165148772794,5.385779556330762e-08
7,2378.4463809549734,5.2018101920834424e-08
7,2384.7276131371527,4.925458246896273e-08
7,2391.0088453193325,4.664811589879302e-08
7,2397.2900775015123,4.4888466515391266e-08
7,2403.5713096836917,4.26662128162667e-08
7,2409.852541865871,4.069322868528574e-08
7,2416.1337740480512,3.904215592905183e-08
7,2422.4150062302306,3.7639534356955124e-08
7,2428.69623841241,3.6255011421437825e-08
7,2434.9774705945897,3.465974262915914e-08
7,2441.2587027767695,3.353300068081106e-08
7,2447.539934958949,3.1998219091826796e-08
7,2453.821167141128,3.080064541990507e-08
7,2460.102399323308,2.9213085253822342e-08
7,2466.3836315054878,2.7867344020841637e-08
7,2472.664863687667,2.6702004936127017e-08
7,2478.9460958698464,2.5544602881983052e-08
7,2485.2273280520267,2.4766961161847267e-08
7,2491.508560234206,2.3551856473795723e-08
7,2497.7897924163854,2.2552611446637358e-08
7,2504.071024598565,2.1602064761286175e-08
7,2510.352256780745,2.06110952393572e-08
7,2516.6334889629243,1.9657090824710004e-08
7,2522.9147211451036,1.8726612087356425e-08
7,2529.1959533272834,1.7960954556074344e-08
7,2535.477185509463,1.721550893518278e-08
7,2541.7584176916425,1.6460611925385867e-08
7,2548.039649873822,1.5712280323219625e-08
7,2554.320882056002,1.495430638816616e-08
7,2560.6021142381815,1.414402910280342e-08
7,2566.883346420361,1.353075075675479e-08
7,2573.1645786025406,1.2773724673869509e-08
7,2579.4458107847204,1.2240948804756263e-08
7,2585.7270429668997,1.15704237664239e-08
7,2592.008275149079,1.0974214121415451e-08
7,2598.289507331259,1.0399079493483481e-08
7,2604.5707395134386,9.872322747516743e-09
7,2610.851971695618,9.37130746148063e-09
7,2617.1332038777978,8.898170274250087e-09
7,2623.4144360599776,8.423278353452059e-09
7,2629.695668242157,7.89621471836255e-09
7,2635.9769004243362,7.460360874051642e-09
7,2642.258132606516,7.0332876303592845e-09
7,2648.539364788696,6.661696720141685e-09
7,2654.820596970875,6.258037873807996e-09
7,2661.1018291530545,5.957032111882861e-09
7,2667.3830613352343,5.621541277217077e-09
7,2673.664293517414,5.321051237470612e-09
7,2679.9455256995934,5.046289364416102e-09
7,2686.226757881773,4.7830374159459164e-09
7,2692.507990063953,4.5278929905588276e-09
7,2698.7892222461323,4.310331630309439e-09
7,2705.0704544283117,4.115991421182538e-09
7,2711.3516866104915,3.914611960716365e-09
7,2717.6329187926713,3.685031205776412e-09
7,2723.9141509748506,3.5359671315060953e-09
7,2730.19538315703,3.341844344446841e-09
7,2736.4766153392097,3.1620849585447652e-09
7,2742.7578475213895,2.9847778717485733e-09
7,2749.039079703569,2.8224487014212252e-09
7,2755.3203118857487,2.6535551293417496e-09
7,2761.6015440679284,2.4833677903869354e-09
7,2767.882776250108,2.371691484235264e-09
7,2774.164008432287,2.2135558148801515e-09
7,2780.445240614467,2.0920278224988966e-09
7,2786.7264727966467,1.972788439416962e-09
7,2793.007704978826,1.8527390662415952e-09
7,2799.2889371610054,1.7441846291545369e-09
7,2805.570169343185,1.6390439097294638e-09
7,2811.851401525365,1.5475277891352098e-09
7,2818.1326337075443,1.4556305479954376e-09
7,2824.413865889724,1.3667241859208215e-09
7,2830.695098071904,1.301081772608694e-09
7,2836.976330254083,1.2160923332248175e-09
7,2843.2575624362626,1.1458104884346863e-09
7,2849.5387946184424,1.0780506520452297e-09
7,2855.820026800622,1.0167894666019442e-09
7,2862.1012589828015,9.487149975408794e-10
7,2868.382491164981,8.986076027426723e-10
7,2874.6637233471606,8.354196823979768e-10
7,2880.9449555293404,7.837359635202093e-10
7,2887.2261877115197,7.294657167731679e-10
7,2893.5074198936995,6.844125840224808e-10
7,2899.7886520758793,6.406301999453006e-10
7,2906.0698842580587,6.006965380857947e-10
7,2912.351116440238,5.600377443439944e-10
7,2918.632348622418,5.276142856212949e-10
7,2924.9135808045976,4.914936458718443e-10
7,2931.194812986777,4.540388739322708e-10
7,2937.4760451689563,4.270580254049599e-10
7,2943.757277351136,3.996584355119438e-10
7,2950.038509533316,3.7367964834013915e-10
7,2956.319741715495,3.502824029890423e-10
7,2962.600973897675,3.276986899935498e-10
7,2968.8822060798548,3.087057340699631e-10
7,2975.163438262034,2.879231552447808e-10
7,2981.4446704442134,2.707573043009791e-10
7,2987.7259026263932,2.5369913466349216e-10
7,2994.007134808573,2.3900241832718513e-10
7,3000.2883669907524,2.2239031360157782e-10
7,3006.5695991729317,2.096338291835196e-10
7,3012.8508313551115,1.9617564731131823e-10
7,3019.1320635372913,1.8353920092859251e-10
7,3025.4132957194706,1.7357165627310118e-10
7,3031.6945279016504,1.6084345358962838e-10
7,3037.97576008383,1.4983734536743886e-10
7,3044.2569922660095,1.4011977083725155e-10
7,3050.538224448189,1.2949705072861779e-10
7,3056.8194566303687,1.2044601984230638e-10
7,3063.1006888125485,1.1173038960386466e-10
7,3069.381920994728,1.0442579376720966e-10
7,3075.663153176907,9.703548125213306e-11
7,3081.9443853590874,8.980607936355316e-11
7,3088.2256175412667,8.31331161594033e-11
7,3094.506849723446,7.789821607594158e-11
7,3100.788081905626,7.237110319658577e-11
7,3107.0693140878057,6.725757654234109e-11
7,3113.350546269985,6.257514364722151e-11
7,3119.6317784521643,5.851128860875999e-11
7,3125.913010634344,5.422002639867681e-11
7,3132.194242816524,5.0814143336240005e-11
7,3138.4754749987032,4.697978093839685e-11
7,3144.7567071808826,4.387849341508278e-11
7,3151.037939363063,4.092377837687621e-11
7,3157.319171545242,3.826865115075688e-11
7,3163.6004037274215,3.52543896855678e-11
7,3169.8816359096013,3.3127072553703085e-11
7,3176.162868091781,3.0552849385204186e-11
7,3182.4441002739604,2.8439788016547236e-11
7,3188.7253324561398,2.6452162622758392e-11
7,3195.0065646383196,2.4473989042773667e-11
7,3201.2877968204994,2.2770494710518268e-11
7,3207.5690290026787,2.108088760744319e-11
7,3213.850261184858,1.9790658658918152e-11
8,4.140616091089793,0.004093215816409546
8,10.42184827326938,0.012208404388837264
8,16.703080455448966,0.010039416957409703
8,22.984312637628552,0.0023544310993388906
8,29.265544819808138,0.0018941785742022893
8,35.54677700198772,0.0007493169966380745
8,41.828009184167314,0.0004147600659526433
8,48.10924136634689,0.00044452540223067523
8,54.39047354852649,0.0003173112681649448
8,60.671705730706066,0.00028365608793926706
8,66.95293791288566,0.0003133256277077047
8,73.23417009506524,0.0002841438834484907
8,79.51540227724483,0.00026169839366724495
8,85.79663445942441,0.0002419430624810409
8,92.077866641604,0.00022923320478629403
8,98.35909882378358,0.0001891597176979261
8,104.64033100596318,0.0001647640125397687
8,110.92156318814276,0.00012371503899789263
8,117.20279537032235,0.00010958621647178003
8,123.48402755250193,7.944734620286234e-05
8,129.76525973468154,6.310808121537016e-05
8,136.0464919168611,5.703150059307653e-05
8,142.32772409904067,4.9513383439443376e-05
8,148.6089562812203,4.125890264300845e-05
8,154.89018846339985,3.725796557448612e-05
8,161.17142064557947,4.223144189455094e-05
8,167.45265282775904,4.0297108546021744e-05
8,173.7338850099386,4.09459037972599e-05
8,180.01511719211823,3.9692486410101845e-05
8,186.2963493742978,3.833272012435235e-05
8,192.57758155647736,3.97099153641974e-05
8,198.85881373865698,3.690442955989956e-05
8,205.14004592083654,3.86702651389562e-05
8,211.42127810301616,3.471737028838232e-05
8,217.70251028519573,3.641878531867382e-05
8,223.9837424673753,3.520534429496624e-05
8,230.26497464955492,3.5551095887519305e-05
8,236.54620683173448,3.36717980314468e-05
8,242.82743901391405,3.2787859141488424e-05
8,249.10867119609367,3.314495925852904e-05
8,255.38990337827323,3.385489098082932e-05
8,261.67113556045285,3.3801714309685414e-05
8,267.9523677426324,3.2808554314054125e-05
8,274.233599924812,3.3471490419430636e-05
8,280.51483210699155,3.2524591100299e-05
8,286.79606428917117,3.282658083089554e-05
8,293.0772964713508,3.432923505256551e-05
8,299.35852865353036,3.511275577608658e-05
8,305.6397608357099,3.7015205434378666e-05
8,311.9209930178895,3.576517455742491e-05
8,318.2022252000691,3.563088554311312e-05
8,324.48345738224873,3.532618169564469e-05
8,330.7646895644283,3.4063539994956786e-05
8,337.04592174660786,3.386571791026713e-05
8,343.3271539287874,3.4017429750708066e-05
8,349.60838611096705,3.517182945845169e-05
8,355.8896182931466,3.27527323039131e-05
8,362.17085047532623,3.2259068005036814e-05
8,368.4520826575058,3.139530858685805e-05
8,374.73331483968536,3.091386615835211e-05
8,381.0145470218649,2.8908972975777565e-05
8,387.29577920404455,2.8424400235266164e-05
8,393.57701138622417,2.7228962193678284e-05
8,399.85824356840374,2.7208558467531146e-05
8,406.1394757505833,2.6257306180213476e-05
8,412.42070793276287,2.5840326054831467e-05
8,418.7019401149425,2.4568790781240527e-05
8,424.9831722971221,2.3703433254710496e-05
8,431.2644044793017,2.3893841703567738e-05
8,437.54563666148124,2.1818510742580722e-05
8,443.8268688436608,2.1027670942549966e-05
8,450.1081010258404,2.104951045089136e-05
8,456.38933320802,1.9687897711861485e-05
8,462.6705653901996,1.9630085930253324e-05
8,468.9517975723792,1.8459194687700756e-05
8,475.23302975455874,1.7744126125908022e-05
8,481.5142619367383,1.7144452436166084e-05
8,487.79549411891793,1.7003771795911594e-05
8,494.07672630109755,1.6723151705235938e-05
8,500.3579584832771,1.6197618929411023e-05
8,506.6391906654567,1.6099845458765937e-05
8,512.9204228476362,1.5420031989661708e-05
8,519.2016550298158,1.522351535732349e-05
8,525.4828872119955,1.4308633662516417e-05
8,531.764119394175,1.4409743923542668e-05
8,538.0453515763546,1.3816653575353053e-05
8,544.3265837585342,1.3878280638830529e-05
8,550.6078159407137,1.3700986547697555e-05
8,556.8890481228934,1.3729297465405586e-05
8,563.170280305073,1.4237983590807314e-05
8,569.4515124872526,1.382738969466873e-05
8,575.7327446694321,1.4008662527967655e-05
8,582.0139768516117,1.3727542653542865e-05
8,588.2952090337913,1.3648689572958653e-05
8,594.5764412159709,1.345278005124226e-05
8,600.8576733981505,1.3393860981530088e-05
8,607.1389055803301,1.2958080690765417e-05
8,613.4201377625096,1.2845078487325165e-05
8,619.7013699446893,1.2487684504812756e-05
8,625.9826021268689,1.2043891608649828e-05
8,632.2638343090484,1.191363525078592e-05
8,638.545066491228,1.1575989684713173e-05
8,644.8262986734076,1.1745309722189117e-05
8,651.1075308555871,1.1582646074391613e-05
8,657.3887630377668,1.1213485139765423e-05
8,663.6699952199464,1.135331430155411e-05
8,669.9512274021259,1.0596131561652619e-05
8,676.2324595843055,1.0891553168858375e-05
8,682.5136917664851,1.0651286179892846e-05
8,688.7949239486647,1.046088451995222e-05
8,695.0761561308443,1.0305094429243517e-05
8,701.3573883130239,1.0161226205026732e-05
8,707.6386204952034,9.916124668267252e-06
8,713.919852677383,9.809613323437746e-06
8,720.2010848595626,9.802469174689652e-06
8,726.4823170417422,9.76992709775035e-06
8,732.7635492239218,9.62953158256285e-06
8,739.0447814061014,9.391495753029515e-06
8,745.326013588281,9.464184884522422e-06
8,751.6072457704605,9.386732581769508e-06
8,757.8884779526402,9.236135526546194e-06
8,764.1697101348198,9.102915427530476e-06
8,770.4509423169993,9.115221360837431e-06
8,776.7321744991789,9.01457697293223e-06
8,783.0134066813584,8.854870433281092e-06
8,789.294638863538,8.602863729367522e-06
8,795.5758710457177,8.460574049544137e-06
8,801.8571032278973,8.387795248121025e-06
8,808.1383354100768,8.226831389934774e-06
8,814.4195675922564,8.250953343514716e-06
8,820.7007997744361,8.32914453988237e-06
8,826.9820319566156,8.090834971400674e-06
8,833.2632641387952,8.112966299494122e-06
8,839.5444963209748,8.016099913727502e-06
8,845.8257285031543,8.004144753940668e-06
8,852.1069606853339,7.7858123010287e-06
8,858.3881928675136,7.78793554802297e-06
8,864.6694250496931,7.521200013714015e-06
8,870.9506572318727,7.486295944720085e-06
8,877.2318894140523,7.424481403179997e-06
8,883.5131215962318,7.163931166192925e-06
8,889.7943537784115,7.079160434084621e-06
8,896.0755859605911,6.767748213349362e-06
8,902.3568181427706,6.787060133511311e-06
8,908.6380503249502,6.535472371107989e-06
8,914.9192825071298,6.480821947488274e-06
8,921.2005146893093,6.292427213805443e-06
8,927.481746871489,6.17661938335151e-06
8,933.7629790536686,6.0644664351063395e-06
8,940.0442112358481,5.941749502990202e-06
8,946.3254434180277,5.848592069929287e-06
8,952.6066756002073,5.711401661352315e-06
8,958.887907782387,5.575835971329732e-06
8,965.1691399645665,5.604127578240412e-06
8,971.4503721467461,5.456845698080285e-06
8,977.7316043289256,5.4024925201997e-06
8,984.0128365111052,5.330845956621064e-06
8,990.2940686932848,5.1491146940153174e-06
8,996.5753008754644,5.030084009891561e-06
8,1002.856533057644,5.0293060989333864e-06
8,1009.1377652398236,4.8325053303700996e-06
8,1015.4189974220031,4.824660699983491e-06
8,1021.7002296041827,4.8168251287963896e-06
8,1027.9814617863622,4.758014669850713e-06
8,1034.262693968542,4.668893802313086e-06
8,1040.5439261507215,4.630835048662434e-06
8,1046.825158332901,4.576214679001138e-06
8,1053.1063905150809,4.4942739653654615e-06
8,1059.3876226972602,4.4242136786176215e-06
8,1065.66885487944,4.320552487841097e-06
8,1071.9500870616193,4.365435379611668e-06
8,1078.2313192437991,4.260484941830503e-06
8,1084.5125514259785,4.259353587726376e-06
8,1090.7937836081583,4.1817346866096096e-06
8,1097.0750157903376,4.193285319223105e-06
8,1103.3562479725174,4.153590933464008e-06
8,1109.637480154697,4.056533181553506e-06
8,1115.9187123368765,4.049122097953386e-06
8,1122.1999445190563,3.976135862433142e-06
8,1128.4811767012357,3.984874919165521e-06
8,1134.7624088834154,3.890865056634828e-06
8,1141.0436410655948,3.8384099692359635e-06
8,1147.3248732477746,3.8121043788815223e-06
8,1153.606105429954,3.819017948164638e-06
8,1159.8873376121337,3.841358173700067e-06
8,1166.168569794313,3.8121608309755652e-06
8,1172.4498019764928,3.7407347780740474e-06
8,1178.7310341586726,3.7485858401554728e-06
8,1185.012266340852,3.688647859929219e-06
8,1191.2934985230318,3.7587768716218145e-06
8,1197.574730705211,3.668643821297094e-06
8,1203.855962887391,3.77251855134891e-06
8,1210.1371950695702,3.664957121811496e-06
8,1216.41842725175,3.6258555746039572e-06
8,1222.6996594339294,3.6358870430209695e-06
8,1228.9808916161091,3.594347466028131e-06
8,1235.2621237982885,3.5700880818832828e-06
8,1241.5433559804683,3.5706947497694967e-06
8,1247.824588162648,3.5072453692931566e-06
8,1254.1058203448274,3.5586480174808412e-06
8,1260.3870525270072,3.4967405902524713e-06
8,1266.6682847091865,3.4896718608046934e-06
8,1272.9495168913663,3.451486948648705e-06
8,1279.2307490735457,3.363121677286404e-06
8,1285.5119812557255,3.3447507530508763e-06
8,1291.7932134379048,3.317917242449531e-06
8,1298.0744456200846,3.3290526499584314e-06
8,1304.3556778022642,3.2764017816644784e-06
8,1310.6369099844437,3.237612986139514e-06
8,1316.9181421666235,3.18666916626347e-06
8,1323.1993743488028,3.1536567196885457e-06
8,1329.4806065309826,3.1216107594851865e-06
8,1335.761838713162,3.053892309731274e-06
8,1342.0430708953418,3.0702291283548916e-06
8,1348.324303077521,3.0401891677933174e-06
8,1354.605535259701,3.0311096879403156e-06
8,1360.8867674418802,3.069280021974217e-06
8,1367.16799962406,2.985584098073465e-06
8,1373.4492318062396,3.0234169927378207e-06
8,1379.7304639884192,2.9513759712806262e-06
8,1386.011696170599,3.0021045833327436e-06
8,1392.2929283527783,2.9270152095043748e-06
8,1398.574160534958,2.9317615975642124e-06
8,1404.8553927171374,2.894132637471644e-06
8,1411.1366248993172,2.881814078479662e-06
8,1417.4178570814965,2.844611473171537e-06
8,1423.6990892636763,2.8253924289123203e-06
8,1429.9803214458557,2.7765856519023505e-06
8,1436.2615536280355,2.754885522595751e-06
8,1442.542785810215,2.7042892016589156e-06
8,1448.8240179923946,2.6864754334963526e-06
8,1455.1052501745744,2.6003870824098666e-06
8,1461.3864823567537,2.5738899588528997e-06
8,1467.6677145389335,2.5080705506412216e-06
8,1473.9489467211129,2.5188648487020816e-06
8,1480.2301789032927,2.4489878400857537e-06
8,1486.511411085472,2.4760250044619927e-06
8,1492.7926432676518,2.3945078038884166e-06
8,1499.0738754498311,2.401931700471244e-06
8,1505.355107632011,2.3313686174338264e-06
8,1511.6363398141905,2.3208093214716035e-06
8,1517.91757199637,2.277692748323197e-06
8,1524.1988041785498,2.25556158158681e-06
8,1530.4800363607292,2.2491503582230146e-06
8,1536.761268542909,2.2182229741689326e-06
8,1543.0425007250883,2.2108379230969824e-06
8,1549.323732907268,2.1882881556794413e-06
8,1555.6049650894474,2.1431825364386642e-06
8,1561.8861972716272,2.134358030544552e-06
8,1568.1674294538066,2.104827706819094e-06
8,1574.4486616359864,2.0531543340137095e-06
8,1580.7298938181661,2.015000539639416e-06
8,1587.0111260003455,1.983359558869872e-06
8,1593.2923581825253,1.9382734874499145e-06
8,1599.5735903647046,1.922726826074455e-06
8,1605.8548225468844,1.9109546952815174e-06
8,1612.1360547290637,1.8829168150067126e-06
8,1618.4172869112435,1.8413624120376094e-06
8,1624.6985190934229,1.8038899663422363e-06
8,1630.9797512756027,1.7752827109802216e-06
8,1637.260983457782,1.73685136047755e-06
8,1643.5422156399618,1.7260480347378538e-06
8,1649.8234478221416,1.6772819607718827e-06
8,1656.104680004321,1.6654959131629235e-06
8,1662.3859121865007,1.641672484191901e-06
8,1668.66714436868,1.6266286164352998e-06
8,1674.9483765508598,1.5968125520780512e-06
8,1681.2296087330392,1.571338118022369e-06
8,1687.510840915219,1.5503124451839713e-06
8,1693.7920730973983,1.5258351621450643e-06
8,1700.073305279578,1.5020706353341726e-06
8,1706.3545374617577,1.4640215225423256e-06
8,1712.6357696439372,1.43546388156331e-06
8,1718.917001826117,1.4186785408205572e-06
8,1725.1982340082964,1.3575323875369824e-06
8,1731.4794661904762,1.3406532912441172e-06
8,1737.7606983726555,1.3045664382127844e-06
8,1744.0419305548353,1.2861954131767707e-06
8,1750.3231627370146,1.2550362356503651e-06
8,1756.6043949191944,1.2510571247073437e-06
8,1762.8856271013738,1.2228916502010216e-06
8,1769.1668592835535,1.1825962720577735e-06
8,1775.4480914657331,1.160513984145104e-06
8,1781.7293236479127,1.1275614015260721e-06
8,1788.0105558300925,1.0968295926515615e-06
8,1794.2917880122718,1.0751588244463997e-06
8,1800.5730201944516,1.045897081688637e-06
8,1806.854252376631,1.0196600828651652e-06
8,1813.1354845588107,1.0021881891448036e-06
8,1819.41671674099,9.787889252634575e-07
8,1825.6979489231699,9.78430486764635e-07
8,1831.9791811053492,9.520213254852582e-07
8,1838.260413287529,9.362193520361851e-07
8,1844.5416454697086,9.04584119218115e-07
8,1850.8228776518881,8.908182661302534e-07
8,1857.104109834068,8.667678902649043e-07
8,1863.3853420162473,8.327888827834918e-07
8,1869.666574198427,8.114993490917569e-07
8,1875.9478063806064,7.912249640187403e-07
8,1882.2290385627862,7.801842021650345e-07
8,1888.5102707449655,7.66247033469075e-07
8,1894.7915029271453,7.376957604328784e-07
8,1901.0727351093246,7.137377393198457e-07
8,1907.3539672915044,6.944628675624216e-07
8,1913.635199473684,6.829691210111824e-07
8,1919.9164316558636,6.675743539169394e-07
8,1926.1976638380434,6.577909637320989e-07
8,1932.4788960202227,6.35493816333905e-07
8,1938.7601282024025,6.208334615935867e-07
8,1945.0413603845818,6.113491046681571e-07
8,1951.3225925667616,5.975319137414074e-07
8,1957.603824748941,5.932559739880883e-07
8,1963.8850569311207,5.712663174927418e-07
8,1970.1662891133,5.589352257165145e-07
8,1976.4475212954799,5.399828514069763e-07
8,1982.7287534776597,5.24018507993027e-07
8,1989.009985659839,5.076848186740814e-07
8,1995.2912178420188,4.959957730618836e-07
8,2001.5724500241981,4.796024235776722e-07
8,2007.853682206378,4.6326171939133295e-07
8,2014.1349143885573,4.568122034173559e-07
8,2020.416146570737,4.468861504858271e-07
8,2026.6973787529164,4.345766086933394e-07
8,2032.9786109350962,4.242674879780099e-07
8,2039.2598431172755,4.180950415244343e-07
8,2045.5410752994553,4.074088581398489e-07
8,2051.822307481635,3.879745536553743e-07
8,2058.1035396638144,3.827169209538615e-07
8,2064.384771845994,3.681472412614024e-07
8,2070.6660040281736,3.597342480899399e-07
8,2076.9472362103534,3.518919686425739e-07
8,2083.2284683925327,3.413210297408916e-07
8,2089.5097005747125,3.290023104279615e-07
8,2095.7909327568923,3.193066505914443e-07
8,2102.0721649390716,3.0808758230368176e-07
8,2108.353397121251,3.008498555783713e-07
8,2114.6346293034308,2.899882899168226e-07
8,2120.9158614856105,2.8094117217248777e-07
8,2127.19709366779,2.717811604248637e-07
8,2133.478325849969,2.6148319806567707e-07
8,2139.759558032149,2.546115445461579e-07
8,2146.040790214329,2.467005238996346e-07
8,2152.322022396508,2.382611676163681e-07
8,2158.603254578688,2.2968103006101558e-07
8,2164.8844867608677,2.2110203421538397e-07
8,2171.165718943047,2.1569812045245757e-07
8,2177.4469511252264,2.0906978030183056e-07
8,2183.728183307406,2.012513187315591e-07
8,2190.009415489586,1.941928606435504e-07
8,2196.2906476717653,1.8946517528645641e-07
8,2202.5718798539447,1.8154914530871778e-07
8,2208.8531120361245,1.7605806531030295e-07
8,2215.1343442183042,1.7017876233976904e-07
8,2221.4155764004836,1.6481442642992493e-07
8,2227.6968085826634,1.5981572809696862e-07
8,2233.978040764843,1.5363149657995928e-07
8,2240.2592729470225,1.481832056883955e-07
8,2246.540505129202,1.4443413353173238e-07
8,2252.8217373113816,1.3741780713790102e-07
8,2259.1029694935614,1.3277730729276863e-07
8,2265.3842016757408,1.2883033744204527e-07
8,2271.66543385792,1.239119317601048e-07
8,2277.9466660401004,1.201517801959716e-07
8,2284.2278982222797,1.1616966013362695e-07
8,2290.509130404459,1.1201201094868923e-07
8,2296.790362586639,1.0838065736094214e-07
8,2303.0715947688186,1.0380434478771044e-07
8,2309.352826950998,9.968369066537094e-08
8,2315.6340591331773,9.547379919406012e-08
8,2321.915291315357,9.193914646299207e-08
8,2328.196523497537,8.841610649485633e-08
8,2334.477755679716,8.575952693251032e-08
8,2340.7589878618955,8.287769117556132e-08
8,2347.040220044076,8.066986205858686e-08
8,2353.321452226255,7.837313930913077e-08
8,2359.6026844084345,7.419300269830161e-08
8,2365.8839165906143,7.098768091611209e-08
8,2372.165148772794,6.774406659308555e-08
8,2378.4463809549734,6.556833476487819e-08
8,2384.7276131371527,6.217971396621784e-08
8,2391.0088453193325,6.014457217126103e-08
8,2397.2900775015123,5.796496434064621e-08
8,2403.5713096836917,5.513822302427434e-08
8,2409.852541865871,5.3284914984859584e-08
8,2416.1337740480512,5.119049028643618e-08
8,2422.4150062302306,4.8964811011524735e-08
8,2428.69623841241,4.728201151231288e-08
8,2434.9774705945897,4.5222270942693665e-08
8,2441.2587027767695,4.306171983739467e-08
8,2447.539934958949,4.146498579285812e-08
8,2453.821167141128,3.921865294770922e-08
8,2460.102399323308,3.738799114633786e-08
8,2466.3836315054878,3.5803702231330136e-08
8,2472.664863687667,3.3976772985916023e-08
8,2478.9460958698464,3.256789208887128e-08
8,2485.2273280520267,3.123668833517818e-08
8,2491.508560234206,2.9654740291935073e-08
8,2497.7897924163854,2.8474568193992806e-08
8,2504.071024598565,2.6884919289782938e-08
8,2510.352256780745,2.601093648020773e-08
8,2516.6334889629243,2.477877625861736e-08
8,2522.9147211451036,2.3418827223883822e-08
8,2529.1959533272834,2.2598376318310458e-08
8,2535.477185509463,2.1519315475481184e-08
8,2541.7584176916425,2.028255634381603e-08
8,2548.039649873822,1.9328199684348203e-08
8,2554.320882056002,1.8393116916461437e-08
8,2560.6021142381815,1.7418448907452024e-08
8,2566.883346420361,1.7015290291858788e-08
8,2573.1645786025406,1.6064255342284776e-08
8,2579.4458107847204,1.549636382570673e-08
8,2585.7270429668997,1.4627377418336264e-08
8,2592.008275149079,1.3934102141656781e-08
8,2598.289507331259,1.3274162311003227e-08
8,2604.5707395134386,1.2617671312802788e-08
8,2610.851971695618,1.2075589825164244e-08
8,2617.1332038777978,1.1425987434598896e-08
8,2623.4144360599776,1.077946954374974e-08
8,2629.695668242157,1.0254626118044589e-08
8,2635.9769004243362,9.68819102191919e-09
8,2642.258132606516,9.211953171505962e-09
8,2648.539364788696,8.6605106725089e-09
8,2654.820596970875,8.239245464344192e-09
8,2661.1018291530545,7.81832542948139e-09
8,2667.3830613352343,7.3341502840187254e-09
8,2673.664293517414,6.998280167141545e-09
8,2679.9455256995934,6.604120931307905e-09
8,2686.226757881773,6.275361773819974e-09
8,2692.507990063953,5.922042381655246e-09
8,2698.7892222461323,5.6284528423558035e-09
8,2705.0704544283117,5.403013512362662e-09
8,2711.3516866104915,5.1143917856990716e-09
8,2717.6329187926713,4.834059113309083e-09
8,2723.9141509748506,4.6176797110468565e-09
8,2730.19538315703,4.3250894756011815e-09
8,2736.4766153392097,4.0685040648356834e-09
8,2742.7578475213895,3.821987640967431e-09
8,2749.039079703569,3.6191995914316827e-09
8,2755.3203118857487,3.436761440097584e-09
8,2761.6015440679284,3.210150700860894e-09
8,2767.882776250108,3.07965800126902e-09
8,2774.164008432287,2.877376274125569e-09
8,2780.445240614467,2.7452967363951113e-09
8,2786.7264727966467,2.573056753973367e-09
8,2793.007704978826,2.422222753861178e-09
8,2799.2889371610054,2.2587123799568057e-09
8,2805.570169343185,2.1406151185023247e-09
8,2811.851401525365,2.014759626177137e-09
8,2818.1326337075443,1.903548722134256e-09
8,2824.413865889724,1.8125875704237706e-09
8,2830.695098071904,1.6963744586806573e-09
8,2836.976330254083,1.6051623569779465e-09
8,2843.2575624362626,1.50909088702732e-09
8,2849.5387946184424,1.4176475150493938e-09
8,2855.820026800622,1.3389930064552733e-09
8,2862.1012589828015,1.2575011717491856e-09
8,2868.382491164981,1.1919756877793212e-09
8,2874.6637233471606,1.113544575839668e-09
8,2880.9449555293404,1.0553004223703668e-09
8,2887.2261877115197,9.756986729408437e-10
8,2893.5074198936995,9.288286631134962e-10
8,2899.7886520758793,8.647041113775206e-10
8,2906.0698842580587,8.200748231048055e-10
8,2912.351116440238,7.697481765762855e-10
8,2918.632348622418,7.17720754195792e-10
8,2924.9135808045976,6.743664245560134e-10
8,2931.194812986777,6.249303600083615e-10
8,2937.4760451689563,5.88836879048593e-10
8,2943.757277351136,5.552574114691838e-10
8,2950.038509533316,5.196227813841392e-10
8,2956.319741715495,4.885127562465034e-10
8,2962.600973897675,4.593706290930706e-10
8,2968.8822060798548,4.2957617070200464e-10
8,2975.163438262034,4.025438184609015e-10
8,2981.4446704442134,3.7544160951146587e-10
8,2987.7259026263932,3.5166837274144996e-10
8,2994.007134808573,3.3065798786074707e-10
8,3000.2883669907524,3.084617905598839e-10
8,3006.5695991729317,2.8953606824950036e-10
8,3012.8508313551115,2.700099259706004e-10
8,3019.1320635372913,2.5221458422736715e-10
8,3025.4132957194706,2.3714274361102225e-10
8,3031.6945279016504,2.2088893633546186e-10
8,3037.97576008383,2.0695479493844362e-10
8,3044.2569922660095,1.9169977990481904e-10
8,3050.538224448189,1.8103874960040705e-10
8,3056.8194566303687,1.6922659243113338e-10
8,3063.1006888125485,1.5715780117422907e-10
8,3069.381920994728,1.4779599204856645e-10
8,3075.663153176907,1.3710548769359293e-10
8,3081.9443853590874,1.288069295785694e-10
8,3088.2256175412667,1.203941172445679e-10
8,3094.506849723446,1.1241007907317137e-10
8,3100.788081905626,1.0462112547160479e-10
8,3107.0693140878057,9.738464339406569e-11
8,3113.350546269985,9.001142218633255e-11
8,3119.6317784521643,8.41651761845034e-11
8,3125.913010634344,7.82007218103674e-11
8,3132.194242816524,7.372778099758411e-11
8,3138.4754749987032,6.937491724137928e-11
8,3144.7567071808826,6.342619710224501e-11
8,3151.037939363063,5.936160066004005e-11
8,3157.319171545242,5.482145224825829e-11
8,3163.6004037274215,5.066519489060047e-11
8,3169.8816359096013,4.7481433788295415e-11
8,3176.162868091781,4.3939648384684424e-11
8,3182.4441002739604,4.0800280457405576e-11
8,3188.7253324561398,3.7967077590628404e-11
8,3195.0065646383196,3.511287695583876e-11
8,3201.2877968204994,3.288330680709455e-11
8,3207.5690290026787,3.056030677958311e-11
8,3213.850261184858,2.8289994110502053e-11
9,4.140616091089793,0.007716717182839266
9,10.42184827326938,0.015237231467662645
9,16.703080455448966,0.008036438028277335
9,22.984312637628552,0.004349951132841877
9,29.265544819808138,0.0030329795047567432
9,35.54677700198772,0.002214694912687183
9,41.828009184167314,0.001813103821437166
9,48.10924136634689,0.0014067057156825994
9,54.39047354852649,0.0008253796126216565
9,60.671705730706066,0.000539684053674755
9,66.95293791288566,0.0004620245837393304
9,73.23417009506524,0.0004320210650725699
9,79.51540227724483,0.0004353228066695095
9,85.79663445942441,0.00040171320099671205
9,92.077866641604,0.00036425478898151787
9,98.35909882378358,0.0003384470540787664
9,104.64033100596318,0.00032010213355090466
9,110.92156318814276,0.00023939355265091292
9,117.20279537032235,0.00022529292138343413
9,123.48402755250193,0.00016129038754400074
9,129.76525973468154,0.00014022135015516555
9,136.0464919168611,0.00014268738907675615
9,142.32772409904067,0.00011611559847866093
9,148.6089562812203,0.00010524158806954173
9,154.89018846339985,9.678345307653164e-05
9,161.17142064557947,0.00011122762215772486
9,167.45265282775904,9.928033199974173e-05
9,173.7338850099386,9.639100871450295e-05
9,180.01511719211823,9.349787993058941e-05
9,186.2963493742978,8.466633566744298e-05
9,192.57758155647736,7.262651279986487e-05
9,198.85881373865698,6.752116733338342e-05
9,205.14004592083654,6.204199864686282e-05
9,211.42127810301616,5.389346157091082e-05
9,217.70251028519573,5.0838983355979846e-05
9,223.9837424673753,4.592355719890121e-05
9,230.26497464955492,4.3893551785825833e-05
9,236.54620683173448,3.895429630030045e-05
9,242.82743901391405,3.770892977832136e-05
9,249.10867119609367,3.5398332925571696e-05
9,255.38990337827323,3.375442653479956e-05
9,261.67113556045285,3.370224147892724e-05
9,267.9523677426324,3.057168210469441e-05
9,274.233599924812,3.1356569167764334e-05
9,280.51483210699155,2.9438755923313726e-05
9,286.79606428917117,2.8989923899143666e-05
9,293.0772964713508,2.9038220419712077e-05
9,299.35852865353036,2.7822326413176567e-05
9,305.6397608357099,2.9361238913629934e-05
9,311.9209930178895,2.8829020429354563e-05
9,318.2022252000691,2.8788313350675037e-05
9,324.48345738224873,2.9680363193325326e-05
9,330.7646895644283,2.8438448807483447e-05
9,337.04592174660786,2.862636109152327e-05
9,343.3271539287874,2.906029806576524e-05
9,349.60838611096705,2.882893926206826e-05
9,355.8896182931466,2.7653592196137147e-05
9,362.17085047532623,2.7383249078841105e-05
9,368.4520826575058,2.6520259857422872e-05
9,374.73331483968536,2.686945718455593e-05
9,381.0145470218649,2.614380821467934e-05
9,387.29577920404455,2.620946628623918e-05
9,393.57701138622417,2.4876056011263224e-05
9,399.85824356840374,2.5769453233644426e-05
9,406.1394757505833,2.478618544130693e-05
9,412.42070793276287,2.4819035996564633e-05
9,418.7019401149425,2.4029888636146106e-05
9,424.9831722971221,2.3985218134037117e-05
9,431.2644044793017,2.4212116800981082e-05
9,437.54563666148124,2.3292335408068205e-05
9,443.8268688436608,2.290956889393725e-05
9,450.1081010258404,2.2706495812755272e-05
9,456.38933320802,2.2445550676650322e-05
9,462.6705653901996,2.2182374532628336e-05
9,468.9517975723792,2.142733521742282e-05
9,475.23302975455874,2.1461966058846166e-05
9,481.5142619367383,2.0818963503851816e-05
9,487.79549411891793,2.0413324155331604e-05
9,494.07672630109755,2.0308403909791294e-05
9,500.3579584832771,2.0275441099000345e-05
9,506.6391906654567,1.965212711704883e-05
9,512.9204228476362,1.8526787596096683e-05
9,519.2016550298158,1.8841484321426884e-05
9,525.4828872119955,1.742529669799428e-05
9,531.764119394175,1.750629099215234e-05
9,538.0453515763546,1.696113984739032e-05
9,544.3265837585342,1.673303096102314e-05
9,550.6078159407137,1.628150053421997e-05
9,556.8890481228934,1.590794423175544e-05
9,563.170280305073,1.5763061497693356e-05
9,569.4515124872526,1.5245364274867753e-05
9,575.7327446694321,1.462330933641146e-05
9,582.0139768516117,1.4125526422537868e-05
9,588.2952090337913,1.3999236339429456e-05
9,594.5764412159709,1.3679471004701347e-05
9,600.8576733981505,1.3785733330062843e-05
9,607.1389055803301,1.3286754009872449e-05
9,613.4201377625096,1.2995988180488731e-05
9,619.7013699446893,1.2845263753164135e-05
9,625.9826021268689,1.2413425437946687e-05
9,632.2638343090484,1.2162941943514923e-05
9,638.545066491228,1.2172654983698075e-05
9,644.8262986734076,1.217474753408426e-05
9,651.1075308555871,1.2143492934210945e-05
9,657.3887630377668,1.1896857337824754e-05
9,663.6699952199464,1.1729584995453e-05
9,669.9512274021259,1.1499397847639862e-05
9,676.2324595843055,1.1484843041581572e-05
9,682.5136917664851,1.1354492874934313e-05
9,688.7949239486647,1.0821548374338065e-05
9,695.0761561308443,1.0847973704805127e-05
9,701.3573883130239,1.097133813490442e-05
9,707.6386204952034,1.0894467916464003e-05
9,713.919852677383,1.0972421696458378e-05
9,720.2010848595626,1.1029166848812672e-05
9,726.4823170417422,1.1145847704269567e-05
9,732.7635492239218,1.097510898693199e-05
9,739.0447814061014,1.1308198882217733e-05
9,745.326013588281,1.1330022902209822e-05
9,751.6072457704605,1.0974654490611948e-05
9,757.8884779526402,1.0753111356219125e-05
9,764.1697101348198,1.0745812027375166e-05
9,770.4509423169993,1.0309890771938735e-05
9,776.7321744991789,1.044784026444471e-05
9,783.0134066813584,9.894403696033473e-06
9,789.294638863538,9.747564884364906e-06
9,795.5758710457177,1.0350173790109869e-05
9,801.8571032278973,1.0198059778312457e-05
9,808.1383354100768,9.941951892855822e-06
9,814.4195675922564,9.870463158777226e-06
9,820.7007997744361,9.44613342518116e-06
9,826.9820319566156,9.581040086580238e-06
9,833.2632641387952,9.465003414411874e-06
9,839.5444963209748,9.277368494776442e-06
9,845.8257285031543,9.40048040270003e-06
9,852.1069606853339,8.853418023950263e-06
9,858.3881928675136,8.894176793394011e-06
9,864.6694250496931,8.574485700599314e-06
9,870.9506572318727,8.241558715328554e-06
9,877.2318894140523,7.990411011590867e-06
9,883.5131215962318,7.801265017223712e-06
9,889.7943537784115,7.610364238421162e-06
9,896.0755859605911,7.155966164763639e-06
9,902.3568181427706,7.018719095619438e-06
9,908.6380503249502,6.711045183068015e-06
9,914.9192825071298,6.640227574595076e-06
9,921.2005146893093,6.41935274806588e-06
9,927.481746871489,6.2231458238096285e-06
9,933.7629790536686,6.049567565496508e-06
9,940.0442112358481,5.883840986533505e-06
9,946.3254434180277,5.685625859851025e-06
9,952.6066756002073,5.3660376197517715e-06
9,958.887907782387,5.1476206852272505e-06
9,965.1691399645665,4.967151201428379e-06
9,971.4503721467461,4.724445783086969e-06
9,977.7316043289256,4.605243631349891e-06
9,984.0128365111052,4.403052180596208e-06
9,990.2940686932848,4.314208130488611e-06
9,996.5753008754644,4.057811709234512e-06
9,1002.856533057644,3.963820886957622e-06
9,1009.1377652398236,3.800559184924069e-06
9,1015.4189974220031,3.603634648726434e-06
9,1021.7002296041827,3.4576580680114107e-06
9,1027.9814617863622,3.32830779932922e-06
9,1034.262693968542,3.346858799330487e-06
9,1040.5439261507215,3.22444766306002e-06
9,1046.825158332901,3.1369502612432108e-06
9,1053.1063905150809,3.008911466654948e-06
9,1059.3876226972602,2.9360357697763218e-06
9,1065.66885487944,2.8130551688866193e-06
9,1071.9500870616193,2.7365147436191127e-06
9,1078.2313192437991,2.6856240628505977e-06
9,1084.5125514259785,2.588776811053789e-06
9,1090.7937836081583,2.52824822408768e-06
9,1097.0750157903376,2.514354089122801e-06
9,1103.3562479725174,2.458303595361299e-06
9,1109.637480154697,2.3976790618887088e-06
9,1115.9187123368765,2.3622281815588733e-06
9,1122.1999445190563,2.283956404428838e-06
9,1128.4811767012357,2.248685785259239e-06
9,1134.7624088834154,2.2119509372440467e-06
9,1141.0436410655948,2.16279094271341e-06
9,1147.3248732477746,2.1303923019217577e-06
9,1153.606105429954,2.0737294997957613e-06
9,1159.8873376121337,2.04100661397653e-06
9,1166.168569794313,1.9963689925426536e-06
9,1172.4498019764928,1.9877746155132263e-06
9,1178.7310341586726,1.9736067038100976e-06
9,1185.012266340852,1.9099088679265268e-06
9,1191.2934985230318,1.8865729638672043e-06
9,1197.574730705211,1.872969059982321e-06
9,1203.855962887391,1.863066784792381e-06
9,1210.1371950695702,1.8223659313375707e-06
9,1216.41842725175,1.7974762081059708e-06
9,1222.6996594339294,1.7770967559727048e-06
9,1228.9808916161091,1.7793227016282781e-06
9,1235.2621237982885,1.723007858523702e-06
9,1241.5433559804683,1.6947670965440265e-06
9,1247.824588162648,1.6845997122586692e-06
9,1254.1058203448274,1.6470989236952684e-06
9,1260.3870525270072,1.6387172431385746e-06
9,1266.6682847091865,1.700500964824076e-06
9,1272.9495168913663,1.7623398620536521e-06
9,1279.2307490735457,1.7792986059459782e-06
9,1285.5119812557255,1.8617779815155605e-06
9,1291.7932134379048,1.8641809291725203e-06
9,1298.0744456200846,1.8133424887782567e-06
9,1304.3556778022642,1.8506185486319834e-06
9,1310.6369099844437,1.8768855319862878e-06
9,1316.9181421666235,1.8332676620092757e-06
9,1323.1993743488028,1.8720515496798053e-06
9,1329.4806065309826,1.915153622921969e-06
9,1335.761838713162,1.9204706612098573e-06
9,1342.0430708953418,1.963551416180741e-06
9,1348.324303077521,1.9137922047588626e-06
9,1354.605535259701,1.9038547430501972e-06
9,1360.8867674418802,1.8736452150022192e-06
9,1367.16799962406,1.873459128247045e-06
9,1373.4492318062396,1.8563502564788016e-06
9,1379.7304639884192,1.8196394609623773e-06
9,1386.011696170599,1.8638094334524738e-06
9,1392.2929283527783,1.8332866155494666e-06
9,1398.574160534958,1.8230629436403087e-06
9,1404.8553927171374,1.8092215271381274e-06
9,1411.1366248993172,1.8028037647450638e-06
9,1417.4178570814965,1.759346681263624e-06
9,1423.6990892636763,1.7668938588121726e-06
9,1429.9803214458557,1.7475422892709914e-06
9,1436.2615536280355,1.7398409869086606e-06
9,1442.542785810215,1.7578331240780679e-06
9,1448.8240179923946,1.7848757616876621e-06
9,1455.1052501745744,1.7433454866757677e-06
9,1461.3864823567537,1.7559478452307583e-06
9,1467.6677145389335,1.7262034922227598e-06
9,1473.9489467211129,1.7654278790222663e-06
9,1480.2301789032927,1.7804249209758435e-06
9,1486.511411085472,1.8102510693647859e-06
9,1492.7926432676518,1.7890747714634454e-06
9,1499.0738754498311,1.825451720964583e-06
9,1505.355107632011,1.792754407634601e-06
9,1511.6363398141905,1.8095501603480931e-06
9,1517.91757199637,1.8121935685910517e-06
9,1524.1988041785498,1.7928135507205987e-06
9,1530.4800363607292,1.8034344538697678e-06
9,1536.761268542909,1.765276258522916e-06
9,1543.0425007250883,1.7596693883163401e-06
9,1549.323732907268,1.7527751966953124e-06
9,1555.6049650894474,1.7129328428517849e-06
9,1561.8861972716272,1.7392312376357606e-06
9,1568.1674294538066,1.7378808811211836e-06
9,1574.4486616359864,1.7076846750405049e-06
9,1580.7298938181661,1.652556989869455e-06
9,1587.0111260003455,1.6209571418240725e-06
9,1593.2923581825253,1.6243151940435058e-06
9,1599.5735903647046,1.6509862187911412e-06
9,1605.8548225468844,1.6212486893336852e-06
9,1612.1360547290637,1.61695472960196e-06
9,1618.4172869112435,1.5993217907965404e-06
9,1624.6985190934229,1.5830618914281706e-06
9,1630.9797512756027,1.559512144555804e-06
9,1637.260983457782,1.5411506270950082e-06
9,1643.5422156399618,1.552250361958455e-06
9,1649.8234478221416,1.5396577036786284e-06
9,1656.104680004321,1.5243166990345732e-06
9,1662.3859121865007,1.5139447125930522e-06
9,1668.66714436868,1.5000700026056945e-06
9,1674.9483765508598,1.4822768571604725e-06
9,1681.2296087330392,1.5129983144432424e-06
9,1687.510840915219,1.4883718536654467e-06
9,1693.7920730973983,1.4768487016673016e-06
9,1700.073305279578,1.4333238428970574e-06
9,1706.3545374617577,1.4010181496815717e-06
9,1712.6357696439372,1.395152284870611e-06
9,1718.917001826117,1.3878553665515325e-06
9,1725.1982340082964,1.3653827867340901e-06
9,1731.4794661904762,1.3374804852492576e-06
9,1737.7606983726555,1.3128649027808563e-06
9,1744.0419305548353,1.29594040739713e-06
9,1750.3231627370146,1.2496668123104115e-06
9,1756.6043949191944,1.2354277917417918e-06
9,1762.8856271013738,1.2271273891443346e-06
9,1769.1668592835535,1.2010695071048682e-06
9,1775.4480914657331,1.157724416352851e-06
9,1781.7293236479127,1.134278209175435e-06
9,1788.0105558300925,1.123018524796207e-06
9,1794.2917880122718,1.0895050140546665e-06
9,1800.5730201944516,1.0646017598318396e-06
9,1806.854252376631,1.0355714845931903e-06
9,1813.1354845588107,1.0296881793995015e-06
9,1819.41671674099,1.0042579611411963e-06
9,1825.6979489231699,9.932218223213798e-07
9,1831.9791811053492,9.826032860884514e-07
9,1838.260413287529,9.747270699773227e-07
9,1844.5416454697086,9.655356173087e-07
9,1850.8228776518881,9.442411507674016e-07
9,1857.104109834068,9.370624869697155e-07
9,1863.3853420162473,9.171271300163178e-07
9,1869.666574198427,9.11474750072069e-07
9,1875.9478063806064,8.960298747982915e-07
9,1882.2290385627862,8.819367595815059e-07
9,1888.5102707449655,8.565545909540454e-07
9,1894.7915029271453,8.400008635787915e-07
9,1901.0727351093246,8.1938736131365e-07
9,1907.3539672915044,7.869870032748428e-07
9,1913.635199473684,7.6943161511892e-07
9,1919.9164316558636,7.412040049305729e-07
9,1926.1976638380434,7.264019851649017e-07
9,1932.4788960202227,7.049686113166663e-07
9,1938.7601282024025,6.882817598438742e-07
9,1945.0413603845818,6.731480673817419e-07
9,1951.3225925667616,6.507860515870726e-07
9,1957.603824748941,6.33646723013813e-07
9,1963.8850569311207,6.129283913234335e-07
9,1970.1662891133,6.064587398860338e-07
9,1976.4475212954799,5.966102109264573e-07
9,1982.7287534776597,5.835267006617981e-07
9,1989.009985659839,5.724520489351155e-07
9,1995.2912178420188,5.590945865533878e-07
9,2001.5724500241981,5.454098281939303e-07
9,2007.853682206378,5.274209298229303e-07
9,2014.1349143885573,5.15874026370562e-07
9,2020.416146570737,5.055817493727475e-07
9,2026.6973787529164,4.857676354742657e-07
9,2032.9786109350962,4.7541128000881325e-07
9,2039.2598431172755,4.639049051623059e-07
9,2045.5410752994553,4.5675545137143807e-07
9,2051.822307481635,4.3859598921912047e-07
9,2058.1035396638144,4.2658356275262335e-07
9,2064.384771845994,4.109862480274294e-07
9,2070.6660040281736,3.996811620600558e-07
9,2076.9472362103534,3.893028431547548e-07
9,2083.2284683925327,3.823373392200841e-07
9,2089.5097005747125,3.6720734338839644e-07
9,2095.7909327568923,3.562077337304278e-07
9,2102.0721649390716,3.468955454392299e-07
9,2108.353397121251,3.421508274064196e-07
9,2114.6346293034308,3.2911301793618195e-07
9,2120.9158614856105,3.2109231356897585e-07
9,2127.19709366779,3.1688359690175e-07
9,2133.478325849969,3.0609154936976346e-07
9,2139.759558032149,2.9996262995820597e-07
9,2146.040790214329,2.86927151443998e-07
9,2152.322022396508,2.765457952026866e-07
9,2158.603254578688,2.689117950268577e-07
9,2164.8844867608677,2.596132378380381e-07
9,2171.165718943047,2.5092891490319167e-07
9,2177.4469511252264,2.4296988433208203e-07
9,2183.728183307406,2.3517988429333698e-07
9,2190.009415489586,2.2932909425830743e-07
9,2196.2906476717653,2.2304960025553238e-07
9,2202.5718798539447,2.1531317047867806e-07
9,2208.8531120361245,2.0779891841895524e-07
9,2215.1343442183042,2.0217664669864488e-07
9,2221.4155764004836,1.9537505247703923e-07
9,2227.6968085826634,1.8854557804946646e-07
9,2233.978040764843,1.8006400127267163e-07
9,2240.2592729470225,1.748607255100879e-07
9,2246.540505129202,1.695855646626314e-07
9,2252.8217373113816,1.6462291465006527e-07
9,2259.1029694935614,1.6016542545436153e-07
9,2265.3842016757408,1.530065408171174e-07
9,2271.66543385792,1.5055722335939365e-07
9,2277.9466660401004,1.4433211356709863e-07
9,2284.2278982222797,1.4131689156351214e-07
9,2290.509130404459,1.3528948203078154e-07
9,2296.790362586639,1.3043014290117068e-07
9,2303.0715947688186,1.253076491550834e-07
9,2309.352826950998,1.206443565991432e-07
9,2315.6340591331773,1.152366714107518e-07
9,2321.915291315357,1.1216768099534916e-07
9,2328.196523497537,1.0760959868604598e-07
9,2334.477755679716,1.0410972171435744e-07
9,2340.7589878618955,1.00912365339848e-07
9,2347.040220044076,9.668974856643335e-08
9,2353.321452226255,9.408955053023259e-08
9,2359.6026844084345,8.910216643896926e-08
9,2365.8839165906143,8.597189486792927e-08
9,2372.165148772794,8.362102557775306e-08
9,2378.4463809549734,8.098777176516335e-08
9,2384.7276131371527,7.857721099302413e-08
9,2391.0088453193325,7.523056787598882e-08
9,2397.2900775015123,7.228324020202736e-08
9,2403.5713096836917,6.911016290108522e-08
9,2409.852541865871,6.52646639253087e-08
9,2416.1337740480512,6.265730271495142e-08
9,2422.4150062302306,5.9518729711220454e-08
9,2428.69623841241,5.705683580879309e-08
9,2434.9774705945897,5.446405389115664e-08
9,2441.2587027767695,5.1829951930025086e-08
9,2447.539934958949,4.912152217114318e-08
9,2453.821167141128,4.6886780241348854e-08
9,2460.102399323308,4.4751856315748184e-08
9,2466.3836315054878,4.3262780732710986e-08
9,2472.664863687667,4.1312358814017e-08
9,2478.9460958698464,3.9694040169568264e-08
9,2485.2273280520267,3.798723155446171e-08
9,2491.508560234206,3.6184957304660604e-08
9,2497.7897924163854,3.444308432468562e-08
9,2504.071024598565,3.2415114184505567e-08
9,2510.352256780745,3.094300218793777e-08
9,2516.6334889629243,2.922634940469638e-08
9,2522.9147211451036,2.7818360932304764e-08
9,2529.1959533272834,2.607017399329386e-08
9,2535.477185509463,2.5205287487922263e-08
9,2541.7584176916425,2.3805921376310725e-08
9,2548.039649873822,2.2249427028621733e-08
9,2554.320882056002,2.1065310289895977e-08
9,2560.6021142381815,1.990763500896191e-08
9,2566.883346420361,1.8999474423318694e-08
9,2573.1645786025406,1.7782302688622814e-08
9,2579.4458107847204,1.6958486195929618e-08
9,2585.7270429668997,1.6138830686503387e-08
9,2592.008275149079,1.5293488069409665e-08
9,2598.289507331259,1.4476056840582771e-08
9,2604.5707395134386,1.3741188124519295e-08
9,2610.851971695618,1.3069834747434034e-08
9,2617.1332038777978,1.2332310487915871e-08
9,2623.4144360599776,1.1783064885276001e-08
9,2629.695668242157,1.1075120623360846e-08
9,2635.9769004243362,1.0406365619262712e-08
9,2642.258132606516,9.771668240465153e-09
9,2648.539364788696,9.28407727019156e-09
9,2654.820596970875,8.706883113711164e-09
9,2661.1018291530545,8.223312433418716e-09
9,2667.3830613352343,7.753287372948718e-09
9,2673.664293517414,7.3301422250315755e-09
9,2679.9455256995934,6.912778716933428e-09
9,2686.226757881773,6.499340885293999e-09
9,2692.507990063953,6.172237525163253e-09
9,2698.7892222461323,5.838758474380505e-09
9,2705.0704544283117,5.508561119364878e-09
9,2711.3516866104915,5.236938007240419e-09
9,2717.6329187926713,4.923424577728597e-09
9,2723.9141509748506,4.690134753287144e-09
9,2730.19538315703,4.416401025126376e-09
9,2736.4766153392097,4.1572631086856635e-09
9,2742.7578475213895,3.921798361187816e-09
9,2749.039079703569,3.7096778161562817e-09
9,2755.3203118857487,3.4801853316184693e-09
9,2761.6015440679284,3.279341381439859e-09
9,2767.882776250108,3.083012805515659e-09
9,2774.164008432287,2.901399983961465e-09
9,2780.445240614467,2.743131746414547e-09
9,2786.7264727966467,2.596718624096888e-09
9,2793.007704978826,2.428131390505521e-09
9,2799.2889371610054,2.2909664084134563e-09
9,2805.570169343185,2.151262200877818e-09
9,2811.851401525365,2.0214007306987954e-09
9,2818.1326337075443,1.9038183893192484e-09
9,2824.413865889724,1.7893962662212563e-09
9,2830.695098071904,1.6834273597937023e-09
9,2836.976330254083,1.5883598545681955e-09
9,2843.2575624362626,1.5027677146407853e-09
9,2849.5387946184424,1.4134387524324787e-09
9,2855.820026800622,1.33040993573762e-09
9,2862.1012589828015,1.2583638492009125e-09
9,2868.382491164981,1.1755391830128827e-09
9,2874.6637233471606,1.1028311660111457e-09
9,2880.9449555293404,1.0349684522648153e-09
9,2887.2261877115197,9.72227979918417e-10
9,2893.5074198936995,9.156083634506079e-10
9,2899.7886520758793,8.560660900689606e-10
9,2906.0698842580587,8.086753373291166e-10
9,2912.351116440238,7.629334231579582e-10
9,2918.632348622418,7.180458488980749e-10
9,2924.9135808045976,6.740867722668035e-10
9,2931.194812986777,6.26649627596869e-10
9,2937.4760451689563,5.913241932227141e-10
9,2943.757277351136,5.571326903495151e-10
9,2950.038509533316,5.196656050377908e-10
9,2956.319741715495,4.859674608310858e-10
9,2962.600973897675,4.558462298240322e-10
9,2968.8822060798548,4.301336022604409e-10
9,2975.163438262034,4.0299124478085973e-10
9,2981.4446704442134,3.785988968637291e-10
9,2987.7259026263932,3.527883346349445e-10
9,2994.007134808573,3.322767540529152e-10
9,3000.2883669907524,3.120988658551544e-10
9,3006.5695991729317,2.9435990114629e-10
9,3012.8508313551115,2.7468568189632944e-10
9,3019.1320635372913,2.576930549511836e-10
9,3025.4132957194706,2.4171824961068784e-10
9,3031.6945279016504,2.247833654436104e-10
9,3037.97576008383,2.1086403477868454e-10
9,3044.2569922660095,1.9731596095437014e-10
9,3050.538224448189,1.8462938960858549e-10
9,3056.8194566303687,1.7314643304419783e-10
9,3063.1006888125485,1.6056114351974736e-10
9,3069.381920994728,1.5133983257132295e-10
9,3075.663153176907,1.411199591727705e-10
9,3081.9443853590874,1.328460321376692e-10
9,3088.2256175412667,1.223757203588263e-10
9,3094.506849723446,1.1430068896892346e-10
9,3100.788081905626,1.0714903908814724e-10
9,3107.0693140878057,9.962869909782403e-11
9,3113.350546269985,9.292211691923432e-11
9,3119.6317784521643,8.737859343655152e-11
9,3125.913010634344,8.139184058608341e-11
9,3132.194242816524,7.595661407828174e-11
9,3138.4754749987032,7.056446703009583e-11
9,3144.7567071808826,6.600113132462419e-11
9,3151.037939363063,6.108339595838641e-11
9,3157.319171545242,5.758916445102745e-11
9,3163.6004037274215,5.3315661245232775e-11
9,3169.8816359096013,4.9497310566836076e-11
9,3176.162868091781,4.6201801276894734e-11
9,3182.4441002739604,4.30481472365471e-11
9,3188.7253324561398,4.001778300233532e-11
9,3195.0065646383196,3.699331531251355e-11
9,3201.2877968204994,3.4266753185357735e-11
9,3207.5690290026787,3.193042956893547e-11
9,3213.850261184858,2.9639283888231964e-11
