run_idx,separation,flatness
0,0.0009765625,20.60592216530446
0,0.001953125,20.794481817540948
0,0.0029296875,20.96204113629358
0,0.00390625,20.994432588334078
0,0.0048828125,20.824924043356287
0,0.005859375,20.42728221782165
0,0.0068359375,19.794169632677264
0,0.0078125,18.962270258828873
0,0.0087890625,18.046990147040713
0,0.009765625,17.23596359437957
0,0.0107421875,16.718441618476124
0,0.01171875,16.583956818894887
0,0.0126953125,16.75328063167738
0,0.013671875,16.99967313360832
0,0.0146484375,17.055782953184945
0,0.015625,16.72904137314316
0,0.0166015625,15.961345088648008
0,0.017578125,14.825347962120723
0,0.0185546875,13.477771305955342
0,0.01953125,12.098037008811117
0,0.0205078125,10.836236722337308
0,0.021484375,9.787839048825633
0,0.0224609375,8.993232224424938
0,0.0234375,8.448532403688468
0,0.0244140625,8.118968889958746
0,0.025390625,7.9521020868394565
0,0.0263671875,7.889440432215162
0,0.02734375,7.8744655019804215
0,0.0283203125,7.8565169178470375
0,0.029296875,7.792217732828739
0,0.0302734375,7.648350180555533
0,0.03125,7.410099540631806
0,0.0322265625,7.089440387744724
0,0.033203125,6.722602822063261
0,0.0341796875,6.354108175534097
0,0.03515625,6.019655229308078
0,0.0361328125,5.739185695335846
0,0.037109375,5.520007461807806
0,0.0380859375,5.3630237260137745
0,0.0390625,5.267859041298328
0,0.0400390625,5.23566639433013
0,0.041015625,5.268127840488152
0,0.0419921875,5.361761941184261
0,0.04296875,5.500457204231607
0,0.0439453125,5.651619748513849
0,0.044921875,5.770580245468158
0,0.0458984375,5.813977191222932
0,0.046875,5.75706885799792
0,0.0478515625,5.605470419573839
0,0.048828125,5.392738565745122
0,0.0498046875,5.164067491761317
0,0.05078125,4.957525191506773
0,0.0517578125,4.7937917174686655
0,0.052734375,4.677113665381239
0,0.0537109375,4.602823204095228
0,0.0546875,4.564993121157447
0,0.0556640625,4.560180749784447
0,0.056640625,4.586395888039713
0,0.0576171875,4.639114086869945
0,0.05859375,4.707756715747063
0,0.0595703125,4.775114685115836
0,0.060546875,4.8201214092831846
0,0.0615234375,4.823308712528985
0,0.0625,4.77385524481223
0,0.0634765625,4.6751733143698395
0,0.064453125,4.544944468237865
0,0.0654296875,4.408343438931901
0,0.06640625,4.288388117065844
0,0.0673828125,4.198697912068011
0,0.068359375,4.141472049622911
0,0.0693359375,4.1102376970420496
0,0.0703125,4.09518409282623
0,0.0712890625,4.088558839742207
0,0.072265625,4.08774139333165
0,0.0732421875,4.094665819496452
0,0.07421875,4.112462775791416
0,0.0751953125,4.14127483602436
0,0.076171875,4.175319355507327
0,0.0771484375,4.203276122265365
0,0.078125,4.212866586069386
0,0.0791015625,4.197293800867704
0,0.080078125,4.158912460737357
0,0.0810546875,4.1073468132909765
0,0.08203125,4.054184048064064
0,0.0830078125,4.008210130512358
0,0.083984375,3.97339242402959
0,0.0849609375,3.9495449820111577
0,0.0859375,3.9346568646412794
0,0.0869140625,3.9274779542825553
0,0.087890625,3.9288771977145016
0,0.0888671875,3.941193985327191
0,0.08984375,3.966051647983307
0,0.0908203125,4.001768724066764
0,0.091796875,4.041809750924784
0,0.0927734375,4.075701126617418
0,0.09375,4.09268113136536
0,0.0947265625,4.086282674240371
0,0.095703125,4.0569516471331655
0,0.0966796875,4.011078999148072
0,0.09765625,3.957773351022842
0,0.0986328125,3.90570098715509
0,0.099609375,3.861274679336208
0,0.1005859375,3.828222075816577
0,0.1015625,3.8082098679939804
0,0.1025390625,3.8019988991413616
0,0.103515625,3.8102698707760903
0,0.1044921875,3.8333233498913892
0,0.10546875,3.8696392131348163
0,0.1064453125,3.914201852096663
0,0.107421875,3.958044449739864
0,0.1083984375,3.9901625707396953
0,0.109375,4.001501374152304
0,0.1103515625,3.988962365801379
0,0.111328125,3.9567416000534537
0,0.1123046875,3.9138698168964328
0,0.11328125,3.869822889644099
0,0.1142578125,3.8309807414464467
0,0.115234375,3.7995037560798828
0,0.1162109375,3.7744254237839487
0,0.1171875,3.7537301446127804
0,0.1181640625,3.7362109831784625
0,0.119140625,3.722297439589409
0,0.1201171875,3.7135771575119025
0,0.12109375,3.7114086155400625
0,0.1220703125,3.715365750171705
0,0.123046875,3.7223749453813904
0,0.1240234375,3.727368768497229
0,0.125,3.7256558369351676
0,0.1259765625,3.7157469944150168
0,0.126953125,3.700493017354471
0,0.1279296875,3.6854822294562264
0,0.12890625,3.676003827453941
0,0.1298828125,3.6746806424140477
0,0.130859375,3.6808391777446663
0,0.1318359375,3.6914358793254114
0,0.1328125,3.702918631356836
0,0.1337890625,3.7132005608353196
0,0.134765625,3.7227370951073473
0,0.1357421875,3.7339919377250075
0,0.13671875,3.7495356283167074
0,0.1376953125,3.76980187785981
0,0.138671875,3.791841428714505
0,0.1396484375,3.810079364852929
0,0.140625,3.8189019766419094
0,0.1416015625,3.8155989507664003
0,0.142578125,3.8017118793573212
0,0.1435546875,3.781905827532115
0,0.14453125,3.7614955752081216
0,0.1455078125,3.744354649990793
0,0.146484375,3.732175696288283
0,0.1474609375,3.724967732767595
0,0.1484375,3.72205721587292
0,0.1494140625,3.722873993596073
0,0.150390625,3.7271716507827253
0,0.1513671875,3.734740135365928
0,0.15234375,3.744924624317789
0,0.1533203125,3.7562306159021523
0,0.154296875,3.766173496220635
0,0.1552734375,3.771607386797053
0,0.15625,3.7697942405749814
0,0.1572265625,3.7598234468771445
0,0.158203125,3.7433188065723857
0,0.1591796875,3.7237309302817123
0,0.16015625,3.7047812026404223
0,0.1611328125,3.6891536421485145
0,0.162109375,3.6780310861048164
0,0.1630859375,3.67139083137581
0,0.1640625,3.6687476198660134
0,0.1650390625,3.6699374604419175
0,0.166015625,3.6754298926066773
0,0.1669921875,3.685891088652016
0,0.16796875,3.7013021372721933
0,0.1689453125,3.720175076125516
0,0.169921875,3.739339907332082
0,0.1708984375,3.7546231953073375
0,0.171875,3.7623434817243333
0,0.1728515625,3.7609315082060153
0,0.173828125,3.7515897262470146
0,0.1748046875,3.7374682703873
0,0.17578125,3.722149521874904
0,0.1767578125,3.7085401936348785
0,0.177734375,3.698585143974342
0,0.1787109375,3.693513762267582
0,0.1796875,3.6941565091280113
0,0.1806640625,3.701011207791753
0,0.181640625,3.7140092835811758
0,0.1826171875,3.7321655207823565
0,0.18359375,3.753331557247052
0,0.1845703125,3.774205121679284
0,0.185546875,3.7906993084666434
0,0.1865234375,3.798779968307459
0,0.1875,3.795759527031555
0,0.1884765625,3.7815654236063247
0,0.189453125,3.7591526657717513
0,0.1904296875,3.73353810556177
0,0.19140625,3.7099027180680966
0,0.1923828125,3.691763083050761
0,0.193359375,3.6800931605518783
0,0.1943359375,3.6736502930635107
0,0.1953125,3.6700815123741966
0,0.1962890625,3.6671544130889218
0,0.197265625,3.6635606561447247
0,0.1982421875,3.6590705226097473
0,0.19921875,3.6542430020735663
0,0.2001953125,3.6499610866721706
0,0.201171875,3.6469250816072525
0,0.2021484375,3.645279221078375
0,0.203125,3.6446778456649205
0,0.2041015625,3.6447676885157643
0,0.205078125,3.645608372999383
0,0.2060546875,3.6476092274951557
0,0.20703125,3.651106120617294
0,0.2080078125,3.656003368695688
0,0.208984375,3.661714774208826
0,0.2099609375,3.667376972132631
0,0.2109375,3.6722835314727553
0,0.2119140625,3.676384706857535
0,0.212890625,3.680543348223556
0,0.2138671875,3.6862650468816147
0,0.21484375,3.6949035504305887
0,0.2158203125,3.7066443916121603
0,0.216796875,3.7198232841809844
0,0.2177734375,3.7311704545327617
0,0.21875,3.7370924290828906
0,0.2197265625,3.735357850874252
0,0.220703125,3.726123975819483
0,0.2216796875,3.7116358259563444
0,0.22265625,3.695000755533573
0,0.2236328125,3.678921341644695
0,0.224609375,3.665014567871869
0,0.2255859375,3.653824162848639
0,0.2265625,3.645274226959589
0,0.2275390625,3.6392226884914467
0,0.228515625,3.6358007286814145
0,0.2294921875,3.635350880040558
0,0.23046875,3.6380153520698424
0,0.2314453125,3.643210591564365
0,0.232421875,3.6493404856309035
0,0.2333984375,3.6540944377999534
0,0.234375,3.655381373197555
0,0.2353515625,3.652420253701148
0,0.236328125,3.646196372737017
0,0.2373046875,3.6388768847464394
0,0.23828125,3.632675435025729
0,0.2392578125,3.6289665099702595
0,0.240234375,3.6280695827024085
0,0.2412109375,3.629599400734861
0,0.2421875,3.6330510702508345
0,0.2431640625,3.6382873222420344
0,0.244140625,3.6456515423258313
0,0.2451171875,3.655604787529083
0,0.24609375,3.6680848415804537
0,0.2470703125,3.681933657219368
0,0.248046875,3.6947337063654055
0,0.2490234375,3.703303303207365
0,0.25,3.7048198317863315
0,0.2509765625,3.698072889778299
0,0.251953125,3.6840585694993924
0,0.2529296875,3.66548410260977
0,0.25390625,3.645613836721491
0,0.2548828125,3.627194440599487
0,0.255859375,3.6118865687181483
0,0.2568359375,3.600230070631763
0,0.2578125,3.5919905765488505
0,0.2587890625,3.586664159204179
0,0.259765625,3.583865616862386
0,0.2607421875,3.583396785754574
0,0.26171875,3.585015929642487
0,0.2626953125,3.588095813948238
0,0.263671875,3.5914209557368295
0,0.2646484375,3.593359376839954
0,0.265625,3.5924584637137773
0,0.2666015625,3.5881555920176007
0,0.267578125,3.5810762519706483
0,0.2685546875,3.5726404048339577
0,0.26953125,3.56429993275034
0,0.2705078125,3.556937420329089
0,0.271484375,3.5507083317643797
0,0.2724609375,3.545269879465281
0,0.2734375,3.5401873035793607
0,0.2744140625,3.5353045293418797
0,0.275390625,3.5309023274055344
0,0.2763671875,3.52756443381384
0,0.27734375,3.525840245093687
0,0.2783203125,3.5258694726629827
0,0.279296875,3.5271431098171786
0,0.2802734375,3.5285713269686836
0,0.28125,3.528923184994068
0,0.2822265625,3.5274240223623137
0,0.283203125,3.524091998182136
0,0.2841796875,3.519563421888045
0,0.28515625,3.5146233231216035
0,0.2861328125,3.5098324685938738
0,0.287109375,3.5054413715704316
0,0.2880859375,3.5015231773531013
0,0.2890625,3.498189032778167
0,0.2900390625,3.495758276946373
0,0.291015625,3.4947656573532053
0,0.2919921875,3.4957514624548427
0,0.29296875,3.4989155861254497
0,0.2939453125,3.5037979363889136
0,0.294921875,3.509180607091996
0,0.2958984375,3.5133596953365367
0,0.296875,3.5147498250514966
0,0.2978515625,3.5125496514175847
0,0.298828125,3.5070691125455222
0,0.2998046875,3.4994986373729255
0,0.30078125,3.4913487502698164
0,0.3017578125,3.483937882827915
0,0.302734375,3.4781371595947244
0,0.3037109375,3.4743693623120135
0,0.3046875,3.47276980333074
0,0.3056640625,3.4733834063264704
0,0.306640625,3.4762724266255525
0,0.3076171875,3.481456471236053
0,0.30859375,3.4886994383286645
0,0.3095703125,3.4972466658930554
0,0.310546875,3.5056852448667866
0,0.3115234375,3.512126177403117
0,0.3125,3.5147986731947523
0,0.3134765625,3.5128268698628697
0,0.314453125,3.506683305601359
0,0.3154296875,3.4979590638103137
0,0.31640625,3.4886418924967484
0,0.3173828125,3.480369319190872
0,0.318359375,3.474011401065421
0,0.3193359375,3.4696748227936562
0,0.3203125,3.4670064556605906
0,0.3212890625,3.4655871064256902
0,0.322265625,3.465196736884118
0,0.3232421875,3.465822431371099
0,0.32421875,3.467477286705381
0,0.3251953125,3.4699808897154907
0,0.326171875,3.472829970064493
0,0.3271484375,3.4752642660374837
0,0.328125,3.476574296821543
0,0.3291015625,3.4764966345329342
0,0.330078125,3.4753921795013554
0,0.3310546875,3.474046229562307
0,0.33203125,3.4732747187007136
0,0.3330078125,3.4736182244531415
0,0.333984375,3.4752281958741533
0,0.3349609375,3.477898020071943
0,0.3359375,3.481221004696621
0,0.3369140625,3.484835097947459
0,0.337890625,3.4886225142673783
0,0.3388671875,3.4927127178981
0,0.33984375,3.497256661465664
0,0.3408203125,3.5020969628084657
0,0.341796875,3.5065680948822853
0,0.3427734375,3.5096315060703227
0,0.34375,3.5103492227369886
0,0.3447265625,3.508438424385966
0,0.345703125,3.5045108708421373
0,0.3466796875,3.4997830629040214
0,0.34765625,3.495489484998973
0,0.3486328125,3.4923810260460666
0,0.349609375,3.4905492030078524
0,0.3505859375,3.489591347187632
0,0.3515625,3.488965621250123
0,0.3525390625,3.4883470731762536
0,0.353515625,3.487809759379305
0,0.3544921875,3.4877378942902237
0,0.35546875,3.4885439862350123
0,0.3564453125,3.4903639863288256
0,0.357421875,3.492892303877856
0,0.3583984375,3.4954688212391622
0,0.359375,3.4974249472281373
0,0.3603515625,3.498491213836055
0,0.361328125,3.498960599736458
0,0.3623046875,3.4994740878378816
0,0.36328125,3.5006361167829243
0,0.3642578125,3.502766253493755
0,0.365234375,3.5058981278189902
0,0.3662109375,3.5099319508846674
0,0.3671875,3.5148404021449076
0,0.3681640625,3.5208353999774906
0,0.369140625,3.5283669851444572
0,0.3701171875,3.537870124479454
0,0.37109375,3.5493359447287705
0,0.3720703125,3.5619074614683743
0,0.373046875,3.573758296592386
0,0.3740234375,3.5824678070654215
0,0.375,3.5858678804836717
0,0.3759765625,3.5829939072076944
0,0.376953125,3.574550380653674
0,0.3779296875,3.5625464901163784
0,0.37890625,3.5494122888645587
0,0.3798828125,3.537161007624715
0,0.380859375,3.526961101357685
0,0.3818359375,3.5191637605817867
0,0.3828125,3.513614417532826
0,0.3837890625,3.5100164757396626
0,0.384765625,3.5081588852000047
0,0.3857421875,3.5079336904616634
0,0.38671875,3.5092075202800643
0,0.3876953125,3.5116601493749435
0,0.388671875,3.5146952079787854
0,0.3896484375,3.517512912580536
0,0.390625,3.5193782849225044
0,0.3916015625,3.5199619196623226
0,0.392578125,3.519508406198122
0,0.3935546875,3.518676839661074
0,0.39453125,3.5181784529983826
0,0.3955078125,3.5184620900095105
0,0.396484375,3.519609915122445
0,0.3974609375,3.5214433804645835
0,0.3984375,3.5237436883434574
0,0.3994140625,3.526451111500684
0,0.400390625,3.529719813314418
0,0.4013671875,3.5337921167686384
0,0.40234375,3.5387772525883907
0,0.4033203125,3.5444467558820008
0,0.404296875,3.5501363707895193
0,0.4052734375,3.554838560334023
0,0.40625,3.557527439756053
0,0.4072265625,3.557598897816535
0,0.408203125,3.5551481176823665
0,0.4091796875,3.550880137361474
0,0.41015625,3.545770203680267
0,0.4111328125,3.540727030286982
0,0.412109375,3.5364093833264505
0,0.4130859375,3.5332069442013463
0,0.4140625,3.5313313133488853
0,0.4150390625,3.5309239662511676
0,0.416015625,3.532079514449005
0,0.4169921875,3.5347523512651406
0,0.41796875,3.538626160465132
0,0.4189453125,3.5430584165412604
0,0.419921875,3.5471656692321933
0,0.4208984375,3.5500545875425202
0,0.421875,3.551152606615272
0,0.4228515625,3.5504951676442733
0,0.423828125,3.5487639574133865
0,0.4248046875,3.5469988197478104
0,0.42578125,3.546177916964588
0,0.4267578125,3.5469158377010856
0,0.427734375,3.5493840599492725
0,0.4287109375,3.5534112136992118
0,0.4296875,3.5586783937410567
0,0.4306640625,3.5649197040509506
0,0.431640625,3.57202206457702
0,0.4326171875,3.5799562533307903
0,0.43359375,3.5885880300684345
0,0.4345703125,3.59747820284342
0,0.435546875,3.6057821986243486
0,0.4365234375,3.612367725859816
0,0.4375,3.616210022017627
0,0.4384765625,3.6169024986114677
0,0.439453125,3.6149222199925934
0,0.4404296875,3.61140920578729
0,0.44140625,3.60763252032817
0,0.4423828125,3.604506443317638
0,0.443359375,3.6023954169393133
0,0.4443359375,3.601218649525258
0,0.4453125,3.6007174298954348
0,0.4462890625,3.6007190571520304
0,0.447265625,3.6012660845143762
0,0.4482421875,3.6025670944312167
0,0.44921875,3.60483484055907
0,0.4501953125,3.608100839335545
0,0.451171875,3.6120839768723054
0,0.4521484375,3.6161980584394806
0,0.453125,3.619763553528369
0,0.4541015625,3.6223460097186186
0,0.455078125,3.62399345389084
0,0.4560546875,3.625187223275852
0,0.45703125,3.6265678468154667
0,0.4580078125,3.6286385289731493
0,0.458984375,3.6315968832027883
0,0.4599609375,3.635337139508523
0,0.4609375,3.6396035688763093
0,0.4619140625,3.644202767989233
0,0.462890625,3.6491321052555588
0,0.4638671875,3.6545317637667014
0,0.46484375,3.6605023888848387
0,0.4658203125,3.666903811758438
0,0.466796875,3.673248481477435
0,0.4677734375,3.6787753864585007
0,0.46875,3.6827148696565426
0,0.4697265625,3.684620570909447
0,0.470703125,3.6845584216081706
0,0.4716796875,3.6830253725367874
0,0.47265625,3.68069656328196
0,0.4736328125,3.6781811226831675
0,0.474609375,3.6758941427032443
0,0.4755859375,3.674051083793076
0,0.4765625,3.6727492973540756
0,0.4775390625,3.6720785160914016
0,0.478515625,3.6721800380714127
0,0.4794921875,3.673198134714609
0,0.48046875,3.675151313360149
0,0.4814453125,3.677803614384855
0,0.482421875,3.6806259540615325
0,0.4833984375,3.682917683825937
0,0.484375,3.6840875945887657
0,0.4853515625,3.68395445716636
0,0.486328125,3.6828547677359302
0,0.4873046875,3.6814606875010667
0,0.48828125,3.6804559851676015
0,0.4892578125,3.680294746107051
0,0.490234375,3.6811490123094734
0,0.4912109375,3.683005573078131
0,0.4921875,3.685834865304668
0,0.4931640625,3.6897470793421188
0,0.494140625,3.695033761794048
0,0.4951171875,3.7020144635471803
0,0.49609375,3.710703660462671
0,0.4970703125,3.720435544889692
0,0.498046875,3.7297077716405456
0,0.4990234375,3.736492694621283
0,0.5,3.7389957127259037
1,0.0009765625,38.528716139372335
1,0.001953125,33.871357716097236
1,0.0029296875,24.277663321915426
1,0.00390625,17.870271521339845
1,0.0048828125,14.398478088810966
1,0.005859375,13.14448373416173
1,0.0068359375,12.820862443245229
1,0.0078125,12.786854212785972
1,0.0087890625,12.740268034464789
1,0.009765625,12.44181026036229
1,0.0107421875,11.789334264133583
1,0.01171875,11.304847697489546
1,0.0126953125,11.08870094152378
1,0.013671875,11.003934948640019
1,0.0146484375,10.995846122990125
1,0.015625,10.994487805296664
1,0.0166015625,10.868748547356175
1,0.017578125,10.679585772188341
1,0.0185546875,10.579073159311859
1,0.01953125,10.689429756049005
1,0.0205078125,10.90381478542154
1,0.021484375,11.089489630027572
1,0.0224609375,11.167416606554967
1,0.0234375,11.153832089216023
1,0.0244140625,11.106073174295581
1,0.025390625,11.078215545485515
1,0.0263671875,11.082974838928592
1,0.02734375,11.10729572785568
1,0.0283203125,11.074027269487269
1,0.029296875,10.948780254078839
1,0.0302734375,10.73907391887065
1,0.03125,10.483477621598647
1,0.0322265625,10.142828957647673
1,0.033203125,9.770499840840808
1,0.0341796875,9.442443517126106
1,0.03515625,9.18347963137588
1,0.0361328125,8.973584980097886
1,0.037109375,8.786533533391745
1,0.0380859375,8.609720962053824
1,0.0390625,8.468371982661068
1,0.0400390625,8.35488041705134
1,0.041015625,8.25933845644469
1,0.0419921875,8.170989620876858
1,0.04296875,8.088585372181763
1,0.0439453125,8.00062073909043
1,0.044921875,7.908833206228409
1,0.0458984375,7.812792321539621
1,0.046875,7.721825341208958
1,0.0478515625,7.6352601134469404
1,0.048828125,7.566262319427215
1,0.0498046875,7.462379054443362
1,0.05078125,7.346388009388955
1,0.0517578125,7.264061966178371
1,0.052734375,7.19687846147023
1,0.0537109375,7.116090779608047
1,0.0546875,7.026146463882908
1,0.0556640625,6.9321130709251175
1,0.056640625,6.834300612766449
1,0.0576171875,6.724160571799592
1,0.05859375,6.628021699178882
1,0.0595703125,6.540908938151103
1,0.060546875,6.461597808952977
1,0.0615234375,6.391266988351104
1,0.0625,6.315381472313232
1,0.0634765625,6.212467755165409
1,0.064453125,6.1082993253887565
1,0.0654296875,6.0129490023896395
1,0.06640625,5.926814503340886
1,0.0673828125,5.854454139841525
1,0.068359375,5.799231094169702
1,0.0693359375,5.746765851811897
1,0.0703125,5.689998913568385
1,0.0712890625,5.625151222959507
1,0.072265625,5.553153560858251
1,0.0732421875,5.4734983735098695
1,0.07421875,5.396430858623301
1,0.0751953125,5.328733139688112
1,0.076171875,5.275130535137351
1,0.0771484375,5.232630989565873
1,0.078125,5.186737190166884
1,0.0791015625,5.120199241404636
1,0.080078125,5.053093731693009
1,0.0810546875,5.00078699036187
1,0.08203125,4.958959695055555
1,0.0830078125,4.916072706299922
1,0.083984375,4.876577949538497
1,0.0849609375,4.843716937499163
1,0.0859375,4.813905261479442
1,0.0869140625,4.7815122210720045
1,0.087890625,4.749045270730936
1,0.0888671875,4.719606324019713
1,0.08984375,4.699054196111941
1,0.0908203125,4.68603603259386
1,0.091796875,4.68066030405746
1,0.0927734375,4.678145219551947
1,0.09375,4.670055203462736
1,0.0947265625,4.647925298426636
1,0.095703125,4.627354198186066
1,0.0966796875,4.615174659716761
1,0.09765625,4.609375282351387
1,0.0986328125,4.606152816808665
1,0.099609375,4.602360307967958
1,0.1005859375,4.591298703349905
1,0.1015625,4.57720436762824
1,0.1025390625,4.56453791261416
1,0.103515625,4.552013142374989
1,0.1044921875,4.536297793696906
1,0.10546875,4.521559552557941
1,0.1064453125,4.511340250497382
1,0.107421875,4.508882449150877
1,0.1083984375,4.51239318054294
1,0.109375,4.516126321323929
1,0.1103515625,4.5104869211804015
1,0.111328125,4.502082259829708
1,0.1123046875,4.497811781016878
1,0.11328125,4.498837324390551
1,0.1142578125,4.504029983210475
1,0.115234375,4.510285738395064
1,0.1162109375,4.5117228623857475
1,0.1171875,4.5159222976925575
1,0.1181640625,4.530355083845679
1,0.119140625,4.554340261341002
1,0.1201171875,4.579795894060675
1,0.12109375,4.604334938428566
1,0.1220703125,4.631247616385545
1,0.123046875,4.665088984452919
1,0.1240234375,4.700386226194229
1,0.125,4.716330197751859
1,0.1259765625,4.69391855877585
1,0.126953125,4.656726435710877
1,0.1279296875,4.624640342636262
1,0.12890625,4.59937816603116
1,0.1298828125,4.572998980142685
1,0.130859375,4.5426787403234705
1,0.1318359375,4.511363997147121
1,0.1328125,4.483117818603487
1,0.1337890625,4.457451136793881
1,0.134765625,4.433811895794621
1,0.1357421875,4.412341701680993
1,0.13671875,4.39560592101862
1,0.1376953125,4.377834152889585
1,0.138671875,4.3582013741299654
1,0.1396484375,4.341007036089411
1,0.140625,4.323777687189916
1,0.1416015625,4.299171611785286
1,0.142578125,4.270713369433603
1,0.1435546875,4.243599757015141
1,0.14453125,4.219042426993911
1,0.1455078125,4.194202851061576
1,0.146484375,4.1702814653696505
1,0.1474609375,4.146987123841664
1,0.1484375,4.124846962581723
1,0.1494140625,4.105009125025806
1,0.150390625,4.0877935549116255
1,0.1513671875,4.07173847831908
1,0.15234375,4.057594300939196
1,0.1533203125,4.044611451782848
1,0.154296875,4.035750409323589
1,0.1552734375,4.032207507004513
1,0.15625,4.026511588480281
1,0.1572265625,4.009670896472583
1,0.158203125,3.989289400565458
1,0.1591796875,3.9722911848571743
1,0.16015625,3.961392316973127
1,0.1611328125,3.9543816544743624
1,0.162109375,3.947970439899084
1,0.1630859375,3.939470409747512
1,0.1640625,3.931644445993267
1,0.1650390625,3.9242840312216867
1,0.166015625,3.915933415624221
1,0.1669921875,3.907715520039568
1,0.16796875,3.902369105575556
1,0.1689453125,3.8986756684945734
1,0.169921875,3.895899839519061
1,0.1708984375,3.891982744781515
1,0.171875,3.885894248769379
1,0.1728515625,3.876503136161789
1,0.173828125,3.8671892119331264
1,0.1748046875,3.8579373649321766
1,0.17578125,3.8484923411054988
1,0.1767578125,3.8398056614043674
1,0.177734375,3.833990132375502
1,0.1787109375,3.829846194634409
1,0.1796875,3.8265933632860967
1,0.1806640625,3.8225816371201757
1,0.181640625,3.817736734823711
1,0.1826171875,3.812897438930678
1,0.18359375,3.8105107517494665
1,0.1845703125,3.8098305493094364
1,0.185546875,3.812194736673068
1,0.1865234375,3.818604821471968
1,0.1875,3.8250528601946576
1,0.1884765625,3.8241023856978598
1,0.189453125,3.821206399949079
1,0.1904296875,3.8190936980194614
1,0.19140625,3.817478547823907
1,0.1923828125,3.8186367182899312
1,0.193359375,3.823692443501209
1,0.1943359375,3.8258752546992576
1,0.1953125,3.823759805045336
1,0.1962890625,3.81958606358049
1,0.197265625,3.814189747813498
1,0.1982421875,3.806479471918225
1,0.19921875,3.7995776617336325
1,0.2001953125,3.795894119945492
1,0.201171875,3.7935362823095558
1,0.2021484375,3.7898508040001153
1,0.203125,3.7845496574845194
1,0.2041015625,3.7740872248809905
1,0.205078125,3.7620297240968172
1,0.2060546875,3.7518752647616176
1,0.20703125,3.744964966033732
1,0.2080078125,3.73995796112671
1,0.208984375,3.7378105247333973
1,0.2099609375,3.7378418827106454
1,0.2109375,3.738516477529502
1,0.2119140625,3.7388625645075626
1,0.212890625,3.739089248812108
1,0.2138671875,3.7389917873813143
1,0.21484375,3.742426278443725
1,0.2158203125,3.7505235953841143
1,0.216796875,3.761812518159455
1,0.2177734375,3.773362968998126
1,0.21875,3.7821702902422105
1,0.2197265625,3.7849710655635973
1,0.220703125,3.784795077901449
1,0.2216796875,3.7825248010871158
1,0.22265625,3.779796267834813
1,0.2236328125,3.777866825333337
1,0.224609375,3.775861355062961
1,0.2255859375,3.7706336351817034
1,0.2265625,3.763942749233933
1,0.2275390625,3.756619615547391
1,0.228515625,3.747476427948868
1,0.2294921875,3.7359170466022733
1,0.23046875,3.7239690702910972
1,0.2314453125,3.7137158562223784
1,0.232421875,3.706500022433319
1,0.2333984375,3.6998268082292944
1,0.234375,3.692811555218318
1,0.2353515625,3.6840956149195225
1,0.236328125,3.6763877712135615
1,0.2373046875,3.669522827995494
1,0.23828125,3.6609252430450887
1,0.2392578125,3.6513115620381225
1,0.240234375,3.644299198557738
1,0.2412109375,3.638848885590058
1,0.2421875,3.634823808655048
1,0.2431640625,3.6309513031195655
1,0.244140625,3.624895953483442
1,0.2451171875,3.614423710399837
1,0.24609375,3.603101014928786
1,0.2470703125,3.5959115537951707
1,0.248046875,3.5971675934081357
1,0.2490234375,3.6066274596970405
1,0.25,3.6112413003611596
1,0.2509765625,3.5956095680771756
1,0.251953125,3.5757480295323827
1,0.2529296875,3.562854311674157
1,0.25390625,3.5557293359138016
1,0.2548828125,3.55139027409273
1,0.255859375,3.5495115898663734
1,0.2568359375,3.5470040421055318
1,0.2578125,3.542178253746688
1,0.2587890625,3.5360078283661753
1,0.259765625,3.52926344396748
1,0.2607421875,3.5215095701035883
1,0.26171875,3.5164069625345395
1,0.2626953125,3.5133148635467055
1,0.263671875,3.5121350508700453
1,0.2646484375,3.5135463589148213
1,0.265625,3.5147640242789726
1,0.2666015625,3.511817157722309
1,0.267578125,3.507850254875964
1,0.2685546875,3.5081028954092535
1,0.26953125,3.515373491779178
1,0.2705078125,3.5250882472251344
1,0.271484375,3.5324674781102634
1,0.2724609375,3.536015841161415
1,0.2734375,3.5383606409908057
1,0.2744140625,3.541482252937389
1,0.275390625,3.5448994004052077
1,0.2763671875,3.5474340398586697
1,0.27734375,3.5510610450122404
1,0.2783203125,3.556102611401105
1,0.279296875,3.5609201553775165
1,0.2802734375,3.563847266430209
1,0.28125,3.5649773867818824
1,0.2822265625,3.561358151989778
1,0.283203125,3.5555278817584397
1,0.2841796875,3.5509748931570897
1,0.28515625,3.5494806289027756
1,0.2861328125,3.5503179926317903
1,0.287109375,3.551747111099429
1,0.2880859375,3.5517559160956282
1,0.2890625,3.5508770765286486
1,0.2900390625,3.5491552167933267
1,0.291015625,3.5471604252630824
1,0.2919921875,3.5457648154746617
1,0.29296875,3.5453812415175894
1,0.2939453125,3.5452349372543517
1,0.294921875,3.547093735080994
1,0.2958984375,3.5517629977569576
1,0.296875,3.556222311454667
1,0.2978515625,3.5562676622787235
1,0.298828125,3.554478056265462
1,0.2998046875,3.5530645591562027
1,0.30078125,3.553969760628826
1,0.3017578125,3.556948456559467
1,0.302734375,3.5597544260627063
1,0.3037109375,3.560464359043659
1,0.3046875,3.5589000690031405
1,0.3056640625,3.5545660767392024
1,0.306640625,3.5484342194786933
1,0.3076171875,3.5425178450291255
1,0.30859375,3.538406201766745
1,0.3095703125,3.5340318586081367
1,0.310546875,3.529692279574102
1,0.3115234375,3.5261622032622606
1,0.3125,3.521626266037938
1,0.3134765625,3.513031191824659
1,0.314453125,3.5035005369344976
1,0.3154296875,3.4953441644310534
1,0.31640625,3.48895296232895
1,0.3173828125,3.484285708289521
1,0.318359375,3.4809655464049745
1,0.3193359375,3.4760953928588867
1,0.3203125,3.469297728161028
1,0.3212890625,3.4618659336612403
1,0.322265625,3.455150108883123
1,0.3232421875,3.4492987042085166
1,0.32421875,3.4449800653562423
1,0.3251953125,3.441581835746064
1,0.326171875,3.4381610223998673
1,0.3271484375,3.4345926077583466
1,0.328125,3.431136000660925
1,0.3291015625,3.426667348254175
1,0.330078125,3.4228889355879626
1,0.3310546875,3.4202144949108306
1,0.33203125,3.4179048990480307
1,0.3330078125,3.41531080303027
1,0.333984375,3.413603640319467
1,0.3349609375,3.4123581333761943
1,0.3359375,3.410356870843567
1,0.3369140625,3.4075618567348265
1,0.337890625,3.405585456264161
1,0.3388671875,3.4046954028513086
1,0.33984375,3.4048728454344324
1,0.3408203125,3.4055527922914752
1,0.341796875,3.407159376992931
1,0.3427734375,3.4092197506638824
1,0.34375,3.409954267831255
1,0.3447265625,3.4079438047382498
1,0.345703125,3.4063836451102003
1,0.3466796875,3.4059427028685474
1,0.34765625,3.405507406125066
1,0.3486328125,3.4047689287047347
1,0.349609375,3.405179314474054
1,0.3505859375,3.406633579769752
1,0.3515625,3.408365627616618
1,0.3525390625,3.4096280854286003
1,0.353515625,3.410986162413397
1,0.3544921875,3.4124542495578396
1,0.35546875,3.413550300771764
1,0.3564453125,3.414419364787632
1,0.357421875,3.4167978215397676
1,0.3583984375,3.419788651814666
1,0.359375,3.4207268425350463
1,0.3603515625,3.417918743134187
1,0.361328125,3.4145312402470913
1,0.3623046875,3.4126511761769693
1,0.36328125,3.4117405210182548
1,0.3642578125,3.4113826510282745
1,0.365234375,3.4117786615963026
1,0.3662109375,3.4117698742330713
1,0.3671875,3.4119378538247465
1,0.3681640625,3.4129775178589843
1,0.369140625,3.415949805232761
1,0.3701171875,3.4206501097683577
1,0.37109375,3.426261986666398
1,0.3720703125,3.4315315387501113
1,0.373046875,3.436348542413678
1,0.3740234375,3.440429253030274
1,0.375,3.440921273832856
1,0.3759765625,3.4340506610801977
1,0.376953125,3.425123297590588
1,0.3779296875,3.4167951429583994
1,0.37890625,3.4088419242754173
1,0.3798828125,3.400728961326016
1,0.380859375,3.3929811901725198
1,0.3818359375,3.3862142813555023
1,0.3828125,3.381437598526595
1,0.3837890625,3.3785284484244174
1,0.384765625,3.3765060018748416
1,0.3857421875,3.374198275843621
1,0.38671875,3.3725104178506498
1,0.3876953125,3.371069431219059
1,0.388671875,3.369581065946694
1,0.3896484375,3.3684347214721058
1,0.390625,3.3674201891012374
1,0.3916015625,3.365074921612182
1,0.392578125,3.3624656052330257
1,0.3935546875,3.360778902119777
1,0.39453125,3.360073914418855
1,0.3955078125,3.3591675917314228
1,0.396484375,3.358861528853424
1,0.3974609375,3.359790665436925
1,0.3984375,3.3617744524237785
1,0.3994140625,3.3637527461946446
1,0.400390625,3.3651238459980064
1,0.4013671875,3.365737132059838
1,0.40234375,3.3660929709752643
1,0.4033203125,3.3658278697825934
1,0.404296875,3.365729905648425
1,0.4052734375,3.3663623056974554
1,0.40625,3.365928039589129
1,0.4072265625,3.3611088578797665
1,0.408203125,3.354388399918616
1,0.4091796875,3.348294232051755
1,0.41015625,3.343447711152308
1,0.4111328125,3.3393485842905357
1,0.412109375,3.3364106360979413
1,0.4130859375,3.3344523299800657
1,0.4140625,3.333227794031829
1,0.4150390625,3.331875385674462
1,0.416015625,3.330534198107572
1,0.4169921875,3.329890915062686
1,0.41796875,3.3301753083984336
1,0.4189453125,3.3306511224902313
1,0.419921875,3.3322649933937836
1,0.4208984375,3.3351899951617567
1,0.421875,3.3381429410223804
1,0.4228515625,3.3394578556378645
1,0.423828125,3.340849136447525
1,0.4248046875,3.34268288607766
1,0.42578125,3.344801495663264
1,0.4267578125,3.347245870752553
1,0.427734375,3.350546648297198
1,0.4287109375,3.3542103000062364
1,0.4296875,3.3576636560627744
1,0.4306640625,3.3603901912646035
1,0.431640625,3.3626707673682024
1,0.4326171875,3.364856500425066
1,0.43359375,3.3684011158781657
1,0.4345703125,3.3737006141595103
1,0.435546875,3.3810849047057197
1,0.4365234375,3.3898238530057156
1,0.4375,3.3971924907246374
1,0.4384765625,3.399903820060519
1,0.439453125,3.40107132354834
1,0.4404296875,3.4035838266872296
1,0.44140625,3.4072514412806836
1,0.4423828125,3.4109637675460966
1,0.443359375,3.4148549177440404
1,0.4443359375,3.4177232827180757
1,0.4453125,3.419090294767073
1,0.4462890625,3.4187872527600778
1,0.447265625,3.416347919872052
1,0.4482421875,3.411130402742853
1,0.44921875,3.405171998973041
1,0.4501953125,3.400472233359453
1,0.451171875,3.397334052250122
1,0.4521484375,3.3946752909836033
1,0.453125,3.390948312902737
1,0.4541015625,3.3845069487991024
1,0.455078125,3.3777313675522858
1,0.4560546875,3.372422642781478
1,0.45703125,3.368714760496625
1,0.4580078125,3.365737868534217
1,0.458984375,3.363921259269415
1,0.4599609375,3.3627642512882456
1,0.4609375,3.361913507465227
1,0.4619140625,3.3615168850274846
1,0.462890625,3.3618172530539763
1,0.4638671875,3.3623892287747177
1,0.46484375,3.36392654291733
1,0.4658203125,3.3667781750479837
1,0.466796875,3.371401940608359
1,0.4677734375,3.3767208380893177
1,0.46875,3.3802805183531364
1,0.4697265625,3.3799293972230173
1,0.470703125,3.3775351029946137
1,0.4716796875,3.3741189311102486
1,0.47265625,3.370552565884601
1,0.4736328125,3.3662480339673526
1,0.474609375,3.3601296884947662
1,0.4755859375,3.3516405841688255
1,0.4765625,3.343309970021226
1,0.4775390625,3.3364111287957994
1,0.478515625,3.3289792240428864
1,0.4794921875,3.319262522452992
1,0.48046875,3.309021136327269
1,0.4814453125,3.30081069406782
1,0.482421875,3.2963999942179747
1,0.4833984375,3.294098697259561
1,0.484375,3.2918962482429475
1,0.4853515625,3.288620919063312
1,0.486328125,3.286021846002656
1,0.4873046875,3.2843826592914884
1,0.48828125,3.2825960577463977
1,0.4892578125,3.2810334834596686
1,0.490234375,3.280802158063232
1,0.4912109375,3.2808014564207975
1,0.4921875,3.2822117852567336
1,0.4931640625,3.284692592153283
1,0.494140625,3.2848605121483914
1,0.4951171875,3.2816586677220587
1,0.49609375,3.279276815249435
1,0.4970703125,3.2797801476360466
1,0.498046875,3.283809573358694
1,0.4990234375,3.2907367435808204
1,0.5,3.2953444121512145
2,0.0009765625,56.55013843240066
2,0.001953125,53.99884009225517
2,0.0029296875,46.636703612034054
2,0.00390625,35.366040157104216
2,0.0048828125,22.540929712609348
2,0.005859375,14.247131215268142
2,0.0068359375,11.38000100131249
2,0.0078125,10.452120427859393
2,0.0087890625,9.881136447713292
2,0.009765625,9.86856061696295
2,0.0107421875,9.966484351601803
2,0.01171875,9.539501117990147
2,0.0126953125,8.589271145914088
2,0.013671875,7.8139630074377715
2,0.0146484375,7.522919240861772
2,0.015625,7.417841568812149
2,0.0166015625,7.33140950095682
2,0.017578125,7.372385034817645
2,0.0185546875,7.5073059413465435
2,0.01953125,7.608799347985902
2,0.0205078125,7.529970856899708
2,0.021484375,7.374174617020401
2,0.0224609375,7.342124981750237
2,0.0234375,7.393577672908888
2,0.0244140625,7.363290147711499
2,0.025390625,7.339248568085412
2,0.0263671875,7.409764031450153
2,0.02734375,7.47805797769856
2,0.0283203125,7.475517404006583
2,0.029296875,7.474929485115777
2,0.0302734375,7.502774321812788
2,0.03125,7.494832640464513
2,0.0322265625,7.413712200728641
2,0.033203125,7.325679265323248
2,0.0341796875,7.262336748203794
2,0.03515625,7.167838741519404
2,0.0361328125,7.004787832596122
2,0.037109375,6.844157577408394
2,0.0380859375,6.744136607415901
2,0.0390625,6.6742746068277095
2,0.0400390625,6.5911277449659
2,0.041015625,6.5274106832947325
2,0.0419921875,6.498919290761723
2,0.04296875,6.472601204605906
2,0.0439453125,6.419672868508989
2,0.044921875,6.368175322087774
2,0.0458984375,6.350045423449746
2,0.046875,6.340592954909632
2,0.0478515625,6.2945130037352905
2,0.048828125,6.235673103355166
2,0.0498046875,6.193436244378701
2,0.05078125,6.148337843664152
2,0.0517578125,6.075691892144457
2,0.052734375,6.0003700366466655
2,0.0537109375,5.944101304947005
2,0.0546875,5.901670456517272
2,0.0556640625,5.857680252148249
2,0.056640625,5.818010755853265
2,0.0576171875,5.796695155687055
2,0.05859375,5.783080488365119
2,0.0595703125,5.733576656572138
2,0.060546875,5.669978915029807
2,0.0615234375,5.63482671452693
2,0.0625,5.592437800774335
2,0.0634765625,5.501040887515361
2,0.064453125,5.4188325595334055
2,0.0654296875,5.379484215306627
2,0.06640625,5.333850543399743
2,0.0673828125,5.253999297843708
2,0.068359375,5.190332652061524
2,0.0693359375,5.169688895657508
2,0.0703125,5.154690581476301
2,0.0712890625,5.11046637251339
2,0.072265625,5.061093483314382
2,0.0732421875,5.028311119629897
2,0.07421875,4.997087883554912
2,0.0751953125,4.953113568292941
2,0.076171875,4.91372741061303
2,0.0771484375,4.888011679836833
2,0.078125,4.861570534199411
2,0.0791015625,4.820270514479039
2,0.080078125,4.771444200262697
2,0.0810546875,4.723980852935133
2,0.08203125,4.681058767198681
2,0.0830078125,4.637471678144847
2,0.083984375,4.600550700514452
2,0.0849609375,4.577719502261981
2,0.0859375,4.553823811223526
2,0.0869140625,4.505192564926918
2,0.087890625,4.4452253403124455
2,0.0888671875,4.400697862991352
2,0.08984375,4.368731442240433
2,0.0908203125,4.330121917063345
2,0.091796875,4.295302263402362
2,0.0927734375,4.277133039177224
2,0.09375,4.25930618651719
2,0.0947265625,4.2191575462343724
2,0.095703125,4.173434902646038
2,0.0966796875,4.145972110127868
2,0.09765625,4.12826065505434
2,0.0986328125,4.097262779966782
2,0.099609375,4.065720660355766
2,0.1005859375,4.051095177898129
2,0.1015625,4.042211197030709
2,0.1025390625,4.024565109236161
2,0.103515625,4.010990697840268
2,0.1044921875,4.000469050604684
2,0.10546875,3.983531582030526
2,0.1064453125,3.9615188577403226
2,0.107421875,3.950030968699539
2,0.1083984375,3.9559179881337263
2,0.109375,3.9640263527447033
2,0.1103515625,3.9517047330400135
2,0.111328125,3.928665163410051
2,0.1123046875,3.918086498962269
2,0.11328125,3.915319486035319
2,0.1142578125,3.901514868147539
2,0.115234375,3.8862859353383183
2,0.1162109375,3.8849042811508356
2,0.1171875,3.8989685377392522
2,0.1181640625,3.916889891957704
2,0.119140625,3.9287600343324662
2,0.1201171875,3.9356308697036493
2,0.12109375,3.946355012451894
2,0.1220703125,3.9537094975823486
2,0.123046875,3.971024052804323
2,0.1240234375,4.01261651811879
2,0.125,4.037692076660944
2,0.1259765625,4.006030785375625
2,0.126953125,3.9555925492568145
2,0.1279296875,3.923205061486353
2,0.12890625,3.8955698281504523
2,0.1298828125,3.863004041340089
2,0.130859375,3.845622390092012
2,0.1318359375,3.8486897605627344
2,0.1328125,3.8508524213717985
2,0.1337890625,3.8323494472855324
2,0.134765625,3.803423652223995
2,0.1357421875,3.78357937028204
2,0.13671875,3.7751004338166094
2,0.1376953125,3.7692505041521955
2,0.138671875,3.7703703994568243
2,0.1396484375,3.7775442547476654
2,0.140625,3.780719946457998
2,0.1416015625,3.7758505445338466
2,0.142578125,3.769905465513264
2,0.1435546875,3.7673316805581623
2,0.14453125,3.766855846534425
2,0.1455078125,3.7620049648304663
2,0.146484375,3.757252259229075
2,0.1474609375,3.7623712018815705
2,0.1484375,3.768592123724742
2,0.1494140625,3.7587839221507715
2,0.150390625,3.7455060598967194
2,0.1513671875,3.745356401698525
2,0.15234375,3.7490694354657053
2,0.1533203125,3.7433616299055705
2,0.154296875,3.7369649905452156
2,0.1552734375,3.738177731749174
2,0.15625,3.7424842842418538
2,0.1572265625,3.743250951513917
2,0.158203125,3.743752547422667
2,0.1591796875,3.7457480569295316
2,0.16015625,3.746721667245892
2,0.1611328125,3.7441293134747653
2,0.162109375,3.7434608485787986
2,0.1630859375,3.747474086272086
2,0.1640625,3.75099733155322
2,0.1650390625,3.749439410582391
2,0.166015625,3.747234943466853
2,0.1669921875,3.7471620245766717
2,0.16796875,3.746175316754551
2,0.1689453125,3.741110053903274
2,0.169921875,3.7359253249350113
2,0.1708984375,3.7345317120010404
2,0.171875,3.734836039981965
2,0.1728515625,3.7319722745365307
2,0.173828125,3.728685953918122
2,0.1748046875,3.7283853750913987
2,0.17578125,3.7291641922494585
2,0.1767578125,3.727935790509081
2,0.177734375,3.727256254501017
2,0.1787109375,3.7283846325409984
2,0.1796875,3.729687725274748
2,0.1806640625,3.729136373682704
2,0.181640625,3.729006697397284
2,0.1826171875,3.732768594186518
2,0.18359375,3.7397038319643863
2,0.1845703125,3.744510526050202
2,0.185546875,3.7516707320518097
2,0.1865234375,3.76614159519758
2,0.1875,3.7742974036397987
2,0.1884765625,3.7617090249772733
2,0.189453125,3.7420358970863643
2,0.1904296875,3.7285567044229424
2,0.19140625,3.715937725198432
2,0.1923828125,3.699814596603955
2,0.193359375,3.6862847618301173
2,0.1943359375,3.6769056070046244
2,0.1953125,3.667232819784299
2,0.1962890625,3.653695519420673
2,0.197265625,3.6404076344409755
2,0.1982421875,3.6320395509071464
2,0.19921875,3.6272072748211754
2,0.2001953125,3.621739524816554
2,0.201171875,3.617836201045694
2,0.2021484375,3.6164707579070865
2,0.203125,3.613398170215963
2,0.2041015625,3.6056774805828433
2,0.205078125,3.5987109480410617
2,0.2060546875,3.5948653117688356
2,0.20703125,3.590352872821154
2,0.2080078125,3.5808166277151052
2,0.208984375,3.568108593112582
2,0.2099609375,3.5575645001519383
2,0.2109375,3.5495731664424492
2,0.2119140625,3.538682080787644
2,0.212890625,3.5294291384786827
2,0.2138671875,3.5290495955700947
2,0.21484375,3.5307055465697164
2,0.2158203125,3.523554993893494
2,0.216796875,3.513095456309567
2,0.2177734375,3.506830702341159
2,0.21875,3.5026332554178414
2,0.2197265625,3.4965132675150996
2,0.220703125,3.4922632821955797
2,0.2216796875,3.4918355440911424
2,0.22265625,3.4907394528239437
2,0.2236328125,3.484572460533091
2,0.224609375,3.4794844913685474
2,0.2255859375,3.4807927815679864
2,0.2265625,3.481344988047293
2,0.2275390625,3.475158503261573
2,0.228515625,3.471561191764075
2,0.2294921875,3.4747589068845013
2,0.23046875,3.4772495340426253
2,0.2314453125,3.474731139204039
2,0.232421875,3.4715643799924036
2,0.2333984375,3.47091250396574
2,0.234375,3.4726488455056272
2,0.2353515625,3.472897318680047
2,0.236328125,3.4720961051432577
2,0.2373046875,3.4736040864231508
2,0.23828125,3.476641626962789
2,0.2392578125,3.478561192527292
2,0.240234375,3.4841375307291815
2,0.2412109375,3.495275610453094
2,0.2421875,3.5048835245905785
2,0.2431640625,3.506188565070096
2,0.244140625,3.505072038473151
2,0.2451171875,3.510649359246564
2,0.24609375,3.521373907209473
2,0.2470703125,3.52903785396114
2,0.248046875,3.5420651573580235
2,0.2490234375,3.568356446917862
2,0.25,3.5842059800986563
2,0.2509765625,3.566802542406923
2,0.251953125,3.5395220806316976
2,0.2529296875,3.5249453264613075
2,0.25390625,3.5154555235637366
2,0.2548828125,3.503974850710259
2,0.255859375,3.497486248560446
2,0.2568359375,3.4953316302184088
2,0.2578125,3.4908166989395517
2,0.2587890625,3.4818019233646056
2,0.259765625,3.4733247382591337
2,0.2607421875,3.468365168750358
2,0.26171875,3.4653078505271995
2,0.2626953125,3.4619345847636844
2,0.263671875,3.4608113402039975
2,0.2646484375,3.4607810558153616
2,0.265625,3.4565643755121536
2,0.2666015625,3.447112848107093
2,0.267578125,3.4381710298946313
2,0.2685546875,3.4322859916874227
2,0.26953125,3.4267163747917735
2,0.2705078125,3.4180094833266144
2,0.271484375,3.4106007044649793
2,0.2724609375,3.409420681975219
2,0.2734375,3.40923513088761
2,0.2744140625,3.40232871282381
2,0.275390625,3.3945612441737087
2,0.2763671875,3.3928157279987907
2,0.27734375,3.393259987443152
2,0.2783203125,3.391011791510482
2,0.279296875,3.3897730789782257
2,0.2802734375,3.391351168123418
2,0.28125,3.3903309884282145
2,0.2822265625,3.381387734133901
2,0.283203125,3.3696043850518036
2,0.2841796875,3.3609638363656558
2,0.28515625,3.3541700956748675
2,0.2861328125,3.346242146019132
2,0.287109375,3.3411952074987092
2,0.2880859375,3.3389673253653784
2,0.2890625,3.3322207477845374
2,0.2900390625,3.3192906048345003
2,0.291015625,3.308302235067633
2,0.2919921875,3.3013649000482714
2,0.29296875,3.294539871232893
2,0.2939453125,3.285890741732142
2,0.294921875,3.278517299270715
2,0.2958984375,3.2752320414516234
2,0.296875,3.2740168039162425
2,0.2978515625,3.2703971689167077
2,0.298828125,3.267026365938815
2,0.2998046875,3.267184321402242
2,0.30078125,3.268788337251161
2,0.3017578125,3.2684051506609104
2,0.302734375,3.2682841490434376
2,0.3037109375,3.2698630805114717
2,0.3046875,3.2704491501709008
2,0.3056640625,3.2677122482971477
2,0.306640625,3.2657008790276705
2,0.3076171875,3.2689071286417546
2,0.30859375,3.274765563950301
2,0.3095703125,3.276243693172589
2,0.310546875,3.277227683345356
2,0.3115234375,3.285034576838984
2,0.3125,3.293656657477735
2,0.3134765625,3.294448467903426
2,0.314453125,3.29508781415138
2,0.3154296875,3.3010529102995054
2,0.31640625,3.3062469809757458
2,0.3173828125,3.306086607020107
2,0.318359375,3.304899711217228
2,0.3193359375,3.3056362990042305
2,0.3203125,3.3070517670420325
2,0.3212890625,3.3080291277090272
2,0.322265625,3.3114892591443557
2,0.3232421875,3.3182362321322185
2,0.32421875,3.3237013151197945
2,0.3251953125,3.3239342021023695
2,0.326171875,3.322710821430683
2,0.3271484375,3.323592299702971
2,0.328125,3.324236851240168
2,0.3291015625,3.3221159817784214
2,0.330078125,3.321097090757099
2,0.3310546875,3.3230076907230606
2,0.33203125,3.3241693137537336
2,0.3330078125,3.3202111815006323
2,0.333984375,3.3143740449338424
2,0.3349609375,3.312126211818586
2,0.3359375,3.313162577733807
2,0.3369140625,3.314014547768717
2,0.337890625,3.316760983985003
2,0.3388671875,3.32362524682804
2,0.33984375,3.3313455158910448
2,0.3408203125,3.335550602221434
2,0.341796875,3.338947560489549
2,0.3427734375,3.344056945744705
2,0.34375,3.346514518858878
2,0.3447265625,3.3409569052524093
2,0.345703125,3.332296223273457
2,0.3466796875,3.3266548482713443
2,0.34765625,3.320778068026695
2,0.3486328125,3.309130544586328
2,0.349609375,3.2983787284161905
2,0.3505859375,3.2943882258855806
2,0.3515625,3.2907182933647925
2,0.3525390625,3.2823979253682607
2,0.353515625,3.2776363819904093
2,0.3544921875,3.2795196818400174
2,0.35546875,3.2806844844246448
2,0.3564453125,3.2765718825983514
2,0.357421875,3.27156903600869
2,0.3583984375,3.2692219490054324
2,0.359375,3.268743726177899
2,0.3603515625,3.2674580410383487
2,0.361328125,3.2671378335267773
2,0.3623046875,3.270479335769414
2,0.36328125,3.274574530695847
2,0.3642578125,3.2739670141903123
2,0.365234375,3.271859811713262
2,0.3662109375,3.272572298510269
2,0.3671875,3.273601475419271
2,0.3681640625,3.2708184334886408
2,0.369140625,3.2697810589793916
2,0.3701171875,3.27755018870399
2,0.37109375,3.287981255420158
2,0.3720703125,3.2880060793500383
2,0.373046875,3.284390565320445
2,0.3740234375,3.2915037536475364
2,0.375,3.300355775269389
2,0.3759765625,3.2974780891768756
2,0.376953125,3.298329243678705
2,0.3779296875,3.3120189040421377
2,0.37890625,3.321687325321537
2,0.3798828125,3.3184037805066438
2,0.380859375,3.3147923601870017
2,0.3818359375,3.317042915941968
2,0.3828125,3.320966410101937
2,0.3837890625,3.3242749195789156
2,0.384765625,3.3300941575509544
2,0.3857421875,3.3382401683750724
2,0.38671875,3.342826111016407
2,0.3876953125,3.3398531453784113
2,0.388671875,3.335969791875694
2,0.3896484375,3.335928513695952
2,0.390625,3.3367688649422753
2,0.3916015625,3.335970832607425
2,0.392578125,3.3368941998464496
2,0.3935546875,3.341034064464743
2,0.39453125,3.3438687782243166
2,0.3955078125,3.3394248859617357
2,0.396484375,3.3315376453736514
2,0.3974609375,3.3284015133090636
2,0.3984375,3.3289440425973624
2,0.3994140625,3.325996554614901
2,0.400390625,3.3241514082717796
2,0.4013671875,3.3276785717536215
2,0.40234375,3.3298329171074834
2,0.4033203125,3.3257429973542516
2,0.404296875,3.3227781925354294
2,0.4052734375,3.3239127575292704
2,0.40625,3.3221094981529564
2,0.4072265625,3.3123449221582346
2,0.408203125,3.3006598666515314
2,0.4091796875,3.292199990482214
2,0.41015625,3.2838798973273358
2,0.4111328125,3.27246802620157
2,0.412109375,3.2632165991756286
2,0.4130859375,3.2594246955782524
2,0.4140625,3.2571294485648488
2,0.4150390625,3.2531043188133
2,0.416015625,3.251299655672627
2,0.4169921875,3.2533751804900377
2,0.41796875,3.256113298514431
2,0.4189453125,3.2572507224899248
2,0.419921875,3.259271782368552
2,0.4208984375,3.2636030769338573
2,0.421875,3.267591944130268
2,0.4228515625,3.267320480497344
2,0.423828125,3.2659005918200936
2,0.4248046875,3.2674748772186564
2,0.42578125,3.270505118039209
2,0.4267578125,3.271488849858841
2,0.427734375,3.272934330712988
2,0.4287109375,3.278184484354852
2,0.4296875,3.2859231150497448
2,0.4306640625,3.292481456623636
2,0.431640625,3.2995167142058577
2,0.4326171875,3.3105381987512223
2,0.43359375,3.3230084007985896
2,0.4345703125,3.3302839490700507
2,0.435546875,3.3369525562139923
2,0.4365234375,3.3498724081781734
2,0.4375,3.3613897426818893
2,0.4384765625,3.3619576543254106
2,0.439453125,3.3620223552378135
2,0.4404296875,3.3688476843596007
2,0.44140625,3.3740189790134543
2,0.4423828125,3.3730813043615786
2,0.443359375,3.3737873083934695
2,0.4443359375,3.3798783546991595
2,0.4453125,3.3863525743250866
2,0.4462890625,3.387319384373573
2,0.447265625,3.3868273741890507
2,0.4482421875,3.389918834499753
2,0.44921875,3.393260112476643
2,0.4501953125,3.392014074270359
2,0.451171875,3.390328000088486
2,0.4521484375,3.3918314072270808
2,0.453125,3.3943929619928657
2,0.4541015625,3.3955495405535263
2,0.455078125,3.3973738240200944
2,0.4560546875,3.3996422253167538
2,0.45703125,3.3999128389996356
2,0.4580078125,3.3961582616690813
2,0.458984375,3.390874714977838
2,0.4599609375,3.387374920251716
2,0.4609375,3.38421610720756
2,0.4619140625,3.3761848078248264
2,0.462890625,3.3653024713254815
2,0.4638671875,3.3569788281721014
2,0.46484375,3.3509023636843316
2,0.4658203125,3.34345677406442
2,0.466796875,3.3379278704044353
2,0.4677734375,3.3374116841032784
2,0.46875,3.3374136669644763
2,0.4697265625,3.3322183444970594
2,0.470703125,3.3268796395860143
2,0.4716796875,3.3267269066474787
2,0.47265625,3.3280357654409203
2,0.4736328125,3.3255908787838324
2,0.474609375,3.324730054723531
2,0.4755859375,3.329740304862025
2,0.4765625,3.3339067203305848
2,0.4775390625,3.3316104642122926
2,0.478515625,3.32939007341856
2,0.4794921875,3.3314963787635374
2,0.48046875,3.334679305417956
2,0.4814453125,3.336352772220286
2,0.482421875,3.339085169713387
2,0.4833984375,3.344580718010935
2,0.484375,3.3505413705400704
2,0.4853515625,3.3522436318779962
2,0.486328125,3.351965086775467
2,0.4873046875,3.3545598377537513
2,0.48828125,3.359688847627166
2,0.4892578125,3.3642015292610665
2,0.490234375,3.37093604285281
2,0.4912109375,3.3814488211835596
2,0.4921875,3.3922745620469015
2,0.4931640625,3.400418363836107
2,0.494140625,3.410263236033393
2,0.4951171875,3.4273642951391468
2,0.49609375,3.4489078454577684
2,0.4970703125,3.4652408077325068
2,0.498046875,3.4798263180384637
2,0.4990234375,3.5001053619756206
2,0.5,3.512213562553265
3,0.0009765625,22.015749386909075
3,0.001953125,20.452981514998545
3,0.0029296875,18.18998555128643
3,0.00390625,16.048311732878297
3,0.0048828125,14.373896732729758
3,0.005859375,13.211353113007231
3,0.0068359375,12.312730947509932
3,0.0078125,11.460948442029675
3,0.0087890625,10.61946521482286
3,0.009765625,9.860818781947941
3,0.0107421875,9.245352232214218
3,0.01171875,8.799573892417394
3,0.0126953125,8.51242521010086
3,0.013671875,8.32987640587173
3,0.0146484375,8.188577888769608
3,0.015625,8.057242546323284
3,0.0166015625,7.93292081984666
3,0.017578125,7.827785070710912
3,0.0185546875,7.74368604184804
3,0.01953125,7.681232545539888
3,0.0205078125,7.646455001471673
3,0.021484375,7.641777207605614
3,0.0224609375,7.6563627140458
3,0.0234375,7.670137714205126
3,0.0244140625,7.6683248928505785
3,0.025390625,7.651817726834954
3,0.0263671875,7.628520691676099
3,0.02734375,7.600954976893619
3,0.0283203125,7.563277664313124
3,0.029296875,7.510033042084789
3,0.0302734375,7.439178097722335
3,0.03125,7.345654098340561
3,0.0322265625,7.223395644670766
3,0.033203125,7.078898660039224
3,0.0341796875,6.925791944286909
3,0.03515625,6.772847531218468
3,0.0361328125,6.6231141463224565
3,0.037109375,6.48053380058846
3,0.0380859375,6.347563482897014
3,0.0390625,6.222021628506149
3,0.0400390625,6.1027360875323655
3,0.041015625,5.9929415025483905
3,0.0419921875,5.895306348403205
3,0.04296875,5.810770781502675
3,0.0439453125,5.739061069288124
3,0.044921875,5.679799294796638
3,0.0458984375,5.631971205402216
3,0.046875,5.59131940905748
3,0.0478515625,5.553616662672765
3,0.048828125,5.522716978838181
3,0.0498046875,5.50377368575995
3,0.05078125,5.4950257880819855
3,0.0517578125,5.491370938547419
3,0.052734375,5.4895296125099255
3,0.0537109375,5.486057116677351
3,0.0546875,5.477162759369453
3,0.0556640625,5.4623285017859375
3,0.056640625,5.445567669984393
3,0.0576171875,5.430846935157385
3,0.05859375,5.418826009611762
3,0.0595703125,5.40776398103549
3,0.060546875,5.395698850559344
3,0.0615234375,5.379443075246629
3,0.0625,5.353442415116093
3,0.0634765625,5.314919785767033
3,0.064453125,5.268963000005027
3,0.0654296875,5.222084791281448
3,0.06640625,5.177140830389536
3,0.0673828125,5.134712654683165
3,0.068359375,5.094771830863651
3,0.0693359375,5.0565943802546665
3,0.0703125,5.0190367917468715
3,0.0712890625,4.98124801990144
3,0.072265625,4.943398327381129
3,0.0732421875,4.906117554416548
3,0.07421875,4.870716360048062
3,0.0751953125,4.8387250174288505
3,0.076171875,4.810262651685676
3,0.0771484375,4.783124832882845
3,0.078125,4.75414856220306
3,0.0791015625,4.721425297915588
3,0.080078125,4.685997681415082
3,0.0810546875,4.649896572346091
3,0.08203125,4.614679424751847
3,0.0830078125,4.581318700864743
3,0.083984375,4.550889205658863
3,0.0849609375,4.524520370969593
3,0.0859375,4.502441754435744
3,0.0869140625,4.483839731559501
3,0.087890625,4.468976537848219
3,0.0888671875,4.4589177405654326
3,0.08984375,4.4534520737978225
3,0.0908203125,4.450407264995136
3,0.091796875,4.446551454295136
3,0.0927734375,4.437893065806213
3,0.09375,4.419994626747458
3,0.0947265625,4.39064410880423
3,0.095703125,4.3531178894015286
3,0.0966796875,4.313105820711236
3,0.09765625,4.2752430586344925
3,0.0986328125,4.2425970576298715
3,0.099609375,4.216958183417328
3,0.1005859375,4.198079873065102
3,0.1015625,4.183976206214523
3,0.1025390625,4.172881000942406
3,0.103515625,4.164553808123681
3,0.1044921875,4.158820787098395
3,0.10546875,4.154656618073479
3,0.1064453125,4.150887402974177
3,0.107421875,4.147086322712605
3,0.1083984375,4.142548367417555
3,0.109375,4.135343621519013
3,0.1103515625,4.124390135185668
3,0.111328125,4.111834221851467
3,0.1123046875,4.100410532673703
3,0.11328125,4.091722977059881
3,0.1142578125,4.086335017599069
3,0.115234375,4.084045819030359
3,0.1162109375,4.083904687840775
3,0.1171875,4.084562895020329
3,0.1181640625,4.085240689851604
3,0.119140625,4.086391971763045
3,0.1201171875,4.088584247673911
3,0.12109375,4.091905547492568
3,0.1220703125,4.096033532613748
3,0.123046875,4.100589021188396
3,0.1240234375,4.1039738794498275
3,0.125,4.102080417226814
3,0.1259765625,4.092483721723886
3,0.126953125,4.078756572649782
3,0.1279296875,4.064869001324057
3,0.12890625,4.0515452259877245
3,0.1298828125,4.038309128685311
3,0.130859375,4.025000392127749
3,0.1318359375,4.011927223669052
3,0.1328125,3.999463008924644
3,0.1337890625,3.9871766536265536
3,0.134765625,3.974480037494141
3,0.1357421875,3.9615087163297
3,0.13671875,3.949232976358079
3,0.1376953125,3.938434797108941
3,0.138671875,3.9290909396315197
3,0.1396484375,3.920219811562824
3,0.140625,3.909899549411323
3,0.1416015625,3.8969047588528074
3,0.142578125,3.8827810474744675
3,0.1435546875,3.869482881781893
3,0.14453125,3.857541515773073
3,0.1455078125,3.8466772842291577
3,0.146484375,3.836715773492289
3,0.1474609375,3.8278117039068196
3,0.1484375,3.8201577501096193
3,0.1494140625,3.813678802997677
3,0.150390625,3.808474013535552
3,0.1513671875,3.804568839374396
3,0.15234375,3.8017097148993106
3,0.1533203125,3.7993368800568876
3,0.154296875,3.796510826454014
3,0.1552734375,3.7918491882297345
3,0.15625,3.783731108653842
3,0.1572265625,3.7714064392243305
3,0.158203125,3.7564916303517006
3,0.1591796875,3.7411310372407627
3,0.16015625,3.726268261859059
3,0.1611328125,3.7122614806616347
3,0.162109375,3.6997145683247195
3,0.1630859375,3.688794359009193
3,0.1640625,3.6789348177525745
3,0.1650390625,3.669943466186921
3,0.166015625,3.6625234127426913
3,0.1669921875,3.657050285075606
3,0.16796875,3.653202115944233
3,0.1689453125,3.6505258723796166
3,0.169921875,3.648981579429455
3,0.1708984375,3.648583645189939
3,0.171875,3.648631370232576
3,0.1728515625,3.6480219450923954
3,0.173828125,3.6468402236199307
3,0.1748046875,3.646004759180933
3,0.17578125,3.6462451233310547
3,0.1767578125,3.647535487639678
3,0.177734375,3.6494336694728515
3,0.1787109375,3.6517011129733534
3,0.1796875,3.6543169466636485
3,0.1806640625,3.6570965137324833
3,0.181640625,3.6600122267559807
3,0.1826171875,3.6632418213915194
3,0.18359375,3.666913999881908
3,0.1845703125,3.6709342667820724
3,0.185546875,3.6752467201749877
3,0.1865234375,3.6792299906046715
3,0.1875,3.6809777912341235
3,0.1884765625,3.679192567688435
3,0.189453125,3.6753635280894823
3,0.1904296875,3.6712739017677403
3,0.19140625,3.667230888320844
3,0.1923828125,3.663130767701768
3,0.193359375,3.6593385926994038
3,0.1943359375,3.656130216320602
3,0.1953125,3.6531735538019143
3,0.1962890625,3.6500130977073906
3,0.197265625,3.6469207236809913
3,0.1982421875,3.6443599464640584
3,0.19921875,3.6423550914328535
3,0.2001953125,3.640806182470413
3,0.201171875,3.6399624278405427
3,0.2021484375,3.639875348593957
3,0.203125,3.639986142121851
3,0.2041015625,3.6399117226024518
3,0.205078125,3.6402467370597664
3,0.2060546875,3.6414246142959112
3,0.20703125,3.6432893535302586
3,0.2080078125,3.645657801481378
3,0.208984375,3.6486902957434677
3,0.2099609375,3.6525710099773754
3,0.2109375,3.657154844390735
3,0.2119140625,3.6621163043934
3,0.212890625,3.6677167242797846
3,0.2138671875,3.6742833827845574
3,0.21484375,3.68145456956984
3,0.2158203125,3.6886179192133635
3,0.216796875,3.695336744963795
3,0.2177734375,3.7006507934437907
3,0.21875,3.703183517385909
3,0.2197265625,3.702692440762346
3,0.220703125,3.7003839742323645
3,0.2216796875,3.6968641055953095
3,0.22265625,3.692315564720312
3,0.2236328125,3.6875523222524067
3,0.224609375,3.683680314068586
3,0.2255859375,3.6811407183873404
3,0.2265625,3.6796633356284527
3,0.2275390625,3.6790065147967947
3,0.228515625,3.6793947516577723
3,0.2294921875,3.6808877632505568
3,0.23046875,3.6830545015605605
3,0.2314453125,3.6851999153371473
3,0.232421875,3.6870111221277635
3,0.2333984375,3.688675167404615
3,0.234375,3.690210733127059
3,0.2353515625,3.6913747052673056
3,0.236328125,3.692536523820893
3,0.2373046875,3.6942526459859475
3,0.23828125,3.696953704446492
3,0.2392578125,3.7004501982619256
3,0.240234375,3.70410976486388
3,0.2412109375,3.7075045223510372
3,0.2421875,3.7105446277371326
3,0.2431640625,3.7133007245147214
3,0.244140625,3.715974845241849
3,0.2451171875,3.7183757492784446
3,0.24609375,3.719781644497274
3,0.2470703125,3.7197326115371054
3,0.248046875,3.7189705431419413
3,0.2490234375,3.718138399166889
3,0.25,3.7157192916806827
3,0.2509765625,3.71025850289777
3,0.251953125,3.703488071926694
3,0.2529296875,3.6968817006992696
3,0.25390625,3.6896599247559814
3,0.2548828125,3.681066279837791
3,0.255859375,3.67155632632489
3,0.2568359375,3.66178922686805
3,0.2578125,3.6519910922332244
3,0.2587890625,3.6422659936448665
3,0.259765625,3.633004667266235
3,0.2607421875,3.6245520380178124
3,0.26171875,3.617148629714066
3,0.2626953125,3.610964956671594
3,0.263671875,3.6058274360851175
3,0.2646484375,3.6012523741292735
3,0.265625,3.596741500878982
3,0.2666015625,3.5918770653097636
3,0.267578125,3.5869047702366283
3,0.2685546875,3.5819952332807143
3,0.26953125,3.5772302215864347
3,0.2705078125,3.5731103016650483
3,0.271484375,3.5702814094418196
3,0.2724609375,3.568870012574356
3,0.2734375,3.568431462984677
3,0.2744140625,3.5684486149460293
3,0.275390625,3.568906735279407
3,0.2763671875,3.569852688212748
3,0.27734375,3.570820881768
3,0.2783203125,3.5710701774155296
3,0.279296875,3.570307351712817
3,0.2802734375,3.5686090264289723
3,0.28125,3.565545191462017
3,0.2822265625,3.560200311028281
3,0.283203125,3.5527237902143587
3,0.2841796875,3.5439984777761357
3,0.28515625,3.53465315365288
3,0.2861328125,3.5250339774375474
3,0.287109375,3.515729322007818
3,0.2880859375,3.5072762239497726
3,0.2890625,3.499731936092495
3,0.2900390625,3.4930675549772783
3,0.291015625,3.4875298799207894
3,0.2919921875,3.4832673619075822
3,0.29296875,3.480347328236916
3,0.2939453125,3.4787849127755317
3,0.294921875,3.4785455358707416
3,0.2958984375,3.4795377795169147
3,0.296875,3.4814476104690972
3,0.2978515625,3.4837651551745235
3,0.298828125,3.4865256888837597
3,0.2998046875,3.490076731800164
3,0.30078125,3.4945369155574757
3,0.3017578125,3.4997406758330465
3,0.302734375,3.505642144557678
3,0.3037109375,3.5121795285935695
3,0.3046875,3.5189993597604077
3,0.3056640625,3.5257179775568463
3,0.306640625,3.5322643384158576
3,0.3076171875,3.5385402059769815
3,0.30859375,3.544359770477867
3,0.3095703125,3.54972064617746
3,0.310546875,3.5549551589725183
3,0.3115234375,3.5601332463477924
3,0.3125,3.5643129142741325
3,0.3134765625,3.566460003215016
3,0.314453125,3.5670314006462203
3,0.3154296875,3.566945334123799
3,0.31640625,3.566489829862093
3,0.3173828125,3.565650875850882
3,0.318359375,3.564540965895888
3,0.3193359375,3.56325154740281
3,0.3203125,3.5617891354799203
3,0.3212890625,3.56017278177984
3,0.322265625,3.5585235505360386
3,0.3232421875,3.5568647000092817
3,0.32421875,3.555178136408016
3,0.3251953125,3.553438193854335
3,0.326171875,3.5515207140973497
3,0.3271484375,3.549041189612859
3,0.328125,3.5454542161607625
3,0.3291015625,3.5406057216879416
3,0.330078125,3.53504529193236
3,0.3310546875,3.529100402225934
3,0.33203125,3.5226686465203034
3,0.3330078125,3.5157970857258474
3,0.333984375,3.508969013003719
3,0.3349609375,3.5027235296838235
3,0.3359375,3.4971709766225993
3,0.3369140625,3.492009699961742
3,0.337890625,3.487149077496222
3,0.3388671875,3.4827038156470027
3,0.33984375,3.4787665326392623
3,0.3408203125,3.4755259436514017
3,0.341796875,3.4732506746441905
3,0.3427734375,3.471618412114973
3,0.34375,3.4694795235966205
3,0.3447265625,3.465898530398567
3,0.345703125,3.4611460026493805
3,0.3466796875,3.4559507301427455
3,0.34765625,3.450917252007312
3,0.3486328125,3.4464043413505205
3,0.349609375,3.442505133563326
3,0.3505859375,3.439070711634832
3,0.3515625,3.435829174080721
3,0.3525390625,3.4325859292473426
3,0.353515625,3.429351827370437
3,0.3544921875,3.426068437359632
3,0.35546875,3.4226973761237063
3,0.3564453125,3.4193763899422485
3,0.357421875,3.4163502981063747
3,0.3583984375,3.4136912993866284
3,0.359375,3.411070337636801
3,0.3603515625,3.4081242820676807
3,0.361328125,3.4051625726618213
3,0.3623046875,3.4027136820720334
3,0.36328125,3.401245278195143
3,0.3642578125,3.401014878472042
3,0.365234375,3.4019751891162557
3,0.3662109375,3.4038786874458786
3,0.3671875,3.406492481941338
3,0.3681640625,3.4096974044513697
3,0.369140625,3.413483195421466
3,0.3701171875,3.4176960756322567
3,0.37109375,3.4220629016027484
3,0.3720703125,3.4262389238590893
3,0.373046875,3.4299833203755425
3,0.3740234375,3.432939420088015
3,0.375,3.4339409472750155
3,0.3759765625,3.431940505157163
3,0.376953125,3.4277893476844077
3,0.3779296875,3.4228585556329794
3,0.37890625,3.417696433075127
3,0.3798828125,3.4124731684525598
3,0.380859375,3.4074490004021123
3,0.3818359375,3.4029117788283627
3,0.3828125,3.399063543867225
3,0.3837890625,3.3959573688418065
3,0.384765625,3.3937181528621485
3,0.3857421875,3.392500363792862
3,0.38671875,3.3924089263077666
3,0.3876953125,3.393418578613747
3,0.388671875,3.3952833947015475
3,0.3896484375,3.39744947721938
3,0.390625,3.3992090603197407
3,0.3916015625,3.4002282678576328
3,0.392578125,3.400967654160821
3,0.3935546875,3.401783162093224
3,0.39453125,3.4025389966064616
3,0.3955078125,3.4030476363604243
3,0.396484375,3.403380282254073
3,0.3974609375,3.4036638145336164
3,0.3984375,3.4038024700075433
3,0.3994140625,3.403597094804672
3,0.400390625,3.4031765719427236
3,0.4013671875,3.402766539388167
3,0.40234375,3.4024170103610336
3,0.4033203125,3.402098550659802
3,0.404296875,3.4018627891944515
3,0.4052734375,3.4016335477958424
3,0.40625,3.4009217947477843
3,0.4072265625,3.399205767608208
3,0.408203125,3.3967847748286886
3,0.4091796875,3.3943098310588633
3,0.41015625,3.3921805220411243
3,0.4111328125,3.39062502937465
3,0.412109375,3.3898749051967023
3,0.4130859375,3.389873224229712
3,0.4140625,3.3902542295189835
3,0.4150390625,3.390849863203784
3,0.416015625,3.39185465454542
3,0.4169921875,3.3932869918359465
3,0.41796875,3.3949134288171847
3,0.4189453125,3.3965500954992125
3,0.419921875,3.398237581561774
3,0.4208984375,3.399891043229884
3,0.421875,3.400973986157584
3,0.4228515625,3.4009579687890605
3,0.423828125,3.400144139651306
3,0.4248046875,3.3992366657160002
3,0.42578125,3.3987206400404237
3,0.4267578125,3.398673619220485
3,0.427734375,3.3989898504501053
3,0.4287109375,3.3996768628192022
3,0.4296875,3.4009037706890557
3,0.4306640625,3.402811376046695
3,0.431640625,3.4054719912463125
3,0.4326171875,3.408791947674893
3,0.43359375,3.412575818356323
3,0.4345703125,3.4165951577389
3,0.435546875,3.420620543018276
3,0.4365234375,3.424120461044453
3,0.4375,3.4260396363556667
3,0.4384765625,3.4255776687030353
3,0.439453125,3.423075901659837
3,0.4404296875,3.4191184798226915
3,0.44140625,3.413978627297592
3,0.4423828125,3.4079937700755494
3,0.443359375,3.4016960542660275
3,0.4443359375,3.3954625834307457
3,0.4453125,3.3893633922540753
3,0.4462890625,3.3834046102889928
3,0.447265625,3.3778249837937904
3,0.4482421875,3.3728152011854626
3,0.44921875,3.368328855764907
3,0.4501953125,3.364325421107016
3,0.451171875,3.361010917647426
3,0.4521484375,3.358431660560571
3,0.453125,3.3562538815956566
3,0.4541015625,3.3542886781933
3,0.455078125,3.352864469080288
3,0.4560546875,3.3521753974121244
3,0.45703125,3.3522359753333886
3,0.4580078125,3.353118831086852
3,0.458984375,3.3549274971994376
3,0.4599609375,3.357626588431619
3,0.4609375,3.360880990392814
3,0.4619140625,3.364135725875693
3,0.462890625,3.367203056997444
3,0.4638671875,3.370133662431165
3,0.46484375,3.372803727284152
3,0.4658203125,3.3751476240483993
3,0.466796875,3.3773430280512855
3,0.4677734375,3.3792011033226106
3,0.46875,3.3800630567868573
3,0.4697265625,3.379691319548878
3,0.470703125,3.3785986173165385
3,0.4716796875,3.377004666919332
3,0.47265625,3.3748553287913996
3,0.4736328125,3.372344988738978
3,0.474609375,3.369861431022008
3,0.4755859375,3.3675689208073276
3,0.4765625,3.365443742092676
3,0.4775390625,3.3636940868579996
3,0.478515625,3.36291588676359
3,0.4794921875,3.3634803413417766
3,0.48046875,3.3650866176890837
3,0.4814453125,3.3669827093330085
3,0.482421875,3.368624610655407
3,0.4833984375,3.369867126636571
3,0.484375,3.370582524848384
3,0.4853515625,3.370615760281173
3,0.486328125,3.3702291525434056
3,0.4873046875,3.369807685465491
3,0.48828125,3.3697896253286315
3,0.4892578125,3.3703767203657646
3,0.490234375,3.3714698970035837
3,0.4912109375,3.372910695724826
3,0.4921875,3.3745611844503727
3,0.4931640625,3.3763596295947043
3,0.494140625,3.378522889356492
3,0.4951171875,3.3811104151319515
3,0.49609375,3.3835769360367776
3,0.4970703125,3.3853490197243743
3,0.498046875,3.3868551509636227
3,0.4990234375,3.388637637241567
3,0.5,3.389620517371118
4,0.0009765625,24.285092391611496
4,0.001953125,23.213065804287154
4,0.0029296875,21.72855351778963
4,0.00390625,21.267449054392117
4,0.0048828125,20.562088163776885
4,0.005859375,19.23273444358132
4,0.0068359375,17.536396402156715
4,0.0078125,15.682284782812763
4,0.0087890625,13.870836701007343
4,0.009765625,12.4470351698168
4,0.0107421875,11.49232315646345
4,0.01171875,10.829252847759538
4,0.0126953125,10.285520829893795
4,0.013671875,9.832220466340763
4,0.0146484375,9.454166837031913
4,0.015625,9.064618945623373
4,0.0166015625,8.584330898332267
4,0.017578125,8.106627457855742
4,0.0185546875,7.724975817765159
4,0.01953125,7.44498875492957
4,0.0205078125,7.209380456045861
4,0.021484375,7.004278455661845
4,0.0224609375,6.828408155967245
4,0.0234375,6.658192762813235
4,0.0244140625,6.520421036840027
4,0.025390625,6.511497236377341
4,0.0263671875,6.664001555291663
4,0.02734375,6.9165892844234405
4,0.0283203125,7.161381915859044
4,0.029296875,7.310738053860472
4,0.0302734375,7.313029913427509
4,0.03125,7.140955611336373
4,0.0322265625,6.822348765447608
4,0.033203125,6.470183990540096
4,0.0341796875,6.183433486151809
4,0.03515625,5.9878648707929685
4,0.0361328125,5.860649632816945
4,0.037109375,5.778263734714921
4,0.0380859375,5.710755519466877
4,0.0390625,5.619428220831085
4,0.0400390625,5.4930783858589844
4,0.041015625,5.374442710216657
4,0.0419921875,5.2976552586318455
4,0.04296875,5.250264578388317
4,0.0439453125,5.213770219974351
4,0.044921875,5.201274115114351
4,0.0458984375,5.223324093697423
4,0.046875,5.238277060111673
4,0.0478515625,5.186983065390782
4,0.048828125,5.097681430835541
4,0.0498046875,5.009866912139068
4,0.05078125,4.9282308406111035
4,0.0517578125,4.8527033162625655
4,0.052734375,4.7961574803010265
4,0.0537109375,4.764666665506128
4,0.0546875,4.734827566835271
4,0.0556640625,4.679131839239454
4,0.056640625,4.617249894124129
4,0.0576171875,4.572712339017785
4,0.05859375,4.5422655418108135
4,0.0595703125,4.531685373243996
4,0.060546875,4.561505846896722
4,0.0615234375,4.6175204555498395
4,0.0625,4.647634312061049
4,0.0634765625,4.605923055271127
4,0.064453125,4.518292485679571
4,0.0654296875,4.420510633575821
4,0.06640625,4.335093260061226
4,0.0673828125,4.271768041956037
4,0.068359375,4.237575254436081
4,0.0693359375,4.227694408503897
4,0.0703125,4.216913971296702
4,0.0712890625,4.186355799205068
4,0.072265625,4.150341846006655
4,0.0732421875,4.122494065193923
4,0.07421875,4.099321479182656
4,0.0751953125,4.077786768839511
4,0.076171875,4.066774305378864
4,0.0771484375,4.069239142451189
4,0.078125,4.066512590685351
4,0.0791015625,4.042497072481649
4,0.080078125,4.014390331551679
4,0.0810546875,3.9917837125962397
4,0.08203125,3.972025316971077
4,0.0830078125,3.952771051850762
4,0.083984375,3.936292094424401
4,0.0849609375,3.9234734963409705
4,0.0859375,3.9079973538448547
4,0.0869140625,3.8834782454501853
4,0.087890625,3.856090903471127
4,0.0888671875,3.834975147979243
4,0.08984375,3.823527691827038
4,0.0908203125,3.8227723435145857
4,0.091796875,3.834740825905508
4,0.0927734375,3.8524015484806946
4,0.09375,3.858099548304978
4,0.0947265625,3.840186722173491
4,0.095703125,3.809071965940287
4,0.0966796875,3.780052027689764
4,0.09765625,3.758165828402431
4,0.0986328125,3.743043779301069
4,0.099609375,3.736001251738704
4,0.1005859375,3.7357959116653197
4,0.1015625,3.7370668888047502
4,0.1025390625,3.7360105104301544
4,0.103515625,3.7374918777384956
4,0.1044921875,3.745135210392203
4,0.10546875,3.7548705946497662
4,0.1064453125,3.761486753705363
4,0.107421875,3.7641561217051986
4,0.1083984375,3.761710078087875
4,0.109375,3.750219703616722
4,0.1103515625,3.7276266551735575
4,0.111328125,3.703841234729192
4,0.1123046875,3.687593877083485
4,0.11328125,3.6797666691647897
4,0.1142578125,3.6775629725847216
4,0.115234375,3.681112504231796
4,0.1162109375,3.6902867124266345
4,0.1171875,3.698439929293208
4,0.1181640625,3.69757502096841
4,0.119140625,3.6897773149204522
4,0.1201171875,3.6797395940042072
4,0.12109375,3.669597360687165
4,0.1220703125,3.662747060226388
4,0.123046875,3.664870134201212
4,0.1240234375,3.676005571111356
4,0.125,3.6831969709722268
4,0.1259765625,3.6740148896772364
4,0.126953125,3.661781641772081
4,0.1279296875,3.658138154096929
4,0.12890625,3.661529453331849
4,0.1298828125,3.6660268249838737
4,0.130859375,3.6693744935759947
4,0.1318359375,3.6706009220179063
4,0.1328125,3.666749394890421
4,0.1337890625,3.6570825967003753
4,0.134765625,3.6474282848436697
4,0.1357421875,3.641983587288509
4,0.13671875,3.6403586647031694
4,0.1376953125,3.6416594234952036
4,0.138671875,3.647208799921089
4,0.1396484375,3.656589788711973
4,0.140625,3.664798517783553
4,0.1416015625,3.6670121709092656
4,0.142578125,3.6654327799308515
4,0.1435546875,3.6632386229771385
4,0.14453125,3.6610286947314687
4,0.1455078125,3.658579872268382
4,0.146484375,3.6573505035257914
4,0.1474609375,3.6575779368207724
4,0.1484375,3.656714888712068
4,0.1494140625,3.6531486957071255
4,0.150390625,3.649396739892446
4,0.1513671875,3.648681442386961
4,0.15234375,3.652084177526496
4,0.1533203125,3.659093168758429
4,0.154296875,3.668861327489986
4,0.1552734375,3.6783683142813475
4,0.15625,3.6824711800039496
4,0.1572265625,3.6787305136250197
4,0.158203125,3.6712988801912014
4,0.1591796875,3.6659105261971066
4,0.16015625,3.6650654844091797
4,0.1611328125,3.668110111126562
4,0.162109375,3.6736506629447865
4,0.1630859375,3.679810413642792
4,0.1640625,3.68443707462659
4,0.1650390625,3.6866484716095544
4,0.166015625,3.6879562703535074
4,0.1669921875,3.6893305661213716
4,0.16796875,3.690000136048265
4,0.1689453125,3.6897353483108395
4,0.169921875,3.690290699277905
4,0.1708984375,3.6929624039067717
4,0.171875,3.6964368706097095
4,0.1728515625,3.6987532801714433
4,0.173828125,3.7014025963139514
4,0.1748046875,3.7057633925289077
4,0.17578125,3.711052384052575
4,0.1767578125,3.7160097348889365
4,0.177734375,3.720704816806901
4,0.1787109375,3.7253156841191246
4,0.1796875,3.7287088426675803
4,0.1806640625,3.730133386886147
4,0.181640625,3.7318134219432877
4,0.1826171875,3.73542903333781
4,0.18359375,3.740315373839254
4,0.1845703125,3.7459773544967883
4,0.185546875,3.752939522908018
4,0.1865234375,3.76071333022124
4,0.1875,3.7664596762997316
4,0.1884765625,3.7672846614729223
4,0.189453125,3.7664339304391774
4,0.1904296875,3.7668371131815674
4,0.19140625,3.768823580489294
4,0.1923828125,3.7715289351153487
4,0.193359375,3.7751303074349543
4,0.1943359375,3.7802511569342196
4,0.1953125,3.785673435363183
4,0.1962890625,3.7896909665437235
4,0.197265625,3.7928609393447044
4,0.1982421875,3.7960937500321954
4,0.19921875,3.799548378286148
4,0.2001953125,3.8033112694849796
4,0.201171875,3.8080695139262484
4,0.2021484375,3.8140578295691103
4,0.203125,3.820051365766255
4,0.2041015625,3.8248367859451604
4,0.205078125,3.8294202883193726
4,0.2060546875,3.834389537640063
4,0.20703125,3.838997677538862
4,0.2080078125,3.842676137357104
4,0.208984375,3.8460223347659737
4,0.2099609375,3.8495780617272666
4,0.2109375,3.8527967898675137
4,0.2119140625,3.8550372475747112
4,0.212890625,3.8571294967551437
4,0.2138671875,3.8601076684474016
4,0.21484375,3.8639652287305313
4,0.2158203125,3.8681804830537945
4,0.216796875,3.872760844531556
4,0.2177734375,3.877567537068
4,0.21875,3.881579199086361
4,0.2197265625,3.8839449494004135
4,0.220703125,3.8856980369582406
4,0.2216796875,3.8882637041768713
4,0.22265625,3.892160214327739
4,0.2236328125,3.897289482883906
4,0.224609375,3.903521832367542
4,0.2255859375,3.9102451399556712
4,0.2265625,3.916197571023737
4,0.2275390625,3.9204025634672064
4,0.228515625,3.9233390258365186
4,0.2294921875,3.9259115122294945
4,0.23046875,3.9285975980603833
4,0.2314453125,3.9318944350421994
4,0.232421875,3.936520402828624
4,0.2333984375,3.9422870964865107
4,0.234375,3.9478054862113674
4,0.2353515625,3.95194105082356
4,0.236328125,3.95592455923089
4,0.2373046875,3.960919644088702
4,0.23828125,3.9664795979118495
4,0.2392578125,3.9716762692505556
4,0.240234375,3.976708555658047
4,0.2412109375,3.982285752666266
4,0.2421875,3.9879662677735226
4,0.2431640625,3.9927596476297897
4,0.244140625,3.9973670917157422
4,0.2451171875,4.002714453448998
4,0.24609375,4.008929801333173
4,0.2470703125,4.016374120551359
4,0.248046875,4.025642133791732
4,0.2490234375,4.035757888458762
4,0.25,4.043646773461406
4,0.2509765625,4.0468515326494785
4,0.251953125,4.047455670094449
4,0.2529296875,4.048144885270148
4,0.25390625,4.04997192432906
4,0.2548828125,4.0528419036385595
4,0.255859375,4.0566427539020875
4,0.2568359375,4.061048724630612
4,0.2578125,4.06506072253415
4,0.2587890625,4.068058300964659
4,0.259765625,4.070931353333628
4,0.2607421875,4.074303769361672
4,0.26171875,4.07789445588936
4,0.2626953125,4.081577774422923
4,0.263671875,4.085965605476368
4,0.2646484375,4.091271995304163
4,0.265625,4.096435796299613
4,0.2666015625,4.100564414947045
4,0.267578125,4.104791184750503
4,0.2685546875,4.11009351635223
4,0.26953125,4.11615117773097
4,0.2705078125,4.122202362722043
4,0.271484375,4.128124027621194
4,0.2724609375,4.133893269401623
4,0.2734375,4.138880665383295
4,0.2744140625,4.142682840775441
4,0.275390625,4.146073037808202
4,0.2763671875,4.149944719175832
4,0.27734375,4.1544802134583305
4,0.2783203125,4.159500583588427
4,0.279296875,4.165051506374671
4,0.2802734375,4.170888804834236
4,0.28125,4.176184727267838
4,0.2822265625,4.180457012438473
4,0.283203125,4.184420318507615
4,0.2841796875,4.188716965295968
4,0.28515625,4.19314927874978
4,0.2861328125,4.197351487624751
4,0.287109375,4.201591289635077
4,0.2880859375,4.206128344086358
4,0.2890625,4.210597839388901
4,0.2900390625,4.214741761616554
4,0.291015625,4.219258627797786
4,0.2919921875,4.224838813241423
4,0.29296875,4.231354050625166
4,0.2939453125,4.238391503381833
4,0.294921875,4.245870764474192
4,0.2958984375,4.253285363969765
4,0.296875,4.259117920492137
4,0.2978515625,4.262163052039779
4,0.298828125,4.263400631141588
4,0.2998046875,4.264589895452997
4,0.30078125,4.266714777458103
4,0.3017578125,4.2699611023526645
4,0.302734375,4.274309369315422
4,0.3037109375,4.27949304062667
4,0.3046875,4.28486181254233
4,0.3056640625,4.290041924430843
4,0.306640625,4.295747780634877
4,0.3076171875,4.302633354402548
4,0.30859375,4.310405203808681
4,0.3095703125,4.318195985527876
4,0.310546875,4.325247292473739
4,0.3115234375,4.331389257775006
4,0.3125,4.336671462478847
4,0.3134765625,4.340719728904542
4,0.314453125,4.344174001369957
4,0.3154296875,4.347212290698249
4,0.31640625,4.349895936641959
4,0.3173828125,4.352638642293075
4,0.318359375,4.35595026887792
4,0.3193359375,4.359854461183848
4,0.3203125,4.363643799154139
4,0.3212890625,4.366792341619561
4,0.322265625,4.369872510143938
4,0.3232421875,4.373484830099668
4,0.32421875,4.377775366651132
4,0.3251953125,4.382873687618564
4,0.326171875,4.389021011684369
4,0.3271484375,4.395845166231723
4,0.328125,4.402073895662807
4,0.3291015625,4.406745131233755
4,0.330078125,4.410552991435024
4,0.3310546875,4.414349833918552
4,0.33203125,4.418225126883769
4,0.3330078125,4.422004646331651
4,0.333984375,4.4259419252400445
4,0.3349609375,4.430399206237343
4,0.3359375,4.435196294539676
4,0.3369140625,4.439860370067724
4,0.337890625,4.444360937949838
4,0.3388671875,4.448925253265998
4,0.33984375,4.453713157654813
4,0.3408203125,4.458898091980297
4,0.341796875,4.464771186992994
4,0.3427734375,4.471111120941575
4,0.34375,4.476951579797863
4,0.3447265625,4.481431070289357
4,0.345703125,4.484795110518784
4,0.3466796875,4.487780799854473
4,0.34765625,4.490852199049484
4,0.3486328125,4.494273574451175
4,0.349609375,4.498325340926023
4,0.3505859375,4.502840766764094
4,0.3515625,4.5070282051448665
4,0.3525390625,4.510304215063056
4,0.353515625,4.513150777126079
4,0.3544921875,4.516296118276558
4,0.35546875,4.519827900357593
4,0.3564453125,4.523523889863291
4,0.357421875,4.5274303288347895
4,0.3583984375,4.531676893469199
4,0.359375,4.5361306695386725
4,0.3603515625,4.540428594494708
4,0.361328125,4.544724767119344
4,0.3623046875,4.54924110055853
4,0.36328125,4.554089063152173
4,0.3642578125,4.559214358580623
4,0.365234375,4.564434359510028
4,0.3662109375,4.569515284770044
4,0.3671875,4.574164453450461
4,0.3681640625,4.578234364598817
4,0.369140625,4.582237100127893
4,0.3701171875,4.586525761333955
4,0.37109375,4.590897215655049
4,0.3720703125,4.595285055464665
4,0.373046875,4.600042813757917
4,0.3740234375,4.605072007331748
4,0.375,4.6092022766496195
4,0.3759765625,4.611408878189784
4,0.376953125,4.613038514268278
4,0.3779296875,4.615383750110085
4,0.37890625,4.618369054908496
4,0.3798828125,4.621307070871204
4,0.380859375,4.62401168329499
4,0.3818359375,4.626710526954937
4,0.3828125,4.629364947830283
4,0.3837890625,4.631938522630097
4,0.384765625,4.634961675816294
4,0.3857421875,4.638655097289934
4,0.38671875,4.642533108063528
4,0.3876953125,4.645962913406266
4,0.388671875,4.648858853872744
4,0.3896484375,4.651609146234799
4,0.390625,4.65450969118441
4,0.3916015625,4.657535695247301
4,0.392578125,4.66082702729907
4,0.3935546875,4.664367811105774
4,0.39453125,4.668192308911307
4,0.3955078125,4.672467080843965
4,0.396484375,4.677293000663808
4,0.3974609375,4.68241723810627
4,0.3984375,4.6872554556740775
4,0.3994140625,4.691384281385243
4,0.400390625,4.695025167449582
4,0.4013671875,4.698628350127278
4,0.40234375,4.702400530723619
4,0.4033203125,4.706254801785406
4,0.404296875,4.710060843257768
4,0.4052734375,4.713498070138429
4,0.40625,4.716020868868072
4,0.4072265625,4.717396356274792
4,0.408203125,4.71814852896383
4,0.4091796875,4.718868335242942
4,0.41015625,4.719685361739886
4,0.4111328125,4.720466742821464
4,0.412109375,4.721260355948512
4,0.4130859375,4.722230185152384
4,0.4140625,4.723452514439127
4,0.4150390625,4.724857921899178
4,0.416015625,4.72642313021684
4,0.4169921875,4.728202133814157
4,0.41796875,4.730396624970252
4,0.4189453125,4.73318119427093
4,0.419921875,4.73649672111259
4,0.4208984375,4.74001167797288
4,0.421875,4.743121815995616
4,0.4228515625,4.745344537323023
4,0.423828125,4.747228515835666
4,0.4248046875,4.749394366328245
4,0.42578125,4.751930444962809
4,0.4267578125,4.7547553205400215
4,0.427734375,4.757887489116217
4,0.4287109375,4.761133816654242
4,0.4296875,4.76380550971867
4,0.4306640625,4.765263320827353
4,0.431640625,4.765793563435259
4,0.4326171875,4.766004487579989
4,0.43359375,4.766324209118533
4,0.4345703125,4.76731601206462
4,0.435546875,4.769529304055469
4,0.4365234375,4.772663009465713
4,0.4375,4.775509741220192
4,0.4384765625,4.777074415451144
4,0.439453125,4.778196045287347
4,0.4404296875,4.780005098686577
4,0.44140625,4.782863489086891
4,0.4423828125,4.786409385961509
4,0.443359375,4.7902643154388596
4,0.4443359375,4.794087424255848
4,0.4453125,4.797357088743917
4,0.4462890625,4.799899390430196
4,0.447265625,4.802301514217166
4,0.4482421875,4.804939570251286
4,0.44921875,4.8075544042120875
4,0.4501953125,4.809751402473221
4,0.451171875,4.811533993058618
4,0.4521484375,4.8131311275277495
4,0.453125,4.8144798182542345
4,0.4541015625,4.815324598482611
4,0.455078125,4.815856710815293
4,0.4560546875,4.816138690682375
4,0.45703125,4.816209312167619
4,0.4580078125,4.816412846488438
4,0.458984375,4.81725250599173
4,0.4599609375,4.818845275094175
4,0.4609375,4.820743467761635
4,0.4619140625,4.822558093621397
4,0.462890625,4.824590444140943
4,0.4638671875,4.827286125995312
4,0.46484375,4.830645377834894
4,0.4658203125,4.834443375105343
4,0.466796875,4.838578934721595
4,0.4677734375,4.84254335120231
4,0.46875,4.845205286008598
4,0.4697265625,4.845832793524275
4,0.470703125,4.84510563268483
4,0.4716796875,4.844305822926187
4,0.47265625,4.8441885314949245
4,0.4736328125,4.84472667695165
4,0.474609375,4.845516138264693
4,0.4755859375,4.846204909939865
4,0.4765625,4.846700070084052
4,0.4775390625,4.84697382765104
4,0.478515625,4.847066172489367
4,0.4794921875,4.847155521834399
4,0.48046875,4.847709510709783
4,0.4814453125,4.8493970706081315
4,0.482421875,4.852582653096834
4,0.4833984375,4.856582677272152
4,0.484375,4.859821693692431
4,0.4853515625,4.861180356771226
4,0.486328125,4.861270644572709
4,0.4873046875,4.861230087889714
4,0.48828125,4.861413230253157
4,0.4892578125,4.861487026595261
4,0.490234375,4.861271293212885
4,0.4912109375,4.860821932711311
4,0.4921875,4.860022246850358
4,0.4931640625,4.858711578904983
4,0.494140625,4.857275747542587
4,0.4951171875,4.856127277428212
4,0.49609375,4.855217516537215
4,0.4970703125,4.854004525211355
4,0.498046875,4.851995085037647
4,0.4990234375,4.8498243853608125
4,0.5,4.848945423877694
5,0.0009765625,26.785413613950578
5,0.001953125,25.363909506158365
5,0.0029296875,23.0451711044666
5,0.00390625,21.282420033113187
5,0.0048828125,19.657985167491454
5,0.005859375,17.443833277253635
5,0.0068359375,14.666542443079106
5,0.0078125,12.102096854783193
5,0.0087890625,10.164494627240709
5,0.009765625,8.918680064159583
5,0.0107421875,8.23703867426046
5,0.01171875,7.99238622318663
5,0.0126953125,7.969522994651549
5,0.013671875,7.943768162145409
5,0.0146484375,7.796982943287049
5,0.015625,7.482575426569592
5,0.0166015625,7.0455787065082705
5,0.017578125,6.68313748067484
5,0.0185546875,6.466628963702838
5,0.01953125,6.3474518968563
5,0.0205078125,6.285065650384171
5,0.021484375,6.233970176163078
5,0.0224609375,6.1434187911049865
5,0.0234375,6.012287501669797
5,0.0244140625,5.872402391616821
5,0.025390625,5.758609872880034
5,0.0263671875,5.658865561536832
5,0.02734375,5.570336487365898
5,0.0283203125,5.502083523005586
5,0.029296875,5.456505830474573
5,0.0302734375,5.421437408389081
5,0.03125,5.346750777749423
5,0.0322265625,5.194548698165245
5,0.033203125,5.017126570423095
5,0.0341796875,4.869368528111566
5,0.03515625,4.76211320954052
5,0.0361328125,4.6832753465360275
5,0.037109375,4.605691791518633
5,0.0380859375,4.517846352170148
5,0.0390625,4.444552141975992
5,0.0400390625,4.393235367904468
5,0.041015625,4.3451969995775785
5,0.0419921875,4.29203098797581
5,0.04296875,4.251910342815324
5,0.0439453125,4.233642436268174
5,0.044921875,4.226559502064109
5,0.0458984375,4.220214520472007
5,0.046875,4.2139322231924705
5,0.0478515625,4.201968998183988
5,0.048828125,4.179067782080033
5,0.0498046875,4.143836064400387
5,0.05078125,4.1070474458356
5,0.0517578125,4.082804729733538
5,0.052734375,4.076551129945144
5,0.0537109375,4.081080637112516
5,0.0546875,4.081927130099558
5,0.0556640625,4.0711923709842175
5,0.056640625,4.058401947440004
5,0.0576171875,4.048451887979631
5,0.05859375,4.0395006540180605
5,0.0595703125,4.030348595982937
5,0.060546875,4.024066017300981
5,0.0615234375,4.023103338193924
5,0.0625,4.016905704297049
5,0.0634765625,3.995918167836681
5,0.064453125,3.9751727969475383
5,0.0654296875,3.9668416111240874
5,0.06640625,3.9691924846472006
5,0.0673828125,3.974862299269904
5,0.068359375,3.9726188742909194
5,0.0693359375,3.9584001966776228
5,0.0703125,3.942100033084704
5,0.0712890625,3.931244936284357
5,0.072265625,3.9253751631098894
5,0.0732421875,3.919880606335397
5,0.07421875,3.913324221734897
5,0.0751953125,3.9072977917853877
5,0.076171875,3.9034957278302604
5,0.0771484375,3.9018092232368575
5,0.078125,3.9008595287010293
5,0.0791015625,3.898296276790787
5,0.080078125,3.893821103107466
5,0.0810546875,3.8880904022648175
5,0.08203125,3.885623627931652
5,0.0830078125,3.8909989269801577
5,0.083984375,3.901929423285356
5,0.0849609375,3.9098944063507224
5,0.0859375,3.9082531919792483
5,0.0869140625,3.8989983316940346
5,0.087890625,3.892233866045785
5,0.0888671875,3.8924356272564826
5,0.08984375,3.897658904593885
5,0.0908203125,3.9046566474689652
5,0.091796875,3.9125676830379716
5,0.0927734375,3.9210080678692814
5,0.09375,3.9255090972419926
5,0.0947265625,3.9219707413246865
5,0.095703125,3.914675604671538
5,0.0966796875,3.908786530098122
5,0.09765625,3.905949097954069
5,0.0986328125,3.9061672003916024
5,0.099609375,3.9084199560957718
5,0.1005859375,3.9121961974949895
5,0.1015625,3.9187641981870223
5,0.1025390625,3.9258816202205433
5,0.103515625,3.9280188344283338
5,0.1044921875,3.9236630282913234
5,0.10546875,3.919330270230807
5,0.1064453125,3.9198822127916833
5,0.107421875,3.9242468212374035
5,0.1083984375,3.9293480602780115
5,0.109375,3.932447679248687
5,0.1103515625,3.931888144655481
5,0.111328125,3.9288562129896984
5,0.1123046875,3.9249782750516125
5,0.11328125,3.9223531929461055
5,0.1142578125,3.922505420839169
5,0.115234375,3.924684634280151
5,0.1162109375,3.927041546366457
5,0.1171875,3.928477284050006
5,0.1181640625,3.9282491883578077
5,0.119140625,3.927153229369803
5,0.1201171875,3.925889640196773
5,0.12109375,3.9252498429718927
5,0.1220703125,3.9261504093639576
5,0.123046875,3.9294970966979186
5,0.1240234375,3.935028698565685
5,0.125,3.938536009966975
5,0.1259765625,3.935922445797996
5,0.126953125,3.9304342639259886
5,0.1279296875,3.9262747883549816
5,0.12890625,3.9241503650755742
5,0.1298828125,3.9230371349510795
5,0.130859375,3.9213396618708365
5,0.1318359375,3.918754425827078
5,0.1328125,3.916716005879996
5,0.1337890625,3.9160023346254693
5,0.134765625,3.9166498555422544
5,0.1357421875,3.916959179965748
5,0.13671875,3.9157072287753354
5,0.1376953125,3.9137492905947293
5,0.138671875,3.9132602818972524
5,0.1396484375,3.915480920787911
5,0.140625,3.919305304045835
5,0.1416015625,3.921936353883824
5,0.142578125,3.9218408357004577
5,0.1435546875,3.9191448900239947
5,0.14453125,3.9158798817211826
5,0.1455078125,3.9144621109408733
5,0.146484375,3.9153788356143475
5,0.1474609375,3.917330527374553
5,0.1484375,3.9195008215553244
5,0.1494140625,3.9211899395409255
5,0.150390625,3.922070098552018
5,0.1513671875,3.9222101047098845
5,0.15234375,3.9227762360647644
5,0.1533203125,3.9245155647982215
5,0.154296875,3.9268932664397624
5,0.1552734375,3.928606521618358
5,0.15625,3.9278396475934416
5,0.1572265625,3.9238058074905457
5,0.158203125,3.9189664665234374
5,0.1591796875,3.915902074149271
5,0.16015625,3.915494459903953
5,0.1611328125,3.9170009541777016
5,0.162109375,3.9178812082879597
5,0.1630859375,3.916851249867068
5,0.1640625,3.9161292542649018
5,0.1650390625,3.9167391302747
5,0.166015625,3.9171101404682926
5,0.1669921875,3.9158340036066974
5,0.16796875,3.9138123668387683
5,0.1689453125,3.9127095832214986
5,0.169921875,3.9134067450860384
5,0.1708984375,3.915733130467444
5,0.171875,3.9181524132749095
5,0.1728515625,3.9184730377767045
5,0.173828125,3.9166479638694494
5,0.1748046875,3.914082392176269
5,0.17578125,3.912529786779063
5,0.1767578125,3.9129140152243997
5,0.177734375,3.9146653380606002
5,0.1787109375,3.9165980767333854
5,0.1796875,3.9180259645316546
5,0.1806640625,3.9188713895844187
5,0.181640625,3.9198110203968493
5,0.1826171875,3.920849742794501
5,0.18359375,3.9221123857870466
5,0.1845703125,3.9241073512895466
5,0.185546875,3.927246159049354
5,0.1865234375,3.9310191636562877
5,0.1875,3.9326888990803797
5,0.1884765625,3.930344772711292
5,0.189453125,3.9269925372372008
5,0.1904296875,3.925550052205156
5,0.19140625,3.925914075436379
5,0.1923828125,3.9269138014316423
5,0.193359375,3.927444354244117
5,0.1943359375,3.927181615892883
5,0.1953125,3.926823570082677
5,0.1962890625,3.926510506747951
5,0.197265625,3.92581950664441
5,0.1982421875,3.9243762613842295
5,0.19921875,3.9229308166355366
5,0.2001953125,3.9224787846315183
5,0.201171875,3.9232892836242907
5,0.2021484375,3.924603327955701
5,0.203125,3.9244774817006656
5,0.2041015625,3.921414902343177
5,0.205078125,3.9166506559461194
5,0.2060546875,3.9118286459284852
5,0.20703125,3.907947729337325
5,0.2080078125,3.9053575230097675
5,0.208984375,3.903320132372199
5,0.2099609375,3.900550651742063
5,0.2109375,3.896913909175816
5,0.2119140625,3.893512327493547
5,0.212890625,3.891202510322556
5,0.2138671875,3.8895043774579903
5,0.21484375,3.888116498170255
5,0.2158203125,3.8867638998385097
5,0.216796875,3.885087907562619
5,0.2177734375,3.8828964989787726
5,0.21875,3.8795113433156447
5,0.2197265625,3.8745059902861727
5,0.220703125,3.869190063548358
5,0.2216796875,3.864533636178122
5,0.22265625,3.8607161865408006
5,0.2236328125,3.8577045111929174
5,0.224609375,3.854856952783205
5,0.2255859375,3.851831875009402
5,0.2265625,3.8495414899083022
5,0.2275390625,3.848154600966821
5,0.228515625,3.8463987612822996
5,0.2294921875,3.843415866251162
5,0.23046875,3.840740393954855
5,0.2314453125,3.8398551087337798
5,0.232421875,3.8401280683319023
5,0.2333984375,3.8403131722297923
5,0.234375,3.8400970290562073
5,0.2353515625,3.8395474026530465
5,0.236328125,3.839001129068736
5,0.2373046875,3.838708448859089
5,0.23828125,3.8390209527631827
5,0.2392578125,3.839832666978823
5,0.240234375,3.8404066842595403
5,0.2412109375,3.840190489963052
5,0.2421875,3.8394033367141995
5,0.2431640625,3.8384454924182427
5,0.244140625,3.837523838230099
5,0.2451171875,3.836249371823154
5,0.24609375,3.8347372501308
5,0.2470703125,3.833664920754283
5,0.248046875,3.8336116325999945
5,0.2490234375,3.834245414944229
5,0.25,3.833162076009479
5,0.2509765625,3.828487536294904
5,0.251953125,3.822554755978507
5,0.2529296875,3.81784442367899
5,0.25390625,3.814357199916067
5,0.2548828125,3.8109618081451777
5,0.255859375,3.8064133560795694
5,0.2568359375,3.8004683231105707
5,0.2578125,3.794191890649734
5,0.2587890625,3.7883199587677563
5,0.259765625,3.7827747220880905
5,0.2607421875,3.7770969481508567
5,0.26171875,3.771489404435247
5,0.2626953125,3.7664161889881744
5,0.263671875,3.7618631732756045
5,0.2646484375,3.757445546342034
5,0.265625,3.752676753761264
5,0.2666015625,3.746980086019026
5,0.267578125,3.740510857970065
5,0.2685546875,3.733983056075281
5,0.26953125,3.728390400108523
5,0.2705078125,3.7242500310527813
5,0.271484375,3.7210331644592953
5,0.2724609375,3.7177897350651956
5,0.2734375,3.714233098368308
5,0.2744140625,3.710629706139996
5,0.275390625,3.7073862556014645
5,0.2763671875,3.7044314629493025
5,0.27734375,3.7020065847388226
5,0.2783203125,3.700468388619063
5,0.279296875,3.699772331884509
5,0.2802734375,3.69927635897912
5,0.28125,3.697451775374791
5,0.2822265625,3.6934720753613726
5,0.283203125,3.6888734563522165
5,0.2841796875,3.6849307582238215
5,0.28515625,3.6815567634724027
5,0.2861328125,3.6784609999353286
5,0.287109375,3.6753921859039225
5,0.2880859375,3.672407584550544
5,0.2890625,3.67032580315514
5,0.2900390625,3.669150566078321
5,0.291015625,3.6673238711550353
5,0.2919921875,3.663719851660424
5,0.29296875,3.6596656029031647
5,0.2939453125,3.6565526136469204
5,0.294921875,3.654197836315625
5,0.2958984375,3.651915238914341
5,0.296875,3.6492740047242314
5,0.2978515625,3.645979688204244
5,0.298828125,3.6421299343113946
5,0.2998046875,3.6379843675075643
5,0.30078125,3.633899669733703
5,0.3017578125,3.6300017102498776
5,0.302734375,3.6263477158836923
5,0.3037109375,3.6230847578174448
5,0.3046875,3.6201757395510406
5,0.3056640625,3.6172596998018074
5,0.306640625,3.614215549533781
5,0.3076171875,3.6109255971464025
5,0.30859375,3.607501562596078
5,0.3095703125,3.6042528938306013
5,0.310546875,3.6016508148620843
5,0.3115234375,3.599696295844324
5,0.3125,3.5968432565137616
5,0.3134765625,3.591791830745969
5,0.314453125,3.586023223627606
5,0.3154296875,3.581246571359254
5,0.31640625,3.57745344293389
5,0.3173828125,3.5739555473743283
5,0.318359375,3.570318107264984
5,0.3193359375,3.5664802092558445
5,0.3203125,3.5625951878416364
5,0.3212890625,3.5587377880722375
5,0.322265625,3.5551673312881116
5,0.3232421875,3.5520283328729816
5,0.32421875,3.5495632329693168
5,0.3251953125,3.548002706485715
5,0.326171875,3.5470943646944693
5,0.3271484375,3.546235956555916
5,0.328125,3.544951005205933
5,0.3291015625,3.5428999370603544
5,0.330078125,3.5402861034126216
5,0.3310546875,3.5375832600638413
5,0.33203125,3.5354662819055807
5,0.3330078125,3.5342416086837884
5,0.333984375,3.533370283701677
5,0.3349609375,3.5322509911488935
5,0.3359375,3.531322695882511
5,0.3369140625,3.5311494360657063
5,0.337890625,3.5311838796397717
5,0.3388671875,3.5304120571463926
5,0.33984375,3.5291777007801843
5,0.3408203125,3.528345363571778
5,0.341796875,3.528251695386799
5,0.3427734375,3.528732572220263
5,0.34375,3.528974728575744
5,0.3447265625,3.528218774583527
5,0.345703125,3.5269675305787707
5,0.3466796875,3.526018219222724
5,0.34765625,3.525789834154887
5,0.3486328125,3.5260736239749657
5,0.349609375,3.525997380108078
5,0.3505859375,3.525122063919241
5,0.3515625,3.5241708383771693
5,0.3525390625,3.5236933366526046
5,0.353515625,3.523606797890891
5,0.3544921875,3.52363253413834
5,0.35546875,3.523880952106848
5,0.3564453125,3.5243180419425655
5,0.357421875,3.524422541070134
5,0.3583984375,3.5238418149787343
5,0.359375,3.52287833133351
5,0.3603515625,3.5219375452353923
5,0.361328125,3.5214257443825563
5,0.3623046875,3.5214264584743606
5,0.36328125,3.521818533204152
5,0.3642578125,3.522353154891166
5,0.365234375,3.5227861614953477
5,0.3662109375,3.5230737206022904
5,0.3671875,3.523303805686472
5,0.3681640625,3.523542265459872
5,0.369140625,3.5240697537752386
5,0.3701171875,3.525038910128118
5,0.37109375,3.5266676131402894
5,0.3720703125,3.529244564858882
5,0.373046875,3.5329955054419226
5,0.3740234375,3.53746965844307
5,0.375,3.5405997089272723
5,0.3759765625,3.5409019921977696
5,0.376953125,3.5402803122739357
5,0.3779296875,3.5408509595831568
5,0.37890625,3.542696963613931
5,0.3798828125,3.545206002148802
5,0.380859375,3.548053865950993
5,0.3818359375,3.551200763987068
5,0.3828125,3.5546653639607078
5,0.3837890625,3.5582071034126996
5,0.384765625,3.56156399818035
5,0.3857421875,3.5645836391878833
5,0.38671875,3.567513748485911
5,0.3876953125,3.5705823956839096
5,0.388671875,3.5737555980751674
5,0.3896484375,3.5769956276618053
5,0.390625,3.580251606126513
5,0.3916015625,3.583397358366816
5,0.392578125,3.586543795810603
5,0.3935546875,3.5897412802652657
5,0.39453125,3.5931441919157936
5,0.3955078125,3.5968007858335347
5,0.396484375,3.600338770548083
5,0.3974609375,3.6034308521685876
5,0.3984375,3.6063644750290176
5,0.3994140625,3.609438719540306
5,0.400390625,3.6125063663941615
5,0.4013671875,3.6152608429442687
5,0.40234375,3.6180114648173904
5,0.4033203125,3.6212185192741084
5,0.404296875,3.625060544897102
5,0.4052734375,3.6293218195112997
5,0.40625,3.6331227329889395
5,0.4072265625,3.6357392325188673
5,0.408203125,3.6377488295151874
5,0.4091796875,3.639860475781929
5,0.41015625,3.64223287131225
5,0.4111328125,3.6448448867610055
5,0.412109375,3.647606568880375
5,0.4130859375,3.65048847564511
5,0.4140625,3.6537165110475973
5,0.4150390625,3.6572604206587718
5,0.416015625,3.6607162559571633
5,0.4169921875,3.6637695548575255
5,0.41796875,3.6668246883270474
5,0.4189453125,3.67020923238507
5,0.419921875,3.6735847274626146
5,0.4208984375,3.676648391994597
5,0.421875,3.679652515910159
5,0.4228515625,3.6828450505143326
5,0.423828125,3.6862885635870026
5,0.4248046875,3.689874907901081
5,0.42578125,3.6936605286724618
5,0.4267578125,3.6975434252589237
5,0.427734375,3.7010273540040575
5,0.4287109375,3.7038624647473055
5,0.4296875,3.7065500288872912
5,0.4306640625,3.7096160909946545
5,0.431640625,3.7130624604715305
5,0.4326171875,3.7164544122840173
5,0.43359375,3.719744430996316
5,0.4345703125,3.723413720560097
5,0.435546875,3.7280709599581536
5,0.4365234375,3.7335447276154134
5,0.4375,3.7379859542891585
5,0.4384765625,3.7398757101037647
5,0.439453125,3.7405892528832574
5,0.4404296875,3.7419635069450545
5,0.44140625,3.7442478671853423
5,0.4423828125,3.747074313342373
5,0.443359375,3.750241155379388
5,0.4443359375,3.753717023508341
5,0.4453125,3.7574864256503737
5,0.4462890625,3.7613351583088934
5,0.447265625,3.76516732059929
5,0.4482421875,3.768915605794901
5,0.44921875,3.772638824138969
5,0.4501953125,3.776457336694045
5,0.451171875,3.7804777056027077
5,0.4521484375,3.7848287832327854
5,0.453125,3.789543602252276
5,0.4541015625,3.794433844372603
5,0.455078125,3.799428086610936
5,0.4560546875,3.804462195841649
5,0.45703125,3.8095819854181974
5,0.4580078125,3.8148474076040886
5,0.458984375,3.820094995558696
5,0.4599609375,3.825199155247368
5,0.4609375,3.8304672794661654
5,0.4619140625,3.836031718049979
5,0.462890625,3.8413857586004667
5,0.4638671875,3.8460345417838715
5,0.46484375,3.8504922146101754
5,0.4658203125,3.85540927734102
5,0.466796875,3.860799593344392
5,0.4677734375,3.866342024608177
5,0.46875,3.8715577990748136
5,0.4697265625,3.8761061148793163
5,0.470703125,3.8802330103360587
5,0.4716796875,3.8841406180749165
5,0.47265625,3.8877218245359257
5,0.4736328125,3.890779543815277
5,0.474609375,3.893121628731501
5,0.4755859375,3.894751886305088
5,0.4765625,3.8960815923012477
5,0.4775390625,3.8974359424370855
5,0.478515625,3.8988101170118057
5,0.4794921875,3.90012526143269
5,0.48046875,3.90148550786942
5,0.4814453125,3.90274534261243
5,0.482421875,3.9036058679596186
5,0.4833984375,3.90390201067842
5,0.484375,3.9035719752039513
5,0.4853515625,3.9026359881272903
5,0.486328125,3.901333523996222
5,0.4873046875,3.8998550626503725
5,0.48828125,3.898337545142079
5,0.4892578125,3.8969214541013875
5,0.490234375,3.89583565872863
5,0.4912109375,3.8952919512048743
5,0.4921875,3.895281955356651
5,0.4931640625,3.8955662449845754
5,0.494140625,3.8960037762824293
5,0.4951171875,3.8963566682600894
5,0.49609375,3.8964596312035376
5,0.4970703125,3.8964725225626586
5,0.498046875,3.8968659502206213
5,0.4990234375,3.8977935292509014
5,0.5,3.898371324814476
6,0.0009765625,17.798181021420017
6,0.001953125,18.092526769532153
6,0.0029296875,18.42275934627299
6,0.00390625,18.626400549449034
6,0.0048828125,18.541609401452074
6,0.005859375,18.11175579225081
6,0.0068359375,17.328842870432446
6,0.0078125,16.208478028049306
6,0.0087890625,14.81013366794344
6,0.009765625,13.246339596246365
6,0.0107421875,11.65618259838873
6,0.01171875,10.182229908758446
6,0.0126953125,8.951873407904873
6,0.013671875,8.044137246988114
6,0.0146484375,7.457604352069277
6,0.015625,7.119775817180224
6,0.0166015625,6.93534047034824
6,0.017578125,6.834247506383375
6,0.0185546875,6.786130488870609
6,0.01953125,6.782196052856493
6,0.0205078125,6.809682577095855
6,0.021484375,6.843678440228967
6,0.0224609375,6.856026204555387
6,0.0234375,6.827450734124649
6,0.0244140625,6.752433752807293
6,0.025390625,6.63866263813499
6,0.0263671875,6.503944649524226
6,0.02734375,6.371723604941701
6,0.0283203125,6.261397011451505
6,0.029296875,6.180347166269217
6,0.0302734375,6.124480689821951
6,0.03125,6.084515945381627
6,0.0322265625,6.052451363366192
6,0.033203125,6.025214098627687
6,0.0341796875,6.0037291465341545
6,0.03515625,5.990788975492894
6,0.0361328125,5.98785241264724
6,0.037109375,5.9921152330919085
6,0.0380859375,5.996486986120887
6,0.0390625,5.993072777076651
6,0.0400390625,5.97826628879124
6,0.041015625,5.955887745458333
6,0.0419921875,5.934772468729776
6,0.04296875,5.923435245359876
6,0.0439453125,5.925730169397445
6,0.044921875,5.939101557536645
6,0.0458984375,5.9557275729950305
6,0.046875,5.967266738610817
6,0.0478515625,5.970688748112424
6,0.048828125,5.970369784988772
6,0.0498046875,5.974148883764407
6,0.05078125,5.987294440441531
6,0.0517578125,6.009012890744144
6,0.052734375,6.033305010460164
6,0.0537109375,6.052841548024516
6,0.0546875,6.064098038715712
6,0.0556640625,6.0709608883433726
6,0.056640625,6.083638347251591
6,0.0576171875,6.112408616474901
6,0.05859375,6.160692967645457
6,0.0595703125,6.2212235210564115
6,0.060546875,6.277720569769256
6,0.0615234375,6.311781706251605
6,0.0625,6.310945513069951
6,0.0634765625,6.273418961279184
6,0.064453125,6.208287155455382
6,0.0654296875,6.131396711990667
6,0.06640625,6.0587305737676305
6,0.0673828125,5.9997378736690195
6,0.068359375,5.954396176121467
6,0.0693359375,5.915510774201932
6,0.0703125,5.874046388391131
6,0.0712890625,5.824187608733387
6,0.072265625,5.765843020041589
6,0.0732421875,5.703419520213235
6,0.07421875,5.642632529881912
6,0.0751953125,5.58772765168095
6,0.076171875,5.540157796047679
6,0.0771484375,5.498467122409946
6,0.078125,5.459526145623709
6,0.0791015625,5.420683584495355
6,0.080078125,5.381273150039032
6,0.0810546875,5.342165403667517
6,0.08203125,5.304398897883276
6,0.0830078125,5.2682131809312045
6,0.083984375,5.2327779480320205
6,0.0849609375,5.196481216944233
6,0.0859375,5.157998496147792
6,0.0869140625,5.117577137395146
6,0.087890625,5.077362608547994
6,0.0888671875,5.040172901906423
6,0.08984375,5.008006888394147
6,0.0908203125,4.981333272336767
6,0.091796875,4.959395075373924
6,0.0927734375,4.940891429409081
6,0.09375,4.9245250558045655
6,0.0947265625,4.90968185419523
6,0.095703125,4.896965118976103
6,0.0966796875,4.8875535613382155
6,0.09765625,4.882375818715305
6,0.0986328125,4.881515108078092
6,0.099609375,4.884136684020538
6,0.1005859375,4.889079153477643
6,0.1015625,4.895499676220832
6,0.1025390625,4.903217234015341
6,0.103515625,4.912982686198928
6,0.1044921875,4.926121285418907
6,0.10546875,4.943718346786435
6,0.1064453125,4.965728808306675
6,0.107421875,4.990512294056822
6,0.1083984375,5.015197855643046
6,0.109375,5.0371606376679345
6,0.1103515625,5.055829209288123
6,0.111328125,5.073344027731995
6,0.1123046875,5.093130410510748
6,0.11328125,5.117426445002223
6,0.1142578125,5.145577232874539
6,0.115234375,5.174148531798942
6,0.1162109375,5.19864106653726
6,0.1171875,5.216104883882074
6,0.1181640625,5.227254009865147
6,0.119140625,5.236489963968996
6,0.1201171875,5.2494326982581745
6,0.12109375,5.269791765414313
6,0.1220703125,5.2971859443584215
6,0.123046875,5.326603375026003
6,0.1240234375,5.3496515118608166
6,0.125,5.357875456456066
6,0.1259765625,5.347519152378061
6,0.126953125,5.322234145803985
6,0.1279296875,5.290468732988578
6,0.12890625,5.2605736288441705
6,0.1298828125,5.237248401753314
6,0.130859375,5.22033784797955
6,0.1318359375,5.205819947983063
6,0.1328125,5.188361345653858
6,0.1337890625,5.164231852150446
6,0.134765625,5.133074793987894
6,0.1357421875,5.097399643933704
6,0.13671875,5.060670152530851
6,0.1376953125,5.025499976298962
6,0.138671875,4.992735208711969
6,0.1396484375,4.961434415717243
6,0.140625,4.929793493917385
6,0.1416015625,4.896547735765454
6,0.142578125,4.861877166266972
6,0.1435546875,4.827134616540744
6,0.14453125,4.793823934191346
6,0.1455078125,4.76263167964633
6,0.146484375,4.7331998471069
6,0.1474609375,4.704615345056125
6,0.1484375,4.67619210905072
6,0.1494140625,4.648005200748221
6,0.150390625,4.620936346805942
6,0.1513671875,4.596189337645696
6,0.15234375,4.574801666341904
6,0.1533203125,4.557127791773506
6,0.154296875,4.542503933494721
6,0.1552734375,4.529440034322779
6,0.15625,4.516362108318213
6,0.1572265625,4.502619839898293
6,0.158203125,4.489014657123595
6,0.1591796875,4.477093857508692
6,0.16015625,4.468240972202264
6,0.1611328125,4.4631661367803455
6,0.162109375,4.461640947942097
6,0.1630859375,4.462497300469232
6,0.1640625,4.4641538153859806
6,0.1650390625,4.46554910388157
6,0.166015625,4.4668880791796415
6,0.1669921875,4.469474239041261
6,0.16796875,4.474890154212181
6,0.1689453125,4.484078766314499
6,0.169921875,4.496731638579088
6,0.1708984375,4.511228459544085
6,0.171875,4.525456177398791
6,0.1728515625,4.538123651595961
6,0.173828125,4.549491359377024
6,0.1748046875,4.560769004794742
6,0.17578125,4.57282414625225
6,0.1767578125,4.585210280475538
6,0.177734375,4.596168932408273
6,0.1787109375,4.603496359547841
6,0.1796875,4.605781019123997
6,0.1806640625,4.6033366311996815
6,0.181640625,4.598315512299602
6,0.1826171875,4.593809808864439
6,0.18359375,4.592435151487259
6,0.1845703125,4.594852089629244
6,0.185546875,4.599124812981573
6,0.1865234375,4.601594642811201
6,0.1875,4.5988098999779465
6,0.1884765625,4.589372565691522
6,0.189453125,4.57470971586703
6,0.1904296875,4.558133603511673
6,0.19140625,4.543009074746059
6,0.1923828125,4.5310423235230495
6,0.193359375,4.521633004392745
6,0.1943359375,4.512559208919328
6,0.1953125,4.501383581718333
6,0.1962890625,4.4868162960678255
6,0.197265625,4.469450449937904
6,0.1982421875,4.451325169996074
6,0.19921875,4.43479384597173
6,0.2001953125,4.4213973079625335
6,0.201171875,4.411253031029106
6,0.2021484375,4.403215758024828
6,0.203125,4.3957692953378
6,0.2041015625,4.388071183800733
6,0.205078125,4.380489504242903
6,0.2060546875,4.374207644260828
6,0.20703125,4.370324520522045
6,0.2080078125,4.369128130824237
6,0.208984375,4.369962304531456
6,0.2099609375,4.3715917280688945
6,0.2109375,4.372920440511318
6,0.2119140625,4.373681519813195
6,0.212890625,4.374605857390162
6,0.2138671875,4.376849270637716
6,0.21484375,4.381219628172659
6,0.2158203125,4.387698166963568
6,0.216796875,4.3954672892949445
6,0.2177734375,4.403250087117093
6,0.21875,4.409790516830126
6,0.2197265625,4.414501631112317
6,0.220703125,4.417896706771036
6,0.2216796875,4.421105144076889
6,0.22265625,4.425095272625658
6,0.2236328125,4.430137557293432
6,0.224609375,4.4357559516668825
6,0.2255859375,4.441181091424186
6,0.2265625,4.445877063090485
6,0.2275390625,4.449831808507979
6,0.228515625,4.453666742182392
6,0.2294921875,4.458288026002062
6,0.23046875,4.46435355136494
6,0.2314453125,4.47184752115912
6,0.232421875,4.479936773258864
6,0.2333984375,4.487186503790951
6,0.234375,4.492260093297832
6,0.2353515625,4.494766306473519
6,0.236328125,4.495665629623763
6,0.2373046875,4.496753865571295
6,0.23828125,4.499540200249426
6,0.2392578125,4.5042973238663
6,0.240234375,4.509857191319184
6,0.2412109375,4.514173564986166
6,0.2421875,4.515603419501613
6,0.2431640625,4.514349309857466
6,0.244140625,4.512892358440165
6,0.2451171875,4.514721789491653
6,0.24609375,4.522334082697389
6,0.2470703125,4.535685366783067
6,0.248046875,4.551752791909691
6,0.2490234375,4.565290202968624
6,0.25,4.570850782771184
6,0.2509765625,4.565788650586299
6,0.251953125,4.552064173512891
6,0.2529296875,4.534722889897722
6,0.25390625,4.519078442294113
6,0.2548828125,4.508636639627768
6,0.255859375,4.504113499542178
6,0.2568359375,4.503634118885239
6,0.2578125,4.504039400100233
6,0.2587890625,4.5026708691360104
6,0.259765625,4.498693547102516
6,0.2607421875,4.493090805129811
6,0.26171875,4.487655587567483
6,0.2626953125,4.483792518973141
6,0.263671875,4.481785023989163
6,0.2646484375,4.480794948030541
6,0.265625,4.4796062905247425
6,0.2666015625,4.477554153825422
6,0.267578125,4.474945097667324
6,0.2685546875,4.472701149012547
6,0.26953125,4.471653920118909
6,0.2705078125,4.472013349669712
6,0.271484375,4.473336665740351
6,0.2724609375,4.474852194988205
6,0.2734375,4.475875643137363
6,0.2744140625,4.476051867049846
6,0.275390625,4.475396598010125
6,0.2763671875,4.474201289389343
6,0.27734375,4.472988572159802
6,0.2783203125,4.472184570073779
6,0.279296875,4.471699450135787
6,0.2802734375,4.470884428292988
6,0.28125,4.468878532013457
6,0.2822265625,4.465155504920178
6,0.283203125,4.459919635142508
6,0.2841796875,4.453865565267259
6,0.28515625,4.447807270797589
6,0.2861328125,4.442377452619743
6,0.287109375,4.43775796582825
6,0.2880859375,4.433611191230808
6,0.2890625,4.429352133376932
6,0.2900390625,4.42460658156777
6,0.291015625,4.419559021974538
6,0.2919921875,4.414881177975943
6,0.29296875,4.411386476444343
6,0.2939453125,4.409650882537872
6,0.294921875,4.409727269238776
6,0.2958984375,4.411012051904632
6,0.296875,4.412546649488991
6,0.2978515625,4.413691586599854
6,0.298828125,4.414565046765434
6,0.2998046875,4.415748320355169
6,0.30078125,4.41765299366722
6,0.3017578125,4.4201095890921644
6,0.302734375,4.422386547495296
6,0.3037109375,4.423501772290712
6,0.3046875,4.422763879820912
6,0.3056640625,4.420357487832427
6,0.306640625,4.417507245801864
6,0.3076171875,4.415877570080554
6,0.30859375,4.416667552263364
6,0.3095703125,4.4199010721138325
6,0.310546875,4.424285450267818
6,0.3115234375,4.427737860141366
6,0.3125,4.42833071007218
6,0.3134765625,4.425230083047885
6,0.314453125,4.419129584846689
6,0.3154296875,4.411773530540734
6,0.31640625,4.405034818061731
6,0.3173828125,4.400069930862674
6,0.318359375,4.396926381687096
6,0.3193359375,4.394711546492565
6,0.3203125,4.39215252132994
6,0.3212890625,4.388281462416235
6,0.322265625,4.382932876398794
6,0.3232421875,4.376653803783597
6,0.32421875,4.3702297379463335
6,0.3251953125,4.364206609474862
6,0.326171875,4.358642166952514
6,0.3271484375,4.353145025495788
6,0.328125,4.347227746724778
6,0.3291015625,4.340749547671465
6,0.330078125,4.334111759160873
6,0.3310546875,4.327990833653402
6,0.33203125,4.32290076044185
6,0.3330078125,4.318942704823689
6,0.333984375,4.315857362450068
6,0.3349609375,4.3132404353000755
6,0.3359375,4.310808811831903
6,0.3369140625,4.3085766902842195
6,0.337890625,4.30685594494963
6,0.3388671875,4.306029889308137
6,0.33984375,4.306270130995401
6,0.3408203125,4.307329627298778
6,0.341796875,4.308592320760825
6,0.3427734375,4.309343491096977
6,0.34375,4.3090631882752435
6,0.3447265625,4.307680627935407
6,0.345703125,4.305683806672055
6,0.3466796875,4.303822887310837
6,0.34765625,4.30275306142907
6,0.3486328125,4.302764186974134
6,0.349609375,4.303701595216157
6,0.3505859375,4.3051841943731475
6,0.3515625,4.306903698095801
6,0.3525390625,4.30879632485092
6,0.353515625,4.311132153276176
6,0.3544921875,4.314377790371823
6,0.35546875,4.318916134640791
6,0.3564453125,4.3247404082452094
6,0.357421875,4.331323880012209
6,0.3583984375,4.337799923118227
6,0.359375,4.343458613671509
6,0.3603515625,4.348244862207817
6,0.361328125,4.352864375346206
6,0.3623046875,4.358322151039695
6,0.36328125,4.365233293214476
6,0.3642578125,4.373385389864753
6,0.365234375,4.381785134715843
6,0.3662109375,4.38909656126674
6,0.3671875,4.39440330871902
6,0.3681640625,4.397981251209029
6,0.369140625,4.401421619277632
6,0.3701171875,4.406764881924028
6,0.37109375,4.415302055957198
6,0.3720703125,4.426710914901125
6,0.373046875,4.438908279047668
6,0.3740234375,4.44869600876762
6,0.375,4.4530507341731305
6,0.3759765625,4.4506867683347995
6,0.376953125,4.442860039584652
6,0.3779296875,4.432485835665067
6,0.37890625,4.42260912416296
6,0.3798828125,4.415184231820958
6,0.380859375,4.41049190240066
6,0.3818359375,4.4073587768336475
6,0.3828125,4.404002920426207
6,0.3837890625,4.3990226122039635
6,0.384765625,4.392083284082427
6,0.3857421875,4.383898687017695
6,0.38671875,4.37564391039017
6,0.3876953125,4.368244352907682
6,0.388671875,4.361966213328214
6,0.3896484375,4.356450332288119
6,0.390625,4.351083638857526
6,0.3916015625,4.345404999100701
6,0.392578125,4.3393801951277435
6,0.3935546875,4.33344045486056
6,0.39453125,4.328205814717442
6,0.3955078125,4.324020446536741
6,0.396484375,4.320735170089921
6,0.3974609375,4.31786213752395
6,0.3984375,4.314918409891449
6,0.3994140625,4.311728328257498
6,0.400390625,4.308533586888213
6,0.4013671875,4.305809941625649
6,0.40234375,4.304063535929051
6,0.4033203125,4.303630588614843
6,0.404296875,4.304484698526642
6,0.4052734375,4.306172335882798
6,0.40625,4.3080206987878595
6,0.4072265625,4.309639144891558
6,0.408203125,4.311297249117666
6,0.4091796875,4.313629791836162
6,0.41015625,4.317173664904201
6,0.4111328125,4.322162500595339
6,0.412109375,4.328490473878493
6,0.4130859375,4.335754623994432
6,0.4140625,4.343453069824738
6,0.4150390625,4.351310415179058
6,0.416015625,4.359497695840005
6,0.4169921875,4.368463952013267
6,0.41796875,4.378570043972043
6,0.4189453125,4.38980818583782
6,0.419921875,4.40171962085093
6,0.4208984375,4.413501347350743
6,0.421875,4.424359727041287
6,0.4228515625,4.433959157201695
6,0.423828125,4.442616135512953
6,0.4248046875,4.451007766524147
6,0.42578125,4.459657625675961
6,0.4267578125,4.468567196961708
6,0.427734375,4.477218700108087
6,0.4287109375,4.484889901486008
6,0.4296875,4.491123067042422
6,0.4306640625,4.4960809600292295
6,0.431640625,4.500558562932442
6,0.4326171875,4.5055935204243776
6,0.43359375,4.5119309718922915
6,0.4345703125,4.519506786981885
6,0.435546875,4.527217534925458
6,0.4365234375,4.533190904150921
6,0.4375,4.535578135623992
6,0.4384765625,4.533580247902017
6,0.439453125,4.528014668608133
6,0.4404296875,4.520829754624456
6,0.44140625,4.514089652545953
6,0.4423828125,4.5091081818294105
6,0.443359375,4.506060457697785
6,0.4443359375,4.504119634444905
6,0.4453125,4.502023706432453
6,0.4462890625,4.498832619469096
6,0.447265625,4.494445102491278
6,0.4482421875,4.4894687192616844
6,0.44921875,4.484724930641488
6,0.4501953125,4.480779041898214
6,0.451171875,4.477671665217865
6,0.4521484375,4.474942102113984
6,0.453125,4.472016870226077
6,0.4541015625,4.468721189722588
6,0.455078125,4.465505979366991
6,0.4560546875,4.463148935585945
6,0.45703125,4.4622739698567235
6,0.4580078125,4.463097669254195
6,0.458984375,4.465450095073523
6,0.4599609375,4.468885914919719
6,0.4609375,4.4728890375513926
6,0.4619140625,4.477122864176827
6,0.462890625,4.481564562204815
6,0.4638671875,4.4863963751627285
6,0.46484375,4.491797124802209
6,0.4658203125,4.497731264131857
6,0.466796875,4.503844479810163
6,0.4677734375,4.509493900052144
6,0.46875,4.513945101986917
6,0.4697265625,4.516766759529034
6,0.470703125,4.518163059676286
6,0.4716796875,4.518825185142573
6,0.47265625,4.519564107031686
6,0.4736328125,4.520966602932678
6,0.474609375,4.523204497474709
6,0.4755859375,4.526061462407447
6,0.4765625,4.529176906218703
6,0.4775390625,4.5324247940129645
6,0.478515625,4.536133098820385
6,0.4794921875,4.540790112675404
6,0.48046875,4.546631652222216
6,0.4814453125,4.553495048997463
6,0.482421875,4.560886602949167
6,0.4833984375,4.568111464232442
6,0.484375,4.57457722101717
6,0.4853515625,4.5801837921744
6,0.486328125,4.5854623214164
6,0.4873046875,4.591225833039018
6,0.48828125,4.597987266750167
6,0.4892578125,4.605558686649997
6,0.490234375,4.613092335387433
6,0.4912109375,4.61953404447888
6,0.4921875,4.6243196057577505
6,0.4931640625,4.627920420643878
6,0.494140625,4.631836925305827
6,0.4951171875,4.637874438473557
6,0.49609375,4.647060946203363
6,0.4970703125,4.658755337156568
6,0.498046875,4.6706092550068
6,0.4990234375,4.679497743858752
6,0.5,4.682806099478239
7,0.0009765625,56.761920506131574
7,0.001953125,51.64177511771343
7,0.0029296875,43.71677145820603
7,0.00390625,35.29203551728672
7,0.0048828125,28.353836007398705
7,0.005859375,24.21245379358726
7,0.0068359375,22.19856263536322
7,0.0078125,20.454214238407832
7,0.0087890625,18.105006800565672
7,0.009765625,15.87330728165575
7,0.0107421875,14.393335507209137
7,0.01171875,13.389685532515264
7,0.0126953125,12.51886197222362
7,0.013671875,11.850017288686875
7,0.0146484375,11.424658870884382
7,0.015625,10.983789193854921
7,0.0166015625,10.376460809670665
7,0.017578125,9.806225703941708
7,0.0185546875,9.400163981727335
7,0.01953125,9.023337014326247
7,0.0205078125,8.585604331660234
7,0.021484375,8.19768202314822
7,0.0224609375,7.956223656224592
7,0.0234375,7.7567957232511136
7,0.0244140625,7.47665424173273
7,0.025390625,7.194313238566644
7,0.0263671875,7.009309900884528
7,0.02734375,6.867030155127485
7,0.0283203125,6.693885715628138
7,0.029296875,6.529775653876898
7,0.0302734375,6.438421254456918
7,0.03125,6.3955763855236105
7,0.0322265625,6.357189616059908
7,0.033203125,6.346248499990915
7,0.0341796875,6.37603543934215
7,0.03515625,6.4063016081175554
7,0.0361328125,6.405793287113697
7,0.037109375,6.405220283592277
7,0.0380859375,6.433310834460224
7,0.0390625,6.422814261156924
7,0.0400390625,6.301072393166055
7,0.041015625,6.127711759722499
7,0.0419921875,5.991333840009026
7,0.04296875,5.893869838295408
7,0.0439453125,5.808746954765418
7,0.044921875,5.750606604159708
7,0.0458984375,5.731083723210594
7,0.046875,5.699920998332935
7,0.0478515625,5.615406432004647
7,0.048828125,5.526260358551495
7,0.0498046875,5.486725746285896
7,0.05078125,5.477872433658724
7,0.0517578125,5.473097032839696
7,0.052734375,5.499300595161309
7,0.0537109375,5.573990551865524
7,0.0546875,5.64902245704866
7,0.0556640625,5.689971288049896
7,0.056640625,5.7382650071389385
7,0.0576171875,5.820680453449608
7,0.05859375,5.898975081450133
7,0.0595703125,5.937507697936512
7,0.060546875,5.9503865839196655
7,0.0615234375,5.95568729545846
7,0.0625,5.928740036728798
7,0.0634765625,5.845946170574178
7,0.064453125,5.73500018631908
7,0.0654296875,5.631252924790246
7,0.06640625,5.536274188403659
7,0.0673828125,5.443538044421762
7,0.068359375,5.364798652149957
7,0.0693359375,5.311664209778775
7,0.0703125,5.2721714666181745
7,0.0712890625,5.232605847592284
7,0.072265625,5.203350252664355
7,0.0732421875,5.191146908328351
7,0.07421875,5.185456371177439
7,0.0751953125,5.180339325024657
7,0.076171875,5.186496492135008
7,0.0771484375,5.206275022205191
7,0.078125,5.2117067238061185
7,0.0791015625,5.185059024102764
7,0.080078125,5.1575832994917645
7,0.0810546875,5.1581171928480405
7,0.08203125,5.171035579092671
7,0.0830078125,5.174439130616573
7,0.083984375,5.178118111012536
7,0.0849609375,5.193995814326802
7,0.0859375,5.201461621802687
7,0.0869140625,5.182193683483312
7,0.087890625,5.159089466883006
7,0.0888671875,5.156982318640843
7,0.08984375,5.168769061012225
7,0.0908203125,5.183777587282829
7,0.091796875,5.212696490894484
7,0.0927734375,5.256671886549476
7,0.09375,5.277642317878902
7,0.0947265625,5.245704348751302
7,0.095703125,5.188261637800684
7,0.0966796875,5.14033154323058
7,0.09765625,5.098032871188925
7,0.0986328125,5.049656135683904
7,0.099609375,5.007529696968279
7,0.1005859375,4.988010805856408
7,0.1015625,4.985393689644947
7,0.1025390625,4.988174511416286
7,0.103515625,5.002052961976614
7,0.1044921875,5.0323296739099925
7,0.10546875,5.070793608533946
7,0.1064453125,5.111386814023836
7,0.107421875,5.165793454221574
7,0.1083984375,5.236217124138292
7,0.109375,5.2794918649190645
7,0.1103515625,5.25530136790215
7,0.111328125,5.192076153295444
7,0.1123046875,5.137847767398875
7,0.11328125,5.09842709435602
7,0.1142578125,5.060433732716411
7,0.115234375,5.030385881175099
7,0.1162109375,5.017544315733522
7,0.1171875,5.002845584272564
7,0.1181640625,4.967082988839759
7,0.119140625,4.926575733211133
7,0.1201171875,4.898991761948473
7,0.12109375,4.87500792574622
7,0.1220703125,4.846504650554003
7,0.123046875,4.8278277085175105
7,0.1240234375,4.828010227224289
7,0.125,4.826127323281216
7,0.1259765625,4.803807051334175
7,0.126953125,4.777287674125953
7,0.1279296875,4.7643702248809445
7,0.12890625,4.759198047026884
7,0.1298828125,4.75288769859493
7,0.130859375,4.751045669537771
7,0.1318359375,4.75849176002005
7,0.1328125,4.760425117759171
7,0.1337890625,4.74295595906573
7,0.134765625,4.719447003071397
7,0.1357421875,4.706445539432875
7,0.13671875,4.700416923365756
7,0.1376953125,4.693823523453664
7,0.138671875,4.690681250997023
7,0.1396484375,4.694029683547417
7,0.140625,4.693884998234766
7,0.1416015625,4.682915354954919
7,0.142578125,4.669846145052093
7,0.1435546875,4.660661407238096
7,0.14453125,4.648062759548249
7,0.1455078125,4.627286398405357
7,0.146484375,4.605581501820347
7,0.1474609375,4.588465198500254
7,0.1484375,4.568364826358317
7,0.1494140625,4.539761515031666
7,0.150390625,4.513287234500212
7,0.1513671875,4.498106152149264
7,0.15234375,4.488839781057038
7,0.1533203125,4.479543946595031
7,0.154296875,4.474962987234428
7,0.1552734375,4.477444624129941
7,0.15625,4.475069539723052
7,0.1572265625,4.458703969557303
7,0.158203125,4.438198664687442
7,0.1591796875,4.423786905826036
7,0.16015625,4.411520429210501
7,0.1611328125,4.396366269716667
7,0.162109375,4.383441144712472
7,0.1630859375,4.377398845998319
7,0.1640625,4.370355555235248
7,0.1650390625,4.3539210503153924
7,0.166015625,4.3347622438080045
7,0.1669921875,4.320985563842288
7,0.16796875,4.309464307112361
7,0.1689453125,4.297049814436052
7,0.169921875,4.289976685127398
7,0.1708984375,4.292217603957968
7,0.171875,4.2940472894404245
7,0.1728515625,4.286239043489837
7,0.173828125,4.275740820802412
7,0.1748046875,4.2702809908134425
7,0.17578125,4.265776259628161
7,0.1767578125,4.258057465959844
7,0.177734375,4.252556583094851
7,0.1787109375,4.25418252410345
7,0.1796875,4.257140305475396
7,0.1806640625,4.257611900587274
7,0.181640625,4.265226700348222
7,0.1826171875,4.284629848528719
7,0.18359375,4.306056285112764
7,0.1845703125,4.323361232466044
7,0.185546875,4.344524614222528
7,0.1865234375,4.372207754028354
7,0.1875,4.386081922002031
7,0.1884765625,4.368410694727548
7,0.189453125,4.334904990738427
7,0.1904296875,4.308221004540074
7,0.19140625,4.286575750863601
7,0.1923828125,4.260517817750797
7,0.193359375,4.236221230866707
7,0.1943359375,4.22277767469891
7,0.1953125,4.2130177419348955
7,0.1962890625,4.197647209210014
7,0.197265625,4.18384299005378
7,0.1982421875,4.1785754505118025
7,0.19921875,4.176537457584788
7,0.2001953125,4.173889919149194
7,0.201171875,4.175646411147759
7,0.2021484375,4.18315958257683
7,0.203125,4.185846872592464
7,0.2041015625,4.176386592286111
7,0.205078125,4.163306996301001
7,0.2060546875,4.154927750418682
7,0.20703125,4.14842069604806
7,0.2080078125,4.1401200296907
7,0.208984375,4.133018501404763
7,0.2099609375,4.129381002111761
7,0.2109375,4.123795745306289
7,0.2119140625,4.112755172768629
7,0.212890625,4.104236296888843
7,0.2138671875,4.104714152440001
7,0.21484375,4.10963842323938
7,0.2158203125,4.113553931704324
7,0.216796875,4.1191904406171265
7,0.2177734375,4.129320167501002
7,0.21875,4.13571454689298
7,0.2197265625,4.129082673687985
7,0.220703125,4.115689393232185
7,0.2216796875,4.106756294405942
7,0.22265625,4.10261533886675
7,0.2236328125,4.099745156924162
7,0.224609375,4.101619647582279
7,0.2255859375,4.110087354460122
7,0.2265625,4.115379212648501
7,0.2275390625,4.110229396635507
7,0.228515625,4.103252381140733
7,0.2294921875,4.102016921187198
7,0.23046875,4.1009183199737045
7,0.2314453125,4.094766668892312
7,0.232421875,4.090286356070567
7,0.2333984375,4.0942171091927735
7,0.234375,4.098768743612953
7,0.2353515625,4.0940385489072035
7,0.236328125,4.085656390756445
7,0.2373046875,4.081832562271449
7,0.23828125,4.080141824890268
7,0.2392578125,4.077199243123668
7,0.240234375,4.077015287867875
7,0.2412109375,4.081670719867073
7,0.2421875,4.083318773864439
7,0.2431640625,4.07657663489433
7,0.244140625,4.069318530628417
7,0.2451171875,4.068252450061546
7,0.24609375,4.0692163058488395
7,0.2470703125,4.06806524689789
7,0.248046875,4.069189528197116
7,0.2490234375,4.076132549820997
7,0.25,4.08033364731107
7,0.2509765625,4.073170684375851
7,0.251953125,4.062332455031239
7,0.2529296875,4.057094931260189
7,0.25390625,4.054802168741541
7,0.2548828125,4.05115519718576
7,0.255859375,4.0494526930791706
7,0.2568359375,4.052813304667889
7,0.2578125,4.055468403627099
7,0.2587890625,4.0515070402031865
7,0.259765625,4.045864285895495
7,0.2607421875,4.044372838026248
7,0.26171875,4.044740358689003
7,0.2626953125,4.043870814827111
7,0.263671875,4.04451481964441
7,0.2646484375,4.047838214063682
7,0.265625,4.046170040374507
7,0.2666015625,4.034723619369914
7,0.267578125,4.022615314680642
7,0.2685546875,4.017967121064321
7,0.26953125,4.016882357624266
7,0.2705078125,4.01478079618164
7,0.271484375,4.015586273445357
7,0.2724609375,4.021773843642663
7,0.2734375,4.024774490046801
7,0.2744140625,4.017383832075384
7,0.275390625,4.00693537027407
7,0.2763671875,4.002295034722973
7,0.27734375,4.0020723146842
7,0.2783203125,4.002620851715024
7,0.279296875,4.005513752303349
7,0.2802734375,4.011158795714017
7,0.28125,4.0123610645153684
7,0.2822265625,4.003171924305453
7,0.283203125,3.988783571936523
7,0.2841796875,3.9764043981179524
7,0.28515625,3.965834504728124
7,0.2861328125,3.9551906175614295
7,0.287109375,3.9475892818447758
7,0.2880859375,3.945868386876262
7,0.2890625,3.945773616834344
7,0.2900390625,3.942775042729134
7,0.291015625,3.9406755678544414
7,0.2919921875,3.9438129660699537
7,0.29296875,3.9504567525653522
7,0.2939453125,3.9585484414473497
7,0.294921875,3.9709298413456513
7,0.2958984375,3.9880394330695452
7,0.296875,3.999955245450786
7,0.2978515625,3.9982164201804555
7,0.298828125,3.989831718612279
7,0.2998046875,3.98492901300361
7,0.30078125,3.983394049111747
7,0.3017578125,3.9817403156835516
7,0.302734375,3.9823892410206962
7,0.3037109375,3.9879711118455137
7,0.3046875,3.9926963791233128
7,0.3056640625,3.9912652511715785
7,0.306640625,3.9899042952575727
7,0.3076171875,3.9950717500665553
7,0.30859375,4.003783949706122
7,0.3095703125,4.011970331822796
7,0.310546875,4.021733058265641
7,0.3115234375,4.034165531212558
7,0.3125,4.041946348504805
7,0.3134765625,4.0386693289681235
7,0.314453125,4.029918455838055
7,0.3154296875,4.023684647816277
7,0.31640625,4.020407466694079
7,0.3173828125,4.018122656380647
7,0.318359375,4.01886348039005
7,0.3193359375,4.023892469463011
7,0.3203125,4.0272388156836
7,0.3212890625,4.023953422597374
7,0.322265625,4.0197066036623355
7,0.3232421875,4.020478364557158
7,0.32421875,4.024413366143467
7,0.3251953125,4.029335801956142
7,0.326171875,4.0382559249921925
7,0.3271484375,4.051693616077571
7,0.328125,4.061558379547772
7,0.3291015625,4.062508567891495
7,0.330078125,4.061808974775912
7,0.3310546875,4.066404106917525
7,0.33203125,4.073931849703996
7,0.3330078125,4.081455578930174
7,0.333984375,4.091922598269489
7,0.3349609375,4.1066383129213655
7,0.3359375,4.118614153212014
7,0.3369140625,4.123016872248993
7,0.337890625,4.126958440731943
7,0.3388671875,4.136628914015513
7,0.33984375,4.148015953132899
7,0.3408203125,4.156916748402097
7,0.341796875,4.167037403834123
7,0.3427734375,4.181107674121568
7,0.34375,4.191044065205223
7,0.3447265625,4.188693801350499
7,0.345703125,4.179615403980542
7,0.3466796875,4.172448397376481
7,0.34765625,4.167613782465974
7,0.3486328125,4.163502661627024
7,0.349609375,4.163140508943064
7,0.3505859375,4.168082186055843
7,0.3515625,4.1715139462464705
7,0.3525390625,4.167162547453671
7,0.353515625,4.160033824273917
7,0.3544921875,4.15656981310377
7,0.35546875,4.154933974146691
7,0.3564453125,4.152408005159314
7,0.357421875,4.153041514117182
7,0.3583984375,4.160027072107338
7,0.359375,4.166367247150097
7,0.3603515625,4.1649536627696895
7,0.361328125,4.161219441179467
7,0.3623046875,4.1618417602132585
7,0.36328125,4.164522855256963
7,0.3642578125,4.165922003990949
7,0.365234375,4.169050295880098
7,0.3662109375,4.176053869651618
7,0.3671875,4.180557856686391
7,0.3681640625,4.17880288429472
7,0.369140625,4.179913282058149
7,0.3701171875,4.190066043947344
7,0.37109375,4.203129861035957
7,0.3720703125,4.214634184440287
7,0.373046875,4.230976923783002
7,0.3740234375,4.254551239171874
7,0.375,4.2694125695791225
7,0.3759765625,4.261440447151638
7,0.376953125,4.242480475466792
7,0.3779296875,4.22953391635331
7,0.37890625,4.221273221298422
7,0.3798828125,4.210909989451711
7,0.380859375,4.202710547487962
7,0.3818359375,4.202389630550791
7,0.3828125,4.203116562127707
7,0.3837890625,4.196215248672312
7,0.384765625,4.186365266731909
7,0.3857421875,4.1801031171254515
7,0.38671875,4.17574555419331
7,0.3876953125,4.171484240631763
7,0.388671875,4.171453724986352
7,0.3896484375,4.177613755050199
7,0.390625,4.182143874163393
7,0.3916015625,4.180098385746723
7,0.392578125,4.18108048290689
7,0.3935546875,4.191165718072687
7,0.39453125,4.201497545557758
7,0.3955078125,4.204403468080663
7,0.396484375,4.205202224679219
7,0.3974609375,4.208761902647753
7,0.3984375,4.206505474542003
7,0.3994140625,4.191017340187732
7,0.400390625,4.171502427586457
7,0.4013671875,4.158473489609013
7,0.40234375,4.150181162633685
7,0.4033203125,4.142319016447034
7,0.404296875,4.1373712571300025
7,0.4052734375,4.136961483867567
7,0.40625,4.13329042573531
7,0.4072265625,4.120516243565916
7,0.408203125,4.106662866940273
7,0.4091796875,4.098888555365563
7,0.41015625,4.092776076157671
7,0.4111328125,4.084095698011593
7,0.412109375,4.077761516708169
7,0.4130859375,4.078251851573569
7,0.4140625,4.079336875173945
7,0.4150390625,4.074201556446334
7,0.416015625,4.068110028355677
7,0.4169921875,4.067398348405065
7,0.41796875,4.069106062311757
7,0.4189453125,4.068899037073546
7,0.419921875,4.069853789152824
7,0.4208984375,4.07539888671736
7,0.421875,4.0790631436190745
7,0.4228515625,4.0736246607988384
7,0.423828125,4.064777668781508
7,0.4248046875,4.060595746510077
7,0.42578125,4.059556944676597
7,0.4267578125,4.057677522623054
7,0.427734375,4.057697176869147
7,0.4287109375,4.0624331399462905
7,0.4296875,4.064537174439557
7,0.4306640625,4.055542483666021
7,0.431640625,4.040356582036794
7,0.4326171875,4.0280484665044805
7,0.43359375,4.019356500182438
7,0.4345703125,4.011663145036506
7,0.435546875,4.006227685464796
7,0.4365234375,4.00396016290805
7,0.4375,3.9997733122816577
7,0.4384765625,3.988914620516098
7,0.439453125,3.974830928421329
7,0.4404296875,3.9620275619412983
7,0.44140625,3.94953418466288
7,0.4423828125,3.9364419464335327
7,0.443359375,3.9267110575107904
7,0.4443359375,3.922453931278966
7,0.4453125,3.917622731211606
7,0.4462890625,3.907645362340082
7,0.447265625,3.8984164109507464
7,0.4482421875,3.894424149313159
7,0.44921875,3.8913783118791354
7,0.4501953125,3.885901012308578
7,0.451171875,3.8817416495887787
7,0.4521484375,3.8814043609110302
7,0.453125,3.8789892711199694
7,0.4541015625,3.870167612245048
7,0.455078125,3.8614650221640985
7,0.4560546875,3.8583151242707885
7,0.45703125,3.8570629876998397
7,0.4580078125,3.854255061593583
7,0.458984375,3.8537008199882563
7,0.4599609375,3.8588588471299237
7,0.4609375,3.864119280770252
7,0.4619140625,3.8635779254206293
7,0.462890625,3.862707383022724
7,0.4638671875,3.867060992060205
7,0.46484375,3.8718002532159166
7,0.4658203125,3.8720113361691877
7,0.466796875,3.872360841423398
7,0.4677734375,3.877605923624604
7,0.46875,3.881953344311282
7,0.4697265625,3.878842340916227
7,0.470703125,3.873276414874055
7,0.4716796875,3.8719911844334534
7,0.47265625,3.873483576061629
7,0.4736328125,3.875228171316089
7,0.474609375,3.880622871937197
7,0.4755859375,3.8904120953320036
7,0.4765625,3.894743711410932
7,0.4775390625,3.8864668942560225
7,0.478515625,3.873777673260497
7,0.4794921875,3.8649308663428883
7,0.48046875,3.8561360683047474
7,0.4814453125,3.8434271523381938
7,0.482421875,3.8333729591614527
7,0.4833984375,3.833125294524627
7,0.484375,3.8372032319037146
7,0.4853515625,3.8366915511124495
7,0.486328125,3.834767018048543
7,0.4873046875,3.837136560812305
7,0.48828125,3.8413722908937493
7,0.4892578125,3.844216333156531
7,0.490234375,3.8485820717337407
7,0.4912109375,3.8572352280504614
7,0.4921875,3.8656870743372993
7,0.4931640625,3.870581349576352
7,0.494140625,3.879197454053838
7,0.4951171875,3.8972430200321466
7,0.49609375,3.919276812770765
7,0.4970703125,3.940959275051338
7,0.498046875,3.968920263157166
7,0.4990234375,4.003122346006137
7,0.5,4.0204216197933995
8,0.0009765625,21.368161094818074
8,0.001953125,19.22921681460735
8,0.0029296875,16.070220655587118
8,0.00390625,13.247440514419996
8,0.0048828125,11.16922931797857
8,0.005859375,9.81335557704984
8,0.0068359375,8.876287464988517
8,0.0078125,8.125577204457388
8,0.0087890625,7.5345723386147885
8,0.009765625,7.1973301899342985
8,0.0107421875,7.063481600872205
8,0.01171875,7.003470822104938
8,0.0126953125,6.947202414980197
8,0.013671875,6.87950375579551
8,0.0146484375,6.7763657444531225
8,0.015625,6.613963101507832
8,0.0166015625,6.398909784861501
8,0.017578125,6.175438644273868
8,0.0185546875,5.975801481625824
8,0.01953125,5.794875790493538
8,0.0205078125,5.631125889206861
8,0.021484375,5.501363695819098
8,0.0224609375,5.3979706929999995
8,0.0234375,5.29608528959744
8,0.0244140625,5.180838881506565
8,0.025390625,5.066426121423793
8,0.0263671875,4.97572602884702
8,0.02734375,4.909418477994697
8,0.0283203125,4.853816984398763
8,0.029296875,4.808696739602126
8,0.0302734375,4.7744426382731495
8,0.03125,4.72939780354584
8,0.0322265625,4.657521829651765
8,0.033203125,4.580332032452122
8,0.0341796875,4.517442931329992
8,0.03515625,4.464886665759649
8,0.0361328125,4.417959511921886
8,0.037109375,4.385504080884242
8,0.0380859375,4.368938111213034
8,0.0390625,4.346059730727064
8,0.0400390625,4.301841062794133
8,0.041015625,4.255589837454377
8,0.0419921875,4.226515293873122
8,0.04296875,4.211100044782916
8,0.0439453125,4.204269384886106
8,0.044921875,4.213179715084147
8,0.0458984375,4.235306468682915
8,0.046875,4.245715153470999
8,0.0478515625,4.225646766901454
8,0.048828125,4.19010971833118
8,0.0498046875,4.158146144664411
8,0.05078125,4.128225501243408
8,0.0517578125,4.101291185588905
8,0.052734375,4.086300158644184
8,0.0537109375,4.079441807947307
8,0.0546875,4.073842775350057
8,0.0556640625,4.065340207970437
8,0.056640625,4.054861060640852
8,0.0576171875,4.046656400221978
8,0.05859375,4.040400973525158
8,0.0595703125,4.033728736623517
8,0.060546875,4.029126339714299
8,0.0615234375,4.026283944726369
8,0.0625,4.017802440079957
8,0.0634765625,3.9991719334604796
8,0.064453125,3.9767547588085677
8,0.0654296875,3.956931636809966
8,0.06640625,3.9400586189169675
8,0.0673828125,3.9258790524694813
8,0.068359375,3.9165266200395252
8,0.0693359375,3.911077402187202
8,0.0703125,3.905100497907598
8,0.0712890625,3.895882148428215
8,0.072265625,3.885469908406085
8,0.0732421875,3.8780382081854445
8,0.07421875,3.8749803602047463
8,0.0751953125,3.8736089636278597
8,0.076171875,3.876039482283794
8,0.0771484375,3.8830472935349816
8,0.078125,3.8855688080372324
8,0.0791015625,3.8766057252476633
8,0.080078125,3.862712827941227
8,0.0810546875,3.8520104007512534
8,0.08203125,3.8444369147406996
8,0.0830078125,3.8378070565886664
8,0.083984375,3.834167974233212
8,0.0849609375,3.834854694483688
8,0.0859375,3.836058436152635
8,0.0869140625,3.833373121683594
8,0.087890625,3.8290666835151033
8,0.0888671875,3.8269130814155603
8,0.08984375,3.826077622321081
8,0.0908203125,3.824800234690263
8,0.091796875,3.8253826340341113
8,0.0927734375,3.8289706666094667
8,0.09375,3.82996951562585
8,0.0947265625,3.8237801862653504
8,0.095703125,3.815843414621217
8,0.0966796875,3.8121246907999073
8,0.09765625,3.81195001668718
8,0.0986328125,3.813594507053986
8,0.099609375,3.818042552944498
8,0.1005859375,3.8247183473070256
8,0.1015625,3.830273953486549
8,0.1025390625,3.832411690380908
8,0.103515625,3.8327269519717238
8,0.1044921875,3.834026267615027
8,0.10546875,3.837069814816975
8,0.1064453125,3.841427857242157
8,0.107421875,3.848480093959603
8,0.1083984375,3.8571994523592155
8,0.109375,3.8626737137909606
8,0.1103515625,3.8620628991009647
8,0.111328125,3.858924770241488
8,0.1123046875,3.8583561287348873
8,0.11328125,3.8605429124109145
8,0.1142578125,3.8624479193981274
8,0.115234375,3.8645685752426413
8,0.1162109375,3.868592806017219
8,0.1171875,3.872589164065706
8,0.1181640625,3.8742441834047066
8,0.119140625,3.8767308815938355
8,0.1201171875,3.8842813187443768
8,0.12109375,3.8954947800756567
8,0.1220703125,3.9053940467064363
8,0.123046875,3.9141204631569337
8,0.1240234375,3.9232785857611017
8,0.125,3.9251903320192603
8,0.1259765625,3.9132058081622083
8,0.126953125,3.896231062858573
8,0.1279296875,3.8829819148581093
8,0.12890625,3.872784702341133
8,0.1298828125,3.864103099719351
8,0.130859375,3.8578807989320905
8,0.1318359375,3.8535620318293287
8,0.1328125,3.848042928498089
8,0.1337890625,3.839441114575613
8,0.134765625,3.8302177631259804
8,0.1357421875,3.8228642082043645
8,0.13671875,3.8172796878911504
8,0.1376953125,3.8129110770910524
8,0.138671875,3.8105262583662274
8,0.1396484375,3.809604465632022
8,0.140625,3.8072152718619656
8,0.1416015625,3.8013170505308187
8,0.142578125,3.7937037706746475
8,0.1435546875,3.786871106028596
8,0.14453125,3.781255114339942
8,0.1455078125,3.7765009735879946
8,0.146484375,3.77299009237286
8,0.1474609375,3.7702273702736537
8,0.1484375,3.7670378968946068
8,0.1494140625,3.762736814595858
8,0.150390625,3.7588187901723735
8,0.1513671875,3.757718005222711
8,0.15234375,3.759478220543914
8,0.1533203125,3.761904764249416
8,0.154296875,3.7647389949221393
8,0.1552734375,3.7681347955011426
8,0.15625,3.768527745743267
8,0.1572265625,3.7627414049486094
8,0.158203125,3.753872510304887
8,0.1591796875,3.746159515194195
8,0.16015625,3.7407132961556493
8,0.1611328125,3.737231390979179
8,0.162109375,3.7357006064933267
8,0.1630859375,3.7353630779110074
8,0.1640625,3.734438261642502
8,0.1650390625,3.732020667510342
8,0.166015625,3.72955400961626
8,0.1669921875,3.7277433425147795
8,0.16796875,3.7255010325861004
8,0.1689453125,3.722279720272827
8,0.169921875,3.719661848605199
8,0.1708984375,3.718075716142208
8,0.171875,3.714739265468959
8,0.1728515625,3.7075961559676456
8,0.173828125,3.6992521445699666
8,0.1748046875,3.692225419803232
8,0.17578125,3.6861243989114065
8,0.1767578125,3.6810622485656346
8,0.177734375,3.677865813394556
8,0.1787109375,3.6750936263596743
8,0.1796875,3.670712006657274
8,0.1806640625,3.6636182441807597
8,0.181640625,3.655733185545174
8,0.1826171875,3.650267403200778
8,0.18359375,3.6480162358912214
8,0.1845703125,3.6478979064998525
8,0.185546875,3.6497001719659745
8,0.1865234375,3.6524518928950096
8,0.1875,3.652088310783765
8,0.1884765625,3.64543258386349
8,0.189453125,3.6352315984132537
8,0.1904296875,3.625239640439843
8,0.19140625,3.6159730662431775
8,0.1923828125,3.607251235947599
8,0.193359375,3.6005412373400882
8,0.1943359375,3.596132680995497
8,0.1953125,3.5919089797875468
8,0.1962890625,3.5860062380584554
8,0.197265625,3.578537041663131
8,0.1982421875,3.5706653379801123
8,0.19921875,3.5637261325081058
8,0.2001953125,3.557890897530321
8,0.201171875,3.5541880560109567
8,0.2021484375,3.553009478432478
8,0.203125,3.551535388512699
8,0.2041015625,3.5472911595619347
8,0.205078125,3.541895310045196
8,0.2060546875,3.537645017501534
8,0.20703125,3.534437577165931
8,0.2080078125,3.5314851464832233
8,0.208984375,3.5298160298542474
8,0.2099609375,3.530341541613135
8,0.2109375,3.5314957751636404
8,0.2119140625,3.5312680394590803
8,0.212890625,3.53064492562975
8,0.2138671875,3.531131740529329
8,0.21484375,3.532072177556256
8,0.2158203125,3.532743162538683
8,0.216796875,3.5346229490940155
8,0.2177734375,3.538159379895739
8,0.21875,3.5397645155807385
8,0.2197265625,3.536587172283664
8,0.220703125,3.531659421472695
8,0.2216796875,3.5283429647712006
8,0.22265625,3.526432370696779
8,0.2236328125,3.525316692559442
8,0.224609375,3.525431413893724
8,0.2255859375,3.5262522240713525
8,0.2265625,3.5266565220355353
8,0.2275390625,3.5262884379456865
8,0.228515625,3.525641124852956
8,0.2294921875,3.5255100684736784
8,0.23046875,3.5265819950454986
8,0.2314453125,3.528741290567952
8,0.232421875,3.531746729840583
8,0.2333984375,3.5345604836807447
8,0.234375,3.5354768213170944
8,0.2353515625,3.5340827532365235
8,0.236328125,3.5322114622599656
8,0.2373046875,3.5315527888435883
8,0.23828125,3.5320369876618236
8,0.2392578125,3.533185397422876
8,0.240234375,3.535581157566152
8,0.2412109375,3.539463970542819
8,0.2421875,3.5436436737489365
8,0.2431640625,3.546994129450663
8,0.244140625,3.55046799530297
8,0.2451171875,3.554987221539314
8,0.24609375,3.5597240974599464
8,0.2470703125,3.5635957874429898
8,0.248046875,3.567695235856188
8,0.2490234375,3.572861351552809
8,0.25,3.5747270475101143
8,0.2509765625,3.5691848035690836
8,0.251953125,3.560561423487596
8,0.2529296875,3.5533200306074075
8,0.25390625,3.546887830485472
8,0.2548828125,3.5405817722066386
8,0.255859375,3.535042921630119
8,0.2568359375,3.5298215816670555
8,0.2578125,3.5237448960386173
8,0.2587890625,3.516798045573923
8,0.259765625,3.5106559558073998
8,0.2607421875,3.5065747360781447
8,0.26171875,3.5043346289761343
8,0.2626953125,3.5032600494672446
8,0.263671875,3.5033499020150938
8,0.2646484375,3.5040000174326935
8,0.265625,3.5034296767448323
8,0.2666015625,3.500471504388366
8,0.267578125,3.4961458256007143
8,0.2685546875,3.491956458653785
8,0.26953125,3.488221814473579
8,0.2705078125,3.484857813003446
8,0.271484375,3.4822241944312164
8,0.2724609375,3.4800940614141194
8,0.2734375,3.4775931162267373
8,0.2744140625,3.474041035564481
8,0.275390625,3.4701703705995155
8,0.2763671875,3.4673292667888354
8,0.27734375,3.4659333302868824
8,0.2783203125,3.465629981653617
8,0.279296875,3.466616757050381
8,0.2802734375,3.4684643068183134
8,0.28125,3.4684319353490074
8,0.2822265625,3.4645999295851215
8,0.283203125,3.4592735058095765
8,0.2841796875,3.4548676121665824
8,0.28515625,3.451183759892483
8,0.2861328125,3.4478218937693192
8,0.287109375,3.445686294522496
8,0.2880859375,3.4450017082684834
8,0.2890625,3.444054618372915
8,0.2900390625,3.4415469051433614
8,0.291015625,3.4387749555838947
8,0.2919921875,3.437113998321434
8,0.29296875,3.436216001422614
8,0.2939453125,3.435631731494756
8,0.294921875,3.436203837435036
8,0.2958984375,3.438077862523329
8,0.296875,3.4393712911223906
8,0.2978515625,3.438345423211699
8,0.298828125,3.4358664993418713
8,0.2998046875,3.4334689041546333
8,0.30078125,3.4314236944859187
8,0.3017578125,3.4300818652343783
8,0.302734375,3.4301801615755596
8,0.3037109375,3.4311767152183754
8,0.3046875,3.431940298107852
8,0.3056640625,3.431465947459547
8,0.306640625,3.4300821995263715
8,0.3076171875,3.4290097634651424
8,0.30859375,3.4285182014223836
8,0.3095703125,3.4280309795167225
8,0.310546875,3.4277518911005993
8,0.3115234375,3.42783544039077
8,0.3125,3.427009993502247
8,0.3134765625,3.4241767954808577
8,0.314453125,3.4206350509975145
8,0.3154296875,3.417798345386147
8,0.31640625,3.4153893286776253
8,0.3173828125,3.412988459999312
8,0.318359375,3.411333804269796
8,0.3193359375,3.410663745420578
8,0.3203125,3.4100557581420445
8,0.3212890625,3.409053427013339
8,0.322265625,3.4083743049982975
8,0.3232421875,3.408750540080325
8,0.32421875,3.4102215404132474
8,0.3251953125,3.41195273183565
8,0.326171875,3.4137658844056857
8,0.3271484375,3.4154703160737503
8,0.328125,3.4155010748643497
8,0.3291015625,3.4128508154354082
8,0.330078125,3.409227631574691
8,0.3310546875,3.4066225623087396
8,0.33203125,3.4050299108509128
8,0.3330078125,3.403474247157388
8,0.333984375,3.401827959248441
8,0.3349609375,3.4003972897873753
8,0.3359375,3.3989052155896977
8,0.3369140625,3.396804346659722
8,0.337890625,3.3947509995959617
8,0.3388671875,3.3937560474241484
8,0.33984375,3.3937671433153045
8,0.3408203125,3.394114629611941
8,0.341796875,3.394973476412285
8,0.3427734375,3.396373312288289
8,0.34375,3.3965136590250244
8,0.3447265625,3.393945255021648
8,0.345703125,3.3903943222954713
8,0.3466796875,3.387676866783967
8,0.34765625,3.385533237070101
8,0.3486328125,3.3837664145675994
8,0.349609375,3.3833049630938543
8,0.3505859375,3.3841693612731336
8,0.3515625,3.384912994864503
8,0.3525390625,3.384336097300156
8,0.353515625,3.382641332277398
8,0.3544921875,3.3806846884961055
8,0.35546875,3.379026148103
8,0.3564453125,3.3777805773092044
8,0.357421875,3.3774633843428084
8,0.3583984375,3.3778001301389433
8,0.359375,3.3772272329602893
8,0.3603515625,3.3747763519466156
8,0.361328125,3.3714611172351874
8,0.3623046875,3.3685542115535916
8,0.36328125,3.365875569663684
8,0.3642578125,3.362731432015718
8,0.365234375,3.3595767154382785
8,0.3662109375,3.3568654915937732
8,0.3671875,3.3538929057748468
8,0.3681640625,3.350115633702209
8,0.369140625,3.3468164891623324
8,0.3701171875,3.345268030972551
8,0.37109375,3.3449500453802714
8,0.3720703125,3.3446487924292585
8,0.373046875,3.34475195130549
8,0.3740234375,3.3456208463785093
8,0.375,3.3442248159497248
8,0.3759765625,3.3378180867381917
8,0.376953125,3.329353352129412
8,0.3779296875,3.32219115624934
8,0.37890625,3.3161999034508045
8,0.3798828125,3.310837075759776
8,0.380859375,3.306941656827578
8,0.3818359375,3.3047948660008806
8,0.3828125,3.303095581342687
8,0.3837890625,3.3006878265541615
8,0.384765625,3.298282432027469
8,0.3857421875,3.2966951634892117
8,0.38671875,3.295474648734971
8,0.3876953125,3.294118591010173
8,0.388671875,3.293248594337778
8,0.3896484375,3.2929754471999444
8,0.390625,3.2920869492792404
8,0.3916015625,3.289681202986224
8,0.392578125,3.2865641717651193
8,0.3935546875,3.2839837619738494
8,0.39453125,3.2822971621445114
8,0.3955078125,3.281354016533394
8,0.396484375,3.2811444367913203
8,0.3974609375,3.2811818639965873
8,0.3984375,3.280654976833161
8,0.3994140625,3.279095876141266
8,0.400390625,3.2773432718955653
8,0.4013671875,3.2767701881567857
8,0.40234375,3.2775889858189724
8,0.4033203125,3.279049681921173
8,0.404296875,3.281072143478653
8,0.4052734375,3.2834403590401826
8,0.40625,3.2842303965578963
8,0.4072265625,3.2819365218739214
8,0.408203125,3.278143936832835
8,0.4091796875,3.274864928444675
8,0.41015625,3.272334378676318
8,0.4111328125,3.2702748497340925
8,0.412109375,3.2689657681874715
8,0.4130859375,3.26825495245721
8,0.4140625,3.267095148884169
8,0.4150390625,3.264859462458839
8,0.416015625,3.2623153669779508
8,0.4169921875,3.2603420684736113
8,0.41796875,3.259130899882095
8,0.4189453125,3.258549668553848
8,0.419921875,3.2587915517578097
8,0.4208984375,3.2596159838561105
8,0.421875,3.259772804067987
8,0.4228515625,3.2583508884910524
8,0.423828125,3.256267698152972
8,0.4248046875,3.2548058928991708
8,0.42578125,3.2541606633757154
8,0.4267578125,3.254214135518519
8,0.427734375,3.255231800791318
8,0.4287109375,3.2569597166871467
8,0.4296875,3.258708599713142
8,0.4306640625,3.2599448815883565
8,0.431640625,3.261235874158509
8,0.4326171875,3.263576644233561
8,0.43359375,3.2669658733312668
8,0.4345703125,3.270710168615356
8,0.435546875,3.2747035305152954
8,0.4365234375,3.2787578744450063
8,0.4375,3.281589796521067
8,0.4384765625,3.2820867096182313
8,0.439453125,3.281090414095173
8,0.4404296875,3.2798214098096756
8,0.44140625,3.278459819348457
8,0.4423828125,3.277006460486443
8,0.443359375,3.2760710483857567
8,0.4443359375,3.275745237803141
8,0.4453125,3.2753505067739876
8,0.4462890625,3.274605565779885
8,0.447265625,3.273923276527198
8,0.4482421875,3.2738486855339626
8,0.44921875,3.274808823342928
8,0.4501953125,3.276446766751434
8,0.451171875,3.2786462331571173
8,0.4521484375,3.2812215010432295
8,0.453125,3.283059391277839
8,0.4541015625,3.2835105100132993
8,0.455078125,3.2835935928521405
8,0.4560546875,3.2844055231979503
8,0.45703125,3.2858620694093976
8,0.4580078125,3.2874656228136088
8,0.458984375,3.2894746173664884
8,0.4599609375,3.292116231839296
8,0.4609375,3.2947515365088087
8,0.4619140625,3.2968113768689493
8,0.462890625,3.2990268901065862
8,0.4638671875,3.3022291070534138
8,0.46484375,3.306145124754956
8,0.4658203125,3.310135754984285
8,0.466796875,3.3143474252940677
8,0.4677734375,3.318930987054657
8,0.46875,3.3227925371645344
8,0.4697265625,3.324959718995402
8,0.470703125,3.3265550082699953
8,0.4716796875,3.328881590008245
8,0.47265625,3.3319878161025476
8,0.4736328125,3.33563745181812
8,0.474609375,3.3398370146525242
8,0.4755859375,3.3441754911525803
8,0.4765625,3.347838026257335
8,0.4775390625,3.3504816507095483
8,0.478515625,3.3527253673145583
8,0.4794921875,3.3553645016840656
8,0.48046875,3.358675387996581
8,0.4814453125,3.3623975115435614
8,0.482421875,3.366459373827113
8,0.4833984375,3.3706665432261973
8,0.484375,3.3744183374678647
8,0.4853515625,3.377357308481289
8,0.486328125,3.379901503870068
8,0.4873046875,3.3825020260351457
8,0.48828125,3.3851363126447724
8,0.4892578125,3.3877684605765146
8,0.490234375,3.39085371780339
8,0.4912109375,3.3946229192798234
8,0.4921875,3.398514749964302
8,0.4931640625,3.4018873478541733
8,0.494140625,3.4051939444841115
8,0.4951171875,3.409073152231114
8,0.49609375,3.4133021983175427
8,0.4970703125,3.4171398974772553
8,0.498046875,3.420645389618243
8,0.4990234375,3.42414223398564
8,0.5,3.42591045414108
9,0.0009765625,20.412862848359364
9,0.001953125,19.4470152487056
9,0.0029296875,17.917089846373987
9,0.00390625,17.620624010241556
9,0.0048828125,17.419387092940436
9,0.005859375,17.001189079693745
9,0.0068359375,16.447105671163865
9,0.0078125,15.648211912786158
9,0.0087890625,14.612774516747717
9,0.009765625,13.711373631395928
9,0.0107421875,13.062392500449826
9,0.01171875,12.499599826742076
9,0.0126953125,11.917952749449352
9,0.013671875,11.42098834803233
9,0.0146484375,11.10317978434183
9,0.015625,10.924451166746225
9,0.0166015625,10.782936117166821
9,0.017578125,10.682685573136645
9,0.0185546875,10.611827944665112
9,0.01953125,10.501974686353554
9,0.0205078125,10.307894459555717
9,0.021484375,10.032763801318445
9,0.0224609375,9.679030604872064
9,0.0234375,9.252806219935199
9,0.0244140625,8.762559412515147
9,0.025390625,8.249106038769812
9,0.0263671875,7.753475425056491
9,0.02734375,7.2925304720187265
9,0.0283203125,6.8683056036798575
9,0.029296875,6.4966762047220135
9,0.0302734375,6.195218695810484
9,0.03125,5.954103717955906
9,0.0322265625,5.751140620255364
9,0.033203125,5.601594878861587
9,0.0341796875,5.51443214466117
9,0.03515625,5.471545276282696
9,0.0361328125,5.44741475648555
9,0.037109375,5.4379082095136955
9,0.0380859375,5.441096293034001
9,0.0390625,5.4341471405263615
9,0.0400390625,5.3962506116374405
9,0.041015625,5.335331581052626
9,0.0419921875,5.259352598293555
9,0.04296875,5.172771276976732
9,0.0439453125,5.0844088828606475
9,0.044921875,5.01011242204662
9,0.0458984375,4.95499169354663
9,0.046875,4.907823686062816
9,0.0478515625,4.861856659557813
9,0.048828125,4.830625719569629
9,0.0498046875,4.817614398519394
9,0.05078125,4.811710127168952
9,0.0517578125,4.802389349812718
9,0.052734375,4.790138148750874
9,0.0537109375,4.772844418632531
9,0.0546875,4.738569549427052
9,0.0556640625,4.682183074341602
9,0.056640625,4.620040717157064
9,0.0576171875,4.562574948442867
9,0.05859375,4.50822593458137
9,0.0595703125,4.457877894681788
9,0.060546875,4.421629442170625
9,0.0615234375,4.401434592548066
9,0.0625,4.380336178541596
9,0.0634765625,4.343484720041997
9,0.064453125,4.305372485330541
9,0.0654296875,4.280211985079582
9,0.06640625,4.266161522299908
9,0.0673828125,4.25634329490876
9,0.068359375,4.250835087641268
9,0.0693359375,4.2514417042197445
9,0.0703125,4.253308744934555
9,0.0712890625,4.249537491476254
9,0.072265625,4.243121673011097
9,0.0732421875,4.2363267229853365
9,0.07421875,4.226477279886779
9,0.0751953125,4.210766135040285
9,0.076171875,4.194027259534572
9,0.0771484375,4.182790233069721
9,0.078125,4.178713648170397
9,0.0791015625,4.179781261212268
9,0.080078125,4.189367886851607
9,0.0810546875,4.207799379969913
9,0.08203125,4.228195156148684
9,0.0830078125,4.2432595104646165
9,0.083984375,4.251456597386756
9,0.0849609375,4.251960438494259
9,0.0859375,4.240544424898458
9,0.0869140625,4.21288501637899
9,0.087890625,4.174173386408102
9,0.0888671875,4.13114902427824
9,0.08984375,4.0865398452995585
9,0.0908203125,4.043429313262902
9,0.091796875,4.007610219056194
9,0.0927734375,3.982511767371488
9,0.09375,3.967363036231167
9,0.0947265625,3.959184821751122
9,0.095703125,3.9590911430148505
9,0.0966796875,3.966883696596169
9,0.09765625,3.9796142322264214
9,0.0986328125,3.9931069485782227
9,0.099609375,4.005431392337387
9,0.1005859375,4.015250316208317
9,0.1015625,4.01940354732031
9,0.1025390625,4.0149407726565824
9,0.103515625,4.0032514957927345
9,0.1044921875,3.9856420641042885
9,0.10546875,3.962770813867735
9,0.1064453125,3.9370569715354033
9,0.107421875,3.9144562822161504
9,0.1083984375,3.8994370722512977
9,0.109375,3.8907567265821474
9,0.1103515625,3.8855577012394895
9,0.111328125,3.885528592329357
9,0.1123046875,3.8905225080025274
9,0.11328125,3.8967423975147604
9,0.1142578125,3.900330060562685
9,0.115234375,3.899905970007614
9,0.1162109375,3.8945558491189627
9,0.1171875,3.8829555059494973
9,0.1181640625,3.8644433956230424
9,0.119140625,3.8424465072291696
9,0.1201171875,3.8201731857079144
9,0.12109375,3.7990223422085148
9,0.1220703125,3.7807025609220792
9,0.123046875,3.7681166400943833
9,0.1240234375,3.7615556567354034
9,0.125,3.756220667147252
9,0.1259765625,3.7473947300367034
9,0.126953125,3.738727627036124
9,0.1279296875,3.733884947691695
9,0.12890625,3.7318655187380307
9,0.1298828125,3.7304708779506424
9,0.130859375,3.729900855664112
9,0.1318359375,3.730056460178704
9,0.1328125,3.72767168073851
9,0.1337890625,3.719189880538039
9,0.134765625,3.7058748810976825
9,0.1357421875,3.6899549711562725
9,0.13671875,3.672423041788153
9,0.1376953125,3.6544738357449034
9,0.138671875,3.639824334534912
9,0.1396484375,3.632452578082479
9,0.140625,3.6333586090212564
9,0.1416015625,3.641093379838586
9,0.142578125,3.6555654576455914
9,0.1435546875,3.675026248515414
9,0.14453125,3.694848779760028
9,0.1455078125,3.7102195851479234
9,0.146484375,3.7190403158674212
9,0.1474609375,3.720758265915317
9,0.1484375,3.7149777005120983
9,0.1494140625,3.7018617158224667
9,0.150390625,3.6841744221565027
9,0.1513671875,3.6641557198801333
9,0.15234375,3.642177770910366
9,0.1533203125,3.619022204967688
9,0.154296875,3.5973388340520196
9,0.1552734375,3.5791073168591594
9,0.15625,3.56381593184418
9,0.1572265625,3.550833455617074
9,0.158203125,3.5429022858734722
9,0.1591796875,3.5413946934403544
9,0.16015625,3.544632380510727
9,0.1611328125,3.5499253456289073
9,0.162109375,3.555560190541947
9,0.1630859375,3.560153257279191
9,0.1640625,3.561909472373427
9,0.1650390625,3.5599148713922797
9,0.166015625,3.5556648013240304
9,0.1669921875,3.550192769074212
9,0.16796875,3.543886502831172
9,0.1689453125,3.537602953335243
9,0.169921875,3.53338215084629
9,0.1708984375,3.5322843084978017
9,0.171875,3.5328052731462245
9,0.1728515625,3.533433743647234
9,0.173828125,3.535741424317825
9,0.1748046875,3.540179398266722
9,0.17578125,3.54497146370583
9,0.1767578125,3.5483974979220583
9,0.177734375,3.55051670200049
9,0.1787109375,3.5515803689009346
9,0.1796875,3.5509312987296426
9,0.1806640625,3.5480077822505733
9,0.181640625,3.544380445353691
9,0.1826171875,3.541224144748294
9,0.18359375,3.5385886241335176
9,0.1845703125,3.536704383062059
9,0.185546875,3.536810542333579
9,0.1865234375,3.539397697291925
9,0.1875,3.5427439111393015
9,0.1884765625,3.544723935614775
9,0.189453125,3.5468824717045457
9,0.1904296875,3.5507061370485085
9,0.19140625,3.5556628866274083
9,0.1923828125,3.560509083892708
9,0.193359375,3.565212879837689
9,0.1943359375,3.5700084083570096
9,0.1953125,3.5736162611837856
9,0.1962890625,3.5743283842664684
9,0.197265625,3.5730794682203633
9,0.1982421875,3.571143748579064
9,0.19921875,3.5685901129506
9,0.2001953125,3.5657041498800663
9,0.201171875,3.564636610753442
9,0.2021484375,3.5673130491226974
9,0.203125,3.573604961560981
9,0.2041015625,3.5824425806006466
9,0.205078125,3.5941658873627755
9,0.2060546875,3.6083461170907825
9,0.20703125,3.622874637760545
9,0.2080078125,3.635599648692086
9,0.208984375,3.6457742712260495
9,0.2099609375,3.6529273450357835
9,0.2109375,3.6559568332085584
9,0.2119140625,3.653795280037396
9,0.212890625,3.647599218325139
9,0.2138671875,3.6390827730931186
9,0.21484375,3.629163175760856
9,0.2158203125,3.618856851001924
9,0.216796875,3.610153463069413
9,0.2177734375,3.6044319264716207
9,0.21875,3.600925253748945
9,0.2197265625,3.598113213047864
9,0.220703125,3.59678749970024
9,0.2216796875,3.597626508907765
9,0.22265625,3.5999448849705065
9,0.2236328125,3.6026321642975225
9,0.224609375,3.605192686253967
9,0.2255859375,3.6074646014131737
9,0.2265625,3.608980625044278
9,0.2275390625,3.6090048800720345
9,0.228515625,3.6074815054224234
9,0.2294921875,3.6042985675847774
9,0.23046875,3.5995673105819757
9,0.2314453125,3.59410584894918
9,0.232421875,3.589591719346984
9,0.2333984375,3.58732485751831
9,0.234375,3.5875149287538086
9,0.2353515625,3.5899525112437147
9,0.236328125,3.59518479089391
9,0.2373046875,3.6028354745179407
9,0.23828125,3.6111652458450894
9,0.2392578125,3.6183804575580387
9,0.240234375,3.6239701979902246
9,0.2412109375,3.6277630251121877
9,0.2421875,3.6290817314786503
9,0.2431640625,3.6274890728449174
9,0.244140625,3.624168526114582
9,0.2451171875,3.620175918643136
9,0.24609375,3.6156349629704745
9,0.2470703125,3.6107297564717307
9,0.248046875,3.606564359459635
9,0.2490234375,3.6039831497988626
9,0.25,3.6023830354701656
9,0.2509765625,3.6007484568054977
9,0.251953125,3.599953052715045
9,0.2529296875,3.600635454574613
9,0.25390625,3.602167100333717
9,0.2548828125,3.6035715100526975
9,0.255859375,3.6045473349188653
9,0.2568359375,3.604984247104653
9,0.2578125,3.6042361960615072
9,0.2587890625,3.6014033589061367
9,0.259765625,3.596543345151881
9,0.2607421875,3.589753867235101
9,0.26171875,3.581125114637835
9,0.2626953125,3.5713834957811685
9,0.263671875,3.5622893013811163
9,0.2646484375,3.555294922635408
9,0.265625,3.550459480336436
9,0.2666015625,3.5472341290102354
9,0.267578125,3.5460693766861873
9,0.2685546875,3.547003870629367
9,0.26953125,3.548844074845244
9,0.2705078125,3.5502704258455346
9,0.271484375,3.551118646470049
9,0.2724609375,3.5515486840101556
9,0.2734375,3.5510873865143044
9,0.2744140625,3.5491740722737863
9,0.275390625,3.546656646181922
9,0.2763671875,3.5443430982742936
9,0.27734375,3.5421534218193464
9,0.2783203125,3.540039283282154
9,0.279296875,3.5386702245375745
9,0.2802734375,3.5388439725476775
9,0.28125,3.5408971038953188
9,0.2822265625,3.5448283282005812
9,0.283203125,3.551136853756974
9,0.2841796875,3.559436242435248
9,0.28515625,3.5684066856850927
9,0.2861328125,3.576711123796765
9,0.287109375,3.583667756761965
9,0.2880859375,3.5887297346696423
9,0.2890625,3.591073775592957
9,0.2900390625,3.5901875236133742
9,0.291015625,3.586674220279526
9,0.2919921875,3.5810628605644896
9,0.29296875,3.573648150680244
9,0.2939453125,3.5650016938377473
9,0.294921875,3.556568209417156
9,0.2958984375,3.5497109799853788
9,0.296875,3.5446062917934746
9,0.2978515625,3.5408736299060264
9,0.298828125,3.539091033154249
9,0.2998046875,3.5394069092913942
9,0.30078125,3.5408565286076654
9,0.3017578125,3.5421068693378803
9,0.302734375,3.5424626825683037
9,0.3037109375,3.5416334255546813
9,0.3046875,3.539465411691505
9,0.3056640625,3.5358611052153255
9,0.306640625,3.531568967892395
9,0.3076171875,3.5270132576168924
9,0.30859375,3.522083369441294
9,0.3095703125,3.517070355557865
9,0.310546875,3.513117375348067
9,0.3115234375,3.5108115356872203
9,0.3125,3.509179232834852
9,0.3134765625,3.5072233747501596
9,0.314453125,3.50639418926796
9,0.3154296875,3.507754663409336
9,0.31640625,3.5105148257793797
9,0.3173828125,3.5133337320885967
9,0.318359375,3.5159608308772343
9,0.3193359375,3.518444641984986
9,0.3203125,3.5198603072605437
9,0.3212890625,3.519087851385932
9,0.322265625,3.5166622003672647
9,0.3232421875,3.513454309067635
9,0.32421875,3.5097165616203014
9,0.3251953125,3.5056128247487615
9,0.326171875,3.5020329061812547
9,0.3271484375,3.499859818863175
9,0.328125,3.4990968253012196
9,0.3291015625,3.4991344254314143
9,0.330078125,3.50017297350219
9,0.3310546875,3.5021543942020092
9,0.33203125,3.504407457748263
9,0.3330078125,3.5062602979738773
9,0.333984375,3.5074912208183116
9,0.3349609375,3.50799895630095
9,0.3359375,3.5074059746771664
9,0.3369140625,3.50499205489688
9,0.337890625,3.5010513254564826
9,0.3388671875,3.4963392166042238
9,0.33984375,3.491455298440689
9,0.3408203125,3.4871444315646007
9,0.341796875,3.484503934000974
9,0.3427734375,3.484252531025788
9,0.34375,3.4861161542201766
9,0.3447265625,3.489355391325199
9,0.345703125,3.494235049864544
9,0.3466796875,3.500763853515202
9,0.34765625,3.508245394940783
9,0.3486328125,3.515804319282408
9,0.349609375,3.522812288451818
9,0.3505859375,3.5285677104712687
9,0.3515625,3.5320518215036585
9,0.3525390625,3.5323042473554747
9,0.353515625,3.529300178911122
9,0.3544921875,3.5232529919912867
9,0.35546875,3.5145018059787074
9,0.3564453125,3.504012678253558
9,0.357421875,3.493850287248808
9,0.3583984375,3.486086962191212
9,0.359375,3.481668454189232
9,0.3603515625,3.4807440137419836
9,0.361328125,3.48357551726364
9,0.3623046875,3.489306759810939
9,0.36328125,3.496012494225653
9,0.3642578125,3.502055175342981
9,0.365234375,3.50711979637054
9,0.3662109375,3.5111538171770333
9,0.3671875,3.5134620890121404
9,0.3681640625,3.5136094796620023
9,0.369140625,3.512792783998289
9,0.3701171875,3.5121868431755465
9,0.37109375,3.5119685451284957
9,0.3720703125,3.511957013689508
9,0.373046875,3.512435160971287
9,0.3740234375,3.513433466007346
9,0.375,3.513916215302286
9,0.3759765625,3.5130116581733652
9,0.376953125,3.512167612495377
9,0.3779296875,3.5129062221285627
9,0.37890625,3.515349479706663
9,0.3798828125,3.518794420074719
9,0.380859375,3.5227250361621487
9,0.3818359375,3.526779098843524
9,0.3828125,3.530223070833803
9,0.3837890625,3.5321604857661435
9,0.384765625,3.5326740554768397
9,0.3857421875,3.5318570889012233
9,0.38671875,3.529541443600656
9,0.3876953125,3.5258824183704345
9,0.388671875,3.5220217387856727
9,0.3896484375,3.5192042729811965
9,0.390625,3.5177975578891068
9,0.3916015625,3.517667267239714
9,0.392578125,3.5194482501195243
9,0.3935546875,3.5232342702175434
9,0.39453125,3.5278743068015035
9,0.3955078125,3.5319827195832034
9,0.396484375,3.535009623972633
9,0.3974609375,3.536846232886918
9,0.3984375,3.5372076125131033
9,0.3994140625,3.5357516708370595
9,0.400390625,3.5332094808873493
9,0.4013671875,3.5304032577752458
9,0.40234375,3.527646443999156
9,0.4033203125,3.5252442103359103
9,0.404296875,3.5238704629716766
9,0.4052734375,3.52425923869218
9,0.40625,3.5270006972568
9,0.4072265625,3.5322561304998845
9,0.408203125,3.5401629370749035
9,0.4091796875,3.5501638201418007
9,0.41015625,3.561210864934794
9,0.4111328125,3.5721061806194654
9,0.412109375,3.581970023632255
9,0.4130859375,3.590165009496948
9,0.4140625,3.5960726890090164
9,0.4150390625,3.599255838808828
9,0.416015625,3.600006713881953
9,0.4169921875,3.598648947907442
9,0.41796875,3.595593049968233
9,0.4189453125,3.5916316262339643
9,0.419921875,3.5881876136881616
9,0.4208984375,3.5863652115354134
9,0.421875,3.5862123258511858
9,0.4228515625,3.5873287063829857
9,0.423828125,3.5898852585431955
9,0.4248046875,3.5935608863567334
9,0.42578125,3.5973193562917696
9,0.4267578125,3.600312524390251
9,0.427734375,3.602740054376771
9,0.4287109375,3.6049501540750306
9,0.4296875,3.606681879073633
9,0.4306640625,3.6075209807172017
9,0.431640625,3.6079855980481863
9,0.4326171875,3.6083780679484447
9,0.43359375,3.60859726226244
9,0.4345703125,3.608873129936676
9,0.435546875,3.609975344094094
9,0.4365234375,3.6121808034257774
9,0.4375,3.6146833000120147
9,0.4384765625,3.616733305095896
9,0.439453125,3.6193999270096633
9,0.4404296875,3.6235336245798107
9,0.44140625,3.628796369778145
9,0.4423828125,3.634472651207526
9,0.443359375,3.640466769620127
9,0.4443359375,3.6465943857735508
9,0.4453125,3.651658650612259
9,0.4462890625,3.654323023670145
9,0.447265625,3.654964698525539
9,0.4482421875,3.654425486258912
9,0.44921875,3.6529587033559783
9,0.4501953125,3.650908347224457
9,0.451171875,3.6494966468968517
9,0.4521484375,3.649828485203596
9,0.453125,3.6518916162588195
9,0.4541015625,3.6549761864882897
9,0.455078125,3.6591810275822247
9,0.4560546875,3.6644628066266844
9,0.45703125,3.669959616348112
9,0.4580078125,3.6746576876990207
9,0.458984375,3.678161735103373
9,0.4599609375,3.6803945000026417
9,0.4609375,3.681228694153827
9,0.4619140625,3.6805050167550206
9,0.462890625,3.678853205601982
9,0.4638671875,3.676919669225235
9,0.46484375,3.6749541351492883
9,0.4658203125,3.673442976755479
9,0.466796875,3.673414905961403
9,0.4677734375,3.675484555714283
9,0.46875,3.6793094567924594
9,0.4697265625,3.684268635797899
9,0.470703125,3.6906170100560725
9,0.4716796875,3.698321127471741
9,0.47265625,3.706691426083416
9,0.4736328125,3.7150689191288633
9,0.474609375,3.723375597803025
9,0.4755859375,3.73141712743258
9,0.4765625,3.7382299181158047
9,0.4775390625,3.7427388880307526
9,0.478515625,3.744853613317603
9,0.4794921875,3.7446358332502276
9,0.48046875,3.7420945490380264
9,0.4814453125,3.7376687895044336
9,0.482421875,3.7328195228688186
9,0.4833984375,3.7291116390261365
9,0.484375,3.7270079159514675
9,0.4853515625,3.7262371849436806
9,0.486328125,3.726912230277701
9,0.4873046875,3.7284607853785334
9,0.48828125,3.729675142934532
9,0.4892578125,3.7297786507026314
9,0.490234375,3.729080382196755
9,0.4912109375,3.7278675046823406
9,0.4921875,3.725561949221677
9,0.4931640625,3.721437976119341
9,0.494140625,3.7160376387611556
9,0.4951171875,3.710153815437021
9,0.49609375,3.704393740281052
9,0.4970703125,3.6996513210550086
9,0.498046875,3.697083224463207
9,0.4990234375,3.6968117409416235
9,0.5,3.6972097090318874
