run_idx,separation,flatness
0,0.0009765625,9.892907234395189
0,0.001953125,9.370138456535182
0,0.0029296875,8.389535124971927
0,0.00390625,7.302854486464293
0,0.0048828125,6.280052080511014
0,0.005859375,5.5482754212056316
0,0.0068359375,5.138086551380343
0,0.0078125,4.91200576252697
0,0.0087890625,4.725093892696994
0,0.009765625,4.547203782002029
0,0.0107421875,4.411951661597765
0,0.01171875,4.366275143500611
0,0.0126953125,4.3908490813981365
0,0.013671875,4.414869272795214
0,0.0146484375,4.3989702067701835
0,0.015625,4.366734872711406
0,0.0166015625,4.339867235859916
0,0.017578125,4.316805234257921
0,0.0185546875,4.286948414440274
0,0.01953125,4.254346000193196
0,0.0205078125,4.228672254485976
0,0.021484375,4.212233370481108
0,0.0224609375,4.196892854253689
0,0.0234375,4.17796801722001
0,0.0244140625,4.155640762155563
0,0.025390625,4.1369610777347186
0,0.0263671875,4.125909326957313
0,0.02734375,4.113894086218401
0,0.0283203125,4.088892095711963
0,0.029296875,4.057715283538717
0,0.0302734375,4.0329479106268336
0,0.03125,4.012716906640579
0,0.0322265625,3.989306985697773
0,0.033203125,3.9694233241890444
0,0.0341796875,3.9577455173619835
0,0.03515625,3.9463620545028895
0,0.0361328125,3.9280410511924937
0,0.037109375,3.90827987764992
0,0.0380859375,3.8925211147286833
0,0.0390625,3.878542622654773
0,0.0400390625,3.8627386184205657
0,0.041015625,3.844733542198471
0,0.0419921875,3.8237936330605953
0,0.04296875,3.802333202507498
0,0.0439453125,3.7833025195216985
0,0.044921875,3.766730975579123
0,0.0458984375,3.7498690254655904
0,0.046875,3.7307559951944085
0,0.0478515625,3.708962226379916
0,0.048828125,3.6874549351136126
0,0.0498046875,3.6676795006117318
0,0.05078125,3.6502804749215585
0,0.0517578125,3.634798083733066
0,0.052734375,3.618956811931168
0,0.0537109375,3.600341431606538
0,0.0546875,3.5805705934087437
0,0.0556640625,3.563255572575491
0,0.056640625,3.551530256708992
0,0.0576171875,3.5437283230873193
0,0.05859375,3.533073931443791
0,0.0595703125,3.5160316713895328
0,0.060546875,3.499518927010206
0,0.0615234375,3.488856147051895
0,0.0625,3.4789061050580217
0,0.0634765625,3.4642100653962045
0,0.064453125,3.4492100661075953
0,0.0654296875,3.4376165106949843
0,0.06640625,3.426736279115185
0,0.0673828125,3.4143135885917855
0,0.068359375,3.402699541891431
0,0.0693359375,3.3935918485270067
0,0.0703125,3.3868101285689782
0,0.0712890625,3.3811334671175413
0,0.072265625,3.375385388504031
0,0.0732421875,3.369244297761678
0,0.07421875,3.3642292763864234
0,0.0751953125,3.3612735296924265
0,0.076171875,3.3598885659753646
0,0.0771484375,3.3590212239141413
0,0.078125,3.3584874831808
0,0.0791015625,3.358279387024243
0,0.080078125,3.358713653084721
0,0.0810546875,3.359125301026141
0,0.08203125,3.3591148415913694
0,0.0830078125,3.3587947476724147
0,0.083984375,3.3584252043755907
0,0.0849609375,3.3580480774260235
0,0.0859375,3.357738435081976
0,0.0869140625,3.357242420618887
0,0.087890625,3.3573621559670888
0,0.0888671875,3.3585063154234285
0,0.08984375,3.3591865162710324
0,0.0908203125,3.3580289320415164
0,0.091796875,3.356852911974429
0,0.0927734375,3.3572949501241416
0,0.09375,3.357556015740906
0,0.0947265625,3.3555934437728006
0,0.095703125,3.3531022473733705
0,0.0966796875,3.351394777435093
0,0.09765625,3.3493516413431346
0,0.0986328125,3.3464194760357233
0,0.099609375,3.344023256529595
0,0.1005859375,3.342753778426342
0,0.1015625,3.3417083519448068
0,0.1025390625,3.3398870945813197
0,0.103515625,3.33731324410726
0,0.1044921875,3.3341477356871776
0,0.10546875,3.330858111011618
0,0.1064453125,3.3276119345460917
0,0.107421875,3.3240660106997266
0,0.1083984375,3.3201873283294234
0,0.109375,3.3167982193128207
0,0.1103515625,3.3139772096850733
0,0.111328125,3.311037519028498
0,0.1123046875,3.3073470966524625
0,0.11328125,3.3035815358489353
0,0.1142578125,3.300676751492134
0,0.115234375,3.2984749656526504
0,0.1162109375,3.2959129119205337
0,0.1171875,3.2926853273238987
0,0.1181640625,3.2892369869272473
0,0.119140625,3.286527506358576
0,0.1201171875,3.284916192976741
0,0.12109375,3.2835085263182644
0,0.1220703125,3.2812494798032183
0,0.123046875,3.2789508761079205
0,0.1240234375,3.277580509996033
0,0.125,3.276008287941898
0,0.1259765625,3.272914398864791
0,0.126953125,3.2697603665012993
0,0.1279296875,3.2678658442527277
0,0.12890625,3.266534893677288
0,0.1298828125,3.2648965081951573
0,0.130859375,3.2634289302651043
0,0.1318359375,3.26248433357369
0,0.1328125,3.26153823732908
0,0.1337890625,3.259818993311636
0,0.134765625,3.257132596397968
0,0.1357421875,3.2537223701978446
0,0.13671875,3.250623369650073
0,0.1376953125,3.248700294273
0,0.138671875,3.2476681144017063
0,0.1396484375,3.246581745375168
0,0.140625,3.2451839999771095
0,0.1416015625,3.2436165561482677
0,0.142578125,3.242031857385915
0,0.1435546875,3.240246588586342
0,0.14453125,3.238396838049929
0,0.1455078125,3.2367405159091596
0,0.146484375,3.2353020803014663
0,0.1474609375,3.233933369109768
0,0.1484375,3.232699312712771
0,0.1494140625,3.2315985431762244
0,0.150390625,3.23098121782614
0,0.1513671875,3.2311295537317215
0,0.15234375,3.231574132469618
0,0.1533203125,3.2315896756511715
0,0.154296875,3.2316533810900485
0,0.1552734375,3.2322451618159636
0,0.15625,3.2324131272755907
0,0.1572265625,3.2313284150376447
0,0.158203125,3.2301856018134214
0,0.1591796875,3.2300989153258612
0,0.16015625,3.230725275304087
0,0.1611328125,3.2314546395441663
0,0.162109375,3.232446183156682
0,0.1630859375,3.2336937618721384
0,0.1640625,3.234764065771162
0,0.1650390625,3.235400698022574
0,0.166015625,3.2358292399622632
0,0.1669921875,3.2361550525377782
0,0.16796875,3.2365381955817534
0,0.1689453125,3.2371249379041402
0,0.169921875,3.2380245187947176
0,0.1708984375,3.2392793461657905
0,0.171875,3.2407476334010927
0,0.1728515625,3.2418828060438734
0,0.173828125,3.242466681304414
0,0.1748046875,3.2426961583319396
0,0.17578125,3.2430672065669777
0,0.1767578125,3.243793868328099
0,0.177734375,3.2445344418194497
0,0.1787109375,3.2447314166964145
0,0.1796875,3.24435413450931
0,0.1806640625,3.243745380461718
0,0.181640625,3.243447282175294
0,0.1826171875,3.243628840021993
0,0.18359375,3.243746590150247
0,0.1845703125,3.2432740623821874
0,0.185546875,3.242842212061252
0,0.1865234375,3.2430116555205917
0,0.1875,3.2428875049499912
0,0.1884765625,3.2414697139920827
0,0.189453125,3.239570129604606
0,0.1904296875,3.2381801099186895
0,0.19140625,3.237147691294808
0,0.1923828125,3.236077951528586
0,0.193359375,3.235114106273973
0,0.1943359375,3.234228737591585
0,0.1953125,3.2331700357780075
0,0.1962890625,3.231788392686387
0,0.197265625,3.23017418000237
0,0.1982421875,3.2284520096439984
0,0.19921875,3.2268634668399483
0,0.2001953125,3.225518764781977
0,0.201171875,3.2243520064531497
0,0.2021484375,3.2232431238190484
0,0.203125,3.222205462987621
0,0.2041015625,3.221113649989952
0,0.205078125,3.219849979945907
0,0.2060546875,3.2183329310996855
0,0.20703125,3.2167362860445374
0,0.2080078125,3.215285879937596
0,0.208984375,3.2139862035895237
0,0.2099609375,3.2126268713348787
0,0.2109375,3.211189800372264
0,0.2119140625,3.2097234855998775
0,0.212890625,3.208433890505346
0,0.2138671875,3.2074436068810006
0,0.21484375,3.206515102818795
0,0.2158203125,3.205366015521911
0,0.216796875,3.204335352424582
0,0.2177734375,3.203642045105217
0,0.21875,3.202712417816187
0,0.2197265625,3.201029199530806
0,0.220703125,3.1991878863550065
0,0.2216796875,3.1977545995075283
0,0.22265625,3.1964424499367112
0,0.2236328125,3.1949050380235073
0,0.224609375,3.193452688622053
0,0.2255859375,3.1923389339434296
0,0.2265625,3.191460576100695
0,0.2275390625,3.190626074876338
0,0.228515625,3.18972460645003
0,0.2294921875,3.1886468933977565
0,0.23046875,3.1876009104443432
0,0.2314453125,3.186766538664038
0,0.232421875,3.186028355531322
0,0.2333984375,3.1852361938140286
0,0.234375,3.1844688146747777
0,0.2353515625,3.1837432276918474
0,0.236328125,3.183057845987078
0,0.2373046875,3.1823491562326764
0,0.23828125,3.181704321721357
0,0.2392578125,3.1812085318838657
0,0.240234375,3.1807767915978937
0,0.2412109375,3.180231890168949
0,0.2421875,3.1796022951654614
0,0.2431640625,3.1789967190270225
0,0.244140625,3.1785592552673365
0,0.2451171875,3.178177925455586
0,0.24609375,3.1775271554368203
0,0.2470703125,3.1765087235372054
0,0.248046875,3.175622390343106
0,0.2490234375,3.175150720680017
0,0.25,3.1743943449894507
0,0.2509765625,3.1726627106404615
0,0.251953125,3.170652768632336
0,0.2529296875,3.1690990921234796
0,0.25390625,3.1677157476698583
0,0.2548828125,3.165957887243628
0,0.255859375,3.163872146799557
0,0.2568359375,3.161767328749884
0,0.2578125,3.1598413616205563
0,0.2587890625,3.158043109515646
0,0.259765625,3.1562081926387235
0,0.2607421875,3.154213264776055
0,0.26171875,3.1522560065826655
0,0.2626953125,3.150497878016468
0,0.263671875,3.148819423822732
0,0.2646484375,3.1469621500147036
0,0.265625,3.144862545862869
0,0.2666015625,3.1426293235329825
0,0.267578125,3.14048173218283
0,0.2685546875,3.1384607088782412
0,0.26953125,3.1365507018092385
0,0.2705078125,3.134653911721007
0,0.271484375,3.1326589237218876
0,0.2724609375,3.130593660341025
0,0.2734375,3.128683549390359
0,0.2744140625,3.1270337397548493
0,0.275390625,3.12566582513817
0,0.2763671875,3.1244444369377167
0,0.27734375,3.1230633764919147
0,0.2783203125,3.1213495663765487
0,0.279296875,3.1197046662747168
0,0.2802734375,3.1183942173248105
0,0.28125,3.1169336445758087
0,0.2822265625,3.1148862484698565
0,0.283203125,3.1127402099513306
0,0.2841796875,3.110989634841337
0,0.28515625,3.1095205891167055
0,0.2861328125,3.1080825219117947
0,0.287109375,3.1067500769024394
0,0.2880859375,3.1055616836691615
0,0.2890625,3.104402678402982
0,0.2900390625,3.1031257404898214
0,0.291015625,3.101648529418301
0,0.2919921875,3.0999634351747636
0,0.29296875,3.098321231658008
0,0.2939453125,3.0968822780712877
0,0.294921875,3.095582413360766
0,0.2958984375,3.094361825556742
0,0.296875,3.0933192115082533
0,0.2978515625,3.0924234384346123
0,0.298828125,3.091512659981869
0,0.2998046875,3.0904256429310704
0,0.30078125,3.0892532591828217
0,0.3017578125,3.0880690473310253
0,0.302734375,3.086772603631895
0,0.3037109375,3.0852367676142474
0,0.3046875,3.0835842256367467
0,0.3056640625,3.0820329983791264
0,0.306640625,3.0807799872896604
0,0.3076171875,3.079785862541274
0,0.30859375,3.078699995712491
0,0.3095703125,3.0772666369924138
0,0.310546875,3.0759029116585883
0,0.3115234375,3.074925373998905
0,0.3125,3.073774318002107
0,0.3134765625,3.0718635465933835
0,0.314453125,3.0696636034102918
0,0.3154296875,3.0677467179061453
0,0.31640625,3.0660369998572086
0,0.3173828125,3.064255697220986
0,0.318359375,3.0623924040100565
0,0.3193359375,3.060490807458526
0,0.3203125,3.058564879306952
0,0.3212890625,3.0565500591143113
0,0.322265625,3.054400847149271
0,0.3232421875,3.0521326599557117
0,0.32421875,3.0498567486596757
0,0.3251953125,3.0475915328019747
0,0.326171875,3.04526876024114
0,0.3271484375,3.0428538486500543
0,0.328125,3.0405194971762186
0,0.3291015625,3.0384239997528275
0,0.330078125,3.0365785769282363
0,0.3310546875,3.034801485429725
0,0.33203125,3.032984439338418
0,0.3330078125,3.0311233525961763
0,0.333984375,3.02928400764499
0,0.3349609375,3.0275273174994286
0,0.3359375,3.025834218429222
0,0.3369140625,3.024057111911276
0,0.337890625,3.022281021464263
0,0.3388671875,3.02071258288642
0,0.33984375,3.019353123417712
0,0.3408203125,3.0180634026049047
0,0.341796875,3.016961673622351
0,0.3427734375,3.0160841492461574
0,0.34375,3.0150331648952067
0,0.3447265625,3.0135165252821072
0,0.345703125,3.0119637390146963
0,0.3466796875,3.0107145087740785
0,0.34765625,3.009491722266111
0,0.3486328125,3.007987598317255
0,0.349609375,3.0063907488470583
0,0.3505859375,3.0049532268197026
0,0.3515625,3.0036850561874973
0,0.3525390625,3.002450105919509
0,0.353515625,3.0011743886203033
0,0.3544921875,2.999845199552737
0,0.35546875,2.9986320387056455
0,0.3564453125,2.9976206198091533
0,0.357421875,2.9966417829725382
0,0.3583984375,2.995528184492608
0,0.359375,2.9944089533629805
0,0.3603515625,2.993427774405292
0,0.361328125,2.9925828288773135
0,0.3623046875,2.9917470027781397
0,0.36328125,2.990915324465216
0,0.3642578125,2.990123940094918
0,0.365234375,2.989372289788446
0,0.3662109375,2.9886555920616362
0,0.3671875,2.9880444747243224
0,0.3681640625,2.987557462021119
0,0.369140625,2.9872217459823656
0,0.3701171875,2.9869808465092103
0,0.37109375,2.986697311993453
0,0.3720703125,2.9863561655783304
0,0.373046875,2.98625429278987
0,0.3740234375,2.986454425104019
0,0.375,2.986382702966916
0,0.3759765625,2.985566774878091
0,0.376953125,2.9844908072749723
0,0.3779296875,2.983664867766669
0,0.37890625,2.9829046438450164
0,0.3798828125,2.9818661877358625
0,0.380859375,2.980639963854044
0,0.3818359375,2.979488620673516
0,0.3828125,2.978584063696693
0,0.3837890625,2.97787334136862
0,0.384765625,2.9771617160309463
0,0.3857421875,2.976313024081204
0,0.38671875,2.9754775374185334
0,0.3876953125,2.9747663618670828
0,0.388671875,2.974017122030119
0,0.3896484375,2.9730369240879018
0,0.390625,2.9719415494108734
0,0.3916015625,2.9708704289184067
0,0.392578125,2.9697978660190545
0,0.3935546875,2.968603936147804
0,0.39453125,2.967350693975675
0,0.3955078125,2.96618120685486
0,0.396484375,2.9651516060129897
0,0.3974609375,2.9641628755587806
0,0.3984375,2.9631225886281682
0,0.3994140625,2.9620517357813934
0,0.400390625,2.961140625415911
0,0.4013671875,2.9604155466134885
0,0.40234375,2.959629785313039
0,0.4033203125,2.9585939627293585
0,0.404296875,2.9575673680020333
0,0.4052734375,2.9567724411008913
0,0.40625,2.9558988634552024
0,0.4072265625,2.9546356232184516
0,0.408203125,2.953353422585587
0,0.4091796875,2.9523925302197775
0,0.41015625,2.9515731644732783
0,0.4111328125,2.950646157834281
0,0.412109375,2.949717069895998
0,0.4130859375,2.9489114419816556
0,0.4140625,2.9481432993372465
0,0.4150390625,2.9472774241738606
0,0.416015625,2.9463755503454165
0,0.4169921875,2.9455317833730854
0,0.41796875,2.944849432312429
0,0.4189453125,2.9443172122479857
0,0.419921875,2.9437854972331743
0,0.4208984375,2.943142627350488
0,0.421875,2.9424771755714687
0,0.4228515625,2.9418487563966145
0,0.423828125,2.941221883594514
0,0.4248046875,2.940523402616744
0,0.42578125,2.9397935625204967
0,0.4267578125,2.939054356116227
0,0.427734375,2.9382948224885395
0,0.4287109375,2.9374813080574627
0,0.4296875,2.936635008948457
0,0.4306640625,2.9358024516518433
0,0.431640625,2.9351102781504865
0,0.4326171875,2.934591224533335
0,0.43359375,2.934065198941947
0,0.4345703125,2.9334108874493277
0,0.435546875,2.93292592267164
0,0.4365234375,2.9327401035158287
0,0.4375,2.932318936307728
0,0.4384765625,2.931179653654899
0,0.439453125,2.929772118442359
0,0.4404296875,2.9286582921044153
0,0.44140625,2.927751944958885
0,0.4423828125,2.9267611501211417
0,0.443359375,2.92575553919057
0,0.4443359375,2.92484544995328
0,0.4453125,2.924002616354888
0,0.4462890625,2.923172938161447
0,0.447265625,2.9223874257446014
0,0.4482421875,2.9216998424992147
0,0.44921875,2.9211925664140175
0,0.4501953125,2.9207867570439223
0,0.451171875,2.9202828401447896
0,0.4521484375,2.91961837405719
0,0.453125,2.9190103490461614
0,0.4541015625,2.9186189155567743
0,0.455078125,2.918379566633307
0,0.4560546875,2.9180804460188092
0,0.45703125,2.9176867583258432
0,0.4580078125,2.9172834026374783
0,0.458984375,2.9169134170472275
0,0.4599609375,2.916516059733743
0,0.4609375,2.916062060538193
0,0.4619140625,2.9156021503374965
0,0.462890625,2.915340071872744
0,0.4638671875,2.915372101569489
0,0.46484375,2.915502294721148
0,0.4658203125,2.9154705482712466
0,0.466796875,2.915375179508267
0,0.4677734375,2.915362876549492
0,0.46875,2.915239125399899
0,0.4697265625,2.914792083115553
0,0.470703125,2.9142939392212526
0,0.4716796875,2.913988271226045
0,0.47265625,2.9137453549865118
0,0.4736328125,2.91341952557469
0,0.474609375,2.913118969154016
0,0.4755859375,2.9128779287353495
0,0.4765625,2.912608506578704
0,0.4775390625,2.9122805333240613
0,0.478515625,2.9119791467046854
0,0.4794921875,2.911713834853225
0,0.48046875,2.911461666262914
0,0.4814453125,2.9111196364825234
0,0.482421875,2.910559251836643
0,0.4833984375,2.909816092440068
0,0.484375,2.909176640694114
0,0.4853515625,2.9088029539826503
0,0.486328125,2.90858387115205
0,0.4873046875,2.90830904008215
0,0.48828125,2.9080185562638867
0,0.4892578125,2.9078295149454974
0,0.490234375,2.9077199698710774
0,0.4912109375,2.907596024504395
0,0.4921875,2.907479318773842
0,0.4931640625,2.907392481097438
0,0.494140625,2.9073488934583493
0,0.4951171875,2.907295525078953
0,0.49609375,2.9071586562091873
0,0.4970703125,2.9070009796643053
0,0.498046875,2.907167207816465
0,0.4990234375,2.9077441574787346
0,0.5,2.9081131758204655
1,0.0009765625,7.315654212670762
1,0.001953125,6.993589403090845
1,0.0029296875,6.384211156098632
1,0.00390625,5.720571319612606
1,0.0048828125,5.1158239218610015
1,0.005859375,4.697709170386907
1,0.0068359375,4.441369379772006
1,0.0078125,4.275443190796538
1,0.0087890625,4.154653806505262
1,0.009765625,4.065616199568001
1,0.0107421875,3.9961970633635584
1,0.01171875,3.942295313382721
1,0.0126953125,3.89983061345214
1,0.013671875,3.8602370214827153
1,0.0146484375,3.8150453552292536
1,0.015625,3.767753472509155
1,0.0166015625,3.7234958341985624
1,0.017578125,3.6877479780807074
1,0.0185546875,3.660377874024505
1,0.01953125,3.6390606663160314
1,0.0205078125,3.6216282269781797
1,0.021484375,3.6061410039133786
1,0.0224609375,3.5880291037152565
1,0.0234375,3.566430273168063
1,0.0244140625,3.544867465226611
1,0.025390625,3.5283342279530077
1,0.0263671875,3.5174532510256125
1,0.02734375,3.5116925868974107
1,0.0283203125,3.5103926633973144
1,0.029296875,3.512798962984615
1,0.0302734375,3.5146390555486215
1,0.03125,3.5115052589465954
1,0.0322265625,3.5030044911442344
1,0.033203125,3.493384997920719
1,0.0341796875,3.4859876305577844
1,0.03515625,3.4818669548599166
1,0.0361328125,3.479634399718563
1,0.037109375,3.478575213288519
1,0.0380859375,3.477923294229119
1,0.0390625,3.4761094803555728
1,0.0400390625,3.4714223081024604
1,0.041015625,3.4649261704328493
1,0.0419921875,3.4592523777423883
1,0.04296875,3.4555923264534
1,0.0439453125,3.4527936176020138
1,0.044921875,3.4503832254626587
1,0.0458984375,3.4480565784809003
1,0.046875,3.4451864610574034
1,0.0478515625,3.4416183153006608
1,0.048828125,3.4384768837351247
1,0.0498046875,3.436223580073713
1,0.05078125,3.43430675339188
1,0.0517578125,3.4321454704991265
1,0.052734375,3.43023675220884
1,0.0537109375,3.4290549545606517
1,0.0546875,3.428631192426144
1,0.0556640625,3.4285378993528655
1,0.056640625,3.4283042084334108
1,0.0576171875,3.427449848348639
1,0.05859375,3.426120655340386
1,0.0595703125,3.424785294049211
1,0.060546875,3.423976493087934
1,0.0615234375,3.423254708143476
1,0.0625,3.4218932364922665
1,0.0634765625,3.4197152888278004
1,0.064453125,3.41734509947861
1,0.0654296875,3.4151904583113275
1,0.06640625,3.4134944225030797
1,0.0673828125,3.412036811597051
1,0.068359375,3.4103870625157557
1,0.0693359375,3.4082922984645623
1,0.0703125,3.406099638260497
1,0.0712890625,3.4038764638615193
1,0.072265625,3.401417517580065
1,0.0732421875,3.398757087346282
1,0.07421875,3.39621292757245
1,0.0751953125,3.393831998397156
1,0.076171875,3.3916322881530254
1,0.0771484375,3.389659979185198
1,0.078125,3.3879202231406143
1,0.0791015625,3.3862678242259334
1,0.080078125,3.384845272286771
1,0.0810546875,3.383736381886796
1,0.08203125,3.3828087693431432
1,0.0830078125,3.381902492121142
1,0.083984375,3.3810291349709702
1,0.0849609375,3.3800983664537383
1,0.0859375,3.379164168537197
1,0.0869140625,3.3782677547754196
1,0.087890625,3.377297366485392
1,0.0888671875,3.3759619038208357
1,0.08984375,3.3741862238611176
1,0.0908203125,3.3721603411185286
1,0.091796875,3.370283187090596
1,0.0927734375,3.3686229011339366
1,0.09375,3.366885864422927
1,0.0947265625,3.364618018956019
1,0.095703125,3.3619228543527195
1,0.0966796875,3.35918769035184
1,0.09765625,3.3565364513925706
1,0.0986328125,3.3537745410944853
1,0.099609375,3.3509530398064036
1,0.1005859375,3.3481880079180137
1,0.1015625,3.3455046119062253
1,0.1025390625,3.3427705765811013
1,0.103515625,3.3398941219370495
1,0.1044921875,3.3367965061102955
1,0.10546875,3.3336078301845014
1,0.1064453125,3.3305533665141467
1,0.107421875,3.3278705892790494
1,0.1083984375,3.325564131396178
1,0.109375,3.323393672795768
1,0.1103515625,3.3210826827157787
1,0.111328125,3.3187348698610055
1,0.1123046875,3.3165439262348095
1,0.11328125,3.3145414618116003
1,0.1142578125,3.3125976410505125
1,0.115234375,3.310682602301916
1,0.1162109375,3.3088002933545444
1,0.1171875,3.3069269686421294
1,0.1181640625,3.3049312190188793
1,0.119140625,3.302748172366416
1,0.1201171875,3.300387231988596
1,0.12109375,3.2979203134402253
1,0.1220703125,3.2954486736436257
1,0.123046875,3.2932878044291067
1,0.1240234375,3.291512550520953
1,0.125,3.289682822598742
1,0.1259765625,3.287386228705063
1,0.126953125,3.2849092131818454
1,0.1279296875,3.282539340461682
1,0.12890625,3.280264310208728
1,0.1298828125,3.278048371268417
1,0.130859375,3.2759755584418064
1,0.1318359375,3.2739641515245306
1,0.1328125,3.271886995827656
1,0.1337890625,3.2696314260275474
1,0.134765625,3.2671773081767834
1,0.1357421875,3.264621831317431
1,0.13671875,3.262174947264943
1,0.1376953125,3.2598993558094245
1,0.138671875,3.257686498244671
1,0.1396484375,3.255348838411743
1,0.140625,3.252835570718545
1,0.1416015625,3.250265436650847
1,0.142578125,3.2479150973318682
1,0.1435546875,3.2459117317133046
1,0.14453125,3.2441927932898706
1,0.1455078125,3.242605162296212
1,0.146484375,3.2410168688318444
1,0.1474609375,3.2392608609099605
1,0.1484375,3.2372671550128276
1,0.1494140625,3.2350775825969373
1,0.150390625,3.232862013812183
1,0.1513671875,3.230751424719182
1,0.15234375,3.228769923761409
1,0.1533203125,3.2268610898858423
1,0.154296875,3.2250687405892005
1,0.1552734375,3.2233423349057
1,0.15625,3.2215575458314376
1,0.1572265625,3.219661938497856
1,0.158203125,3.2178150363649047
1,0.1591796875,3.2161296724508386
1,0.16015625,3.2145899211847744
1,0.1611328125,3.2130323951958513
1,0.162109375,3.211356493786268
1,0.1630859375,3.2095326769956096
1,0.1640625,3.207579431356337
1,0.1650390625,3.2054706387103113
1,0.166015625,3.203265518317761
1,0.1669921875,3.2011216728543976
1,0.16796875,3.1991949429708915
1,0.1689453125,3.1974936145990718
1,0.169921875,3.195998835096776
1,0.1708984375,3.194598904098895
1,0.171875,3.1930978514584876
1,0.1728515625,3.1913940237908403
1,0.173828125,3.1896647568675927
1,0.1748046875,3.188104522592281
1,0.17578125,3.1867238068552304
1,0.1767578125,3.1853483947584817
1,0.177734375,3.1838353741691034
1,0.1787109375,3.1821545888324727
1,0.1796875,3.180455545662642
1,0.1806640625,3.1789304848446607
1,0.181640625,3.1776467522509693
1,0.1826171875,3.1765013491105654
1,0.18359375,3.1754721274081565
1,0.1845703125,3.174626892464464
1,0.185546875,3.1740462192314416
1,0.1865234375,3.173632841832428
1,0.1875,3.1731693672890167
1,0.1884765625,3.17248885715522
1,0.189453125,3.171701337071638
1,0.1904296875,3.170971841047819
1,0.19140625,3.1703618676583525
1,0.1923828125,3.1698438815437893
1,0.193359375,3.1694498977865417
1,0.1943359375,3.1692145316488505
1,0.1953125,3.169174618933623
1,0.1962890625,3.1692773491034907
1,0.197265625,3.169466563717479
1,0.1982421875,3.169712451401216
1,0.19921875,3.170002375566444
1,0.2001953125,3.170315023866434
1,0.201171875,3.1707023711159157
1,0.2021484375,3.1711616554640036
1,0.203125,3.171557664478983
1,0.2041015625,3.1717151508495123
1,0.205078125,3.171670258791004
1,0.2060546875,3.171615417707768
1,0.20703125,3.171765103909577
1,0.2080078125,3.1722110898414773
1,0.208984375,3.172864015078344
1,0.2099609375,3.1734421147335197
1,0.2109375,3.173766965283286
1,0.2119140625,3.173876618268165
1,0.212890625,3.1739104973338566
1,0.2138671875,3.1739322446740728
1,0.21484375,3.173995341876977
1,0.2158203125,3.1741650095406215
1,0.216796875,3.1744886036838524
1,0.2177734375,3.174868388354368
1,0.21875,3.1751574450559583
1,0.2197265625,3.1752728294648427
1,0.220703125,3.175341748538411
1,0.2216796875,3.1755366810783046
1,0.22265625,3.175904952599977
1,0.2236328125,3.1763406147226156
1,0.224609375,3.1768026313094047
1,0.2255859375,3.1772916768238955
1,0.2265625,3.1777847204164473
1,0.2275390625,3.1781770690826154
1,0.228515625,3.1784107296973882
1,0.2294921875,3.178541829583039
1,0.23046875,3.1787119738908514
1,0.2314453125,3.178979647075059
1,0.232421875,3.179332736595129
1,0.2333984375,3.1796886008100107
1,0.234375,3.1799231686234237
1,0.2353515625,3.1799407619884397
1,0.236328125,3.1797852483122075
1,0.2373046875,3.17952608407347
1,0.23828125,3.1792439082764754
1,0.2392578125,3.1790111095899842
1,0.240234375,3.1788622325171154
1,0.2412109375,3.1787212386630523
1,0.2421875,3.178501271923757
1,0.2431640625,3.1782101962915204
1,0.244140625,3.177997672483048
1,0.2451171875,3.177957757738749
1,0.24609375,3.177983538760547
1,0.2470703125,3.17786373110633
1,0.248046875,3.177605212661038
1,0.2490234375,3.177290655882831
1,0.25,3.176797258345787
1,0.2509765625,3.1759404749180726
1,0.251953125,3.1748551072378173
1,0.2529296875,3.173674756071857
1,0.25390625,3.1723358711662453
1,0.2548828125,3.170766492898175
1,0.255859375,3.1690348143915728
1,0.2568359375,3.167200177470306
1,0.2578125,3.1653286379938073
1,0.2587890625,3.163466938709432
1,0.259765625,3.16161935213591
1,0.2607421875,3.159765900539207
1,0.26171875,3.1579357074951058
1,0.2626953125,3.1561338561640575
1,0.263671875,3.1543490089818413
1,0.2646484375,3.152549522958889
1,0.265625,3.150699404813708
1,0.2666015625,3.1487836786751524
1,0.267578125,3.146896208440553
1,0.2685546875,3.145093404412488
1,0.26953125,3.1433248211775218
1,0.2705078125,3.1414891172864943
1,0.271484375,3.139545775795589
1,0.2724609375,3.1375003690062573
1,0.2734375,3.1354174062002125
1,0.2744140625,3.1333382293118097
1,0.275390625,3.131249848607899
1,0.2763671875,3.129102776689434
1,0.27734375,3.12693410081653
1,0.2783203125,3.1248186951862014
1,0.279296875,3.1227727292933154
1,0.2802734375,3.120657160689173
1,0.28125,3.1183537500906313
1,0.2822265625,3.1158815109773315
1,0.283203125,3.1134021478248926
1,0.2841796875,3.1110310590780474
1,0.28515625,3.108754439756205
1,0.2861328125,3.1064354199709747
1,0.287109375,3.104014578773011
1,0.2880859375,3.101545483153149
1,0.2890625,3.099114244197947
1,0.2900390625,3.096721936217147
1,0.291015625,3.094371886871671
1,0.2919921875,3.0921160288778595
1,0.29296875,3.0900100217773168
1,0.2939453125,3.0880502749333254
1,0.294921875,3.0862733993450018
1,0.2958984375,3.084670504071901
1,0.296875,3.0831133797594723
1,0.2978515625,3.0814334724938384
1,0.298828125,3.079582900806691
1,0.2998046875,3.077615216597124
1,0.30078125,3.0756568751491
1,0.3017578125,3.073787251120928
1,0.302734375,3.07197692548904
1,0.3037109375,3.070121544008938
1,0.3046875,3.0682147674255758
1,0.3056640625,3.066341361005778
1,0.306640625,3.064563856454833
1,0.3076171875,3.0628485564105565
1,0.30859375,3.061156768840226
1,0.3095703125,3.0594778262209372
1,0.310546875,3.0578800575235916
1,0.3115234375,3.056367470815371
1,0.3125,3.0548134397870106
1,0.3134765625,3.0530932129427018
1,0.314453125,3.051310455598713
1,0.3154296875,3.049633844761893
1,0.31640625,3.048132374878719
1,0.3173828125,3.0467341408992583
1,0.318359375,3.045338276947102
1,0.3193359375,3.04390309274993
1,0.3203125,3.0425321668281744
1,0.3212890625,3.0413258699480172
1,0.322265625,3.040302122960998
1,0.3232421875,3.0394005343505706
1,0.32421875,3.0385362637270905
1,0.3251953125,3.0376101629750294
1,0.326171875,3.036592151585217
1,0.3271484375,3.0355036851866175
1,0.328125,3.0343671575105
1,0.3291015625,3.033164211071972
1,0.330078125,3.0318968504502712
1,0.3310546875,3.0305109610740963
1,0.33203125,3.0289185328270882
1,0.3330078125,3.027158054601
1,0.333984375,3.025437923903757
1,0.3349609375,3.023878727434621
1,0.3359375,3.0224578926363774
1,0.3369140625,3.0210964475280875
1,0.337890625,3.019742252136768
1,0.3388671875,3.018339853468571
1,0.33984375,3.016872003510161
1,0.3408203125,3.0153675580061603
1,0.341796875,3.013893650370074
1,0.3427734375,3.0124492503215303
1,0.34375,3.0109803749190927
1,0.3447265625,3.0094052261647506
1,0.345703125,3.0077437474638984
1,0.3466796875,3.006094928038214
1,0.34765625,3.0045293657254244
1,0.3486328125,3.0029944719083006
1,0.349609375,3.0014532638273272
1,0.3505859375,2.999913100749793
1,0.3515625,2.998401241715021
1,0.3525390625,2.9969067223425023
1,0.353515625,2.9954220303589514
1,0.3544921875,2.993944665491995
1,0.35546875,2.992486650210397
1,0.3564453125,2.99102660671937
1,0.357421875,2.989549215862283
1,0.3583984375,2.9880283607023164
1,0.359375,2.986424102849867
1,0.3603515625,2.9846851585646363
1,0.361328125,2.9828041763808026
1,0.3623046875,2.9807898473654215
1,0.36328125,2.9787024314763806
1,0.3642578125,2.976615391672059
1,0.365234375,2.9745858362443602
1,0.3662109375,2.9726393928272294
1,0.3671875,2.9708024670273656
1,0.3681640625,2.9690232177996236
1,0.369140625,2.9671957238896374
1,0.3701171875,2.9652727965257335
1,0.37109375,2.9633455634400394
1,0.3720703125,2.9615662005852132
1,0.373046875,2.9600951557242308
1,0.3740234375,2.958830009866445
1,0.375,2.957339203143224
1,0.3759765625,2.9553352103379833
1,0.376953125,2.9531062947507487
1,0.3779296875,2.951035013606613
1,0.37890625,2.949200765407928
1,0.3798828125,2.9475118610323428
1,0.380859375,2.9459422582122974
1,0.3818359375,2.944463196129278
1,0.3828125,2.9430258688644844
1,0.3837890625,2.9415629282847595
1,0.384765625,2.9400379608602925
1,0.3857421875,2.9385000022651626
1,0.38671875,2.937112408237839
1,0.3876953125,2.935978973585758
1,0.388671875,2.935049532530248
1,0.3896484375,2.93416972009674
1,0.390625,2.933231120891622
1,0.3916015625,2.932221831645036
1,0.392578125,2.9312318463941334
1,0.3935546875,2.9303129028651806
1,0.39453125,2.9294523719221384
1,0.3955078125,2.9286342061449204
1,0.396484375,2.9278943473626917
1,0.3974609375,2.9272394821172516
1,0.3984375,2.9266425370142914
1,0.3994140625,2.926046357725568
1,0.400390625,2.9253848829153686
1,0.4013671875,2.924554938245185
1,0.40234375,2.9235209006531018
1,0.4033203125,2.9223999325642547
1,0.404296875,2.9214135697753303
1,0.4052734375,2.9206235233796756
1,0.40625,2.919924287808697
1,0.4072265625,2.9191903837701783
1,0.408203125,2.918402256028057
1,0.4091796875,2.9175964731111237
1,0.41015625,2.916838124135595
1,0.4111328125,2.9161113650051105
1,0.412109375,2.915368284193765
1,0.4130859375,2.9145949092873695
1,0.4140625,2.913831838089253
1,0.4150390625,2.913062136634957
1,0.416015625,2.9122374851775246
1,0.4169921875,2.9113534945318698
1,0.41796875,2.910471055945519
1,0.4189453125,2.9096418889003575
1,0.419921875,2.9089338267348777
1,0.4208984375,2.9083290059806015
1,0.421875,2.90769700430659
1,0.4228515625,2.906967649576562
1,0.423828125,2.906277725642584
1,0.4248046875,2.9057446049961393
1,0.42578125,2.9053084377136718
1,0.4267578125,2.9048162797758583
1,0.427734375,2.904189768533166
1,0.4287109375,2.903451712417447
1,0.4296875,2.902742678979537
1,0.4306640625,2.9021974736725555
1,0.431640625,2.9018283251649892
1,0.4326171875,2.9015397789485324
1,0.43359375,2.901275031990975
1,0.4345703125,2.900991556178728
1,0.435546875,2.900648308849242
1,0.4365234375,2.9001842373501194
1,0.4375,2.8995811138286895
1,0.4384765625,2.8988866201228896
1,0.439453125,2.8982334126628415
1,0.4404296875,2.8977069207964643
1,0.44140625,2.8973156810054737
1,0.4423828125,2.8970208840021
1,0.443359375,2.896819428820584
1,0.4443359375,2.896675351497035
1,0.4453125,2.8965145620561286
1,0.4462890625,2.8962437430999515
1,0.447265625,2.8958639108604025
1,0.4482421875,2.8954754500403506
1,0.44921875,2.8952033701774225
1,0.4501953125,2.895089401803015
1,0.451171875,2.8951213518418655
1,0.4521484375,2.8952396626475845
1,0.453125,2.89534732165518
1,0.4541015625,2.8953413289079837
1,0.455078125,2.8952410557571366
1,0.4560546875,2.895150653058462
1,0.45703125,2.895191610613073
1,0.4580078125,2.895425801352111
1,0.458984375,2.895809442943201
1,0.4599609375,2.896173601552893
1,0.4609375,2.8964202077703027
1,0.4619140625,2.8966214929342224
1,0.462890625,2.896935733784987
1,0.4638671875,2.897394290680739
1,0.46484375,2.8978912988859293
1,0.4658203125,2.8983389735672027
1,0.466796875,2.898793619070642
1,0.4677734375,2.8992938490200357
1,0.46875,2.8997858535202607
1,0.4697265625,2.9001828054509966
1,0.470703125,2.900522431973582
1,0.4716796875,2.900879776374019
1,0.47265625,2.9012626341542966
1,0.4736328125,2.901625168392468
1,0.474609375,2.902000899137746
1,0.4755859375,2.902420668859021
1,0.4765625,2.902856489649214
1,0.4775390625,2.903220216730232
1,0.478515625,2.9034649031156374
1,0.4794921875,2.903623021247122
1,0.48046875,2.90380984826485
1,0.4814453125,2.9041164612736057
1,0.482421875,2.9045793826324733
1,0.4833984375,2.905157314777676
1,0.484375,2.9057788872851207
1,0.4853515625,2.906417414699504
1,0.486328125,2.907155357070787
1,0.4873046875,2.9080373526625984
1,0.48828125,2.909015129193678
1,0.4892578125,2.9100012573083838
1,0.490234375,2.910967955141248
1,0.4912109375,2.9119073727598797
1,0.4921875,2.91280465040031
1,0.4931640625,2.9136277826010875
1,0.494140625,2.9143714286465143
1,0.4951171875,2.9150038133568903
1,0.49609375,2.91542750511278
1,0.4970703125,2.915504072248875
1,0.498046875,2.9152751132613783
1,0.4990234375,2.914982479008818
1,0.5,2.914865908151287
2,0.0009765625,8.030612992316192
2,0.001953125,7.6488261698212066
2,0.0029296875,6.923536415081276
2,0.00390625,6.204176183254388
2,0.0048828125,5.581216680290579
2,0.005859375,5.159456079228724
2,0.0068359375,4.904456103682815
2,0.0078125,4.704722305756612
2,0.0087890625,4.505700128413491
2,0.009765625,4.361209276807873
2,0.0107421875,4.284698693359954
2,0.01171875,4.260624504142092
2,0.0126953125,4.268074958952642
2,0.013671875,4.284875493997391
2,0.0146484375,4.294297240752615
2,0.015625,4.292818139954206
2,0.0166015625,4.284219616875048
2,0.017578125,4.27854193978935
2,0.0185546875,4.2749981367684065
2,0.01953125,4.270422533411726
2,0.0205078125,4.2643760401304585
2,0.021484375,4.259605518668637
2,0.0224609375,4.255064106795327
2,0.0234375,4.2431112001963
2,0.0244140625,4.218826708287078
2,0.025390625,4.1900118404773465
2,0.0263671875,4.163118467661897
2,0.02734375,4.137530986497941
2,0.0283203125,4.111344389420216
2,0.029296875,4.0872573321055174
2,0.0302734375,4.066737612596288
2,0.03125,4.046622638141256
2,0.0322265625,4.024488489547859
2,0.033203125,4.004139577213646
2,0.0341796875,3.9867312913582333
2,0.03515625,3.9690114635065257
2,0.0361328125,3.948199485189548
2,0.037109375,3.924820963056925
2,0.0380859375,3.8999064242431514
2,0.0390625,3.8742390773788893
2,0.0400390625,3.848872123731815
2,0.041015625,3.8260132285273167
2,0.0419921875,3.8060215444077636
2,0.04296875,3.788404619082856
2,0.0439453125,3.773255653859774
2,0.044921875,3.7610817398944842
2,0.0458984375,3.7507458281999044
2,0.046875,3.7394007706598416
2,0.0478515625,3.7250783816773088
2,0.048828125,3.709898901254388
2,0.0498046875,3.6960931997151945
2,0.05078125,3.6835449214946543
2,0.0517578125,3.6711542911092225
2,0.052734375,3.659005747880598
2,0.0537109375,3.647393617142163
2,0.0546875,3.635384824971972
2,0.0556640625,3.6219217542653204
2,0.056640625,3.608352142193781
2,0.0576171875,3.5958215284918364
2,0.05859375,3.584237849930295
2,0.0595703125,3.573270647582129
2,0.060546875,3.5634205656319597
2,0.0615234375,3.554533297158581
2,0.0625,3.5448832142973132
2,0.0634765625,3.533299972071867
2,0.064453125,3.521780536600975
2,0.0654296875,3.511700918177436
2,0.06640625,3.5028004294263377
2,0.0673828125,3.4946032833713874
2,0.068359375,3.4871556610705268
2,0.0693359375,3.4803899705952412
2,0.0703125,3.4739584900168214
2,0.0712890625,3.467625335065343
2,0.072265625,3.462258988809301
2,0.0732421875,3.458123290613668
2,0.07421875,3.4551422645631122
2,0.0751953125,3.4533748663911985
2,0.076171875,3.4529651151161427
2,0.0771484375,3.4538193999699107
2,0.078125,3.455284361596821
2,0.0791015625,3.4564508644076897
2,0.080078125,3.4577880727273693
2,0.0810546875,3.4598582136149223
2,0.08203125,3.4626769867350613
2,0.0830078125,3.465978614483243
2,0.083984375,3.469807211886294
2,0.0849609375,3.4742861694212936
2,0.0859375,3.479085939491204
2,0.0869140625,3.4834464141814308
2,0.087890625,3.487326159881777
2,0.0888671875,3.490767079432188
2,0.08984375,3.49388492354343
2,0.0908203125,3.496926439136127
2,0.091796875,3.500357033842019
2,0.0927734375,3.504273726185739
2,0.09375,3.508009601506776
2,0.0947265625,3.5107554075546616
2,0.095703125,3.5129468515432585
2,0.0966796875,3.514881632073017
2,0.09765625,3.5162980214153836
2,0.0986328125,3.517010248891766
2,0.099609375,3.5174932759156534
2,0.1005859375,3.5180238025097705
2,0.1015625,3.5181351219502472
2,0.1025390625,3.517232431946999
2,0.103515625,3.5155973557049456
2,0.1044921875,3.513517318667007
2,0.10546875,3.51112146915597
2,0.1064453125,3.508509082041915
2,0.107421875,3.5058426782905174
2,0.1083984375,3.5030178097807765
2,0.109375,3.499573308939637
2,0.1103515625,3.4952047815304295
2,0.111328125,3.4906389417696255
2,0.1123046875,3.486517988355013
2,0.11328125,3.482933726099864
2,0.1142578125,3.479720943124551
2,0.115234375,3.4767090509378824
2,0.1162109375,3.473551055914283
2,0.1171875,3.469765709925027
2,0.1181640625,3.4651229348763493
2,0.119140625,3.4602479344443924
2,0.1201171875,3.455575093021796
2,0.12109375,3.451006199040781
2,0.1220703125,3.4463846251009977
2,0.123046875,3.4419652885321446
2,0.1240234375,3.4379993139135165
2,0.125,3.4340657378214132
2,0.1259765625,3.4294615062169447
2,0.126953125,3.424563402128755
2,0.1279296875,3.419861727564565
2,0.12890625,3.415417626426721
2,0.1298828125,3.4111222345889693
2,0.130859375,3.406996046836813
2,0.1318359375,3.4030418515385996
2,0.1328125,3.39905649118458
2,0.1337890625,3.3947486617688254
2,0.134765625,3.390347255310469
2,0.1357421875,3.3860891424923194
2,0.13671875,3.382102496713564
2,0.1376953125,3.3784248083513733
2,0.138671875,3.3750704877833653
2,0.1396484375,3.3718035235233184
2,0.140625,3.3680567345946346
2,0.1416015625,3.363596873581872
2,0.142578125,3.3592026597180142
2,0.1435546875,3.355430457677582
2,0.14453125,3.352224293155664
2,0.1455078125,3.349322934161199
2,0.146484375,3.3465955581917464
2,0.1474609375,3.344007938224245
2,0.1484375,3.3414615670863794
2,0.1494140625,3.3388357731906355
2,0.150390625,3.336486056123874
2,0.1513671875,3.3345929855810805
2,0.15234375,3.3328680347528
2,0.1533203125,3.3309290198576584
2,0.154296875,3.328846898902895
2,0.1552734375,3.3268759079620973
2,0.15625,3.3250240372926627
2,0.1572265625,3.323130915803472
2,0.158203125,3.321509338205611
2,0.1591796875,3.3203406039091736
2,0.16015625,3.319460219212345
2,0.1611328125,3.3186513356014142
2,0.162109375,3.3179439450095867
2,0.1630859375,3.317294265931566
2,0.1640625,3.3163285790011487
2,0.1650390625,3.3147182148403216
2,0.166015625,3.3128201577716156
2,0.1669921875,3.310976955132781
2,0.16796875,3.3092442500629673
2,0.1689453125,3.3075588030591145
2,0.169921875,3.305931555894148
2,0.1708984375,3.304369874907977
2,0.171875,3.302773719685262
2,0.1728515625,3.300990352710959
2,0.173828125,3.299169262393237
2,0.1748046875,3.2973632424622314
2,0.17578125,3.2954899697335027
2,0.1767578125,3.2934427733622953
2,0.177734375,3.2913008188406825
2,0.1787109375,3.289255423108753
2,0.1796875,3.2872952932340085
2,0.1806640625,3.285120895895818
2,0.181640625,3.2826584532180307
2,0.1826171875,3.2799075793236985
2,0.18359375,3.276956557207447
2,0.1845703125,3.273985624697399
2,0.185546875,3.2713175777566694
2,0.1865234375,3.26906820768978
2,0.1875,3.2668419048909447
2,0.1884765625,3.264169757402235
2,0.189453125,3.2612999050927503
2,0.1904296875,3.25852005166313
2,0.19140625,3.2558264100302594
2,0.1923828125,3.2531252539344067
2,0.193359375,3.25044521357395
2,0.1943359375,3.2478006401452184
2,0.1953125,3.2451237631581455
2,0.1962890625,3.242342558046688
2,0.197265625,3.239677210592742
2,0.1982421875,3.2372167341707496
2,0.19921875,3.234870714220763
2,0.2001953125,3.232618859549942
2,0.201171875,3.2306072449726053
2,0.2021484375,3.2288304293237515
2,0.203125,3.227048192038059
2,0.2041015625,3.2251078312237764
2,0.205078125,3.2233207667827117
2,0.2060546875,3.2219005069688476
2,0.20703125,3.2208125038676605
2,0.2080078125,3.2199703040195504
2,0.208984375,3.2193993584411174
2,0.2099609375,3.2191075562888405
2,0.2109375,3.218917958910195
2,0.2119140625,3.2185658036417504
2,0.212890625,3.218184954355981
2,0.2138671875,3.217948606324688
2,0.21484375,3.2178867200433166
2,0.2158203125,3.2180041913715653
2,0.216796875,3.2184422662845527
2,0.2177734375,3.2192119961361745
2,0.21875,3.219996550240872
2,0.2197265625,3.2205254585446834
2,0.220703125,3.2211320161855164
2,0.2216796875,3.2220413139950774
2,0.22265625,3.223085108745123
2,0.2236328125,3.2240800250675865
2,0.224609375,3.225125347056673
2,0.2255859375,3.2262794197078044
2,0.2265625,3.2273825054815917
2,0.2275390625,3.2282573568037933
2,0.228515625,3.2290334941385637
2,0.2294921875,3.2297392480364917
2,0.23046875,3.2302877962080228
2,0.2314453125,3.2306974930133077
2,0.232421875,3.2311816371256863
2,0.2333984375,3.2318931925192302
2,0.234375,3.232712819219977
2,0.2353515625,3.233361707641308
2,0.236328125,3.2338325774283705
2,0.2373046875,3.2341348768671496
2,0.23828125,3.234271144719989
2,0.2392578125,3.2342687214170827
2,0.240234375,3.2342050403678058
2,0.2412109375,3.234092254111929
2,0.2421875,3.2337382264904173
2,0.2431640625,3.232922778741846
2,0.244140625,3.231870373681073
2,0.2451171875,3.230830507646517
2,0.24609375,3.2298803052718332
2,0.2470703125,3.2291002290929014
2,0.248046875,3.2286900164463006
2,0.2490234375,3.228495484126053
2,0.25,3.2277367464908955
2,0.2509765625,3.225785829235726
2,0.251953125,3.223119131273823
2,0.2529296875,3.220400601183672
2,0.25390625,3.217834087495333
2,0.2548828125,3.2154179667997047
2,0.255859375,3.2132679320855844
2,0.2568359375,3.211394705695469
2,0.2578125,3.2095191683429527
2,0.2587890625,3.2073718441389354
2,0.259765625,3.205182145492549
2,0.2607421875,3.2031555939447673
2,0.26171875,3.201262194859764
2,0.2626953125,3.1994194913843206
2,0.263671875,3.197607947558128
2,0.2646484375,3.1957678501916997
2,0.265625,3.1937517613677384
2,0.2666015625,3.1914259260617004
2,0.267578125,3.1890029792410632
2,0.2685546875,3.186733497750367
2,0.26953125,3.184777246139114
2,0.2705078125,3.1831918617603505
2,0.271484375,3.1819603810625163
2,0.2724609375,3.180927049240724
2,0.2734375,3.1798091392711885
2,0.2744140625,3.1783585214976364
2,0.275390625,3.17672833157623
2,0.2763671875,3.1751741033141196
2,0.27734375,3.1738094924037563
2,0.2783203125,3.1726275087728775
2,0.279296875,3.171687402915544
2,0.2802734375,3.1709340905206362
2,0.28125,3.1700684440168416
2,0.2822265625,3.168840683250148
2,0.283203125,3.1675259279943986
2,0.2841796875,3.166433107904648
2,0.28515625,3.1656603158612415
2,0.2861328125,3.1651785425779866
2,0.287109375,3.164932756553037
2,0.2880859375,3.164703414419054
2,0.2890625,3.1641440863995682
2,0.2900390625,3.1630891267786088
2,0.291015625,3.1618687919187054
2,0.2919921875,3.160785606856977
2,0.29296875,3.1599209210329278
2,0.2939453125,3.1592636657322983
2,0.294921875,3.1588046295293903
2,0.2958984375,3.1584384281257627
2,0.296875,3.157958094734872
2,0.2978515625,3.1571994814923197
2,0.298828125,3.156297166874157
2,0.2998046875,3.1553407347090245
2,0.30078125,3.1542969897351036
2,0.3017578125,3.153126308170621
2,0.302734375,3.1519331129185635
2,0.3037109375,3.150847202731918
2,0.3046875,3.1498163830795445
2,0.3056640625,3.148658017003653
2,0.306640625,3.147427523022123
2,0.3076171875,3.146204310864647
2,0.30859375,3.145035784612469
2,0.3095703125,3.143974584506743
2,0.310546875,3.143126718972241
2,0.3115234375,3.1423550555729456
2,0.3125,3.141102188900277
2,0.3134765625,3.1390019829709312
2,0.314453125,3.1366007226275423
2,0.3154296875,3.1344843553420576
2,0.31640625,3.1327268778528263
2,0.3173828125,3.131179615347138
2,0.318359375,3.1297858777747307
2,0.3193359375,3.128462452847509
2,0.3203125,3.127017737005717
2,0.3212890625,3.125340225207538
2,0.322265625,3.123698593306191
2,0.3232421875,3.1222594013760587
2,0.32421875,3.1209506577948174
2,0.3251953125,3.1196627370616126
2,0.326171875,3.1183872451177677
2,0.3271484375,3.1171126325103615
2,0.328125,3.1157209881395507
2,0.3291015625,3.114096860822451
2,0.330078125,3.1124752059423466
2,0.3310546875,3.111103156047323
2,0.33203125,3.110054835874156
2,0.3330078125,3.1092602128412965
2,0.333984375,3.108619146393891
2,0.3349609375,3.10800909782061
2,0.3359375,3.107254950808842
2,0.3369140625,3.106220307412567
2,0.337890625,3.1051610306943176
2,0.3388671875,3.104400716112793
2,0.33984375,3.1040644258664543
2,0.3408203125,3.1040577697239975
2,0.341796875,3.1042373603550777
2,0.3427734375,3.1044204417463344
2,0.34375,3.1043948238371653
2,0.3447265625,3.1040686693667414
2,0.345703125,3.103747783963025
2,0.3466796875,3.1036551211444716
2,0.34765625,3.103736623034074
2,0.3486328125,3.103851311869872
2,0.349609375,3.1040322835405245
2,0.3505859375,3.1043266360075594
2,0.3515625,3.10465068464469
2,0.3525390625,3.104882991151867
2,0.353515625,3.1051316744816315
2,0.3544921875,3.105463354641091
2,0.35546875,3.105872815513152
2,0.3564453125,3.1063553212925865
2,0.357421875,3.1069235278226115
2,0.3583984375,3.107519419104493
2,0.359375,3.1079911692873208
2,0.3603515625,3.108200764199716
2,0.361328125,3.108311234483764
2,0.3623046875,3.1084761497477937
2,0.36328125,3.108712941986601
2,0.3642578125,3.1089921546029173
2,0.365234375,3.109329751823999
2,0.3662109375,3.1097066914500635
2,0.3671875,3.1099954984316938
2,0.3681640625,3.1100557952420673
2,0.369140625,3.1100287366750616
2,0.3701171875,3.1100045005536154
2,0.37109375,3.1099383885068486
2,0.3720703125,3.109843091819995
2,0.373046875,3.1098924808440196
2,0.3740234375,3.110065718740442
2,0.375,3.109880292289259
2,0.3759765625,3.108926867668567
2,0.376953125,3.107623651359643
2,0.3779296875,3.1064609255457745
2,0.37890625,3.1054891316567934
2,0.3798828125,3.104553540680225
2,0.380859375,3.103603319082613
2,0.3818359375,3.102610990177248
2,0.3828125,3.101419499530003
2,0.3837890625,3.0998661246562262
2,0.384765625,3.098138176011815
2,0.3857421875,3.0964318938723743
2,0.38671875,3.094770157809322
2,0.3876953125,3.093089510221383
2,0.388671875,3.0913993109081703
2,0.3896484375,3.089741923140385
2,0.390625,3.0880909014830378
2,0.3916015625,3.086380064780513
2,0.392578125,3.0847400125411077
2,0.3935546875,3.0832313854184883
2,0.39453125,3.08177846782699
2,0.3955078125,3.0802484630053857
2,0.396484375,3.078585820781667
2,0.3974609375,3.0768386750606003
2,0.3984375,3.0750740849644025
2,0.3994140625,3.0732803266192383
2,0.400390625,3.07159183753512
2,0.4013671875,3.070105717597731
2,0.40234375,3.068768077767839
2,0.4033203125,3.0674587103355715
2,0.404296875,3.0661744427449587
2,0.4052734375,3.064927573651958
2,0.40625,3.0636865497429886
2,0.4072265625,3.062446924794944
2,0.408203125,3.0613789328600167
2,0.4091796875,3.060440121576343
2,0.41015625,3.0594180197754555
2,0.4111328125,3.0582062041608236
2,0.412109375,3.056935457758568
2,0.4130859375,3.05576203820049
2,0.4140625,3.0547215678284
2,0.4150390625,3.0537325849038144
2,0.416015625,3.052804824258926
2,0.4169921875,3.0518759602065684
2,0.41796875,3.0508897225476237
2,0.4189453125,3.049898157961723
2,0.419921875,3.0490552860559856
2,0.4208984375,3.0484354732493
2,0.421875,3.047888320924987
2,0.4228515625,3.047179820643606
2,0.423828125,3.046398233954555
2,0.4248046875,3.0456638455540213
2,0.42578125,3.044973921334029
2,0.4267578125,3.0442598407854673
2,0.427734375,3.043502114580637
2,0.4287109375,3.0427448224185705
2,0.4296875,3.042018368418428
2,0.4306640625,3.0412562268850243
2,0.431640625,3.040473565229461
2,0.4326171875,3.039633231631441
2,0.43359375,3.038702441352893
2,0.4345703125,3.03768870398264
2,0.435546875,3.036657590337866
2,0.4365234375,3.035639812269968
2,0.4375,3.0345574776214055
2,0.4384765625,3.0333231257537836
2,0.439453125,3.0321174903385213
2,0.4404296875,3.0310408104671285
2,0.44140625,3.030088661216499
2,0.4423828125,3.0292379579426734
2,0.443359375,3.028462047526583
2,0.4443359375,3.0276735716135126
2,0.4453125,3.0267192002475314
2,0.4462890625,3.0254748550559105
2,0.447265625,3.0240916256579036
2,0.4482421875,3.022716130953512
2,0.44921875,3.0214315010662673
2,0.4501953125,3.0203115095217647
2,0.451171875,3.0194328106218777
2,0.4521484375,3.018788806928599
2,0.453125,3.0182494977552903
2,0.4541015625,3.0176580876596626
2,0.455078125,3.01710351364546
2,0.4560546875,3.0166801366111238
2,0.45703125,3.016403704714101
2,0.4580078125,3.016250165689965
2,0.458984375,3.016238651509342
2,0.4599609375,3.016405262607112
2,0.4609375,3.0167426797252808
2,0.4619140625,3.017213228128158
2,0.462890625,3.017955851362682
2,0.4638671875,3.019008822199314
2,0.46484375,3.020198894133162
2,0.4658203125,3.021350305020144
2,0.466796875,3.0225458425466996
2,0.4677734375,3.023929344918516
2,0.46875,3.0254750009805162
2,0.4697265625,3.0270719244327546
2,0.470703125,3.028834428212879
2,0.4716796875,3.0307912124675873
2,0.47265625,3.032779653096161
2,0.4736328125,3.0346709454075635
2,0.474609375,3.0365809502549577
2,0.4755859375,3.0386380388172074
2,0.4765625,3.040814017473494
2,0.4775390625,3.0430206968841143
2,0.478515625,3.0453362184142008
2,0.4794921875,3.0477737558473974
2,0.48046875,3.050295051356199
2,0.4814453125,3.052858118116195
2,0.482421875,3.055427689820354
2,0.4833984375,3.057994231414002
2,0.484375,3.060548710486398
2,0.4853515625,3.0629914692566076
2,0.486328125,3.065328340244184
2,0.4873046875,3.0675503064928606
2,0.48828125,3.069663353065911
2,0.4892578125,3.0717191124117518
2,0.490234375,3.073785586730516
2,0.4912109375,3.075865058541187
2,0.4921875,3.077838679696539
2,0.4931640625,3.079517007808727
2,0.494140625,3.0809240148768664
2,0.4951171875,3.0820924350664507
2,0.49609375,3.082993854205711
2,0.4970703125,3.0836304784266706
2,0.498046875,3.084170137896391
2,0.4990234375,3.0847291926332265
2,0.5,3.085025075144163
3,0.0009765625,8.670249763059692
3,0.001953125,8.18717181094116
3,0.0029296875,7.3879658520598
3,0.00390625,6.625056403784034
3,0.0048828125,6.009030350063972
3,0.005859375,5.612164882931802
3,0.0068359375,5.393017579120478
3,0.0078125,5.273785772165166
3,0.0087890625,5.171463862480645
3,0.009765625,5.0415545879494035
3,0.0107421875,4.875800818659029
3,0.01171875,4.707895984676197
3,0.0126953125,4.571963688207655
3,0.013671875,4.487373901028466
3,0.0146484375,4.4373104830703145
3,0.015625,4.388041913003284
3,0.0166015625,4.322259497550417
3,0.017578125,4.253714996630609
3,0.0185546875,4.200275397345901
3,0.01953125,4.165443513994539
3,0.0205078125,4.140405013197713
3,0.021484375,4.121397562939309
3,0.0224609375,4.1050391242407755
3,0.0234375,4.0856439823212805
3,0.0244140625,4.059009610273496
3,0.025390625,4.031032884827653
3,0.0263671875,4.008995485070594
3,0.02734375,3.9955652187457105
3,0.0283203125,3.9882540420074974
3,0.029296875,3.984497528104081
3,0.0302734375,3.979891219356085
3,0.03125,3.9670914114074747
3,0.0322265625,3.9400934441057474
3,0.033203125,3.9050493079959985
3,0.0341796875,3.873451574939215
3,0.03515625,3.851551721787794
3,0.0361328125,3.8356986792509447
3,0.037109375,3.820483814179304
3,0.0380859375,3.801726122287596
3,0.0390625,3.777109726256124
3,0.0400390625,3.7497396847893825
3,0.041015625,3.7261729268261705
3,0.0419921875,3.705166785343626
3,0.04296875,3.6845128183213207
3,0.0439453125,3.6683892890403524
3,0.044921875,3.6616025422606375
3,0.0458984375,3.658609847297055
3,0.046875,3.64833002820482
3,0.0478515625,3.6262775826647156
3,0.048828125,3.5981783764129234
3,0.0498046875,3.5694875456864805
3,0.05078125,3.541555285495935
3,0.0517578125,3.515973869972862
3,0.052734375,3.4963896628614526
3,0.0537109375,3.482713807469736
3,0.0546875,3.4716693854299425
3,0.0556640625,3.4605203930603885
3,0.056640625,3.450630402393028
3,0.0576171875,3.4440020016291273
3,0.05859375,3.4420864929037425
3,0.0595703125,3.446913878819069
3,0.060546875,3.458867213334845
3,0.0615234375,3.4711343401722052
3,0.0625,3.4722624354422162
3,0.0634765625,3.456200262528404
3,0.064453125,3.430184652762857
3,0.0654296875,3.4062990336469983
3,0.06640625,3.390847888855265
3,0.0673828125,3.3820779378995955
3,0.068359375,3.375944636566964
3,0.0693359375,3.369419587571459
3,0.0703125,3.3613817307014737
3,0.0712890625,3.3529720596534696
3,0.072265625,3.346641522891223
3,0.0732421875,3.3418808801869693
3,0.07421875,3.3364564300609265
3,0.0751953125,3.3304322038612963
3,0.076171875,3.3266822984483024
3,0.0771484375,3.325263126963279
3,0.078125,3.323160319847839
3,0.0791015625,3.3185818638209024
3,0.080078125,3.313040039169509
3,0.0810546875,3.3081980278718426
3,0.08203125,3.3038840549224378
3,0.0830078125,3.2986312324360303
3,0.083984375,3.292344962222868
3,0.0849609375,3.286190474341936
3,0.0859375,3.2811901887047332
3,0.0869140625,3.2772790289916944
3,0.087890625,3.274184469360085
3,0.0888671875,3.270678580347704
3,0.08984375,3.2660427730517747
3,0.0908203125,3.2615783031931955
3,0.091796875,3.2591965433518975
3,0.0927734375,3.2580289865530276
3,0.09375,3.255260367884219
3,0.0947265625,3.249520027846935
3,0.095703125,3.2426622615845337
3,0.0966796875,3.2365331297236146
3,0.09765625,3.2314709474159518
3,0.0986328125,3.226837483240142
3,0.099609375,3.222285380061941
3,0.1005859375,3.217877678140878
3,0.1015625,3.213736012607266
3,0.1025390625,3.209788093962125
3,0.103515625,3.2062841066808336
3,0.1044921875,3.2030084721432126
3,0.10546875,3.199872739572257
3,0.1064453125,3.197256854184436
3,0.107421875,3.19587396679857
3,0.1083984375,3.19535749883075
3,0.109375,3.194226887261855
3,0.1103515625,3.191196978826619
3,0.111328125,3.1868371377910036
3,0.1123046875,3.182711960135814
3,0.11328125,3.1799463743126632
3,0.1142578125,3.17834072166773
3,0.115234375,3.1772883283504663
3,0.1162109375,3.1763251032511874
3,0.1171875,3.1754354153631836
3,0.1181640625,3.1745609302266975
3,0.119140625,3.174272753062103
3,0.1201171875,3.1752818216956906
3,0.12109375,3.1779645978936526
3,0.1220703125,3.182367199534213
3,0.123046875,3.188125170524009
3,0.1240234375,3.1932191002658996
3,0.125,3.1944065842930853
3,0.1259765625,3.1900482273783086
3,0.126953125,3.1824602630889407
3,0.1279296875,3.1747430465307587
3,0.12890625,3.168240917277765
3,0.1298828125,3.1629060524020893
3,0.130859375,3.1586029296662437
3,0.1318359375,3.1550744246225793
3,0.1328125,3.151959355857138
3,0.1337890625,3.1488476986916734
3,0.134765625,3.145789829020768
3,0.1357421875,3.1431136356839695
3,0.13671875,3.141400317434297
3,0.1376953125,3.140881649265111
3,0.138671875,3.1415430932985786
3,0.1396484375,3.142697808359256
3,0.140625,3.14304963310849
3,0.1416015625,3.1415704769953936
3,0.142578125,3.138753021338249
3,0.1435546875,3.135844774495614
3,0.14453125,3.1338043016490458
3,0.1455078125,3.132805324721078
3,0.146484375,3.1327629184161596
3,0.1474609375,3.1332846207352767
3,0.1484375,3.133791931029049
3,0.1494140625,3.1337859463394495
3,0.150390625,3.1335241795994446
3,0.1513671875,3.133403430502822
3,0.15234375,3.1336610228172503
3,0.1533203125,3.1341375652140195
3,0.154296875,3.134566992455299
3,0.1552734375,3.134755496940547
3,0.15625,3.1344394144014975
3,0.1572265625,3.1332233530348588
3,0.158203125,3.131588826837328
3,0.1591796875,3.1302643831791284
3,0.16015625,3.1294904210105154
3,0.1611328125,3.1288352309609193
3,0.162109375,3.128007035441892
3,0.1630859375,3.127253127381831
3,0.1640625,3.127036026548346
3,0.1650390625,3.1275043387960406
3,0.166015625,3.1286664253974803
3,0.1669921875,3.129963471388378
3,0.16796875,3.130893040372317
3,0.1689453125,3.1316197247148425
3,0.169921875,3.1325798317404767
3,0.1708984375,3.1333631220364007
3,0.171875,3.1332545230154922
3,0.1728515625,3.1322969098482902
3,0.173828125,3.131442315845919
3,0.1748046875,3.1311435703124384
3,0.17578125,3.130888515044729
3,0.1767578125,3.1300930548534387
3,0.177734375,3.1290878931905537
3,0.1787109375,3.1283761838302553
3,0.1796875,3.128070807867566
3,0.1806640625,3.127901767926796
3,0.181640625,3.1277699424319563
3,0.1826171875,3.127538813614469
3,0.18359375,3.1273525368523014
3,0.1845703125,3.127932080818404
3,0.185546875,3.130022796364721
3,0.1865234375,3.1329292373351523
3,0.1875,3.134544544796605
3,0.1884765625,3.133493070758028
3,0.189453125,3.131050493651069
3,0.1904296875,3.1291827155721967
3,0.19140625,3.1285697575984797
3,0.1923828125,3.1286807349408745
3,0.193359375,3.129023340946014
3,0.1943359375,3.129374782748198
3,0.1953125,3.129552505238067
3,0.1962890625,3.1295142239346516
3,0.197265625,3.1296275613902416
3,0.1982421875,3.1299653439629718
3,0.19921875,3.1303629319135258
3,0.2001953125,3.130820576297089
3,0.201171875,3.131703943199103
3,0.2021484375,3.1328583874140605
3,0.203125,3.133469520577878
3,0.2041015625,3.1330238610066905
3,0.205078125,3.1320772136039396
3,0.2060546875,3.1312173380661146
3,0.20703125,3.1303675881170694
3,0.2080078125,3.129147321035735
3,0.208984375,3.1275885719219043
3,0.2099609375,3.1259482814067314
3,0.2109375,3.124477326718632
3,0.2119140625,3.1232546786165862
3,0.212890625,3.1223908393611914
3,0.2138671875,3.1216425828512473
3,0.21484375,3.1207560421364864
3,0.2158203125,3.1199555131853387
3,0.216796875,3.119707776107739
3,0.2177734375,3.1198430022864687
3,0.21875,3.1195667847171666
3,0.2197265625,3.1182570868888226
3,0.220703125,3.116296098573372
3,0.2216796875,3.114224235072916
3,0.22265625,3.112079617171809
3,0.2236328125,3.1096302192933334
3,0.224609375,3.107060841992849
3,0.2255859375,3.1048006988501977
3,0.2265625,3.1030235016245578
3,0.2275390625,3.1015816383156376
3,0.228515625,3.1004878007977448
3,0.2294921875,3.099735874331428
3,0.23046875,3.0993368865113387
3,0.2314453125,3.0993252609852875
3,0.232421875,3.0997649990527645
3,0.2333984375,3.100332661191037
3,0.234375,3.1003932798999854
3,0.2353515625,3.099405451254385
3,0.236328125,3.0975556354312292
3,0.2373046875,3.0955316453754746
3,0.23828125,3.093791304277222
3,0.2392578125,3.092160014837367
3,0.240234375,3.09049277328891
3,0.2412109375,3.088844574794636
3,0.2421875,3.087389711967985
3,0.2431640625,3.0862627507599645
3,0.244140625,3.085553750162836
3,0.2451171875,3.085014440186017
3,0.24609375,3.084505585005556
3,0.2470703125,3.08422295609243
3,0.248046875,3.0844094831689155
3,0.2490234375,3.0845920951343797
3,0.25,3.08344605729256
3,0.2509765625,3.0800808237246824
3,0.251953125,3.075476238298885
3,0.2529296875,3.07094024566326
3,0.25390625,3.0669018344082466
3,0.2548828125,3.0632794840990605
3,0.255859375,3.060080581559908
3,0.2568359375,3.0572591570149483
3,0.2578125,3.05458313262497
3,0.2587890625,3.051689789015193
3,0.259765625,3.048565408768051
3,0.2607421875,3.045379651149793
3,0.26171875,3.0422963310956193
3,0.2626953125,3.039375338566675
3,0.263671875,3.0367175353882607
3,0.2646484375,3.03416804545618
3,0.265625,3.031407913040142
3,0.2666015625,3.028268351272334
3,0.267578125,3.0250484591994766
3,0.2685546875,3.0221214621395194
3,0.26953125,3.0196537318632584
3,0.2705078125,3.0175587081812187
3,0.271484375,3.0157272635921495
3,0.2724609375,3.014035972966993
3,0.2734375,3.0124519291772875
3,0.2744140625,3.0109016402439264
3,0.275390625,3.0093880740026924
3,0.2763671875,3.0078281476617637
3,0.27734375,3.0061623237539603
3,0.2783203125,3.004509521700839
3,0.279296875,3.0032066087654847
3,0.2802734375,3.0023243121317904
3,0.28125,3.001398165022468
3,0.2822265625,2.999942454859973
3,0.283203125,2.9983509442024086
3,0.2841796875,2.997237800284808
3,0.28515625,2.996580108759173
3,0.2861328125,2.9957346766530097
3,0.287109375,2.994316917612685
3,0.2880859375,2.9924208207871827
3,0.2890625,2.990299157943275
3,0.2900390625,2.9882121582796937
3,0.291015625,2.9865031594516216
3,0.2919921875,2.985105643606022
3,0.29296875,2.9837499919490953
3,0.2939453125,2.982414816223387
3,0.294921875,2.981371017609933
3,0.2958984375,2.9804567559626283
3,0.296875,2.978979738907385
3,0.2978515625,2.976423391996948
3,0.298828125,2.973143363607286
3,0.2998046875,2.969811510693151
3,0.30078125,2.966738325236495
3,0.3017578125,2.9638853520443424
3,0.302734375,2.961411224735166
3,0.3037109375,2.9594629834181845
3,0.3046875,2.9579325835023655
3,0.3056640625,2.956583107208574
3,0.306640625,2.955543032963215
3,0.3076171875,2.9549942433388483
3,0.30859375,2.95505540771021
3,0.3095703125,2.955971987957305
3,0.310546875,2.957859111677258
3,0.3115234375,2.959775594138205
3,0.3125,2.9598859393765036
3,0.3134765625,2.95706842043355
3,0.314453125,2.9522631928951872
3,0.3154296875,2.947189278363632
3,0.31640625,2.942818493014587
3,0.3173828125,2.939164849868418
3,0.318359375,2.9360559884403594
3,0.3193359375,2.933430767873507
3,0.3203125,2.9312606101090117
3,0.3212890625,2.929493351275989
3,0.322265625,2.928194680850217
3,0.3232421875,2.9272587240240653
3,0.32421875,2.926425572862241
3,0.3251953125,2.9254393174451865
3,0.326171875,2.9243297131063244
3,0.3271484375,2.923033983708728
3,0.328125,2.921242512992834
3,0.3291015625,2.918729133009674
3,0.330078125,2.9157883980161423
3,0.3310546875,2.912933196203612
3,0.33203125,2.9105165519923872
3,0.3330078125,2.9085709040130348
3,0.333984375,2.9070988999569547
3,0.3349609375,2.906088231834489
3,0.3359375,2.9053982194798187
3,0.3369140625,2.9046716518514266
3,0.337890625,2.9036283372076652
3,0.3388671875,2.9020031903207615
3,0.33984375,2.8997415172474437
3,0.3408203125,2.8971789071344443
3,0.341796875,2.8948861283209952
3,0.3427734375,2.8930682296096077
3,0.34375,2.8913749365261388
3,0.3447265625,2.889313858500831
3,0.345703125,2.8868940058411874
3,0.3466796875,2.8843289062253796
3,0.34765625,2.881866178433604
3,0.3486328125,2.8797013948106374
3,0.349609375,2.877931425037143
3,0.3505859375,2.876455083259698
3,0.3515625,2.8750605694851643
3,0.3525390625,2.873533882435351
3,0.353515625,2.871870979485497
3,0.3544921875,2.8701108436760485
3,0.35546875,2.8683830048478423
3,0.3564453125,2.8668493031386646
3,0.357421875,2.865644242255862
3,0.3583984375,2.864645447653724
3,0.359375,2.8636666488936418
3,0.3603515625,2.8627285136742775
3,0.361328125,2.862155710986435
3,0.3623046875,2.862114422476556
3,0.36328125,2.862378987673795
3,0.3642578125,2.8624523293875193
3,0.365234375,2.862008738698776
3,0.3662109375,2.8610632302994845
3,0.3671875,2.8599908098164137
3,0.3681640625,2.859110429625685
3,0.369140625,2.858520054661942
3,0.3701171875,2.858001314879772
3,0.37109375,2.857288557868208
3,0.3720703125,2.8563611365031147
3,0.373046875,2.855511036501234
3,0.3740234375,2.854778155315991
3,0.375,2.8536306470962978
3,0.3759765625,2.851651240803293
3,0.376953125,2.8493740496502378
3,0.3779296875,2.8473747320182334
3,0.37890625,2.845629547092684
3,0.3798828125,2.843848465441122
3,0.380859375,2.8419882158481173
3,0.3818359375,2.8401831890121247
3,0.3828125,2.8385843784958955
3,0.3837890625,2.8371782955769453
3,0.384765625,2.8357958965767636
3,0.3857421875,2.8342046044328373
3,0.38671875,2.832481235410284
3,0.3876953125,2.830897937682596
3,0.388671875,2.82965538462667
3,0.3896484375,2.828533248738295
3,0.390625,2.8270071376650003
3,0.3916015625,2.8247278074550284
3,0.392578125,2.821952529685011
3,0.3935546875,2.819179777770143
3,0.39453125,2.8167450906418
3,0.3955078125,2.8146740296078847
3,0.396484375,2.8128931777443484
3,0.3974609375,2.8112996393174723
3,0.3984375,2.8098503681426084
3,0.3994140625,2.8085380246473224
3,0.400390625,2.8074650288022176
3,0.4013671875,2.8065754307181674
3,0.40234375,2.8056622272240315
3,0.4033203125,2.8045245147244233
3,0.404296875,2.8031331495501624
3,0.4052734375,2.8015303238292266
3,0.40625,2.7997004699653147
3,0.4072265625,2.79765738430126
3,0.408203125,2.795767702725785
3,0.4091796875,2.7943103543743106
3,0.41015625,2.7931712124322097
3,0.4111328125,2.791979252299694
3,0.412109375,2.7905624747544637
3,0.4130859375,2.7890447489701944
3,0.4140625,2.7876206535201415
3,0.4150390625,2.7863372187264512
3,0.416015625,2.785174799567623
3,0.4169921875,2.783893873701837
3,0.41796875,2.782244228823743
3,0.4189453125,2.7802773980165134
3,0.419921875,2.7784059881859915
3,0.4208984375,2.776858075161731
3,0.421875,2.77541383682945
3,0.4228515625,2.7737179682406468
3,0.423828125,2.7718570571583028
3,0.4248046875,2.7702154466899978
3,0.42578125,2.7690159017904694
3,0.4267578125,2.76820057222798
3,0.427734375,2.7677806807575718
3,0.4287109375,2.767675103848806
3,0.4296875,2.7675013981096717
3,0.4306640625,2.7667340900674295
3,0.431640625,2.7652614919798775
3,0.4326171875,2.763385701455429
3,0.43359375,2.761690700406612
3,0.4345703125,2.760846878278262
3,0.435546875,2.7612126410084574
3,0.4365234375,2.762175456355428
3,0.4375,2.76233210554031
3,0.4384765625,2.760816357625548
3,0.439453125,2.758391729552438
3,0.4404296875,2.7563510422370445
3,0.44140625,2.7551831582548183
3,0.4423828125,2.754510114627622
3,0.443359375,2.7539106795190844
3,0.4443359375,2.753231138883236
3,0.4453125,2.7524460217393236
3,0.4462890625,2.7515999610162485
3,0.447265625,2.750926620653004
3,0.4482421875,2.750526625690402
3,0.44921875,2.750252577062434
3,0.4501953125,2.7498558198833254
3,0.451171875,2.7493018710489894
3,0.4521484375,2.748599999463348
3,0.453125,2.7476852384496144
3,0.4541015625,2.7465585295932304
3,0.455078125,2.7455014430952636
3,0.4560546875,2.7447301013413297
3,0.45703125,2.744131566580112
3,0.4580078125,2.7434492966131496
3,0.458984375,2.7427236301827875
3,0.4599609375,2.7421489736790208
3,0.4609375,2.741760174118911
3,0.4619140625,2.741351991600603
3,0.462890625,2.740812390070792
3,0.4638671875,2.740089363134609
3,0.46484375,2.739192200076205
3,0.4658203125,2.738246075382195
3,0.466796875,2.7374807751692694
3,0.4677734375,2.7369078469087023
3,0.46875,2.7362483728788645
3,0.4697265625,2.7352270328644046
3,0.470703125,2.733938546590702
3,0.4716796875,2.732560263962556
3,0.47265625,2.7312480299717765
3,0.4736328125,2.7300973440273486
3,0.474609375,2.7291595074205697
3,0.4755859375,2.7283936211728577
3,0.4765625,2.7276877925074507
3,0.4775390625,2.7269125595163812
3,0.478515625,2.726104690070357
3,0.4794921875,2.725389357606727
3,0.48046875,2.7249611066654884
3,0.4814453125,2.724892163647458
3,0.482421875,2.7250524051071854
3,0.4833984375,2.725060467886944
3,0.484375,2.7244954608550476
3,0.4853515625,2.7231686741259358
3,0.486328125,2.7214268181822954
3,0.4873046875,2.719900648938693
3,0.48828125,2.718981250440034
3,0.4892578125,2.7185452038912272
3,0.490234375,2.7183113180668244
3,0.4912109375,2.7180616186924427
3,0.4921875,2.717697306047635
3,0.4931640625,2.717143721406156
3,0.494140625,2.716461389399974
3,0.4951171875,2.715697551442667
3,0.49609375,2.714882656804687
3,0.4970703125,2.714176724721331
3,0.498046875,2.7139435298064174
3,0.4990234375,2.7142351676707523
3,0.5,2.7144904687674174
4,0.0009765625,6.120102338824602
4,0.001953125,5.851530988272362
4,0.0029296875,5.4081755988470315
4,0.00390625,5.208802611630365
4,0.0048828125,5.099568996288681
4,0.005859375,4.96422974539004
4,0.0068359375,4.791941922937327
4,0.0078125,4.612957329894325
4,0.0087890625,4.444989830652608
4,0.009765625,4.306540913689856
4,0.0107421875,4.196468796585287
4,0.01171875,4.112404565309005
4,0.0126953125,4.04567998495871
4,0.013671875,3.990673405812056
4,0.0146484375,3.9430867989967724
4,0.015625,3.8978173980788
4,0.0166015625,3.852362620040289
4,0.017578125,3.8164467419877517
4,0.0185546875,3.794264004910208
4,0.01953125,3.7840409013467817
4,0.0205078125,3.7827568201495416
4,0.021484375,3.788817921366685
4,0.0224609375,3.7999704729641195
4,0.0234375,3.8151821428291846
4,0.0244140625,3.8325045578118417
4,0.025390625,3.849828600785414
4,0.0263671875,3.864493368788745
4,0.02734375,3.8751599336205227
4,0.0283203125,3.8808911401011534
4,0.029296875,3.8828716437741835
4,0.0302734375,3.883372262089588
4,0.03125,3.884669004068138
4,0.0322265625,3.887398491648975
4,0.033203125,3.8917737609244836
4,0.0341796875,3.8965186299098993
4,0.03515625,3.900012458493141
4,0.0361328125,3.901827575776766
4,0.037109375,3.903343961948876
4,0.0380859375,3.9053414329691316
4,0.0390625,3.907141184475473
4,0.0400390625,3.9076016192773704
4,0.041015625,3.9072362354504513
4,0.0419921875,3.906746011204657
4,0.04296875,3.906269566287422
4,0.0439453125,3.9050152772130073
4,0.044921875,3.902497245533632
4,0.0458984375,3.8989577400813737
4,0.046875,3.8950397298684103
4,0.0478515625,3.8911433126921504
4,0.048828125,3.8876544103588198
4,0.0498046875,3.8843826863556385
4,0.05078125,3.881434328714411
4,0.0517578125,3.878979627240734
4,0.052734375,3.876958841319494
4,0.0537109375,3.875197508917065
4,0.0546875,3.873731321490696
4,0.0556640625,3.8721978576844425
4,0.056640625,3.8703026429207488
4,0.0576171875,3.8679257469288335
4,0.05859375,3.86536105115197
4,0.0595703125,3.8627586685100233
4,0.060546875,3.859886846799678
4,0.0615234375,3.8560972621458
4,0.0625,3.850743184504942
4,0.0634765625,3.8434705711245405
4,0.064453125,3.834830514103397
4,0.0654296875,3.8256304894723443
4,0.06640625,3.8165839816062017
4,0.0673828125,3.8080081855940056
4,0.068359375,3.7999073235574867
4,0.0693359375,3.792106677613164
4,0.0703125,3.7846290185655236
4,0.0712890625,3.7775404208757077
4,0.072265625,3.770985449957378
4,0.0732421875,3.76487120384543
4,0.07421875,3.7590791853014283
4,0.0751953125,3.7535929641893757
4,0.076171875,3.7486479704215707
4,0.0771484375,3.7443284528418586
4,0.078125,3.7404008045379644
4,0.0791015625,3.7365563186620734
4,0.080078125,3.732944397506913
4,0.0810546875,3.729762950394572
4,0.08203125,3.727053230268086
4,0.0830078125,3.724623748825874
4,0.083984375,3.7222578452159474
4,0.0849609375,3.7197941095897202
4,0.0859375,3.7172621778207926
4,0.0869140625,3.7147778516585577
4,0.087890625,3.712584067422473
4,0.0888671875,3.7105869693475597
4,0.08984375,3.708429028311187
4,0.0908203125,3.7058118533157516
4,0.091796875,3.7028449269309016
4,0.0927734375,3.6997718852587953
4,0.09375,3.696659385809784
4,0.0947265625,3.6934215620223387
4,0.095703125,3.6901827588383624
4,0.0966796875,3.687074300939443
4,0.09765625,3.6842471318877936
4,0.0986328125,3.681821222009425
4,0.099609375,3.6798321664688523
4,0.1005859375,3.6780943922355593
4,0.1015625,3.6763531209807865
4,0.1025390625,3.6744677564164925
4,0.103515625,3.6726224306147888
4,0.1044921875,3.6709221216400443
4,0.10546875,3.669235374456484
4,0.1064453125,3.667335556614128
4,0.107421875,3.66522081816394
4,0.1083984375,3.6630326961767685
4,0.109375,3.660839641138184
4,0.1103515625,3.6585188858444218
4,0.111328125,3.656010712700053
4,0.1123046875,3.6532966653337637
4,0.11328125,3.650447611271392
4,0.1142578125,3.647543954262301
4,0.115234375,3.6446421652930456
4,0.1162109375,3.641754815705882
4,0.1171875,3.63895802787655
4,0.1181640625,3.6362507348000612
4,0.119140625,3.6335811449267985
4,0.1201171875,3.6308369495537556
4,0.12109375,3.6280239977949607
4,0.1220703125,3.6252662112030514
4,0.123046875,3.6226548415312836
4,0.1240234375,3.619970939092224
4,0.125,3.616738071508803
4,0.1259765625,3.612615084553903
4,0.126953125,3.6078677405719937
4,0.1279296875,3.60290453340823
4,0.12890625,3.5978993836202284
4,0.1298828125,3.5928429361776932
4,0.130859375,3.5878147651648353
4,0.1318359375,3.5829423965518865
4,0.1328125,3.578276041526146
4,0.1337890625,3.5736858599692725
4,0.134765625,3.5689771503233314
4,0.1357421875,3.5640160264040066
4,0.13671875,3.5589421558170997
4,0.1376953125,3.5539556328860358
4,0.138671875,3.5491352211548652
4,0.1396484375,3.5443437377083975
4,0.140625,3.539346605768781
4,0.1416015625,3.534026364838817
4,0.142578125,3.5285405851228937
4,0.1435546875,3.5229923482593004
4,0.14453125,3.5173034914284784
4,0.1455078125,3.5113601152412857
4,0.146484375,3.505223914021463
4,0.1474609375,3.49900980145377
4,0.1484375,3.4927633253004786
4,0.1494140625,3.486474032016026
4,0.150390625,3.4802297340453987
4,0.1513671875,3.474056505453742
4,0.15234375,3.4678439183304506
4,0.1533203125,3.4613908305694285
4,0.154296875,3.454621527592983
4,0.1552734375,3.4476023342957878
4,0.15625,3.4404812204769963
4,0.1572265625,3.4333682625133433
4,0.158203125,3.4263735466480227
4,0.1591796875,3.4194775529521118
4,0.16015625,3.4125823669140476
4,0.1611328125,3.4056651435314214
4,0.162109375,3.3988643475385767
4,0.1630859375,3.392273332484146
4,0.1640625,3.385825788252337
4,0.1650390625,3.379353983918132
4,0.166015625,3.3728501089536627
4,0.1669921875,3.366392650769066
4,0.16796875,3.3600301712975726
4,0.1689453125,3.3536760159203753
4,0.169921875,3.347202426165676
4,0.1708984375,3.340587290406214
4,0.171875,3.333995208027485
4,0.1728515625,3.327568098697823
4,0.173828125,3.3213217536425987
4,0.1748046875,3.315101798563662
4,0.17578125,3.3087722660383934
4,0.1767578125,3.3023761380270815
4,0.177734375,3.2961160911908127
4,0.1787109375,3.290038160637665
4,0.1796875,3.2839664934057784
4,0.1806640625,3.2777540170100288
4,0.181640625,3.2715571921036686
4,0.1826171875,3.265581867310387
4,0.18359375,3.2598346335014177
4,0.1845703125,3.2541321639661676
4,0.185546875,3.248333610593402
4,0.1865234375,3.242421092294799
4,0.1875,3.236445207888487
4,0.1884765625,3.230390945402672
4,0.189453125,3.224241235066418
4,0.1904296875,3.217953805734237
4,0.19140625,3.2115784842803907
4,0.1923828125,3.2052613503231466
4,0.193359375,3.19916703196977
4,0.1943359375,3.193310191221324
4,0.1953125,3.1875538053459813
4,0.1962890625,3.1817505351586317
4,0.197265625,3.1759318427025085
4,0.1982421875,3.170126760021498
4,0.19921875,3.1642572117501273
4,0.2001953125,3.1582224433518444
4,0.201171875,3.1520768016969885
4,0.2021484375,3.145967105528468
4,0.203125,3.1400133559977896
4,0.2041015625,3.134246885026549
4,0.205078125,3.1286993040324593
4,0.2060546875,3.1233406756537407
4,0.20703125,3.1181282386506157
4,0.2080078125,3.113024033881064
4,0.208984375,3.108017806213759
4,0.2099609375,3.103147913819287
4,0.2109375,3.0985261234025945
4,0.2119140625,3.0941929689844474
4,0.212890625,3.0901159884635856
4,0.2138671875,3.0861927826596953
4,0.21484375,3.0823856750496343
4,0.2158203125,3.07873302950451
4,0.216796875,3.075295502565384
4,0.2177734375,3.072009494105949
4,0.21875,3.06868258793309
4,0.2197265625,3.0651590900906682
4,0.220703125,3.061526313779504
4,0.2216796875,3.0579503540353166
4,0.22265625,3.0545382163221833
4,0.2236328125,3.051298126276687
4,0.224609375,3.048230373070842
4,0.2255859375,3.0453477033267364
4,0.2265625,3.0426898220917242
4,0.2275390625,3.0402652437868873
4,0.228515625,3.0380664623915656
4,0.2294921875,3.0360208930796224
4,0.23046875,3.0340444227804504
4,0.2314453125,3.0320782299964635
4,0.232421875,3.03016095290495
4,0.2333984375,3.02835219832817
4,0.234375,3.026668669229573
4,0.2353515625,3.0250797058242034
4,0.236328125,3.023607743821345
4,0.2373046875,3.0222666583855875
4,0.23828125,3.021079600114621
4,0.2392578125,3.0200681402529974
4,0.240234375,3.0192338261647444
4,0.2412109375,3.0185110274610465
4,0.2421875,3.0178300593908194
4,0.2431640625,3.0171931359294595
4,0.244140625,3.0167616319993535
4,0.2451171875,3.016673668622746
4,0.24609375,3.0169206671127995
4,0.2470703125,3.0173246734513253
4,0.248046875,3.0176656157377435
4,0.2490234375,3.017817784068582
4,0.25,3.0177837656074247
4,0.2509765625,3.0175928206995044
4,0.251953125,3.0173093053525633
4,0.2529296875,3.016923755180781
4,0.25390625,3.0164536057642857
4,0.2548828125,3.016034335178381
4,0.255859375,3.0158686515278754
4,0.2568359375,3.0160208246990305
4,0.2578125,3.016361273846912
4,0.2587890625,3.016728692059009
4,0.259765625,3.0171362159344635
4,0.2607421875,3.0176484357842517
4,0.26171875,3.0182742269339835
4,0.2626953125,3.0189695258298825
4,0.263671875,3.019732079022425
4,0.2646484375,3.020560829754162
4,0.265625,3.0214181468151913
4,0.2666015625,3.022275173092943
4,0.267578125,3.0232231967909113
4,0.2685546875,3.0243143365732403
4,0.26953125,3.0254721052893436
4,0.2705078125,3.0265841841672483
4,0.271484375,3.027646671008081
4,0.2724609375,3.028716536935311
4,0.2734375,3.0298569423951904
4,0.2744140625,3.031085415055606
4,0.275390625,3.0324050313183695
4,0.2763671875,3.0337650416765927
4,0.27734375,3.035094465204278
4,0.2783203125,3.036334979212201
4,0.279296875,3.0374978032646935
4,0.2802734375,3.0386339631342176
4,0.28125,3.0398164124295652
4,0.2822265625,3.041086812858347
4,0.283203125,3.042472100832222
4,0.2841796875,3.043940026765803
4,0.28515625,3.0454529966052535
4,0.2861328125,3.0469853708289705
4,0.287109375,3.048541527281244
4,0.2880859375,3.050153076092998
4,0.2890625,3.051882766090721
4,0.2900390625,3.05374598612972
4,0.291015625,3.0556996111282255
4,0.2919921875,3.0576457281045677
4,0.29296875,3.059540800034643
4,0.2939453125,3.0613988997023327
4,0.294921875,3.0632765921469156
4,0.2958984375,3.065190898069635
4,0.296875,3.0670916070499015
4,0.2978515625,3.068939550540506
4,0.298828125,3.070817641949161
4,0.2998046875,3.072788182559099
4,0.30078125,3.074812676670384
4,0.3017578125,3.076818533529267
4,0.302734375,3.078807919880223
4,0.3037109375,3.0808062447229947
4,0.3046875,3.0828097849485996
4,0.3056640625,3.084774085919682
4,0.306640625,3.0866979748745114
4,0.3076171875,3.08863314738133
4,0.30859375,3.0906823306103406
4,0.3095703125,3.092913763836074
4,0.310546875,3.0953097340721705
4,0.3115234375,3.0977520425227065
4,0.3125,3.100098990894386
4,0.3134765625,3.1022777710559732
4,0.314453125,3.1043848173156916
4,0.3154296875,3.1065391115378014
4,0.31640625,3.108778900536822
4,0.3173828125,3.1110610464360646
4,0.318359375,3.1133397322543654
4,0.3193359375,3.1155999777435186
4,0.3203125,3.1178718724239163
4,0.3212890625,3.1201822893682207
4,0.322265625,3.122549627120899
4,0.3232421875,3.1249477702114508
4,0.32421875,3.1273497846398604
4,0.3251953125,3.129748426254058
4,0.326171875,3.1321727689920116
4,0.3271484375,3.1346069267272147
4,0.328125,3.1369779995746545
4,0.3291015625,3.1392548587560167
4,0.330078125,3.141542068824916
4,0.3310546875,3.1439293395289423
4,0.33203125,3.1463962709444897
4,0.3330078125,3.1488687466185823
4,0.333984375,3.151341525912863
4,0.3349609375,3.1538496926771784
4,0.3359375,3.156399276267157
4,0.3369140625,3.1589302174567684
4,0.337890625,3.1613884775890453
4,0.3388671875,3.1637674650179086
4,0.33984375,3.1661537001988007
4,0.3408203125,3.168638738286012
4,0.341796875,3.1712497213168795
4,0.3427734375,3.173927183493628
4,0.34375,3.176592537335111
4,0.3447265625,3.179220478622723
4,0.345703125,3.181864381046253
4,0.3466796875,3.184522427066184
4,0.34765625,3.1871164533582
4,0.3486328125,3.189562445635247
4,0.349609375,3.1918664890876403
4,0.3505859375,3.1941128012767934
4,0.3515625,3.1963949529501354
4,0.3525390625,3.198697559595261
4,0.353515625,3.2009391634911646
4,0.3544921875,3.203079823620379
4,0.35546875,3.205209681392862
4,0.3564453125,3.2074374395989116
4,0.357421875,3.209753480271769
4,0.3583984375,3.2119779980215877
4,0.359375,3.213890903670854
4,0.3603515625,3.215436026752483
4,0.361328125,3.2168055344180013
4,0.3623046875,3.218165657690936
4,0.36328125,3.219458895320163
4,0.3642578125,3.220512331535784
4,0.365234375,3.2212533540392996
4,0.3662109375,3.2217310258637144
4,0.3671875,3.222033871198695
4,0.3681640625,3.2221385390454413
4,0.369140625,3.221947977189133
4,0.3701171875,3.221446527049887
4,0.37109375,3.2207897775133305
4,0.3720703125,3.2201417712935716
4,0.373046875,3.2195008679040087
4,0.3740234375,3.21867466578162
4,0.375,3.217444713332153
4,0.3759765625,3.215768989681241
4,0.376953125,3.213866047096658
4,0.3779296875,3.2119563574562475
4,0.37890625,3.210059542670878
4,0.3798828125,3.2080087320221384
4,0.380859375,3.2056432311021537
4,0.3818359375,3.2029571737116274
4,0.3828125,3.200120126795723
4,0.3837890625,3.197300372359861
4,0.384765625,3.1945221929133
4,0.3857421875,3.1916618602207114
4,0.38671875,3.1886149743453434
4,0.3876953125,3.185405286402701
4,0.388671875,3.1821800238060223
4,0.3896484375,3.1790251673953134
4,0.390625,3.175843170873007
4,0.3916015625,3.1724573074066718
4,0.392578125,3.168839172484219
4,0.3935546875,3.1651128192861875
4,0.39453125,3.1614495019145035
4,0.3955078125,3.1579193655833047
4,0.396484375,3.1544611223320898
4,0.3974609375,3.1509961396423636
4,0.3984375,3.1475630848701193
4,0.3994140625,3.144248853996486
4,0.400390625,3.1410827096184724
4,0.4013671875,3.1379666323296562
4,0.40234375,3.134765977977246
4,0.4033203125,3.131426995232986
4,0.404296875,3.128029784456024
4,0.4052734375,3.1246740657929886
4,0.40625,3.1213730441834806
4,0.4072265625,3.118075664338729
4,0.408203125,3.1148127356935302
4,0.4091796875,3.111669124728383
4,0.41015625,3.108701104548227
4,0.4111328125,3.105867338328482
4,0.412109375,3.10306296976523
4,0.4130859375,3.1002157253985927
4,0.4140625,3.0973648229631334
4,0.4150390625,3.0945854555028003
4,0.416015625,3.091906851485301
4,0.4169921875,3.0892702812972073
4,0.41796875,3.086618066462408
4,0.4189453125,3.0839597836407275
4,0.419921875,3.0813863668482786
4,0.4208984375,3.078952801948703
4,0.421875,3.076603417401184
4,0.4228515625,3.0742330725086404
4,0.423828125,3.0718280128647963
4,0.4248046875,3.069446528363473
4,0.42578125,3.067149739444331
4,0.4267578125,3.064933128561996
4,0.427734375,3.0627467439608034
4,0.4287109375,3.060554391544768
4,0.4296875,3.0583942959094474
4,0.4306640625,3.056323587257558
4,0.431640625,3.054372228340655
4,0.4326171875,3.05251474609131
4,0.43359375,3.050722811254331
4,0.4345703125,3.048985050280403
4,0.435546875,3.047294533618449
4,0.4365234375,3.045571226310497
4,0.4375,3.0436750000829726
4,0.4384765625,3.041543973509965
4,0.439453125,3.0393083044784057
4,0.4404296875,3.037108155501086
4,0.44140625,3.0349557787849317
4,0.4423828125,3.0327980035094453
4,0.443359375,3.030661102431831
4,0.4443359375,3.028629256117983
4,0.4453125,3.026746783644374
4,0.4462890625,3.0249532696932713
4,0.447265625,3.0231517586632393
4,0.4482421875,3.021283241768834
4,0.44921875,3.0193856030553015
4,0.4501953125,3.017503121240435
4,0.451171875,3.01561193671815
4,0.4521484375,3.013636375279669
4,0.453125,3.0115361362843145
4,0.4541015625,3.00934454974931
4,0.455078125,3.0071669638973932
4,0.4560546875,3.005049074302944
4,0.45703125,3.0029510753682183
4,0.4580078125,3.0008629393274737
4,0.458984375,2.998896538072875
4,0.4599609375,2.9971862994114677
4,0.4609375,2.995767032780311
4,0.4619140625,2.9945142044042066
4,0.462890625,2.9932423504680052
4,0.4638671875,2.9918137239122906
4,0.46484375,2.990237509561868
4,0.4658203125,2.988637103737655
4,0.466796875,2.987158410300603
4,0.4677734375,2.9858516741920287
4,0.46875,2.9846443641647937
4,0.4697265625,2.9834185308099266
4,0.470703125,2.9821412089264188
4,0.4716796875,2.980825303749301
4,0.47265625,2.9794789645829285
4,0.4736328125,2.9780822426958107
4,0.474609375,2.9766220782351973
4,0.4755859375,2.9751199975910056
4,0.4765625,2.973670332771959
4,0.4775390625,2.972383902391661
4,0.478515625,2.9713350142490595
4,0.4794921875,2.9705091882799053
4,0.48046875,2.9698347674544032
4,0.4814453125,2.9692215227411363
4,0.482421875,2.9686316586056756
4,0.4833984375,2.968083533115444
4,0.484375,2.967615967588644
4,0.4853515625,2.967223412611473
4,0.486328125,2.9668705920853653
4,0.4873046875,2.9665088649041036
4,0.48828125,2.96614176310918
4,0.4892578125,2.9658063320316583
4,0.490234375,2.965524309479117
4,0.4912109375,2.965264966025421
4,0.4921875,2.9649842122544308
4,0.4931640625,2.964665014147923
4,0.494140625,2.9643612103811043
4,0.4951171875,2.9641158085732577
4,0.49609375,2.9639079840450795
4,0.4970703125,2.9636575598818244
4,0.498046875,2.9633202196801878
4,0.4990234375,2.9629872229918517
4,0.5,2.962848667223387
5,0.0009765625,9.467736147726805
5,0.001953125,9.083268832345526
5,0.0029296875,8.354862266170384
5,0.00390625,7.66698905491187
5,0.0048828125,6.93640033377397
5,0.005859375,6.161036073279188
5,0.0068359375,5.477282316116316
5,0.0078125,5.083348567454032
5,0.0087890625,4.935913738205962
5,0.009765625,4.846301184326188
5,0.0107421875,4.729496375078336
5,0.01171875,4.606629318714097
5,0.0126953125,4.488956095369127
5,0.013671875,4.4002568885378865
5,0.0146484375,4.335678205049134
5,0.015625,4.261209201103992
5,0.0166015625,4.160484424405281
5,0.017578125,4.0622567976595105
5,0.0185546875,3.9768149547734244
5,0.01953125,3.90690244310294
5,0.0205078125,3.8580027540279924
5,0.021484375,3.82820810314233
5,0.0224609375,3.808003690927554
5,0.0234375,3.793504160787278
5,0.0244140625,3.775012367777436
5,0.025390625,3.741998709442047
5,0.0263671875,3.7011714128888484
5,0.02734375,3.6781278459384597
5,0.0283203125,3.6832520255160994
5,0.029296875,3.711168225950938
5,0.0302734375,3.7448659995388294
5,0.03125,3.7536714086341187
5,0.0322265625,3.7194153226852746
5,0.033203125,3.663617570385894
5,0.0341796875,3.6136456844817277
5,0.03515625,3.5800042720749876
5,0.0361328125,3.5609804712358604
5,0.037109375,3.5509983171152073
5,0.0380859375,3.545360992579175
5,0.0390625,3.5434464196611835
5,0.0400390625,3.5411595850291038
5,0.041015625,3.534667799100866
5,0.0419921875,3.526232754584082
5,0.04296875,3.522293780660403
5,0.0439453125,3.5236810652239057
5,0.044921875,3.5282196869846065
5,0.0458984375,3.5339803312599676
5,0.046875,3.5377362372509173
5,0.0478515625,3.535939455425267
5,0.048828125,3.531591320954108
5,0.0498046875,3.526951632385646
5,0.05078125,3.523275554939734
5,0.0517578125,3.5222090420449788
5,0.052734375,3.524196864890525
5,0.0537109375,3.526401047010023
5,0.0546875,3.5269894246752362
5,0.0556640625,3.525708000842763
5,0.056640625,3.5236531500439487
5,0.0576171875,3.523512535877312
5,0.05859375,3.530037067104108
5,0.0595703125,3.5434362188569613
5,0.060546875,3.5599040731129676
5,0.0615234375,3.5730644942043552
5,0.0625,3.5743511912552495
5,0.0634765625,3.5608219034509188
5,0.064453125,3.542440625476158
5,0.0654296875,3.5278964300553803
5,0.06640625,3.5190679193692556
5,0.0673828125,3.5153109942674434
5,0.068359375,3.514717901880391
5,0.0693359375,3.5142150690426917
5,0.0703125,3.5129023114289377
5,0.0712890625,3.510717687214356
5,0.072265625,3.50871227406629
5,0.0732421875,3.5081388298396745
5,0.07421875,3.5099410104880913
5,0.0751953125,3.513285745693441
5,0.076171875,3.516399110354544
5,0.0771484375,3.5167056170079096
5,0.078125,3.51279207439873
5,0.0791015625,3.5057067053014848
5,0.080078125,3.499359789229442
5,0.0810546875,3.4953125423597933
5,0.08203125,3.4936212790903993
5,0.0830078125,3.494754098275134
5,0.083984375,3.4971611176186492
5,0.0849609375,3.4968030015918856
5,0.0859375,3.4933102601993515
5,0.0869140625,3.4890563949646607
5,0.087890625,3.4854261760505794
5,0.0888671875,3.4824872048754236
5,0.08984375,3.480977050326765
5,0.0908203125,3.4801344569379467
5,0.091796875,3.479456946471089
5,0.0927734375,3.479704684240357
5,0.09375,3.4794295175525978
5,0.0947265625,3.4766479824640055
5,0.095703125,3.474329048474963
5,0.0966796875,3.47432125698158
5,0.09765625,3.475581595419404
5,0.0986328125,3.477076244458113
5,0.099609375,3.4781454567221664
5,0.1005859375,3.4782725812580453
5,0.1015625,3.478205339282002
5,0.1025390625,3.4780088814702563
5,0.103515625,3.477348378303043
5,0.1044921875,3.4764142457421197
5,0.10546875,3.476295002082809
5,0.1064453125,3.477165422071269
5,0.107421875,3.478823263820509
5,0.1083984375,3.4810484857769435
5,0.109375,3.4831116802207966
5,0.1103515625,3.4835981876097146
5,0.111328125,3.482392327171591
5,0.1123046875,3.480156042122921
5,0.11328125,3.4783485586152856
5,0.1142578125,3.4777337163351336
5,0.115234375,3.4778109858841217
5,0.1162109375,3.4775233869425395
5,0.1171875,3.476913793810523
5,0.1181640625,3.4760344025362215
5,0.119140625,3.4744820199857056
5,0.1201171875,3.4724869678504704
5,0.12109375,3.4716775532392936
5,0.1220703125,3.472462241892769
5,0.123046875,3.4744351525128736
5,0.1240234375,3.477076301404803
5,0.125,3.4783507574264267
5,0.1259765625,3.476097234892636
5,0.126953125,3.471653262619431
5,0.1279296875,3.466837212812894
5,0.12890625,3.462353241424254
5,0.1298828125,3.4585960079218028
5,0.130859375,3.4557572690300784
5,0.1318359375,3.453706518649189
5,0.1328125,3.4527521082315755
5,0.1337890625,3.4525306199844197
5,0.134765625,3.4524038400042425
5,0.1357421875,3.4523970480596162
5,0.13671875,3.4532194239253435
5,0.1376953125,3.454625077793066
5,0.138671875,3.455766373230863
5,0.1396484375,3.4560568786879378
5,0.140625,3.4554425288161896
5,0.1416015625,3.4538805049086814
5,0.142578125,3.4518691417195564
5,0.1435546875,3.449936127454314
5,0.14453125,3.4488849763145244
5,0.1455078125,3.4492077429800716
5,0.146484375,3.4505822778149393
5,0.1474609375,3.451975032595615
5,0.1484375,3.4528465274083495
5,0.1494140625,3.4530477032080795
5,0.150390625,3.452696729178678
5,0.1513671875,3.452267008419579
5,0.15234375,3.4529109765268298
5,0.1533203125,3.4551143252379255
5,0.154296875,3.458577913470486
5,0.1552734375,3.4622112425923364
5,0.15625,3.463952008781546
5,0.1572265625,3.462573635674947
5,0.158203125,3.4598645341587466
5,0.1591796875,3.4576487443306734
5,0.16015625,3.456552228750405
5,0.1611328125,3.456797404850077
5,0.162109375,3.4579364239911143
5,0.1630859375,3.4589164047795378
5,0.1640625,3.4595076322627514
5,0.1650390625,3.459655650766544
5,0.166015625,3.459261161124225
5,0.1669921875,3.458831394275987
5,0.16796875,3.459485876417185
5,0.1689453125,3.4612443285141565
5,0.169921875,3.4633992235760185
5,0.1708984375,3.465505838049035
5,0.171875,3.467121665772387
5,0.1728515625,3.467488015492779
5,0.173828125,3.466866920685898
5,0.1748046875,3.4660090239799652
5,0.17578125,3.465844678322944
5,0.1767578125,3.466892998170173
5,0.177734375,3.468643939440497
5,0.1787109375,3.470003287097931
5,0.1796875,3.4711635022658416
5,0.1806640625,3.4728352925201573
5,0.181640625,3.4747103424100345
5,0.1826171875,3.4759704517184904
5,0.18359375,3.477149538513103
5,0.1845703125,3.479114925846199
5,0.185546875,3.482129226986975
5,0.1865234375,3.48566186750605
5,0.1875,3.488189388761954
5,0.1884765625,3.4883468959741717
5,0.189453125,3.487200331165347
5,0.1904296875,3.4863399737506575
5,0.19140625,3.4863498898396648
5,0.1923828125,3.4871218428262
5,0.193359375,3.4883847833485864
5,0.1943359375,3.489707583507744
5,0.1953125,3.4910563120766414
5,0.1962890625,3.492320538160037
5,0.197265625,3.4934331431835424
5,0.1982421875,3.4945406692485994
5,0.19921875,3.496014690217784
5,0.2001953125,3.4979049920996816
5,0.201171875,3.5001992602084258
5,0.2021484375,3.502782546173366
5,0.203125,3.5052839295309
5,0.2041015625,3.50717454221048
5,0.205078125,3.508619232930895
5,0.2060546875,3.509786935884987
5,0.20703125,3.5109147834039502
5,0.2080078125,3.5122738734467926
5,0.208984375,3.5137876875141174
5,0.2099609375,3.514917858779648
5,0.2109375,3.515671356171936
5,0.2119140625,3.5165348908267227
5,0.212890625,3.517817231926002
5,0.2138671875,3.5192679959891295
5,0.21484375,3.520900327858009
5,0.2158203125,3.5228924613032495
5,0.216796875,3.525523034575754
5,0.2177734375,3.52867037263218
5,0.21875,3.53127933033896
5,0.2197265625,3.532343373758737
5,0.220703125,3.5325528626980285
5,0.2216796875,3.532717154855817
5,0.22265625,3.5330323325077453
5,0.2236328125,3.5335518066288905
5,0.224609375,3.5341606838975888
5,0.2255859375,3.5344808317762615
5,0.2265625,3.534698762063769
5,0.2275390625,3.5351029508634375
5,0.228515625,3.535830863113976
5,0.2294921875,3.5369001013132144
5,0.23046875,3.53840908032256
5,0.2314453125,3.540210905904351
5,0.232421875,3.5421708915610863
5,0.2333984375,3.544138828348431
5,0.234375,3.545781132402493
5,0.2353515625,3.5466473495988073
5,0.236328125,3.547013713776442
5,0.2373046875,3.5472842708300094
5,0.23828125,3.5478070196439524
5,0.2392578125,3.5486781288303697
5,0.240234375,3.549794302076896
5,0.2412109375,3.5507748614976946
5,0.2421875,3.551721342470124
5,0.2431640625,3.552936275570327
5,0.244140625,3.554377095704467
5,0.2451171875,3.5557946455453004
5,0.24609375,3.5575171010957534
5,0.2470703125,3.5600078212511383
5,0.248046875,3.563644050283519
5,0.2490234375,3.5679757365246965
5,0.25,3.5708121498408087
5,0.2509765625,3.570324103836302
5,0.251953125,3.5681102694945324
5,0.2529296875,3.566111791521496
5,0.25390625,3.564739271353843
5,0.2548828125,3.563846133587304
5,0.255859375,3.5632535354612322
5,0.2568359375,3.562732959672855
5,0.2578125,3.5623468035388517
5,0.2587890625,3.561794135060601
5,0.259765625,3.5605424748986345
5,0.2607421875,3.5586791327899796
5,0.26171875,3.5571459551496116
5,0.2626953125,3.5564940297492944
5,0.263671875,3.556637215665313
5,0.2646484375,3.5569726975626224
5,0.265625,3.5567617815831083
5,0.2666015625,3.555500231231462
5,0.267578125,3.553586120229975
5,0.2685546875,3.5514362139982407
5,0.26953125,3.5492538043218773
5,0.2705078125,3.5471997860563325
5,0.271484375,3.545458801766179
5,0.2724609375,3.5438842425892045
5,0.2734375,3.5422906574571686
5,0.2744140625,3.540536267849367
5,0.275390625,3.53856958595811
5,0.2763671875,3.5364349106042496
5,0.27734375,3.5344952434307144
5,0.2783203125,3.532829585523662
5,0.279296875,3.5314333528937785
5,0.2802734375,3.530119667904561
5,0.28125,3.528025476280767
5,0.2822265625,3.524454143929134
5,0.283203125,3.520340754950908
5,0.2841796875,3.5166972485367984
5,0.28515625,3.513645564976793
5,0.2861328125,3.510921678024847
5,0.287109375,3.508240395584902
5,0.2880859375,3.5053509508149836
5,0.2890625,3.50240225942602
5,0.2900390625,3.4994988804789173
5,0.291015625,3.496633962225851
5,0.2919921875,3.4937445646083263
5,0.29296875,3.4909605364253378
5,0.2939453125,3.488359878758135
5,0.294921875,3.486033501813779
5,0.2958984375,3.483909464103151
5,0.296875,3.481585960306968
5,0.2978515625,3.478529144380367
5,0.298828125,3.4748852287230236
5,0.2998046875,3.4709974304655815
5,0.30078125,3.4672348871552225
5,0.3017578125,3.4638279048268035
5,0.302734375,3.4607361473668456
5,0.3037109375,3.4576614531355907
5,0.3046875,3.4546117843879856
5,0.3056640625,3.4517690447723126
5,0.306640625,3.4492215284923318
5,0.3076171875,3.446956030222567
5,0.30859375,3.445276382559977
5,0.3095703125,3.444319019543587
5,0.310546875,3.443952651288685
5,0.3115234375,3.44352671039642
5,0.3125,3.44178280259209
5,0.3134765625,3.438003179678261
5,0.314453125,3.4332878606942763
5,0.3154296875,3.4288639905132534
5,0.31640625,3.4251669136481366
5,0.3173828125,3.4221050647661175
5,0.318359375,3.4192970929780904
5,0.3193359375,3.4164181241324756
5,0.3203125,3.413657376423661
5,0.3212890625,3.4109746437955017
5,0.322265625,3.408151657762632
5,0.3232421875,3.405323261825463
5,0.32421875,3.4030775051333615
5,0.3251953125,3.4016302540616277
5,0.326171875,3.4006787077244627
5,0.3271484375,3.3995751269366794
5,0.328125,3.3977746603163044
5,0.3291015625,3.3951466428887733
5,0.330078125,3.3922630969353667
5,0.3310546875,3.3895858904741565
5,0.33203125,3.3873969523493375
5,0.3330078125,3.385833749941198
5,0.333984375,3.3846480394158798
5,0.3349609375,3.3831466103210164
5,0.3359375,3.381080795664871
5,0.3369140625,3.378727927696369
5,0.337890625,3.376484912028569
5,0.3388671875,3.3745407548403654
5,0.33984375,3.373045890893039
5,0.3408203125,3.3717579646052225
5,0.341796875,3.370384589999345
5,0.3427734375,3.368751352841458
5,0.34375,3.366418547139063
5,0.3447265625,3.3631080014734955
5,0.345703125,3.3595907764058373
5,0.3466796875,3.3564021309337817
5,0.34765625,3.3535853788925767
5,0.3486328125,3.351161302282339
5,0.349609375,3.3489395666558317
5,0.3505859375,3.3465309036077167
5,0.3515625,3.344044706954714
5,0.3525390625,3.3417057567616926
5,0.353515625,3.3395651258180385
5,0.3544921875,3.3375570885477055
5,0.35546875,3.3357818348201915
5,0.3564453125,3.334133487109566
5,0.357421875,3.332366523878532
5,0.3583984375,3.3302730323345293
5,0.359375,3.327777898735233
5,0.3603515625,3.3248563488881397
5,0.361328125,3.321841948325841
5,0.3623046875,3.318980756842739
5,0.36328125,3.316471576396588
5,0.3642578125,3.3144048542682785
5,0.365234375,3.3125766303241635
5,0.3662109375,3.310475898308398
5,0.3671875,3.3080628384714332
5,0.3681640625,3.305640555501762
5,0.369140625,3.30337878420607
5,0.3701171875,3.3013244774367347
5,0.37109375,3.2997743024782915
5,0.3720703125,3.2986457314585507
5,0.373046875,3.297680071005753
5,0.3740234375,3.296659344901383
5,0.375,3.2947881171412634
5,0.3759765625,3.291211690879736
5,0.376953125,3.286589286271727
5,0.3779296875,3.2818526605403164
5,0.37890625,3.2774462575583487
5,0.3798828125,3.273689812975763
5,0.380859375,3.270689097990054
5,0.3818359375,3.2681681949741064
5,0.3828125,3.2660152058684053
5,0.3837890625,3.2639790162142783
5,0.384765625,3.261664162473833
5,0.3857421875,3.258997817730355
5,0.38671875,3.256498065979829
5,0.3876953125,3.2543827902003932
5,0.388671875,3.2523254096478613
5,0.3896484375,3.249894507319325
5,0.390625,3.247017521195456
5,0.3916015625,3.243754603021887
5,0.392578125,3.240356588263654
5,0.3935546875,3.2369535573966193
5,0.39453125,3.233779618833968
5,0.3955078125,3.2309955649499944
5,0.396484375,3.2284087460350634
5,0.3974609375,3.22557930062669
5,0.3984375,3.2225024340171844
5,0.3994140625,3.219428543326257
5,0.400390625,3.2165279618819147
5,0.4013671875,3.2138227411826468
5,0.40234375,3.211572433726247
5,0.4033203125,3.2098514781689516
5,0.404296875,3.2085712027175863
5,0.4052734375,3.2074125643369236
5,0.40625,3.205460302250202
5,0.4072265625,3.2019250334851423
5,0.408203125,3.1975401690075365
5,0.4091796875,3.1932661576626447
5,0.41015625,3.1895490510162974
5,0.4111328125,3.186648182612525
5,0.412109375,3.184450732491403
5,0.4130859375,3.1824436719555997
5,0.4140625,3.1804954739590316
5,0.4150390625,3.178495853909647
5,0.416015625,3.1761832450621887
5,0.4169921875,3.173637643942705
5,0.41796875,3.171486592920696
5,0.4189453125,3.169943140449552
5,0.419921875,3.168850067235084
5,0.4208984375,3.1679810706657916
5,0.421875,3.1668386833380127
5,0.4228515625,3.1647275976687164
5,0.423828125,3.1617536185054553
5,0.4248046875,3.1585453218601414
5,0.42578125,3.155714156749247
5,0.4267578125,3.15337090180352
5,0.427734375,3.151336468443025
5,0.4287109375,3.1493133509699316
5,0.4296875,3.1472210298813166
5,0.4306640625,3.1451467336633536
5,0.431640625,3.1431873340881564
5,0.4326171875,3.141285362862988
5,0.43359375,3.1396930559889116
5,0.4345703125,3.1386363194048337
5,0.435546875,3.13813198910114
5,0.4365234375,3.137841266601377
5,0.4375,3.1368968710288634
5,0.4384765625,3.1345428533698914
5,0.439453125,3.1313751477867755
5,0.4404296875,3.1282696167036153
5,0.44140625,3.1256443043443842
5,0.4423828125,3.123514193041655
5,0.443359375,3.1216190665400614
5,0.4443359375,3.1196441250892883
5,0.4453125,3.1177205466855447
5,0.4462890625,3.115905757871189
5,0.447265625,3.114132479312731
5,0.4482421875,3.1124733021038233
5,0.44921875,3.1112265325934736
5,0.4501953125,3.1104357516934256
5,0.451171875,3.109839241219841
5,0.4521484375,3.1089711565603135
5,0.453125,3.107488657660841
5,0.4541015625,3.1052693811272873
5,0.455078125,3.1026688042393644
5,0.4560546875,3.1000167928496367
5,0.45703125,3.0976936933192216
5,0.4580078125,3.095957025726314
5,0.458984375,3.09459562997565
5,0.4599609375,3.0930277215398867
5,0.4609375,3.091124050581772
5,0.4619140625,3.0892163752101003
5,0.462890625,3.0876153940743394
5,0.4638671875,3.086240477643681
5,0.46484375,3.0850722260896917
5,0.4658203125,3.084111227719015
5,0.466796875,3.0834114519978733
5,0.4677734375,3.08281005418301
5,0.46875,3.081623691921439
5,0.4697265625,3.0793201022348216
5,0.470703125,3.076574138152856
5,0.4716796875,3.0741234829360065
5,0.47265625,3.072256260964436
5,0.4736328125,3.0710077909187725
5,0.474609375,3.0700368446633597
5,0.4755859375,3.068806730380114
5,0.4765625,3.0674688502098943
5,0.4775390625,3.0663610903359735
5,0.478515625,3.065509571602511
5,0.4794921875,3.064763414701225
5,0.48046875,3.0642864036733797
5,0.4814453125,3.0641850737720198
5,0.482421875,3.064318249811054
5,0.4833984375,3.064333539779752
5,0.484375,3.06390958882996
5,0.4853515625,3.0629871901301366
5,0.486328125,3.06213216628807
5,0.4873046875,3.0616048276606787
5,0.48828125,3.061273508498211
5,0.4892578125,3.060957755217386
5,0.490234375,3.060647738179383
5,0.4912109375,3.060180425190599
5,0.4921875,3.059723778761133
5,0.4931640625,3.0595610329156266
5,0.494140625,3.0596597287092044
5,0.4951171875,3.059890067055183
5,0.49609375,3.0605847181138843
5,0.4970703125,3.0619017384996043
5,0.498046875,3.0638540785795656
5,0.4990234375,3.066193203590005
5,0.5,3.067432298567791
6,0.0009765625,6.160737256126409
6,0.001953125,5.851148525487103
6,0.0029296875,5.261832836712631
6,0.00390625,4.882322396063385
6,0.0048828125,4.685138709608971
6,0.005859375,4.594141201427494
6,0.0068359375,4.526330389936368
6,0.0078125,4.4732965918792695
6,0.0087890625,4.438169037850188
6,0.009765625,4.424712408243246
6,0.0107421875,4.416951549850422
6,0.01171875,4.404111981403313
6,0.0126953125,4.381235562661951
6,0.013671875,4.352870036078742
6,0.0146484375,4.316391104278093
6,0.015625,4.26545280479923
6,0.0166015625,4.198931348676391
6,0.017578125,4.130139176894036
6,0.0185546875,4.0665544040972765
6,0.01953125,4.006846722071671
6,0.0205078125,3.946487270363443
6,0.021484375,3.886214581257518
6,0.0224609375,3.828152171527416
6,0.0234375,3.7745041273886955
6,0.0244140625,3.725838713312487
6,0.025390625,3.68427972285558
6,0.0263671875,3.6489756751825424
6,0.02734375,3.61706657866027
6,0.0283203125,3.5871850729029284
6,0.029296875,3.562681565625326
6,0.0302734375,3.54437216363846
6,0.03125,3.529263801739576
6,0.0322265625,3.51455138466507
6,0.033203125,3.5026599294825256
6,0.0341796875,3.495106452437266
6,0.03515625,3.4912228558271186
6,0.0361328125,3.48951631730655
6,0.037109375,3.489940357277172
6,0.0380859375,3.4917232521178274
6,0.0390625,3.4938359324463
6,0.0400390625,3.4954787794337685
6,0.041015625,3.4970880941472915
6,0.0419921875,3.4984124279250106
6,0.04296875,3.499018492595477
6,0.0439453125,3.498426096258118
6,0.044921875,3.4970056817243536
6,0.0458984375,3.495150578276846
6,0.046875,3.492807269449018
6,0.0478515625,3.489492004732907
6,0.048828125,3.4860059770657714
6,0.0498046875,3.4829947916259067
6,0.05078125,3.4808121411326836
6,0.0517578125,3.479477590882201
6,0.052734375,3.479229011771976
6,0.0537109375,3.4798217034703685
6,0.0546875,3.4808521070890577
6,0.0556640625,3.481941644061572
6,0.056640625,3.4833497627010277
6,0.0576171875,3.4850145385948688
6,0.05859375,3.4867855988718004
6,0.0595703125,3.488649753809309
6,0.060546875,3.4910648269512787
6,0.0615234375,3.4938901735750885
6,0.0625,3.4962099118917815
6,0.0634765625,3.4971231121664053
6,0.064453125,3.497360678251975
6,0.0654296875,3.4977391830139575
6,0.06640625,3.498377907053294
6,0.0673828125,3.4987075128845255
6,0.068359375,3.4983546042939104
6,0.0693359375,3.4972297360668403
6,0.0703125,3.495561730339311
6,0.0712890625,3.4935312303604906
6,0.072265625,3.49151893599054
6,0.0732421875,3.4896175379552083
6,0.07421875,3.4878141905956452
6,0.0751953125,3.4860783680148026
6,0.076171875,3.4845923790152264
6,0.0771484375,3.483322468010775
6,0.078125,3.482090580642718
6,0.0791015625,3.480747757532728
6,0.080078125,3.47969215370412
6,0.0810546875,3.479097595348309
6,0.08203125,3.4789280570277197
6,0.0830078125,3.4789408962278356
6,0.083984375,3.4789427224788274
6,0.0849609375,3.478794221473737
6,0.0859375,3.4785408064304737
6,0.0869140625,3.478189571767157
6,0.087890625,3.477917498466361
6,0.0888671875,3.477714077642012
6,0.08984375,3.477432472723431
6,0.0908203125,3.4769682966509894
6,0.091796875,3.4766564691516835
6,0.0927734375,3.4767581384773507
6,0.09375,3.4771004962570644
6,0.0947265625,3.477259199411195
6,0.095703125,3.4773448605495005
6,0.0966796875,3.4775665146008166
6,0.09765625,3.478091600323364
6,0.0986328125,3.478958384129513
6,0.099609375,3.480139747899151
6,0.1005859375,3.481276041257944
6,0.1015625,3.4819756830003867
6,0.1025390625,3.4821495343054467
6,0.103515625,3.4821920614885604
6,0.1044921875,3.4823315983377485
6,0.10546875,3.4824938062530184
6,0.1064453125,3.4824246577036084
6,0.107421875,3.4820841809869205
6,0.1083984375,3.481452903500551
6,0.109375,3.480435606203442
6,0.1103515625,3.4789877541092378
6,0.111328125,3.4774462051449553
6,0.1123046875,3.4760207658656204
6,0.11328125,3.4747062403641564
6,0.1142578125,3.473393226952044
6,0.115234375,3.472173817634343
6,0.1162109375,3.471112356524968
6,0.1171875,3.470142764755415
6,0.1181640625,3.469097268927017
6,0.119140625,3.4680503793462387
6,0.1201171875,3.4670764636558125
6,0.12109375,3.466130900936023
6,0.1220703125,3.4649778547259418
6,0.123046875,3.463437857383971
6,0.1240234375,3.4614464350928134
6,0.125,3.4590473992641257
6,0.1259765625,3.4562648418269744
6,0.126953125,3.4533134765687707
6,0.1279296875,3.450118414235614
6,0.12890625,3.446460940970448
6,0.1298828125,3.4423135176715522
6,0.130859375,3.437939484592802
6,0.1318359375,3.4334623456664293
6,0.1328125,3.428796839291241
6,0.1337890625,3.423804592736845
6,0.134765625,3.41861231334521
6,0.1357421875,3.4133628939520664
6,0.13671875,3.4081101445162854
6,0.1376953125,3.4028408947898225
6,0.138671875,3.397676954487364
6,0.1396484375,3.3927011297379286
6,0.140625,3.387959589378476
6,0.1416015625,3.3834356722325203
6,0.142578125,3.379196741736863
6,0.1435546875,3.375182916145834
6,0.14453125,3.371351469245251
6,0.1455078125,3.3677075536950016
6,0.146484375,3.3642984901378976
6,0.1474609375,3.361040822820256
6,0.1484375,3.3578122292595363
6,0.1494140625,3.3544797714876067
6,0.150390625,3.351081954379649
6,0.1513671875,3.347595544756895
6,0.15234375,3.343910477173322
6,0.1533203125,3.3399168617982786
6,0.154296875,3.3357101919329737
6,0.1552734375,3.3314165993018316
6,0.15625,3.3270700846145385
6,0.1572265625,3.3225798297615956
6,0.158203125,3.3180033270717697
6,0.1591796875,3.313367420839607
6,0.16015625,3.3087028642239598
6,0.1611328125,3.3040473565466546
6,0.162109375,3.2994954219178414
6,0.1630859375,3.2950272710143347
6,0.1640625,3.2905717784673576
6,0.1650390625,3.286085836433059
6,0.166015625,3.2817200862480522
6,0.1669921875,3.277601698297273
6,0.16796875,3.273758488654124
6,0.1689453125,3.2701009393628357
6,0.169921875,3.2666381624833725
6,0.1708984375,3.263459092473859
6,0.171875,3.260650983049986
6,0.1728515625,3.2582188631105766
6,0.173828125,3.256292954718578
6,0.1748046875,3.25485900078386
6,0.17578125,3.25370080445311
6,0.1767578125,3.252575155689603
6,0.177734375,3.2514887475029086
6,0.1787109375,3.250446891633873
6,0.1796875,3.2493251461415094
6,0.1806640625,3.2479657287670123
6,0.181640625,3.246423740969365
6,0.1826171875,3.244744361587635
6,0.18359375,3.242855597535413
6,0.1845703125,3.240591283534537
6,0.185546875,3.2379208091915452
6,0.1865234375,3.2349094319313534
6,0.1875,3.2316507803285757
6,0.1884765625,3.2281994772714335
6,0.189453125,3.2247341702564207
6,0.1904296875,3.2213156340413227
6,0.19140625,3.217966540757261
6,0.1923828125,3.2147651536512245
6,0.193359375,3.2118868911214786
6,0.1943359375,3.209407078555186
6,0.1953125,3.20728395016175
6,0.1962890625,3.205419371375296
6,0.197265625,3.203863751204513
6,0.1982421875,3.2026609138448525
6,0.19921875,3.201760218423781
6,0.2001953125,3.2010523550947285
6,0.201171875,3.2005721423755173
6,0.2021484375,3.20034044119246
6,0.203125,3.200289841907763
6,0.2041015625,3.20028492755031
6,0.205078125,3.2003089138302947
6,0.2060546875,3.2003120075536
6,0.20703125,3.200283259813256
6,0.2080078125,3.20028911988789
6,0.208984375,3.20047190727154
6,0.2099609375,3.200881732279059
6,0.2109375,3.2014876128012815
6,0.2119140625,3.2022032517101264
6,0.212890625,3.203041888188848
6,0.2138671875,3.2040056776782677
6,0.21484375,3.2050794750630365
6,0.2158203125,3.2061819465647283
6,0.216796875,3.2072675814103917
6,0.2177734375,3.2082897151836245
6,0.21875,3.209225391907806
6,0.2197265625,3.2100329928715317
6,0.220703125,3.2107894228318687
6,0.2216796875,3.211533334715134
6,0.22265625,3.212290067908295
6,0.2236328125,3.213092374987614
6,0.224609375,3.214033264395918
6,0.2255859375,3.2151501621880674
6,0.2265625,3.216445407968476
6,0.2275390625,3.217885022964354
6,0.228515625,3.2194861496877327
6,0.2294921875,3.2212010515080296
6,0.23046875,3.2229867109204924
6,0.2314453125,3.224830804473238
6,0.232421875,3.2267876393260293
6,0.2333984375,3.2288616130901935
6,0.234375,3.2310125543350736
6,0.2353515625,3.2331748426030216
6,0.236328125,3.235427693102942
6,0.2373046875,3.237851420519367
6,0.23828125,3.240498981293166
6,0.2392578125,3.2433876848386567
6,0.240234375,3.246574715510929
6,0.2412109375,3.250034366040594
6,0.2421875,3.25369959215755
6,0.2431640625,3.257515206478646
6,0.244140625,3.261529868744343
6,0.2451171875,3.265742091181946
6,0.24609375,3.2700833172895454
6,0.2470703125,3.274470280413487
6,0.248046875,3.278928310633003
6,0.2490234375,3.2834061003731745
6,0.25,3.2876446698431017
6,0.2509765625,3.291394477674204
6,0.251953125,3.294855192043788
6,0.2529296875,3.2982591061012796
6,0.25390625,3.301634239089675
6,0.2548828125,3.304866386677929
6,0.255859375,3.3078758253224243
6,0.2568359375,3.3106356304029325
6,0.2578125,3.3132106186903316
6,0.2587890625,3.3156696366923097
6,0.259765625,3.318092100464229
6,0.2607421875,3.3205074707239923
6,0.26171875,3.322949638511485
6,0.2626953125,3.3254289154641032
6,0.263671875,3.327993022834395
6,0.2646484375,3.3306440395437176
6,0.265625,3.333357950148793
6,0.2666015625,3.3361209786396295
6,0.267578125,3.339037872599534
6,0.2685546875,3.3421276764578702
6,0.26953125,3.345294418727271
6,0.2705078125,3.3484251274830683
6,0.271484375,3.3515553496160035
6,0.2724609375,3.3547485028213555
6,0.2734375,3.3579850986132316
6,0.2744140625,3.361148488032244
6,0.275390625,3.364205887273069
6,0.2763671875,3.3671649233106313
6,0.27734375,3.3700496545579917
6,0.2783203125,3.3728422138701193
6,0.279296875,3.375540418746186
6,0.2802734375,3.3781015914026757
6,0.28125,3.3804699692656164
6,0.2822265625,3.382617069555751
6,0.283203125,3.3846679203006
6,0.2841796875,3.386735875769852
6,0.28515625,3.388880762693756
6,0.2861328125,3.3910754162505823
6,0.287109375,3.3932892434948165
6,0.2880859375,3.395462130436488
6,0.2890625,3.3975604102913732
6,0.2900390625,3.3995857505657385
6,0.291015625,3.4016191858876015
6,0.2919921875,3.4036544226515835
6,0.29296875,3.4056018416493177
6,0.2939453125,3.4073556769009237
6,0.294921875,3.4089150516574898
6,0.2958984375,3.410329091548225
6,0.296875,3.411641233381466
6,0.2978515625,3.412833532248781
6,0.298828125,3.413950083612426
6,0.2998046875,3.4150231664552897
6,0.30078125,3.416105050731707
6,0.3017578125,3.4172590537553544
6,0.302734375,3.4185592827108944
6,0.3037109375,3.4199521759195277
6,0.3046875,3.421298238565602
6,0.3056640625,3.422481227440638
6,0.306640625,3.4235296095930092
6,0.3076171875,3.4244436129177447
6,0.30859375,3.4251232818996167
6,0.3095703125,3.425429678054324
6,0.310546875,3.4253975227083293
6,0.3115234375,3.4252083846275094
6,0.3125,3.425029227647627
6,0.3134765625,3.424853523930727
6,0.314453125,3.4246510668285017
6,0.3154296875,3.424367668767822
6,0.31640625,3.424009676530835
6,0.3173828125,3.4235864893056482
6,0.318359375,3.4230778934211106
6,0.3193359375,3.422436943537653
6,0.3203125,3.4216986427948157
6,0.3212890625,3.4209035173432922
6,0.322265625,3.4200779351824933
6,0.3232421875,3.4192086231514747
6,0.32421875,3.418332811972648
6,0.3251953125,3.417508133330204
6,0.326171875,3.4168031425949588
6,0.3271484375,3.416199185334318
6,0.328125,3.415628262166732
6,0.3291015625,3.415028040453818
6,0.330078125,3.4144530445109225
6,0.3310546875,3.41392733137869
6,0.33203125,3.413457354425991
6,0.3330078125,3.4130220851615265
6,0.333984375,3.4125899698244386
6,0.3349609375,3.412084844313046
6,0.3359375,3.411448477514275
6,0.3369140625,3.4106673787754866
6,0.337890625,3.4098480703795926
6,0.3388671875,3.4090501378904716
6,0.33984375,3.4082286021017305
6,0.3408203125,3.40729294292574
6,0.341796875,3.406256876035165
6,0.3427734375,3.4051346642786346
6,0.34375,3.4038681214458086
6,0.3447265625,3.4023669520906616
6,0.345703125,3.40071509914068
6,0.3466796875,3.3990476414131776
6,0.34765625,3.397455835158909
6,0.3486328125,3.3959155006300774
6,0.349609375,3.394361617075192
6,0.3505859375,3.392706826716225
6,0.3515625,3.3909367197985993
6,0.3525390625,3.3891191270357273
6,0.353515625,3.3874019334002203
6,0.3544921875,3.385819728418824
6,0.35546875,3.38431684578971
6,0.3564453125,3.382893364025817
6,0.357421875,3.3817255852614054
6,0.3583984375,3.380922792630537
6,0.359375,3.3803699804721457
6,0.3603515625,3.379871206588509
6,0.361328125,3.3794561623300163
6,0.3623046875,3.37921093939389
6,0.36328125,3.379131671339901
6,0.3642578125,3.379139610132325
6,0.365234375,3.379226800429725
6,0.3662109375,3.3793798771644563
6,0.3671875,3.379572062300333
6,0.3681640625,3.3797831256767585
6,0.369140625,3.380050303502567
6,0.3701171875,3.380306045039925
6,0.37109375,3.38043542950634
6,0.3720703125,3.3804995712797408
6,0.373046875,3.380776775889026
6,0.3740234375,3.381193103837582
6,0.375,3.381102773342214
6,0.3759765625,3.3800367322015794
6,0.376953125,3.3784566403892624
6,0.3779296875,3.377039820648033
6,0.37890625,3.3759238275393324
6,0.3798828125,3.3748317187164933
6,0.380859375,3.373580030113722
6,0.3818359375,3.3721237678842053
6,0.3828125,3.3704833125310696
6,0.3837890625,3.3687496552236915
6,0.384765625,3.3671385373316842
6,0.3857421875,3.365748704076815
6,0.38671875,3.3645000227493536
6,0.3876953125,3.363313216240546
6,0.388671875,3.3623001470458442
6,0.3896484375,3.361500975042006
6,0.390625,3.360758931778909
6,0.3916015625,3.3599774782634237
6,0.392578125,3.359384653095621
6,0.3935546875,3.359118782927982
6,0.39453125,3.3590102922532123
6,0.3955078125,3.358808067884535
6,0.396484375,3.3584996443866126
6,0.3974609375,3.3582061109973873
6,0.3984375,3.3579993674555952
6,0.3994140625,3.3578150880735214
6,0.400390625,3.3575853900457884
6,0.4013671875,3.35723675789584
6,0.40234375,3.3567423039076885
6,0.4033203125,3.3561173320391773
6,0.404296875,3.3554255559683694
6,0.4052734375,3.3546068159948956
6,0.40625,3.353464350959655
6,0.4072265625,3.351882551518498
6,0.408203125,3.3500642277688044
6,0.4091796875,3.3481960027987134
6,0.41015625,3.346245935078755
6,0.4111328125,3.3441291637029145
6,0.412109375,3.3419697381904476
6,0.4130859375,3.339924086489523
6,0.4140625,3.3380049711611472
6,0.4150390625,3.3361147356415572
6,0.416015625,3.334236181058656
6,0.4169921875,3.332346964638209
6,0.41796875,3.3304054577946385
6,0.4189453125,3.3283971828953374
6,0.419921875,3.326416452771064
6,0.4208984375,3.3245331247002734
6,0.421875,3.322716439838789
6,0.4228515625,3.3209171284998766
6,0.423828125,3.319258715773019
6,0.4248046875,3.317803922837392
6,0.42578125,3.3164296680571628
6,0.4267578125,3.3149666575544745
6,0.427734375,3.3134190502656913
6,0.4287109375,3.3117930214018636
6,0.4296875,3.309985539211247
6,0.4306640625,3.307910871708124
6,0.431640625,3.3056848593542267
6,0.4326171875,3.3034331093046823
6,0.43359375,3.3011561105140976
6,0.4345703125,3.298771948002774
6,0.435546875,3.2963181294453148
6,0.4365234375,3.2939041985444586
6,0.4375,3.291590755085498
6,0.4384765625,3.289343287842231
6,0.439453125,3.287171258025732
6,0.4404296875,3.285020763967104
6,0.44140625,3.2828273605465816
6,0.4423828125,3.2805801803651593
6,0.443359375,3.278341505337513
6,0.4443359375,3.276113392840926
6,0.4453125,3.273848601164341
6,0.4462890625,3.2715142084546103
6,0.447265625,3.2691977890698696
6,0.4482421875,3.2669813271320165
6,0.44921875,3.2648740685127557
6,0.4501953125,3.2628313615895403
6,0.451171875,3.260877251518767
6,0.4521484375,3.259047684698576
6,0.453125,3.257361596243825
6,0.4541015625,3.255777707338773
6,0.455078125,3.2542620267958724
6,0.4560546875,3.252739584172459
6,0.45703125,3.2512113351169862
6,0.4580078125,3.2497712076702627
6,0.458984375,3.248553556152537
6,0.4599609375,3.2475797654253657
6,0.4609375,3.24675667020749
6,0.4619140625,3.245972748052529
6,0.462890625,3.245256317469418
6,0.4638671875,3.2446528990307315
6,0.46484375,3.244141774104217
6,0.4658203125,3.2436259871669892
6,0.466796875,3.243049045422766
6,0.4677734375,3.242350720849071
6,0.46875,3.241457238663685
6,0.4697265625,3.2403065369781308
6,0.470703125,3.238977778857263
6,0.4716796875,3.2375673208913884
6,0.47265625,3.236156384709196
6,0.4736328125,3.2348188334871786
6,0.474609375,3.233661839319581
6,0.4755859375,3.2327017395426014
6,0.4765625,3.231865172086448
6,0.4775390625,3.23108844081583
6,0.478515625,3.2304467912848644
6,0.4794921875,3.2299874645715305
6,0.48046875,3.229666297877749
6,0.4814453125,3.2294297038439406
6,0.482421875,3.229344148888167
6,0.4833984375,3.229453360974976
6,0.484375,3.229688980623437
6,0.4853515625,3.229937414533128
6,0.486328125,3.2302403141639
6,0.4873046875,3.2306824061935098
6,0.48828125,3.231301759501267
6,0.4892578125,3.2320709673520094
6,0.490234375,3.2329799120505287
6,0.4912109375,3.2339624403226277
6,0.4921875,3.2349285369794476
6,0.4931640625,3.2358180973031185
6,0.494140625,3.236681498201252
6,0.4951171875,3.2375317062510356
6,0.49609375,3.2383084329711602
6,0.4970703125,3.2389699973343995
6,0.498046875,3.2395964678528615
6,0.4990234375,3.2401732669443057
6,0.5,3.240440886171619
7,0.0009765625,6.924946965555975
7,0.001953125,7.087024318819226
7,0.0029296875,7.298009684784748
7,0.00390625,7.541216444462356
7,0.0048828125,7.647396504405526
7,0.005859375,7.564373239525252
7,0.0068359375,7.303924539889934
7,0.0078125,6.899406750903741
7,0.0087890625,6.405708459000841
7,0.009765625,5.909568498884849
7,0.0107421875,5.493753147035875
7,0.01171875,5.201103601132479
7,0.0126953125,5.017488132741661
7,0.013671875,4.902272998208467
7,0.0146484375,4.817111748488185
7,0.015625,4.740969000173074
7,0.0166015625,4.667340127605722
7,0.017578125,4.600396555405986
7,0.0185546875,4.541046042070306
7,0.01953125,4.483798198197431
7,0.0205078125,4.422895405527568
7,0.021484375,4.361488719246201
7,0.0224609375,4.301967707218918
7,0.0234375,4.242406765396793
7,0.0244140625,4.183207859384538
7,0.025390625,4.132561137876944
7,0.0263671875,4.095452554149294
7,0.02734375,4.070635866404222
7,0.0283203125,4.053357701052177
7,0.029296875,4.041040319990013
7,0.0302734375,4.030977952625783
7,0.03125,4.020038993591386
7,0.0322265625,4.004619488760476
7,0.033203125,3.983979399510187
7,0.0341796875,3.9584366164825946
7,0.03515625,3.929743286420374
7,0.0361328125,3.900965522475933
7,0.037109375,3.876680435156028
7,0.0380859375,3.856923323542651
7,0.0390625,3.8363169584087142
7,0.0400390625,3.8104614603632996
7,0.041015625,3.7829056782035964
7,0.0419921875,3.759849182223577
7,0.04296875,3.7438998199572904
7,0.0439453125,3.7340730215707576
7,0.044921875,3.7302410193667006
7,0.0458984375,3.730579168043786
7,0.046875,3.7307147469866293
7,0.0478515625,3.7264244070614736
7,0.048828125,3.7171186229461113
7,0.0498046875,3.7040764180041865
7,0.05078125,3.688968773083451
7,0.0517578125,3.673398903617496
7,0.052734375,3.6587987418871113
7,0.0537109375,3.6443888426281377
7,0.0546875,3.6287210596314656
7,0.0556640625,3.610931446588068
7,0.056640625,3.5925937697216512
7,0.0576171875,3.576768514261058
7,0.05859375,3.5662077686379585
7,0.0595703125,3.56125652717234
7,0.060546875,3.560742456259986
7,0.0615234375,3.5613440338090405
7,0.0625,3.5581614962274366
7,0.0634765625,3.54783803952912
7,0.064453125,3.5322860092458574
7,0.0654296875,3.5148642157819574
7,0.06640625,3.497796096782912
7,0.0673828125,3.4819791654716585
7,0.068359375,3.467760123887564
7,0.0693359375,3.454275467391684
7,0.0703125,3.4403597261087286
7,0.0712890625,3.425357872114837
7,0.072265625,3.410646322028644
7,0.0732421875,3.3984683702666265
7,0.07421875,3.3906307695293463
7,0.0751953125,3.387401182137193
7,0.076171875,3.388117388508492
7,0.0771484375,3.3906634517522383
7,0.078125,3.391928590048151
7,0.0791015625,3.389245443903182
7,0.080078125,3.3828027603076705
7,0.0810546875,3.374567002106939
7,0.08203125,3.3660179634594987
7,0.0830078125,3.3572801193306154
7,0.083984375,3.3486318300496403
7,0.0849609375,3.33999654803804
7,0.0859375,3.331605253291903
7,0.0869140625,3.3249636338485415
7,0.087890625,3.3229177511399266
7,0.0888671875,3.3268674100092115
7,0.08984375,3.3354323935874786
7,0.0908203125,3.3447836260071866
7,0.091796875,3.3513757163624462
7,0.0927734375,3.3529624556409705
7,0.09375,3.3483735984003378
7,0.0947265625,3.33756113723048
7,0.095703125,3.322632867415974
7,0.0966796875,3.3059737244107823
7,0.09765625,3.28992398192836
7,0.0986328125,3.2767354187215365
7,0.099609375,3.2679660835342816
7,0.1005859375,3.2632622101464914
7,0.1015625,3.2608063797225104
7,0.1025390625,3.258622446728146
7,0.103515625,3.256445924451767
7,0.1044921875,3.2548644790260046
7,0.10546875,3.254049080714686
7,0.1064453125,3.253417765839097
7,0.107421875,3.2525982854399387
7,0.1083984375,3.2508791653802955
7,0.109375,3.247272477189716
7,0.1103515625,3.2414992451660614
7,0.111328125,3.234716518676303
7,0.1123046875,3.227981947318958
7,0.11328125,3.221501484936769
7,0.1142578125,3.2152116937092545
7,0.115234375,3.209656669589314
7,0.1162109375,3.205137254356619
7,0.1171875,3.2013612066032677
7,0.1181640625,3.1977069661352466
7,0.119140625,3.1943904527860623
7,0.1201171875,3.1922501096608724
7,0.12109375,3.191998706444674
7,0.1220703125,3.1933636296912784
7,0.123046875,3.1954089033869657
7,0.1240234375,3.1964858271540777
7,0.125,3.194897763266057
7,0.1259765625,3.190207808664372
7,0.126953125,3.1843126739759904
7,0.1279296875,3.179392552529771
7,0.12890625,3.1763337477690152
7,0.1298828125,3.1746890636817118
7,0.130859375,3.1735909799881385
7,0.1318359375,3.171948772782958
7,0.1328125,3.169156437598919
7,0.1337890625,3.1656804604646003
7,0.134765625,3.1630393678741373
7,0.1357421875,3.1622811284182193
7,0.13671875,3.1633070247730575
7,0.1376953125,3.1651162549736203
7,0.138671875,3.166637329617018
7,0.1396484375,3.166810187216721
7,0.140625,3.165084958506676
7,0.1416015625,3.1617667009962793
7,0.142578125,3.158065113445958
7,0.1435546875,3.1551349977634504
7,0.14453125,3.153397859903059
7,0.1455078125,3.1525043745042525
7,0.146484375,3.1519564495181127
7,0.1474609375,3.151134686071082
7,0.1484375,3.149627611152205
7,0.1494140625,3.147532270501888
7,0.150390625,3.145569072344015
7,0.1513671875,3.1441741621129107
7,0.15234375,3.143202530835522
7,0.1533203125,3.1421353693766028
7,0.154296875,3.1407439550581335
7,0.1552734375,3.139051757713685
7,0.15625,3.13707345242636
7,0.1572265625,3.1347215777751494
7,0.158203125,3.1322510885817816
7,0.1591796875,3.129820363421978
7,0.16015625,3.12756413064689
7,0.1611328125,3.1256565944809207
7,0.162109375,3.1243719472109746
7,0.1630859375,3.123583568261676
7,0.1640625,3.1226906625451307
7,0.1650390625,3.1210683505836463
7,0.166015625,3.11889282518011
7,0.1669921875,3.1166680096560357
7,0.16796875,3.1146955097895033
7,0.1689453125,3.1129643021115694
7,0.169921875,3.111476602898983
7,0.1708984375,3.1099488809642235
7,0.171875,3.1079184915691838
7,0.1728515625,3.105177036910075
7,0.173828125,3.102186639261238
7,0.1748046875,3.099572626267443
7,0.17578125,3.0977721924263943
7,0.1767578125,3.096856447909064
7,0.177734375,3.0965817317037243
7,0.1787109375,3.0962289181965437
7,0.1796875,3.09499188471158
7,0.1806640625,3.092461446513412
7,0.181640625,3.0890299671584223
7,0.1826171875,3.085424372261553
7,0.18359375,3.082258471026856
7,0.1845703125,3.0796807293600126
7,0.185546875,3.0775662561304094
7,0.1865234375,3.0754339355004015
7,0.1875,3.072560226638075
7,0.1884765625,3.068475589166959
7,0.189453125,3.0636569681620256
7,0.1904296875,3.0588061228916654
7,0.19140625,3.054345726399075
7,0.1923828125,3.0504265103554826
7,0.193359375,3.0472292747087977
7,0.1943359375,3.044710142199941
7,0.1953125,3.0426156770410957
7,0.1962890625,3.0406495210951094
7,0.197265625,3.038828984708265
7,0.1982421875,3.037331230593359
7,0.19921875,3.0363611470094516
7,0.2001953125,3.0359710195295175
7,0.201171875,3.0361488561350947
7,0.2021484375,3.0365208932499748
7,0.203125,3.0364222553999984
7,0.2041015625,3.0354109817980737
7,0.205078125,3.0338143088061167
7,0.2060546875,3.0322790538500684
7,0.20703125,3.0311890164012802
7,0.2080078125,3.030446117448941
7,0.208984375,3.0297798579923203
7,0.2099609375,3.0287434304948264
7,0.2109375,3.026966609263977
7,0.2119140625,3.0245022793558523
7,0.212890625,3.022068416816881
7,0.2138671875,3.0203616042067973
7,0.21484375,3.019581399554353
7,0.2158203125,3.0194757044616476
7,0.216796875,3.0198168799602767
7,0.2177734375,3.020367670410462
7,0.21875,3.020857628647812
7,0.2197265625,3.0210207933859192
7,0.220703125,3.0208090382699133
7,0.2216796875,3.0201014667527613
7,0.22265625,3.0187841987125803
7,0.2236328125,3.016972357200756
7,0.224609375,3.0150987513134075
7,0.2255859375,3.013457948519994
7,0.2265625,3.012033605564516
7,0.2275390625,3.010667092497473
7,0.228515625,3.0094915964508213
7,0.2294921875,3.0086790925243094
7,0.23046875,3.0082521058762675
7,0.2314453125,3.008188137072912
7,0.232421875,3.008650642895402
7,0.2333984375,3.009585708025101
7,0.234375,3.0105655440102623
7,0.2353515625,3.011064321645791
7,0.236328125,3.010939198380205
7,0.2373046875,3.0102932401962756
7,0.23828125,3.0092537626481577
7,0.2392578125,3.0079668157565673
7,0.240234375,3.0067719276826277
7,0.2412109375,3.0058806614991145
7,0.2421875,3.005262193942226
7,0.2431640625,3.004844481045092
7,0.244140625,3.0049008268417166
7,0.2451171875,3.0058907081150665
7,0.24609375,3.0081963308980773
7,0.2470703125,3.0117356695089605
7,0.248046875,3.0157789190508972
7,0.2490234375,3.0187714487709383
7,0.25,3.0188840588343404
7,0.2509765625,3.0153178656798896
7,0.251953125,3.009250467345502
7,0.2529296875,3.002619351884336
7,0.25390625,2.9968169345995093
7,0.2548828125,2.9923580582193186
7,0.255859375,2.989171065570757
7,0.2568359375,2.9866918036327372
7,0.2578125,2.984210457416798
7,0.2587890625,2.9813388668438523
7,0.259765625,2.9783208346944177
7,0.2607421875,2.975493950328566
7,0.26171875,2.9728826403520054
7,0.2626953125,2.970263403606138
7,0.263671875,2.9675649646239477
7,0.2646484375,2.9647995854495695
7,0.265625,2.961969074082381
7,0.2666015625,2.9590663248994367
7,0.267578125,2.956183075475109
7,0.2685546875,2.9533611468062695
7,0.26953125,2.950586322129946
7,0.2705078125,2.947889157517856
7,0.271484375,2.945494483198375
7,0.2724609375,2.943481893947915
7,0.2734375,2.9416516323677
7,0.2744140625,2.9397432990486907
7,0.275390625,2.9377804613769807
7,0.2763671875,2.935827417704091
7,0.27734375,2.9338498464502725
7,0.2783203125,2.9317619894137312
7,0.279296875,2.929656649016477
7,0.2802734375,2.927677452908251
7,0.28125,2.9258679356577257
7,0.2822265625,2.924158258922504
7,0.283203125,2.9226314225019827
7,0.2841796875,2.921401757632232
7,0.28515625,2.9205703845753797
7,0.2861328125,2.9201699000124055
7,0.287109375,2.920176939822936
7,0.2880859375,2.9203377727389657
7,0.2890625,2.92025794898922
7,0.2900390625,2.9195789954032096
7,0.291015625,2.9182766703700085
7,0.2919921875,2.9165604753352885
7,0.29296875,2.9147348905389032
7,0.2939453125,2.9130709676304436
7,0.294921875,2.911807478917128
7,0.2958984375,2.910897542314945
7,0.296875,2.9100418300565245
7,0.2978515625,2.9089820204794234
7,0.298828125,2.907818794923141
7,0.2998046875,2.9067928328983816
7,0.30078125,2.90604728851292
7,0.3017578125,2.9055812803584855
7,0.302734375,2.9053633791345264
7,0.3037109375,2.905209078602028
7,0.3046875,2.904869159595791
7,0.3056640625,2.9041599066831516
7,0.306640625,2.9031512081474125
7,0.3076171875,2.902064542300686
7,0.30859375,2.9011331212904974
7,0.3095703125,2.9004036464410747
7,0.310546875,2.899788762251781
7,0.3115234375,2.8990536843084067
7,0.3125,2.8978997809769558
7,0.3134765625,2.8961213599400755
7,0.314453125,2.8939068721544947
7,0.3154296875,2.891568997552853
7,0.31640625,2.889409438788238
7,0.3173828125,2.8876654398185138
7,0.318359375,2.8864781740552776
7,0.3193359375,2.8857276762097595
7,0.3203125,2.8851226976745403
7,0.3212890625,2.884335360745059
7,0.322265625,2.883195869022104
7,0.3232421875,2.8816218992015052
7,0.32421875,2.8795982152301023
7,0.3251953125,2.8771884651847075
7,0.326171875,2.8746225775783856
7,0.3271484375,2.8720796982990366
7,0.328125,2.8695920689093617
7,0.3291015625,2.8671302630012936
7,0.330078125,2.8648129030801366
7,0.3310546875,2.862798206634462
7,0.33203125,2.861168548423267
7,0.3330078125,2.8598620702044477
7,0.333984375,2.85875894172962
7,0.3349609375,2.8576070418964865
7,0.3359375,2.8561314611026134
7,0.3369140625,2.854203004754421
7,0.337890625,2.851994796812689
7,0.3388671875,2.8497632224601572
7,0.33984375,2.8477167211474486
7,0.3408203125,2.845927560061791
7,0.341796875,2.8443997381938884
7,0.3427734375,2.8430326677247857
7,0.34375,2.8417076564680026
7,0.3447265625,2.840391847772052
7,0.345703125,2.8392347472398822
7,0.3466796875,2.838245254112136
7,0.34765625,2.837254272488603
7,0.3486328125,2.8361317747842523
7,0.349609375,2.8349671274069905
7,0.3505859375,2.833861369221615
7,0.3515625,2.832821344846937
7,0.3525390625,2.831801548491162
7,0.353515625,2.830851465811152
7,0.3544921875,2.829977863084154
7,0.35546875,2.8290986676359027
7,0.3564453125,2.8280894837079833
7,0.357421875,2.826917999794861
7,0.3583984375,2.8255319636939284
7,0.359375,2.823864340395496
7,0.3603515625,2.821922972171613
7,0.361328125,2.819924385761362
7,0.3623046875,2.8181504270913886
7,0.36328125,2.81677543701811
7,0.3642578125,2.8157710874658997
7,0.365234375,2.8150222317632663
7,0.3662109375,2.8143026297751583
7,0.3671875,2.8133605932569425
7,0.3681640625,2.8120468279455966
7,0.369140625,2.8104942919778706
7,0.3701171875,2.8089847302553124
7,0.37109375,2.8077853561948545
7,0.3720703125,2.8069934653640343
7,0.373046875,2.8065562909705393
7,0.3740234375,2.806180140556832
7,0.375,2.80542824217363
7,0.3759765625,2.8040241231156444
7,0.376953125,2.8021602769519083
7,0.3779296875,2.8001483547963875
7,0.37890625,2.7981534430578288
7,0.3798828125,2.7961635696398552
7,0.380859375,2.7940983042127767
7,0.3818359375,2.791786712764154
7,0.3828125,2.789167832423043
7,0.3837890625,2.7864470794152165
7,0.384765625,2.784069151335507
7,0.3857421875,2.782344221782345
7,0.38671875,2.781257690927055
7,0.3876953125,2.7805384553103445
7,0.388671875,2.7799142869398126
7,0.3896484375,2.7790866875231854
7,0.390625,2.7777521710676187
7,0.3916015625,2.7757565083914866
7,0.392578125,2.7732825896970974
7,0.3935546875,2.7706522263308475
7,0.39453125,2.768129072872042
7,0.3955078125,2.7658640019416074
7,0.396484375,2.7639623346597046
7,0.3974609375,2.762342902740002
7,0.3984375,2.760757884897212
7,0.3994140625,2.7589823281885355
7,0.400390625,2.757057932020504
7,0.4013671875,2.755160199105957
7,0.40234375,2.753482403661399
7,0.4033203125,2.7521243051608004
7,0.404296875,2.75114114624644
7,0.4052734375,2.7505028344367037
7,0.40625,2.750073056837886
7,0.4072265625,2.749686411560233
7,0.408203125,2.74935881197153
7,0.4091796875,2.7491093997533467
7,0.41015625,2.7489117737581674
7,0.4111328125,2.7487484705858205
7,0.412109375,2.748653677729349
7,0.4130859375,2.748537516330979
7,0.4140625,2.7481808814251463
7,0.4150390625,2.747388187794242
7,0.416015625,2.7462405666761196
7,0.4169921875,2.7449762808491927
7,0.41796875,2.743816591285079
7,0.4189453125,2.7428803316712296
7,0.419921875,2.7422701575492052
7,0.4208984375,2.741952414310349
7,0.421875,2.7417750133740335
7,0.4228515625,2.741583331083859
7,0.423828125,2.7413540175316546
7,0.4248046875,2.7410732041763217
7,0.42578125,2.7406546616373397
7,0.4267578125,2.7399583447948466
7,0.427734375,2.7389273283972093
7,0.4287109375,2.7375614950732787
7,0.4296875,2.7359431598961543
7,0.4306640625,2.7342283299451444
7,0.431640625,2.732661272731654
7,0.4326171875,2.7314044677840688
7,0.43359375,2.7304860179844224
7,0.4345703125,2.729811759303144
7,0.435546875,2.7292664413768177
7,0.4365234375,2.728623823864318
7,0.4375,2.7275615567173386
7,0.4384765625,2.72589259596394
7,0.439453125,2.723870021178974
7,0.4404296875,2.7218795243572567
7,0.44140625,2.7201595528136395
7,0.4423828125,2.7187261606579805
7,0.443359375,2.7174422142295107
7,0.4443359375,2.716023463391294
7,0.4453125,2.7142455432190538
7,0.4462890625,2.712127149826393
7,0.447265625,2.7099795692161632
7,0.4482421875,2.7080795461974945
7,0.44921875,2.7064656616882625
7,0.4501953125,2.70502503064681
7,0.451171875,2.703742503700353
7,0.4521484375,2.702587056596543
7,0.453125,2.701424966530275
7,0.4541015625,2.7001431884469023
7,0.455078125,2.698837365874626
7,0.4560546875,2.6976393642530248
7,0.45703125,2.6965431175404344
7,0.4580078125,2.6954387879079897
7,0.458984375,2.6943007986516516
7,0.4599609375,2.693068636969664
7,0.4609375,2.6916240428923883
7,0.4619140625,2.689919607842486
7,0.462890625,2.6881213939464916
7,0.4638671875,2.6864317882162116
7,0.46484375,2.684949228663042
7,0.4658203125,2.6836256127030302
7,0.466796875,2.6824139116394647
7,0.4677734375,2.6812627394570185
7,0.46875,2.6801002529797295
7,0.4697265625,2.6788461114968536
7,0.470703125,2.6775364798326007
7,0.4716796875,2.6761672429941066
7,0.47265625,2.674686056215752
7,0.4736328125,2.6730761852519382
7,0.474609375,2.671438150037425
7,0.4755859375,2.6698440456077615
7,0.4765625,2.668295851473393
7,0.4775390625,2.666809442693878
7,0.478515625,2.665582472025558
7,0.4794921875,2.66482971946473
7,0.48046875,2.6646274611448804
7,0.4814453125,2.6649009992254524
7,0.482421875,2.6655655270619514
7,0.4833984375,2.6664384400327847
7,0.484375,2.6672468955296877
7,0.4853515625,2.667777617607642
7,0.486328125,2.66805106339203
7,0.4873046875,2.6681750642648985
7,0.48828125,2.6682284460637367
7,0.4892578125,2.6682545502640775
7,0.490234375,2.668337538921513
7,0.4912109375,2.668513544504478
7,0.4921875,2.6687746509110872
7,0.4931640625,2.66912791285196
7,0.494140625,2.669766609742074
7,0.4951171875,2.6710043024971073
7,0.49609375,2.6730978145401836
7,0.4970703125,2.6759697183532416
7,0.498046875,2.6791372424401843
7,0.4990234375,2.681724704080196
7,0.5,2.682753545296249
8,0.0009765625,5.4751335549010705
8,0.001953125,5.431003075673825
8,0.0029296875,5.3573125607565455
8,0.00390625,5.331680291017477
8,0.0048828125,5.274972806207027
8,0.005859375,5.158020910197421
8,0.0068359375,4.9973239907219025
8,0.0078125,4.829782498859897
8,0.0087890625,4.684769113884824
8,0.009765625,4.58132020536414
8,0.0107421875,4.518091945904127
8,0.01171875,4.48197340038185
8,0.0126953125,4.456941458460054
8,0.013671875,4.43381125741122
8,0.0146484375,4.409211307037706
8,0.015625,4.382687740689089
8,0.0166015625,4.3553040176635065
8,0.017578125,4.331084445698681
8,0.0185546875,4.313245513271379
8,0.01953125,4.301713519520125
8,0.0205078125,4.292803622472099
8,0.021484375,4.2823672242010975
8,0.0224609375,4.266581792334536
8,0.0234375,4.242825996908504
8,0.0244140625,4.211332853601071
8,0.025390625,4.176679261769108
8,0.0263671875,4.143608361547211
8,0.02734375,4.113965443977048
8,0.0283203125,4.087337051959545
8,0.029296875,4.063306853826991
8,0.0302734375,4.040808011096513
8,0.03125,4.017842116272429
8,0.0322265625,3.993231787403194
8,0.033203125,3.968619521153124
8,0.0341796875,3.945596526405259
8,0.03515625,3.924056355258664
8,0.0361328125,3.90318293806448
8,0.037109375,3.882758027466201
8,0.0380859375,3.8621006101211064
8,0.0390625,3.8397317249817737
8,0.0400390625,3.8151686492871524
8,0.041015625,3.7906395709524596
8,0.0419921875,3.768768451226628
8,0.04296875,3.7507098096590883
8,0.0439453125,3.735914728831357
8,0.044921875,3.7231053687742164
8,0.0458984375,3.7107390573504686
8,0.046875,3.6976569313352927
8,0.0478515625,3.6836365929718218
8,0.048828125,3.6698264238515708
8,0.0498046875,3.6575400618695664
8,0.05078125,3.6475395189712896
8,0.0517578125,3.6397268130660585
8,0.052734375,3.633534059791729
8,0.0537109375,3.6281777418715566
8,0.0546875,3.6230528365113677
8,0.0556640625,3.6177218970821214
8,0.056640625,3.612326307238946
8,0.0576171875,3.6071405893286212
8,0.05859375,3.602391159036548
8,0.0595703125,3.5981005366251
8,0.060546875,3.5938674159070527
8,0.0615234375,3.5882554188486493
8,0.0625,3.579314260788017
8,0.0634765625,3.566027966443159
8,0.064453125,3.549637053920458
8,0.0654296875,3.5323536941707894
8,0.06640625,3.5159014102572304
8,0.0673828125,3.5009128342660265
8,0.068359375,3.4872657357149404
8,0.0693359375,3.4744534351663874
8,0.0703125,3.462050620965528
8,0.0712890625,3.4498636356283976
8,0.072265625,3.4381715684423746
8,0.0732421875,3.427403450618081
8,0.07421875,3.417983120635594
8,0.0751953125,3.4100822214862543
8,0.076171875,3.4036584937266223
8,0.0771484375,3.398353716103034
8,0.078125,3.393649194096536
8,0.0791015625,3.3891667189115906
8,0.080078125,3.385072456761995
8,0.0810546875,3.3817594172802004
8,0.08203125,3.3796914348902716
8,0.0830078125,3.3791238937650485
8,0.083984375,3.379989968645453
8,0.0849609375,3.3818383681257727
8,0.0859375,3.3841285433388477
8,0.0869140625,3.386524326391084
8,0.087890625,3.3891659772611935
8,0.0888671875,3.392173223868221
8,0.08984375,3.3953840661058514
8,0.0908203125,3.39845872557491
8,0.091796875,3.4011243302594707
8,0.0927734375,3.4030719179118543
8,0.09375,3.4039827758814236
8,0.0947265625,3.4036993459169747
8,0.095703125,3.4025273323713656
8,0.0966796875,3.4009143083987716
8,0.09765625,3.399272865047029
8,0.0986328125,3.3978553636905273
8,0.099609375,3.396756618308678
8,0.1005859375,3.3958528035505124
8,0.1015625,3.394923936846527
8,0.1025390625,3.3938219801800664
8,0.103515625,3.3927375791873033
8,0.1044921875,3.3920538851823747
8,0.10546875,3.39218647145283
8,0.1064453125,3.3932962291101796
8,0.107421875,3.395188192121439
8,0.1083984375,3.397356335662695
8,0.109375,3.3992771601155134
8,0.1103515625,3.4006363912253827
8,0.111328125,3.4015253570080577
8,0.1123046875,3.402243410205238
8,0.11328125,3.4031324097372333
8,0.1142578125,3.404303181795061
8,0.115234375,3.405560316949393
8,0.1162109375,3.406578963551492
8,0.1171875,3.4072265803770927
8,0.1181640625,3.4075562906455246
8,0.119140625,3.4078005345432336
8,0.1201171875,3.408241535405396
8,0.12109375,3.409173939392425
8,0.1220703125,3.4106894224563358
8,0.123046875,3.4125067370989166
8,0.1240234375,3.4139576963744855
8,0.125,3.414342546641125
8,0.1259765625,3.4134061823147954
8,0.126953125,3.411593242335825
8,0.1279296875,3.409503337820791
8,0.12890625,3.4074919382225857
8,0.1298828125,3.405640264713775
8,0.130859375,3.4039410964071033
8,0.1318359375,3.40234674641998
8,0.1328125,3.4007864774073018
8,0.1337890625,3.39917246656898
8,0.134765625,3.3975088220273375
8,0.1357421875,3.395858612959459
8,0.13671875,3.3943622850171136
8,0.1376953125,3.393079548499161
8,0.138671875,3.391953922911882
8,0.1396484375,3.390892880680259
8,0.140625,3.389891675090632
8,0.1416015625,3.3889803549621482
8,0.142578125,3.3882136646154195
8,0.1435546875,3.3876344064214767
8,0.14453125,3.387327009080419
8,0.1455078125,3.3872804334848707
8,0.146484375,3.3873148325876916
8,0.1474609375,3.387182942333333
8,0.1484375,3.386764157600998
8,0.1494140625,3.3860427727691973
8,0.150390625,3.3851189783206856
8,0.1513671875,3.3841406460646812
8,0.15234375,3.383272990256782
8,0.1533203125,3.3825776891504438
8,0.154296875,3.3819942529685623
8,0.1552734375,3.3814065889716556
8,0.15625,3.3807441532668503
8,0.1572265625,3.3799239766832394
8,0.158203125,3.3788829329641783
8,0.1591796875,3.3775748099191363
8,0.16015625,3.3760418187849965
8,0.1611328125,3.374344914433449
8,0.162109375,3.372522922018197
8,0.1630859375,3.3705603634689405
8,0.1640625,3.3684262705148846
8,0.1650390625,3.366120179972827
8,0.166015625,3.3637666868250045
8,0.1669921875,3.3615380364258085
8,0.16796875,3.359622366029036
8,0.1689453125,3.3581141568235777
8,0.169921875,3.35697471680124
8,0.1708984375,3.3560615391214776
8,0.171875,3.3552350283579493
8,0.1728515625,3.3543863462185097
8,0.173828125,3.3535166718111586
8,0.1748046875,3.352711544565325
8,0.17578125,3.352127873260981
8,0.1767578125,3.351834174464081
8,0.177734375,3.3517479993174373
8,0.1787109375,3.351725449686544
8,0.1796875,3.351696974066542
8,0.1806640625,3.351620814287566
8,0.181640625,3.3514940339490407
8,0.1826171875,3.3513387925323883
8,0.18359375,3.3512383200389353
8,0.1845703125,3.351217780231666
8,0.185546875,3.351123204242354
8,0.1865234375,3.3506329429360706
8,0.1875,3.3494631469678215
8,0.1884765625,3.3475442619415
8,0.189453125,3.345129639666718
8,0.1904296875,3.342580523820884
8,0.19140625,3.3401402365044133
8,0.1923828125,3.3378026823749884
8,0.193359375,3.3354281245239146
8,0.1943359375,3.332908813067966
8,0.1953125,3.330247485500484
8,0.1962890625,3.327490994064526
8,0.197265625,3.3247280982762146
8,0.1982421875,3.322066115342536
8,0.19921875,3.31965488871109
8,0.2001953125,3.317586396419541
8,0.201171875,3.315833088572033
8,0.2021484375,3.314256145397977
8,0.203125,3.312705883253515
8,0.2041015625,3.311086258478051
8,0.205078125,3.3094360692334153
8,0.2060546875,3.307881279330079
8,0.20703125,3.306585678413877
8,0.2080078125,3.3056257288815636
8,0.208984375,3.3049376968833455
8,0.2099609375,3.30435608846231
8,0.2109375,3.3037315998021657
8,0.2119140625,3.30298248602436
8,0.212890625,3.302141396331434
8,0.2138671875,3.301291394177977
8,0.21484375,3.300530388244866
8,0.2158203125,3.299886470246994
8,0.216796875,3.29931135816293
8,0.2177734375,3.2987310824390783
8,0.21875,3.2980874854301474
8,0.2197265625,3.297319661874667
8,0.220703125,3.2964093974755246
8,0.2216796875,3.2953235612242575
8,0.22265625,3.2940584190380338
8,0.2236328125,3.292678370206104
8,0.224609375,3.291286369766218
8,0.2255859375,3.289878790689306
8,0.2265625,3.288316171683285
8,0.2275390625,3.2864719565221883
8,0.228515625,3.2844208528652286
8,0.2294921875,3.282351560686182
8,0.23046875,3.2804182260579475
8,0.2314453125,3.2786196514030572
8,0.232421875,3.276836432554065
8,0.2333984375,3.2749201512035864
8,0.234375,3.2728028801358033
8,0.2353515625,3.2705279562910707
8,0.236328125,3.2682632575086843
8,0.2373046875,3.266170301201065
8,0.23828125,3.2643363265442473
8,0.2392578125,3.262796312152671
8,0.240234375,3.2615714146914714
8,0.2412109375,3.260585265333492
8,0.2421875,3.2596591277816027
8,0.2431640625,3.2586164979138323
8,0.244140625,3.2574428884185838
8,0.2451171875,3.2562320585663347
8,0.24609375,3.2550934976652153
8,0.2470703125,3.2540581877634356
8,0.248046875,3.2530254028372436
8,0.2490234375,3.2517020572795654
8,0.25,3.2496834049803
8,0.2509765625,3.2467286269321742
8,0.251953125,3.2430211995981932
8,0.2529296875,3.238965602405849
8,0.25390625,3.2349369708495272
8,0.2548828125,3.231155453842717
8,0.255859375,3.227684141898777
8,0.2568359375,3.224456419819167
8,0.2578125,3.2213696718971443
8,0.2587890625,3.2183973711168714
8,0.259765625,3.215658930898426
8,0.2607421875,3.2132602966817703
8,0.26171875,3.211192765846402
8,0.2626953125,3.20936422510826
8,0.263671875,3.20770990066298
8,0.2646484375,3.206173416749725
8,0.265625,3.204671386315773
8,0.2666015625,3.203107238436616
8,0.267578125,3.2014602383043154
8,0.2685546875,3.199787963992774
8,0.26953125,3.198200028837252
8,0.2705078125,3.196744865042256
8,0.271484375,3.19535130811454
8,0.2724609375,3.193836522293912
8,0.2734375,3.1920329032885
8,0.2744140625,3.1899341006329522
8,0.275390625,3.187760407824955
8,0.2763671875,3.185754047292282
8,0.27734375,3.1840028241394704
8,0.2783203125,3.1824382267588303
8,0.279296875,3.1809453856211847
8,0.2802734375,3.179384837776236
8,0.28125,3.1776006128041585
8,0.2822265625,3.1754903881775416
8,0.283203125,3.1731196633516814
8,0.2841796875,3.1706047447870147
8,0.28515625,3.1679967810646033
8,0.2861328125,3.165260001893639
8,0.287109375,3.1623292767570756
8,0.2880859375,3.159151242169778
8,0.2890625,3.155730534288716
8,0.2900390625,3.152137186270147
8,0.291015625,3.1485236795362286
8,0.2919921875,3.1450519626442532
8,0.29296875,3.1418464213548045
8,0.2939453125,3.138948167964268
8,0.294921875,3.1363281735911865
8,0.2958984375,3.1339085411966128
8,0.296875,3.131614533305101
8,0.2978515625,3.1294073779996427
8,0.298828125,3.127317477532028
8,0.2998046875,3.125370459746189
8,0.30078125,3.1235597914263438
8,0.3017578125,3.1218639350300097
8,0.302734375,3.120287474434945
8,0.3037109375,3.118828459757063
8,0.3046875,3.1174627301294318
8,0.3056640625,3.116141563855814
8,0.306640625,3.114839053559068
8,0.3076171875,3.1135427949427807
8,0.30859375,3.1122715275864348
8,0.3095703125,3.1110644991441205
8,0.310546875,3.1099492482460356
8,0.3115234375,3.1088613424575597
8,0.3125,3.1076518787578395
8,0.3134765625,3.106209958959608
8,0.314453125,3.104598622590009
8,0.3154296875,3.1029403144206418
8,0.31640625,3.101290587797166
8,0.3173828125,3.0996148957335667
8,0.318359375,3.0978562466027273
8,0.3193359375,3.0959656226565864
8,0.3203125,3.0939258368315254
8,0.3212890625,3.09176807670832
8,0.322265625,3.089605517002092
8,0.3232421875,3.087569405785904
8,0.32421875,3.08576216811446
8,0.3251953125,3.0841998446929995
8,0.326171875,3.0828151561912924
8,0.3271484375,3.081490554491721
8,0.328125,3.0801249824870016
8,0.3291015625,3.0786837564231835
8,0.330078125,3.0772524610802696
8,0.3310546875,3.0759711736170963
8,0.33203125,3.0749752235455032
8,0.3330078125,3.0743278979605027
8,0.333984375,3.073997031541133
8,0.3349609375,3.0738729577073096
8,0.3359375,3.0738418252902435
8,0.3369140625,3.073813445573225
8,0.337890625,3.07374733858817
8,0.3388671875,3.07361490663937
8,0.33984375,3.07339231676561
8,0.3408203125,3.0730468474854487
8,0.341796875,3.072560753409385
8,0.3427734375,3.0719522308067293
8,0.34375,3.0712835344510014
8,0.3447265625,3.0706159531141775
8,0.345703125,3.0700200031448572
8,0.3466796875,3.0695668367758744
8,0.34765625,3.069335849137356
8,0.3486328125,3.069341351149718
8,0.349609375,3.0694763054831418
8,0.3505859375,3.0695225686165326
8,0.3515625,3.0692519351204757
8,0.3525390625,3.068531109672981
8,0.353515625,3.067408333103623
8,0.3544921875,3.0660720502578833
8,0.35546875,3.0647655462527292
8,0.3564453125,3.0636489359881387
8,0.357421875,3.062751819221931
8,0.3583984375,3.0620308756457058
8,0.359375,3.0614626948628496
8,0.3603515625,3.0610412677635415
8,0.361328125,3.0607665403702837
8,0.3623046875,3.0606054428184892
8,0.36328125,3.0605059991007653
8,0.3642578125,3.0604178944695577
8,0.365234375,3.0603106236358393
8,0.3662109375,3.060137811332376
8,0.3671875,3.0598401534184907
8,0.3681640625,3.0593767154615645
8,0.369140625,3.058798321485359
8,0.3701171875,3.058222633900284
8,0.37109375,3.057780101783516
8,0.3720703125,3.057532733678298
8,0.373046875,3.0574393291679955
8,0.3740234375,3.057371417999573
8,0.375,3.0571895679215
8,0.3759765625,3.056815026915021
8,0.376953125,3.0562915738675964
8,0.3779296875,3.0557102585075406
8,0.37890625,3.055144298896082
8,0.3798828125,3.0546039790837898
8,0.380859375,3.054060388039927
8,0.3818359375,3.0534862365853654
8,0.3828125,3.0528820347531145
8,0.3837890625,3.05224354386128
8,0.384765625,3.0515648763625163
8,0.3857421875,3.050852150478151
8,0.38671875,3.0501551600307666
8,0.3876953125,3.0495112213510343
8,0.388671875,3.048924476183872
8,0.3896484375,3.0483988047972876
8,0.390625,3.0479796641464607
8,0.3916015625,3.04772394389328
8,0.392578125,3.047682162677921
8,0.3935546875,3.0478755040330836
8,0.39453125,3.0483103680684196
8,0.3955078125,3.0489506146283163
8,0.396484375,3.0497110215287186
8,0.3974609375,3.050474786293006
8,0.3984375,3.051149895301757
8,0.3994140625,3.051695980494935
8,0.400390625,3.05216249009212
8,0.4013671875,3.052653734520286
8,0.40234375,3.053279962626608
8,0.4033203125,3.054089352138491
8,0.404296875,3.0550464191463895
8,0.4052734375,3.056051224758665
8,0.40625,3.056994265035665
8,0.4072265625,3.057770106367179
8,0.408203125,3.058324115206885
8,0.4091796875,3.0586807648773293
8,0.41015625,3.0589655006567873
8,0.4111328125,3.0593246435142287
8,0.412109375,3.059838466953212
8,0.4130859375,3.060486557106986
8,0.4140625,3.0612023044480057
8,0.4150390625,3.0619519078931936
8,0.416015625,3.062798197321032
8,0.4169921875,3.063832749772528
8,0.41796875,3.0650962540294717
8,0.4189453125,3.0665104948765896
8,0.419921875,3.067903400011016
8,0.4208984375,3.0691010207317606
8,0.421875,3.0700354244920476
8,0.4228515625,3.0707593905910247
8,0.423828125,3.071415630615132
8,0.4248046875,3.07214733962896
8,0.42578125,3.073067021713345
8,0.4267578125,3.07423922291633
8,0.427734375,3.0756768552844735
8,0.4287109375,3.0773319619294206
8,0.4296875,3.079124189993664
8,0.4306640625,3.080962054029078
8,0.431640625,3.082782230968873
8,0.4326171875,3.084537430103901
8,0.43359375,3.0862137911902154
8,0.4345703125,3.0878360742642887
8,0.435546875,3.089438005961776
8,0.4365234375,3.09097236907587
8,0.4375,3.092309458026045
8,0.4384765625,3.0933693417697414
8,0.439453125,3.094254296603124
8,0.4404296875,3.09514142788825
8,0.44140625,3.0961364740643984
8,0.4423828125,3.097205609761011
8,0.443359375,3.0982198246630723
8,0.4443359375,3.0990425154457037
8,0.4453125,3.0996129099398644
8,0.4462890625,3.0999478310981727
8,0.447265625,3.1001281216559993
8,0.4482421875,3.100250324982134
8,0.44921875,3.1004060497168466
8,0.4501953125,3.1006466696272117
8,0.451171875,3.100984304520432
8,0.4521484375,3.101400135174604
8,0.453125,3.101849122024205
8,0.4541015625,3.1022355546432476
8,0.455078125,3.102467813688799
8,0.4560546875,3.1025375394027037
8,0.45703125,3.102557372308352
8,0.4580078125,3.102638229064799
8,0.458984375,3.1027841344667455
8,0.4599609375,3.102926029044102
8,0.4609375,3.1030243510350566
8,0.4619140625,3.1030778209946597
8,0.462890625,3.1031138482600196
8,0.4638671875,3.1031657425512007
8,0.46484375,3.1032774013743274
8,0.4658203125,3.1034655895245984
8,0.466796875,3.1037113575165973
8,0.4677734375,3.1039965586225016
8,0.46875,3.104349618002114
8,0.4697265625,3.104820472191049
8,0.470703125,3.105456113168803
8,0.4716796875,3.1062656818011534
8,0.47265625,3.1072402760624147
8,0.4736328125,3.1083423784427358
8,0.474609375,3.109503792650377
8,0.4755859375,3.1106348268348016
8,0.4765625,3.1116577510686367
8,0.4775390625,3.1125240683318673
8,0.478515625,3.113259922839209
8,0.4794921875,3.1139742791058698
8,0.48046875,3.114832758784047
8,0.4814453125,3.115938215434087
8,0.482421875,3.1172646893930027
8,0.4833984375,3.1187070979038847
8,0.484375,3.1201834686297074
8,0.4853515625,3.1216314556412867
8,0.486328125,3.1229905116944154
8,0.4873046875,3.124198697233456
8,0.48828125,3.1252318354077193
8,0.4892578125,3.1260943998389115
8,0.490234375,3.1268107134071528
8,0.4912109375,3.127424321434009
8,0.4921875,3.12800381692806
8,0.4931640625,3.128591036093291
8,0.494140625,3.129203073135484
8,0.4951171875,3.129864892300057
8,0.49609375,3.1306455396963773
8,0.4970703125,3.1315740425421863
8,0.498046875,3.1325458517547293
8,0.4990234375,3.1333182014691214
8,0.5,3.1336201169054267
9,0.0009765625,20.649780602769322
9,0.001953125,19.9827350712477
9,0.0029296875,17.562288459991006
9,0.00390625,14.33049982102727
9,0.0048828125,10.3553272771685
9,0.005859375,8.243036760336198
9,0.0068359375,9.005553461123256
9,0.0078125,9.688692547552845
9,0.0087890625,8.481476015007951
9,0.009765625,7.180815885677296
9,0.0107421875,6.958932784706971
9,0.01171875,7.080843332305529
9,0.0126953125,6.759760114253865
9,0.013671875,6.2898247626527235
9,0.0146484375,6.051250402574103
9,0.015625,5.978262411045959
9,0.0166015625,5.8457540168833395
9,0.017578125,5.6975647304333465
9,0.0185546875,5.5649204230688865
9,0.01953125,5.48090708044429
9,0.0205078125,5.424239451006776
9,0.021484375,5.460924501781477
9,0.0224609375,5.570156318690725
9,0.0234375,5.6180666342513
9,0.0244140625,5.48102489007617
9,0.025390625,5.1784512358684855
9,0.0263671875,4.863174664436217
9,0.02734375,4.730563880563187
9,0.0283203125,4.7241144951091165
9,0.029296875,4.838794229583747
9,0.0302734375,5.003141874352326
9,0.03125,5.016334057133037
9,0.0322265625,4.784182698043731
9,0.033203125,4.552910760266601
9,0.0341796875,4.469762343240157
9,0.03515625,4.41483380468754
9,0.0361328125,4.290857148922357
9,0.037109375,4.236787415209712
9,0.0380859375,4.310254217727099
9,0.0390625,4.401498472757331
9,0.0400390625,4.402461463528872
9,0.041015625,4.336116965157846
9,0.0419921875,4.247030340774712
9,0.04296875,4.172589476747309
9,0.0439453125,4.130748590551086
9,0.044921875,4.17314811298269
9,0.0458984375,4.270014272816812
9,0.046875,4.291817541245122
9,0.0478515625,4.174696992538494
9,0.048828125,4.06893107262748
9,0.0498046875,4.075910465565069
9,0.05078125,4.103982825775628
9,0.0517578125,4.0435863514275106
9,0.052734375,3.9681707947459275
9,0.0537109375,3.9584069500699743
9,0.0546875,3.9817925775012073
9,0.0556640625,3.982572635544765
9,0.056640625,3.9763916943008577
9,0.0576171875,3.9607760124295046
9,0.05859375,3.940253213989842
9,0.0595703125,3.9220874077660897
9,0.060546875,3.9841170724448705
9,0.0615234375,4.152720734850778
9,0.0625,4.263330435469741
9,0.0634765625,4.1627580719584945
9,0.064453125,3.9916207306813956
9,0.0654296875,3.9119642962162913
9,0.06640625,3.9080857850515285
9,0.0673828125,3.9224188458177602
9,0.068359375,3.9635300615612943
9,0.0693359375,4.013060899107375
9,0.0703125,4.028138143181043
9,0.0712890625,3.988722862584178
9,0.072265625,3.937703517945095
9,0.0732421875,3.908364458556212
9,0.07421875,3.89866258881188
9,0.0751953125,3.8941387445237314
9,0.076171875,3.905205807026397
9,0.0771484375,3.932374970060195
9,0.078125,3.9471863645847516
9,0.0791015625,3.9193486496161047
9,0.080078125,3.8862269282677855
9,0.0810546875,3.879974615582897
9,0.08203125,3.8773408551088377
9,0.0830078125,3.8502319931475997
9,0.083984375,3.8324030074301905
9,0.0849609375,3.853258059382202
9,0.0859375,3.879376347833521
9,0.0869140625,3.862330518393835
9,0.087890625,3.831992587676629
9,0.0888671875,3.828260136997444
9,0.08984375,3.8408877540682833
9,0.0908203125,3.8416100829386997
9,0.091796875,3.834654037550785
9,0.0927734375,3.833106915842373
9,0.09375,3.83719004609607
9,0.0947265625,3.8303798102961437
9,0.095703125,3.8363181453763278
9,0.0966796875,3.8596581196063857
9,0.09765625,3.868487951361589
9,0.0986328125,3.848416084651471
9,0.099609375,3.8415051005742096
9,0.1005859375,3.8626792600555344
9,0.1015625,3.8749079635347323
9,0.1025390625,3.8522021839968037
9,0.103515625,3.840408150782527
9,0.1044921875,3.8702274369000054
9,0.10546875,3.896974029323621
9,0.1064453125,3.8772831751369274
9,0.107421875,3.8511506019723423
9,0.1083984375,3.851410906256439
9,0.109375,3.8616791592606807
9,0.1103515625,3.861368977000139
9,0.111328125,3.856713815925893
9,0.1123046875,3.851970261744843
9,0.11328125,3.8519065623794915
9,0.1142578125,3.8563702529137043
9,0.115234375,3.8685632290835597
9,0.1162109375,3.886580475598776
9,0.1171875,3.8968647683359983
9,0.1181640625,3.8846924900162607
9,0.119140625,3.86805388118526
9,0.1201171875,3.8657029751144667
9,0.12109375,3.87260654525243
9,0.1220703125,3.8752560617637735
9,0.123046875,3.888290519467432
9,0.1240234375,3.918752253764822
9,0.125,3.936392604860082
9,0.1259765625,3.9164946312551816
9,0.126953125,3.892412244697754
9,0.1279296875,3.8843786447450515
9,0.12890625,3.884863742611221
9,0.1298828125,3.884123392772709
9,0.130859375,3.892410420606839
9,0.1318359375,3.916276574191257
9,0.1328125,3.9351196081745474
9,0.1337890625,3.9242927140904706
9,0.134765625,3.9062954066543725
9,0.1357421875,3.902574322935134
9,0.13671875,3.903007408084352
9,0.1376953125,3.8969365917341086
9,0.138671875,3.898496911049603
9,0.1396484375,3.9141922623990713
9,0.140625,3.928124451798048
9,0.1416015625,3.9226806450080054
9,0.142578125,3.9112415681660977
9,0.1435546875,3.9100404948979697
9,0.14453125,3.916609172438265
9,0.1455078125,3.918677678055777
9,0.146484375,3.920651130991604
9,0.1474609375,3.9292851146906793
9,0.1484375,3.936613554220385
9,0.1494140625,3.9320035263783053
9,0.150390625,3.9286203739740335
9,0.1513671875,3.936203176146159
9,0.15234375,3.9435031718573703
9,0.1533203125,3.9385576011129095
9,0.154296875,3.938625238294656
9,0.1552734375,3.9550299950402366
9,0.15625,3.9682960226753
9,0.1572265625,3.95633330274428
9,0.158203125,3.9395288126508703
9,0.1591796875,3.939156776377459
9,0.16015625,3.945327358874079
9,0.1611328125,3.9425494822159695
9,0.162109375,3.9422159302871873
9,0.1630859375,3.950572464579552
9,0.1640625,3.9538356469403766
9,0.1650390625,3.942201935330071
9,0.166015625,3.9306373357893905
9,0.1669921875,3.929206105347754
9,0.16796875,3.9321210306595757
9,0.1689453125,3.931281848410082
9,0.169921875,3.9296226480014855
9,0.1708984375,3.929893254184506
9,0.171875,3.9297584725657395
9,0.1728515625,3.9242055811136707
9,0.173828125,3.921262649342586
9,0.1748046875,3.9256645969317563
9,0.17578125,3.9292280937877972
9,0.1767578125,3.922046400165632
9,0.177734375,3.914740655632753
9,0.1787109375,3.9170732340633614
9,0.1796875,3.921530499337433
9,0.1806640625,3.920113054043475
9,0.181640625,3.920754670501234
9,0.1826171875,3.925837812315428
9,0.18359375,3.929057412961709
9,0.1845703125,3.9229695453832845
9,0.185546875,3.9226350601465554
9,0.1865234375,3.942642313666288
9,0.1875,3.9596013549659825
9,0.1884765625,3.9447813104451535
9,0.189453125,3.9232871441501316
9,0.1904296875,3.9196836456490294
9,0.19140625,3.919915454462157
9,0.1923828125,3.909136907518619
9,0.193359375,3.8999071719792964
9,0.1943359375,3.8998808749649165
9,0.1953125,3.8998498559792565
9,0.1962890625,3.8904125798426725
9,0.197265625,3.881014046362163
9,0.1982421875,3.879333047500915
9,0.19921875,3.8792649471279503
9,0.2001953125,3.8726943943773207
9,0.201171875,3.865949494538402
9,0.2021484375,3.8651103618370453
9,0.203125,3.86581140196039
9,0.2041015625,3.859440739314275
9,0.205078125,3.850938511893262
9,0.2060546875,3.846138784726135
9,0.20703125,3.844008279389109
9,0.2080078125,3.840962837707278
9,0.208984375,3.8421773930965606
9,0.2099609375,3.8496533405070914
9,0.2109375,3.8543930266574633
9,0.2119140625,3.8467491152961517
9,0.212890625,3.834691010694846
9,0.2138671875,3.829205687203631
9,0.21484375,3.828469633929751
9,0.2158203125,3.824785356220242
9,0.216796875,3.826232179367091
9,0.2177734375,3.837098162898031
9,0.21875,3.8430562525237266
9,0.2197265625,3.8311502674669535
9,0.220703125,3.815031449678626
9,0.2216796875,3.8071611737406497
9,0.22265625,3.804813121931893
9,0.2236328125,3.8021607149806016
9,0.224609375,3.8049289216982434
9,0.2255859375,3.8128796300550536
9,0.2265625,3.8152390772247196
9,0.2275390625,3.804706279639643
9,0.228515625,3.7934528605594586
9,0.2294921875,3.7907120658851996
9,0.23046875,3.790067981824773
9,0.2314453125,3.7845122719066073
9,0.232421875,3.781581830230037
9,0.2333984375,3.784922008147808
9,0.234375,3.786967041970456
9,0.2353515625,3.7801403341308757
9,0.236328125,3.7720588643892095
9,0.2373046875,3.7692442796016175
9,0.23828125,3.7686200536138332
9,0.2392578125,3.76461067689216
9,0.240234375,3.762297085577671
9,0.2412109375,3.7664944130303186
9,0.2421875,3.7698883038345024
9,0.2431640625,3.762495189345147
9,0.244140625,3.753780984477019
9,0.2451171875,3.754588557314548
9,0.24609375,3.7592415183722334
9,0.2470703125,3.75606332066899
9,0.248046875,3.751697475152485
9,0.2490234375,3.7560700869143995
9,0.25,3.7591473716751787
9,0.2509765625,3.74662394107352
9,0.251953125,3.735348810012343
9,0.2529296875,3.737241420912174
9,0.25390625,3.738454736455201
9,0.2548828125,3.726943572291647
9,0.255859375,3.7155453392777016
9,0.2568359375,3.7147261744823235
9,0.2578125,3.7159749867554006
9,0.2587890625,3.7080937632278093
9,0.259765625,3.6984808929141235
9,0.2607421875,3.6948653265537157
9,0.26171875,3.6943615740473796
9,0.2626953125,3.6914396085546133
9,0.263671875,3.687895099916278
9,0.2646484375,3.6853249489146354
9,0.265625,3.682341241650447
9,0.2666015625,3.6762031542880313
9,0.267578125,3.6709007558215725
9,0.2685546875,3.6688270177152575
9,0.26953125,3.6674647763195303
9,0.2705078125,3.6627894864372594
9,0.271484375,3.6592986800135994
9,0.2724609375,3.6606476117120983
9,0.2734375,3.6622113275897434
9,0.2744140625,3.6572641587200514
9,0.275390625,3.649949859064565
9,0.2763671875,3.646626577565127
9,0.27734375,3.6462299731890937
9,0.2783203125,3.642445741023357
9,0.279296875,3.640623626698945
9,0.2802734375,3.644919620632983
9,0.28125,3.6475349545321674
9,0.2822265625,3.6401511595946463
9,0.283203125,3.630552927561655
9,0.2841796875,3.6252558338715026
9,0.28515625,3.621375184826206
9,0.2861328125,3.6150092147487305
9,0.287109375,3.612776280826086
9,0.2880859375,3.617416740094703
9,0.2890625,3.6196313780188674
9,0.2900390625,3.6113567710326895
9,0.291015625,3.600779008550284
9,0.2919921875,3.5954192942617316
9,0.29296875,3.5927093172470514
9,0.2939453125,3.58848968600585
9,0.294921875,3.5865243015160155
9,0.2958984375,3.5885898117588786
9,0.296875,3.5895802294334533
9,0.2978515625,3.5840170268327074
9,0.298828125,3.577218544220057
9,0.2998046875,3.573941981645652
9,0.30078125,3.572563296828482
9,0.3017578125,3.569532295564846
9,0.302734375,3.568500073246323
9,0.3037109375,3.5719143910648463
9,0.3046875,3.5744179058296357
9,0.3056640625,3.5695964819614328
9,0.306640625,3.5633915236678972
9,0.3076171875,3.5618116046714774
9,0.30859375,3.561268588200925
9,0.3095703125,3.5564681458192067
9,0.310546875,3.5556787885258454
9,0.3115234375,3.5645944909658245
9,0.3125,3.5695735590433144
9,0.3134765625,3.5572409554850837
9,0.314453125,3.5427357281488243
9,0.3154296875,3.539836183006964
9,0.31640625,3.5416600400841776
9,0.3173828125,3.5389152369797463
9,0.318359375,3.535592098202407
9,0.3193359375,3.5353148071987652
9,0.3203125,3.5348681253781056
9,0.3212890625,3.529425275612386
9,0.322265625,3.5243505578925935
9,0.3232421875,3.5243347460177037
9,0.32421875,3.524722263528122
9,0.3251953125,3.519685334120113
9,0.326171875,3.514312396636043
9,0.3271484375,3.5131393523892465
9,0.328125,3.512905458893597
9,0.3291015625,3.5086761720273807
9,0.330078125,3.503962281388026
9,0.3310546875,3.5015244309048885
9,0.33203125,3.4999245971934623
9,0.3330078125,3.496060965380857
9,0.333984375,3.4925192936940674
9,0.3349609375,3.4919705063303854
9,0.3359375,3.49162781638415
9,0.3369140625,3.4872619832978966
9,0.337890625,3.483338645915108
9,0.3388671875,3.4829636566372644
9,0.33984375,3.481410668190866
9,0.3408203125,3.4739843840504574
9,0.341796875,3.4693308156020217
9,0.3427734375,3.4737404957499862
9,0.34375,3.4787682892756115
9,0.3447265625,3.4740128736417417
9,0.345703125,3.467022286571498
9,0.3466796875,3.466045079297388
9,0.34765625,3.465876618440743
9,0.3486328125,3.459141556506957
9,0.349609375,3.4550214647018076
9,0.3505859375,3.46001526199812
9,0.3515625,3.4648721462458285
9,0.3525390625,3.4594321746817682
9,0.353515625,3.4508658737831057
9,0.3544921875,3.446763501967047
9,0.35546875,3.444532746980758
9,0.3564453125,3.440471506067686
9,0.357421875,3.439299366854167
9,0.3583984375,3.4431488575869436
9,0.359375,3.4448721241835445
9,0.3603515625,3.4375970808567677
9,0.361328125,3.4293654154771223
9,0.3623046875,3.4268350050634973
9,0.36328125,3.4272574523216672
9,0.3642578125,3.426142523278459
9,0.365234375,3.4266860924771545
9,0.3662109375,3.430769425556771
9,0.3671875,3.4318065358854675
9,0.3681640625,3.42331963848795
9,0.369140625,3.412799008774601
9,0.3701171875,3.4074148354017573
9,0.37109375,3.4064822779085
9,0.3720703125,3.4063302526565344
9,0.373046875,3.409918298523638
9,0.3740234375,3.419362167780939
9,0.375,3.4245159860193084
9,0.3759765625,3.4135879060998793
9,0.376953125,3.39926633061401
9,0.3779296875,3.3932437644656805
9,0.37890625,3.3915174151340572
9,0.3798828125,3.3887256576797538
9,0.380859375,3.3887825226421446
9,0.3818359375,3.3925823808705466
9,0.3828125,3.394210685089433
9,0.3837890625,3.3888148208094293
9,0.384765625,3.3830887006812724
9,0.3857421875,3.381979714487436
9,0.38671875,3.3823471859940284
9,0.3876953125,3.3801612129382703
9,0.388671875,3.378482199383821
9,0.3896484375,3.379725023290371
9,0.390625,3.381455274955886
9,0.3916015625,3.379407223813957
9,0.392578125,3.376930326521252
9,0.3935546875,3.376908590429068
9,0.39453125,3.376990348256366
9,0.3955078125,3.373836846066938
9,0.396484375,3.3723951938127876
9,0.3974609375,3.3759696456125883
9,0.3984375,3.3788831504511747
9,0.3994140625,3.3748006687618757
9,0.400390625,3.37094348036785
9,0.4013671875,3.3742567458537693
9,0.40234375,3.377806552583898
9,0.4033203125,3.3724616160324183
9,0.404296875,3.367336626704236
9,0.4052734375,3.370608322192732
9,0.40625,3.3750073310413584
9,0.4072265625,3.3714228760199876
9,0.408203125,3.366576940974024
9,0.4091796875,3.3657422294047508
9,0.41015625,3.3655549839659966
9,0.4111328125,3.3622974557850185
9,0.412109375,3.360829228276456
9,0.4130859375,3.363512279629258
9,0.4140625,3.364617640595792
9,0.4150390625,3.3594629095823967
9,0.416015625,3.3549628272874776
9,0.4169921875,3.3558721520383203
9,0.41796875,3.3582174577840815
9,0.4189453125,3.357711324449944
9,0.419921875,3.358309335069504
9,0.4208984375,3.3623490105864025
9,0.421875,3.3653996374381765
9,0.4228515625,3.362817170510198
9,0.423828125,3.359638561915085
9,0.4248046875,3.3599299262824185
9,0.42578125,3.361880429886179
9,0.4267578125,3.3619923077883764
9,0.427734375,3.362425360061949
9,0.4287109375,3.3649208315428663
9,0.4296875,3.366147537550343
9,0.4306640625,3.3622312643516814
9,0.431640625,3.3580267529654644
9,0.4326171875,3.357712838898586
9,0.43359375,3.3584025319319504
9,0.4345703125,3.3558618676154532
9,0.435546875,3.3572151902517136
9,0.4365234375,3.3672874454275314
9,0.4375,3.3741810733337805
9,0.4384765625,3.3663946351426937
9,0.439453125,3.3565152436730727
9,0.4404296875,3.355742156727652
9,0.44140625,3.357800380663748
9,0.4423828125,3.3549700135326073
9,0.443359375,3.352021372659391
9,0.4443359375,3.353250315125299
9,0.4453125,3.35559663856838
9,0.4462890625,3.353821439593448
9,0.447265625,3.351359335773953
9,0.4482421875,3.3518761471946803
9,0.44921875,3.3531969769526686
9,0.4501953125,3.352251280116932
9,0.451171875,3.352615214558958
9,0.4521484375,3.3564078920379297
9,0.453125,3.3596008760361182
9,0.4541015625,3.356968553852094
9,0.455078125,3.3525493880040287
9,0.4560546875,3.350826503033138
9,0.45703125,3.3514141566264946
9,0.4580078125,3.3516400153020216
9,0.458984375,3.3529750537270417
9,0.4599609375,3.3560650888843107
9,0.4609375,3.3577734189444266
9,0.4619140625,3.3544634367608865
9,0.462890625,3.3511508579205262
9,0.4638671875,3.3530105337996168
9,0.46484375,3.3563067376692803
9,0.4658203125,3.355279393599213
9,0.466796875,3.3566702161052877
9,0.4677734375,3.365345406211287
9,0.46875,3.372025490556368
9,0.4697265625,3.3667475368020905
9,0.470703125,3.358097434495584
9,0.4716796875,3.3556717347912515
9,0.47265625,3.357128954886297
9,0.4736328125,3.357490023378241
9,0.474609375,3.360488470757978
9,0.4755859375,3.3659532175487383
9,0.4765625,3.36862721344289
9,0.4775390625,3.3651326708153655
9,0.478515625,3.3606248287609928
9,0.4794921875,3.35957392809418
9,0.48046875,3.360777280111884
9,0.4814453125,3.3615262652288886
9,0.482421875,3.3633826619749074
9,0.4833984375,3.3659133851567518
9,0.484375,3.3667556540465537
9,0.4853515625,3.364264915870304
9,0.486328125,3.3632043639157625
9,0.4873046875,3.3655878070558667
9,0.48828125,3.366738850933608
9,0.4892578125,3.362583175534614
9,0.490234375,3.361139911185142
9,0.4912109375,3.368361167406688
9,0.4921875,3.3747344865605196
9,0.4931640625,3.3694364747405245
9,0.494140625,3.361854582051294
9,0.4951171875,3.3621861970627958
9,0.49609375,3.36725435218389
9,0.4970703125,3.368425651590955
9,0.498046875,3.3670489918369806
9,0.4990234375,3.3696174845558753
9,0.5,3.3733253442197455
