run_idx,k_center,E_k
0,0.5094267081084933,0.026588343806260583
0,1.52828012432548,0.06716431913104395
0,2.5471335405424664,0.038290361464044326
0,3.5659869567594535,0.02243200056998505
0,4.58484037297644,0.01528246276354164
0,5.603693789193427,0.009248223858083248
0,6.622547205410413,0.006314992977708262
0,7.6414006216274,0.005456450339365289
0,8.660254037844386,0.004302629088341305
0,9.679107454061374,0.003291952195399392
0,10.69796087027836,0.0031032449802840256
0,11.716814286495346,0.002897412095556187
0,12.735667702712334,0.002649563595305345
0,13.75452111892932,0.0022990005581103637
0,14.773374535146306,0.002116203721502105
0,15.792227951363294,0.001687725699276191
0,16.81108136758028,0.001671338048276511
0,17.829934783797267,0.001187373547227909
0,18.848788200014255,0.0011840846399946699
0,19.86764161623124,0.0009893377015881
0,20.886495032448224,0.0008785632352976116
0,21.905348448665215,0.0009329952454807162
0,22.9242018648822,0.0009153323365436241
0,23.943055281099184,0.0008542407327044975
0,24.961908697316176,0.0008198614060626908
0,25.98076211353316,0.0008504610387067252
0,26.999615529750145,0.000778529664027825
0,28.018468945967136,0.0007785351199832933
0,29.03732236218412,0.0007443567434427545
0,30.056175778401105,0.0007374834276328907
0,31.075029194618093,0.0006970624391134979
0,32.09388261083508,0.0006601228429113473
0,33.112736027052065,0.0006416346384597534
0,34.13158944326905,0.0005752037546452712
0,35.15044285948604,0.0005699966564886538
0,36.169296275703026,0.0005211216528371165
0,37.18814969192002,0.0005131914153082896
0,38.207003108137,0.0004536128248119974
0,39.225856524353986,0.00041408140948894504
0,40.24470994057097,0.00039484915210910956
0,41.263563356787955,0.000376387814159779
0,42.28241677300495,0.0003675976361167926
0,43.30127018922193,0.0003456624904294214
0,44.32012360543892,0.0003460673750394743
0,45.33897702165591,0.0003208913305928585
0,46.35783043787289,0.000310594844480468
0,47.376683854089876,0.0003010364308785864
0,48.39553727030687,0.0003036466920531327
0,49.41439068652385,0.00031024919366953485
0,50.433244102740844,0.00030184384785360594
0,51.45209751895783,0.0003102490691916582
0,52.47095093517481,0.0003078947968145235
0,53.4898043513918,0.00030579751737186157
0,54.50865776760879,0.00029636306761487264
0,55.52751118382577,0.0003022264662076938
0,56.546364600042764,0.00029640501861005536
0,57.56521801625975,0.0002834425806198333
0,58.58407143247673,0.0002935656166152827
0,59.60292484869372,0.00028548375953544897
0,60.6217782649107,0.0002852762617411294
0,61.640631681127694,0.00027046011959373426
0,62.65948509734468,0.000266203301051864
0,63.67833851356167,0.000249830041218654
0,64.69719192977865,0.000242083105595986
0,65.71604534599564,0.00023556566423375277
0,66.73489876221262,0.00022620625729731985
0,67.75375217842961,0.00021318240197215784
0,68.77260559464659,0.00020477773196302845
0,69.79145901086359,0.00020564454362241683
0,70.81031242708058,0.0001899539852435164
0,71.82916584329756,0.00018259841774060634
0,72.84801925951454,0.00017739369871740512
0,73.86687267573153,0.00017129711327882463
0,74.88572609194853,0.00016312522043762044
0,75.90457950816551,0.00015387393717734304
0,76.9234329243825,0.0001487319855780439
0,77.94228634059948,0.0001438787465205046
0,78.96113975681646,0.0001385106293471574
0,79.97999317303345,0.00013349064998610842
0,80.99884658925043,0.00012697539727646355
0,82.01770000546742,0.00012560773251841904
0,83.03655342168442,0.00011892926781959754
0,84.0554068379014,0.000118844347162302
0,85.07426025411839,0.00011180515813504739
0,86.09311367033537,0.00011040940329433241
0,87.11196708655235,0.00010750365459344721
0,88.13082050276935,0.00010622083831219638
0,89.14967391898634,0.00010418163365091558
0,90.16852733520332,0.00010162006856887053
0,91.1873807514203,0.00010152299962942212
0,92.20623416763729,0.00010004107072979774
0,93.22508758385428,9.836493161018164e-05
0,94.24394100007126,9.567570413135763e-05
0,95.26279441628826,9.64581846931078e-05
0,96.28164783250524,9.361558376162696e-05
0,97.30050124872223,9.457983101344833e-05
0,98.31935466493921,9.277167678269893e-05
0,99.3382080811562,9.292669700492184e-05
0,100.35706149737318,9.193780599478384e-05
0,101.37591491359018,8.94208875382073e-05
0,102.39476832980716,8.899284147534336e-05
0,103.41362174602415,8.860532410427586e-05
0,104.43247516224113,8.751969707400586e-05
0,105.45132857845812,8.748593322779221e-05
0,106.4701819946751,8.577909300943176e-05
0,107.48903541089209,8.560098245705048e-05
0,108.50788882710908,8.436546906696354e-05
0,109.52674224332607,8.507107214622047e-05
0,110.54559565954305,8.524402919650711e-05
0,111.56444907576004,8.280539102540326e-05
0,112.58330249197702,8.331998866056792e-05
0,113.60215590819402,8.193820230476555e-05
0,114.621009324411,8.054023520022456e-05
0,115.63986274062799,8.0338974093601e-05
0,116.65871615684497,7.860423976483123e-05
0,117.67756957306196,7.883897830839082e-05
0,118.69642298927894,7.666138662454838e-05
0,119.71527640549593,7.659650968296702e-05
0,120.73412982171291,7.525095985446655e-05
0,121.75298323792991,7.431755737399051e-05
0,122.7718366541469,7.302383345675926e-05
0,123.79069007036388,7.248829180220367e-05
0,124.80954348658086,7.058673548222556e-05
0,125.82839690279785,7.116977189175289e-05
0,126.84725031901485,7.014229363398587e-05
0,127.86610373523183,6.84907545393853e-05
0,128.88495715144882,6.798996818502396e-05
0,129.9038105676658,6.675809868645568e-05
0,130.92266398388279,6.528104814956073e-05
0,131.94151740009977,6.385646427418291e-05
0,132.96037081631675,6.372480524951225e-05
0,133.97922423253374,6.162503934235509e-05
0,134.99807764875072,6.0999035527554785e-05
0,136.0169310649677,5.962066411830693e-05
0,137.0357844811847,5.902913774924641e-05
0,138.0546378974017,5.673343727259563e-05
0,139.0734913136187,5.668508007543917e-05
0,140.09234472983567,5.503352700167789e-05
0,141.11119814605266,5.460996654282762e-05
0,142.13005156226964,5.3783278275639494e-05
0,143.14890497848663,5.238969142554606e-05
0,144.1677583947036,5.2288592909973456e-05
0,145.1866118109206,5.077997029240564e-05
0,146.20546522713758,5.0088705131622585e-05
0,147.22431864335456,4.882422152009802e-05
0,148.24317205957155,4.838679896842341e-05
0,149.26202547578853,4.70007137754489e-05
0,150.28087889200555,4.628136787004869e-05
0,151.29973230822253,4.5891341993817636e-05
0,152.31858572443952,4.47527403451242e-05
0,153.3374391406565,4.457017269794579e-05
0,154.35629255687348,4.372394619159438e-05
0,155.37514597309047,4.271869841281479e-05
0,156.39399938930745,4.2216577678305355e-05
0,157.41285280552444,4.183804372008426e-05
0,158.43170622174142,4.092781529415272e-05
0,159.4505596379584,4.0108998606398876e-05
0,160.4694130541754,3.9696266978380234e-05
0,161.48826647039238,3.926090143109381e-05
0,162.50711988660936,3.905273371705085e-05
0,163.52597330282634,3.860794401549914e-05
0,164.54482671904336,3.8243988151469185e-05
0,165.56368013526034,3.812962890375743e-05
0,166.58253355147733,3.7378133928598206e-05
0,167.6013869676943,3.7224487034521126e-05
0,168.6202403839113,3.661379542506199e-05
0,169.63909380012828,3.665731423817221e-05
0,170.65794721634526,3.574418929807732e-05
0,171.67680063256225,3.557156755371253e-05
0,172.69565404877923,3.531242189689388e-05
0,173.71450746499622,3.52201710647931e-05
0,174.7333608812132,3.4901766490933336e-05
0,175.7522142974302,3.446915894473742e-05
0,176.7710677136472,3.431031014608532e-05
0,177.78992112986418,3.4221394450946e-05
0,178.80877454608117,3.418266924670449e-05
0,179.82762796229815,3.3730355944802316e-05
0,180.84648137851514,3.410794523428605e-05
0,181.86533479473212,3.368364731923481e-05
0,182.8841882109491,3.351241021054865e-05
0,183.9030416271661,3.3156596328538645e-05
0,184.92189504338307,3.3251611437413535e-05
0,185.94074845960006,3.306664909209096e-05
0,186.95960187581704,3.262200950190427e-05
0,187.97845529203403,3.255179001527943e-05
0,188.997308708251,3.214457949441416e-05
0,190.01616212446802,3.2081571629392746e-05
0,191.035015540685,3.1508808282246754e-05
0,192.053868956902,3.097631867242713e-05
0,193.07272237311898,3.095657892569762e-05
0,194.09157578933596,3.0621830396405626e-05
0,195.11042920555295,3.0328506694887736e-05
0,196.12928262176993,3.0154594569761646e-05
0,197.14813603798692,2.9934300899291566e-05
0,198.1669894542039,2.9664940837855353e-05
0,199.18584287042088,2.9682334589888532e-05
0,200.20469628663787,2.904227970717597e-05
0,201.22354970285485,2.891949430648689e-05
0,202.24240311907187,2.8624539176909926e-05
0,203.26125653528885,2.8303497308857587e-05
0,204.28010995150584,2.7929707834752488e-05
0,205.29896336772282,2.7982170137479596e-05
0,206.3178167839398,2.7541385674506318e-05
0,207.3366702001568,2.730669794348161e-05
0,208.35552361637377,2.7297311384959755e-05
0,209.37437703259076,2.7154162318048127e-05
0,210.39323044880774,2.6691780236663902e-05
0,211.41208386502473,2.6520964063285356e-05
0,212.4309372812417,2.626608371789256e-05
0,213.4497906974587,2.60399962563273e-05
0,214.46864411367568,2.5760360283350544e-05
0,215.48749752989266,2.563284000574777e-05
0,216.50635094610968,2.5427168267076144e-05
0,217.52520436232666,2.5323286165088694e-05
0,218.54405777854365,2.5145473435215243e-05
0,219.56291119476063,2.4941735397616284e-05
0,220.58176461097761,2.507872647511801e-05
0,221.6006180271946,2.480992152392429e-05
0,222.61947144341158,2.4814744884994476e-05
0,223.63832485962857,2.4675729692421094e-05
0,224.65717827584555,2.4678548043386788e-05
0,225.67603169206254,2.4232306720511326e-05
0,226.69488510827952,2.4180592133901145e-05
0,227.71373852449653,2.3751834761623445e-05
0,228.73259194071352,2.377935077618748e-05
0,229.7514453569305,2.3429965754805833e-05
0,230.7702987731475,2.3270087875912983e-05
0,231.78915218936447,2.301531985842378e-05
0,232.80800560558146,2.2575925720076654e-05
0,233.82685902179844,2.2092629760424305e-05
0,234.84571243801543,2.19455314579157e-05
0,235.8645658542324,2.1508290709086627e-05
0,236.8834192704494,2.1503175047792163e-05
0,237.90227268666638,2.0934369670883565e-05
0,238.92112610288336,2.0815382225238286e-05
0,239.93997951910035,2.0401936685195922e-05
0,240.95883293531733,2.030110811608841e-05
0,241.97768635153435,1.989097168329772e-05
0,242.99653976775133,1.9896879494311113e-05
0,244.0153931839683,1.9630529965383224e-05
0,245.0342466001853,1.9677418774472353e-05
0,246.05310001640228,1.9362047555756427e-05
0,247.07195343261927,1.9265410473684586e-05
0,248.09080684883625,1.920372164403019e-05
0,249.10966026505324,1.8846075809022084e-05
0,250.12851368127022,1.88139087412944e-05
0,251.1473670974872,1.8510264521466333e-05
0,252.1662205137042,1.8259372771121272e-05
0,253.18507392992117,1.838783737663547e-05
0,254.2039273461382,1.8104615310877006e-05
0,255.22278076235517,1.7932590071119293e-05
0,256.24163417857216,1.7608912122629642e-05
0,257.26048759478914,1.759698695428648e-05
0,258.2793410110061,1.72718872008385e-05
0,259.2981944272231,1.7220757937975194e-05
0,260.3170478434401,1.6949034909607523e-05
0,261.3359012596571,1.663495406169371e-05
0,262.35475467587406,1.645420878301465e-05
0,263.37360809209105,1.6214009703724018e-05
0,264.39246150830803,1.6083821661781703e-05
0,265.411314924525,1.5809058016726095e-05
0,266.430168340742,1.576679974673084e-05
0,267.449021756959,1.536828842762915e-05
0,268.46787517317597,1.5226961174046312e-05
0,269.48672858939295,1.5058813156587892e-05
0,270.50558200560994,1.4767799251034606e-05
0,271.5244354218269,1.4517779664718803e-05
0,272.5432888380439,1.4330419303523104e-05
0,273.56214225426095,1.407364707850943e-05
0,274.58099567047793,1.3722319509755733e-05
0,275.5998490866949,1.354418847262172e-05
0,276.6187025029119,1.3298132821417275e-05
0,277.6375559191289,1.3146084773070758e-05
0,278.65640933534587,1.2994655089329882e-05
0,279.67526275156285,1.2780876236605361e-05
0,280.69411616777984,1.253887069585929e-05
0,281.7129695839968,1.2313583339819258e-05
0,282.7318230002138,1.2132680418023055e-05
0,283.7506764164308,1.1841686221349601e-05
0,284.7695298326478,1.1690119061280532e-05
0,285.78838324886476,1.1516136426118613e-05
0,286.80723666508175,1.1345890819743272e-05
0,287.82609008129873,1.108835352078377e-05
0,288.8449434975157,1.0936501541118176e-05
0,289.8637969137327,1.0737278508877833e-05
0,290.8826503299497,1.052131277853333e-05
0,291.90150374616667,1.0238385265907712e-05
0,292.92035716238365,1.0018682822234928e-05
0,293.93921057860064,9.821271595914317e-06
0,294.9580639948176,9.6755376257989e-06
0,295.9769174110346,9.452063719147309e-06
0,296.9957708272516,9.295043976192257e-06
0,298.0146242434686,9.08983316304264e-06
0,299.03347765968556,8.948441852658802e-06
0,300.05233107590254,8.747539714543386e-06
0,301.0711844921196,8.620049738294748e-06
0,302.09003790833657,8.36256885723223e-06
0,303.10889132455355,8.176244957198235e-06
0,304.12774474077054,7.960158896000956e-06
0,305.1465981569875,7.766786817946739e-06
0,306.1654515732045,7.5510475097455115e-06
0,307.1843049894215,7.346629806073493e-06
0,308.2031584056385,7.145075447554698e-06
0,309.22201182185546,6.940375596201411e-06
0,310.24086523807244,6.747872012799362e-06
0,311.25971865428943,6.549406949545824e-06
0,312.2785720705064,6.4459106658227075e-06
0,313.2974254867234,6.251754398973905e-06
0,314.3162789029404,6.091604274578595e-06
0,315.33513231915737,5.922631688521963e-06
0,316.35398573537435,5.772999565647239e-06
0,317.37283915159134,5.619831164884438e-06
0,318.3916925678083,5.429273737930922e-06
0,319.4105459840253,5.311431701695708e-06
0,320.4293994002423,5.13980910689748e-06
0,321.4482528164593,4.974410445709275e-06
0,322.46710623267626,4.839402861360179e-06
0,323.48595964889324,4.706245508055268e-06
0,324.5048130651102,4.5293935805264515e-06
0,325.5236664813272,4.392290806054731e-06
0,326.54251989754425,4.270481429952062e-06
0,327.56137331376124,4.133449322964534e-06
0,328.5802267299782,3.977164324507745e-06
0,329.5990801461952,3.848690082823297e-06
0,330.6179335624122,3.708503207071822e-06
0,331.6367869786292,3.613768923368103e-06
0,332.65564039484616,3.481029880379003e-06
0,333.67449381106314,3.383983719474414e-06
0,334.6933472272801,3.2695552616558875e-06
0,335.7122006434971,3.1789625713148665e-06
0,336.7310540597141,3.0786143006126465e-06
0,337.7499074759311,2.9658149272765915e-06
0,338.76876089214807,2.8631210524225046e-06
0,339.78761430836505,2.7718230939994338e-06
0,340.80646772458203,2.6812617468524993e-06
0,341.825321140799,2.608736752729663e-06
0,342.844174557016,2.515814894533265e-06
0,343.863027973233,2.433818872570162e-06
0,344.88188138945,2.366606635539136e-06
0,345.90073480566696,2.2735964881485726e-06
0,346.91958822188394,2.1956828468174146e-06
0,347.9384416381009,2.1188384173319864e-06
0,348.9572950543179,2.0394174276218117e-06
0,349.9761484705349,1.9669285651959737e-06
0,350.9950018867519,1.899411926905924e-06
0,352.01385530296886,1.8336283511957484e-06
0,353.0327087191859,1.767620320719557e-06
0,354.0515621354029,1.7122862323499099e-06
0,355.0704155516199,1.6554214854940832e-06
0,356.08926896783686,1.5998646413914521e-06
0,357.10812238405384,1.5518037504012416e-06
0,358.1269758002708,1.4898252445189479e-06
0,359.1458292164878,1.4374509004267697e-06
0,360.1646826327048,1.3898074533194642e-06
0,361.1835360489218,1.3312643985364002e-06
0,362.20238946513876,1.2796785991614762e-06
0,363.22124288135575,1.2360903579290253e-06
0,364.24009629757273,1.18685890642163e-06
0,365.2589497137897,1.1417136358833681e-06
0,366.2778031300067,1.1037476984751081e-06
0,367.2966565462237,1.0608106082785724e-06
0,368.3155099624407,1.0200762554118064e-06
0,369.33436337865766,9.833362045807383e-07
0,370.35321679487464,9.507545534224879e-07
0,371.3720702110916,9.164569657864213e-07
0,372.3909236273086,8.833746842665317e-07
0,373.4097770435256,8.508525365988312e-07
0,374.4286304597426,8.152344764030423e-07
0,375.44748387595956,7.846137384582902e-07
0,376.46633729217655,7.551885516588601e-07
0,377.48519070839353,7.23076947075357e-07
0,378.5040441246106,6.947552706635746e-07
0,379.52289754082756,6.681407646087727e-07
0,380.54175095704454,6.413615373332361e-07
0,381.5606043732615,6.176265728386707e-07
0,382.5794577894785,5.892809194894805e-07
0,383.5983112056955,5.625520717796547e-07
0,384.6171646219125,5.40328373540318e-07
0,385.63601803812946,5.208051736079802e-07
0,386.65487145434645,4.96628658790251e-07
0,387.67372487056343,4.76537156733289e-07
0,388.6925782867804,4.568763267989405e-07
0,389.7114317029974,4.3525505363384375e-07
0,390.7302851192144,4.21074202279651e-07
0,391.74913853543137,4.0273456724013517e-07
0,392.76799195164836,3.8334681307059377e-07
0,393.78684536786534,3.6707450783747117e-07
0,394.8056987840823,3.5079331069636153e-07
0,395.8245522002993,3.339969276296718e-07
0,396.8434056165163,3.2042267756615696e-07
0,397.8622590327333,3.051574721707902e-07
0,398.88111244895026,2.9098141463891724e-07
0,399.89996586516725,2.776083922644931e-07
0,400.91881928138423,2.657000520243275e-07
0,401.9376726976012,2.536358042688789e-07
0,402.9565261138182,2.433845170491901e-07
0,403.9753795300352,2.321385402644992e-07
0,404.9942329462522,2.2225527586128522e-07
0,406.0130863624692,2.1051104255221965e-07
0,407.0319397786862,2.020098722427698e-07
0,408.0507931949032,1.9286463041611085e-07
0,409.06964661112016,1.845344107141728e-07
0,410.08850002733715,1.7564566050329342e-07
0,411.10735344355413,1.6741833394398864e-07
0,412.1262068597711,1.597646617911239e-07
0,413.1450602759881,1.5250497469582188e-07
0,414.1639136922051,1.4473305267936964e-07
0,415.18276710842207,1.379758548850631e-07
0,416.20162052463905,1.3138272310606338e-07
0,417.22047394085604,1.2402401697709727e-07
0,418.239327357073,1.1895278775373468e-07
0,419.25818077329,1.124317709357975e-07
0,420.277034189507,1.0704373611421138e-07
0,421.295887605724,1.0185597395568488e-07
0,422.31474102194096,9.740074262925463e-08
0,423.33359443815795,9.271148622280035e-08
0,424.35244785437493,8.804950082979204e-08
0,425.3713012705919,8.386501960606737e-08
0,426.3901546868089,7.957151550765152e-08
0,427.4090081030259,7.561064451626673e-08
0,428.42786151924287,7.166033926489569e-08
0,429.44671493545985,6.850100364966864e-08
0,430.4655683516769,6.467238292821586e-08
0,431.4844217678939,6.114090647507857e-08
0,432.50327518411086,5.801585394488924e-08
0,433.52212860032785,5.5127571461838303e-08
0,434.54098201654483,5.2106763369643125e-08
0,435.5598354327618,4.9334742919842075e-08
0,436.5786888489788,4.651386080239659e-08
0,437.5975422651958,4.4053661442809085e-08
0,438.61639568141277,4.172438269510253e-08
0,439.63524909762975,3.933255749035578e-08
0,440.65410251384674,3.70805252705868e-08
0,441.6729559300637,3.507710200204712e-08
0,442.6918093462807,3.306802080633951e-08
0,443.7106627624977,3.122884722885712e-08
0,444.7295161787147,2.9425974666345414e-08
0,445.74836959493166,2.7812197590467512e-08
0,446.76722301114864,2.6295160164392664e-08
0,447.78607642736563,2.474384254805966e-08
0,448.8049298435826,2.3406534449504215e-08
0,449.8237832597996,2.1961669643375795e-08
0,450.8426366760166,2.0872023288295446e-08
0,451.86149009223357,1.961787983683135e-08
0,452.88034350845055,1.8493269671533318e-08
0,453.89919692466754,1.738645028764689e-08
0,454.9180503408845,1.638477590717894e-08
0,455.9369037571015,1.5395285546961042e-08
0,456.95575717331855,1.4511639831324114e-08
0,457.97461058953553,1.3690792985600708e-08
0,458.9934640057525,1.2927423765942896e-08
0,460.0123174219695,1.2111292754955568e-08
0,461.0311708381865,1.1471586228403566e-08
0,462.05002425440347,1.0716666920410388e-08
0,463.06887767062045,1.0110691116870808e-08
0,464.08773108683744,9.473484750968756e-09
0,465.1065845030544,8.91883485875863e-09
0,466.1254379192714,8.347887993850741e-09
0,467.1442913354884,7.883163417445437e-09
0,468.1631447517054,7.329678530480488e-09
0,469.18199816792236,6.918942838531653e-09
0,470.20085158413934,6.462647746577122e-09
0,471.2197050003563,6.083714489589908e-09
0,472.2385584165733,5.72462184349521e-09
0,473.2574118327903,5.366305986903264e-09
0,474.2762652490073,5.035565406819448e-09
0,475.29511866522427,4.706967800622866e-09
0,476.31397208144125,4.3956397961803466e-09
0,477.33282549765823,4.1382775017361854e-09
0,478.3516789138752,3.8516272430695895e-09
0,479.3705323300922,3.5921029792735477e-09
0,480.3893857463092,3.3550185876845072e-09
0,481.4082391625262,3.151161770679918e-09
0,482.4270925787432,2.9405176059431915e-09
0,483.4459459949602,2.7443244886812233e-09
0,484.4647994111772,2.5552686659314308e-09
0,485.48365282739417,2.4012531083817115e-09
0,486.50250624361115,2.2349090756839243e-09
0,487.52135965982814,2.0843128023140165e-09
0,488.5402130760451,1.9447269185531293e-09
0,489.5590664922621,1.8084611342446033e-09
0,490.5779199084791,1.7030782988954227e-09
0,491.5967733246961,1.5831366209876107e-09
0,492.61562674091306,1.484873684422404e-09
0,493.63448015713004,1.3799757054088373e-09
0,494.653333573347,1.2919799606208515e-09
0,495.672186989564,1.2041251221127728e-09
0,496.691040405781,1.1124672725468393e-09
0,497.709893821998,1.0404327126189373e-09
0,498.72874723821496,9.722975322907605e-10
0,499.74760065443195,9.068621490855749e-10
0,500.76645407064893,8.417606443816155e-10
0,501.7853074868659,7.87352755527404e-10
0,502.8041609030829,7.324397016802524e-10
0,503.8230143192999,6.837161661963368e-10
0,504.84186773551687,6.338934446520888e-10
0,505.86072115173386,5.896360579249466e-10
0,506.87957456795084,5.510609340694518e-10
0,507.8984279841678,5.126403526383086e-10
0,508.9172814003848,4.763233017815444e-10
0,509.93613481660185,4.43532996769671e-10
0,510.95498823281883,4.142151716845728e-10
0,511.9738416490358,3.861969007832882e-10
0,512.9926950652527,3.592499464552484e-10
0,514.0115484814698,3.100474326902371e-10
0,515.0304018976867,2.8872677556116346e-10
0,516.0492553139038,2.7095224654643727e-10
0,517.0681087301207,2.527782068147729e-10
0,518.0869621463378,2.3454458041088866e-10
0,519.1058155625547,2.179714262845586e-10
0,520.1246689787718,2.0443643636078437e-10
0,521.1435223949886,1.450734459962179e-10
1,0.5094267081084933,0.026505599004392436
1,1.52828012432548,0.08774951834403913
1,2.5471335405424664,0.03804397567635358
1,3.5659869567594535,0.026046946505409042
1,4.58484037297644,0.017911440623375036
1,5.603693789193427,0.011260827174398367
1,6.622547205410413,0.008506364458355075
1,7.6414006216274,0.0071676492966293685
1,8.660254037844386,0.005291190285749703
1,9.679107454061374,0.003765380844145492
1,10.69796087027836,0.0033999917683977658
1,11.716814286495346,0.0027210122462569568
1,12.735667702712334,0.002389768467187841
1,13.75452111892932,0.002199965646792957
1,14.773374535146306,0.0020286907154497794
1,15.792227951363294,0.00179582754659408
1,16.81108136758028,0.0017290121476355815
1,17.829934783797267,0.0013082788966368214
1,18.848788200014255,0.00127260519422727
1,19.86764161623124,0.0009860832794711385
1,20.886495032448224,0.0008555651035227853
1,21.905348448665215,0.0008766152969631771
1,22.9242018648822,0.0008010735196375913
1,23.943055281099184,0.0007480979191406777
1,24.961908697316176,0.0006994110423591593
1,25.98076211353316,0.0007672729756497813
1,26.999615529750145,0.0007056320397809425
1,28.018468945967136,0.0006361089866687691
1,29.03732236218412,0.0006432792385500576
1,30.056175778401105,0.0006195720560272158
1,31.075029194618093,0.0005886052511026737
1,32.09388261083508,0.0005522379647066671
1,33.112736027052065,0.0005358750121725572
1,34.13158944326905,0.000488885758871162
1,35.15044285948604,0.0004722723191768097
1,36.169296275703026,0.0004288586891525827
1,37.18814969192002,0.00041695746828390544
1,38.207003108137,0.0003649909347904517
1,39.225856524353986,0.00034524065891589187
1,40.24470994057097,0.0003280148431504017
1,41.263563356787955,0.00031074841380158166
1,42.28241677300495,0.0003046170894689609
1,43.30127018922193,0.0002812079673293006
1,44.32012360543892,0.0002835236687008829
1,45.33897702165591,0.0002798314005369209
1,46.35783043787289,0.0002732642326922474
1,47.376683854089876,0.0002763600743850022
1,48.39553727030687,0.00027916071775839995
1,49.41439068652385,0.00028121263772499464
1,50.433244102740844,0.00026897604889196977
1,51.45209751895783,0.00026719198114370606
1,52.47095093517481,0.00027064871854962487
1,53.4898043513918,0.00026303924305755906
1,54.50865776760879,0.00025876401828977424
1,55.52751118382577,0.00025802552955588303
1,56.546364600042764,0.00025238727879210975
1,57.56521801625975,0.00024024975409190393
1,58.58407143247673,0.00023606186329580214
1,59.60292484869372,0.0002293759729126719
1,60.6217782649107,0.00023016275769760202
1,61.640631681127694,0.00021876652493793824
1,62.65948509734468,0.00021356736723437242
1,63.67833851356167,0.0002023253612852684
1,64.69719192977865,0.00019958096132868618
1,65.71604534599564,0.00019221236206416073
1,66.73489876221262,0.0001826312705328343
1,67.75375217842961,0.00017550024968539233
1,68.77260559464659,0.00016524791030286245
1,69.79145901086359,0.000163256684162765
1,70.81031242708058,0.0001531462292962403
1,71.82916584329756,0.0001462033744366637
1,72.84801925951454,0.00014531442559337544
1,73.86687267573153,0.00013627780169168385
1,74.88572609194853,0.00013232052542181487
1,75.90457950816551,0.00012730150544869607
1,76.9234329243825,0.00012461507472990045
1,77.94228634059948,0.00012037412367165497
1,78.96113975681646,0.00011801704917094916
1,79.97999317303345,0.0001126974937023766
1,80.99884658925043,0.00010848432400888065
1,82.01770000546742,0.00010725625747394344
1,83.03655342168442,0.00010267698572471002
1,84.0554068379014,0.00010308352710586268
1,85.07426025411839,9.852978427571032e-05
1,86.09311367033537,9.933335138880696e-05
1,87.11196708655235,9.638102065195367e-05
1,88.13082050276935,9.655681335375623e-05
1,89.14967391898634,9.436412529203877e-05
1,90.16852733520332,9.233777451444537e-05
1,91.1873807514203,9.196769298603638e-05
1,92.20623416763729,9.210194325144911e-05
1,93.22508758385428,9.131496993720338e-05
1,94.24394100007126,8.87464384258464e-05
1,95.26279441628826,8.994707293521188e-05
1,96.28164783250524,8.699910993661862e-05
1,97.30050124872223,8.805047297501213e-05
1,98.31935466493921,8.565327562036305e-05
1,99.3382080811562,8.592288381415783e-05
1,100.35706149737318,8.55060476716642e-05
1,101.37591491359018,8.398727196262779e-05
1,102.39476832980716,8.322456823178102e-05
1,103.41362174602415,8.258019861938373e-05
1,104.43247516224113,8.261141945285957e-05
1,105.45132857845812,8.365690370328984e-05
1,106.4701819946751,8.161101777921595e-05
1,107.48903541089209,8.222941896298591e-05
1,108.50788882710908,8.110400369938931e-05
1,109.52674224332607,8.235052252577313e-05
1,110.54559565954305,8.129080496971369e-05
1,111.56444907576004,8.010374725746373e-05
1,112.58330249197702,7.998701010850315e-05
1,113.60215590819402,7.854228624884474e-05
1,114.621009324411,7.689360379364994e-05
1,115.63986274062799,7.717186663958144e-05
1,116.65871615684497,7.501665500634188e-05
1,117.67756957306196,7.600614194159355e-05
1,118.69642298927894,7.499851557112335e-05
1,119.71527640549593,7.390495817984505e-05
1,120.73412982171291,7.381456532957583e-05
1,121.75298323792991,7.300288517869663e-05
1,122.7718366541469,7.153354028180148e-05
1,123.79069007036388,7.055917156309091e-05
1,124.80954348658086,6.892928203951966e-05
1,125.82839690279785,6.833381024189151e-05
1,126.84725031901485,6.71761572791127e-05
1,127.86610373523183,6.484938135361592e-05
1,128.88495715144882,6.380193041898171e-05
1,129.9038105676658,6.207747809627212e-05
1,130.92266398388279,6.051137361434573e-05
1,131.94151740009977,5.964668166061075e-05
1,132.96037081631675,5.844967124751108e-05
1,133.97922423253374,5.65920712293926e-05
1,134.99807764875072,5.588790386742699e-05
1,136.0169310649677,5.4525283639851356e-05
1,137.0357844811847,5.3881740489926654e-05
1,138.0546378974017,5.199245430598851e-05
1,139.0734913136187,5.2176307338218504e-05
1,140.09234472983567,5.0062869420732886e-05
1,141.11119814605266,4.971180057737313e-05
1,142.13005156226964,4.907096668090065e-05
1,143.14890497848663,4.7395314887196066e-05
1,144.1677583947036,4.6793655874251276e-05
1,145.1866118109206,4.5243472951688684e-05
1,146.20546522713758,4.4486297083156016e-05
1,147.22431864335456,4.322812077155942e-05
1,148.24317205957155,4.262989293461944e-05
1,149.26202547578853,4.133704408156629e-05
1,150.28087889200555,4.029651190167506e-05
1,151.29973230822253,3.930003714020524e-05
1,152.31858572443952,3.863243470669151e-05
1,153.3374391406565,3.76333345547785e-05
1,154.35629255687348,3.675169921071371e-05
1,155.37514597309047,3.610549846019772e-05
1,156.39399938930745,3.509423894262583e-05
1,157.41285280552444,3.480329110403247e-05
1,158.43170622174142,3.3930684250433524e-05
1,159.4505596379584,3.313030103407153e-05
1,160.4694130541754,3.253949664504792e-05
1,161.48826647039238,3.155576697844647e-05
1,162.50711988660936,3.144885571668443e-05
1,163.52597330282634,3.086410356915002e-05
1,164.54482671904336,3.0289917883515787e-05
1,165.56368013526034,2.9804440547670617e-05
1,166.58253355147733,2.922858228006265e-05
1,167.6013869676943,2.8660045819379148e-05
1,168.6202403839113,2.8195239857416945e-05
1,169.63909380012828,2.7802346826151067e-05
1,170.65794721634526,2.7078115825955646e-05
1,171.67680063256225,2.6852140266533963e-05
1,172.69565404877923,2.630150008855372e-05
1,173.71450746499622,2.6139217095577028e-05
1,174.7333608812132,2.5848026925476392e-05
1,175.7522142974302,2.5633674519545684e-05
1,176.7710677136472,2.5293511317200826e-05
1,177.78992112986418,2.5286625360679803e-05
1,178.80877454608117,2.5122899909071524e-05
1,179.82762796229815,2.4691925872423117e-05
1,180.84648137851514,2.5012830142353093e-05
1,181.86533479473212,2.4342926821732722e-05
1,182.8841882109491,2.438739663099033e-05
1,183.9030416271661,2.416253241271913e-05
1,184.92189504338307,2.3942441173402903e-05
1,185.94074845960006,2.3737321068827832e-05
1,186.95960187581704,2.349743502260712e-05
1,187.97845529203403,2.345662264874368e-05
1,188.997308708251,2.3064114820570032e-05
1,190.01616212446802,2.291226050210513e-05
1,191.035015540685,2.2718654237045752e-05
1,192.053868956902,2.243709584616222e-05
1,193.07272237311898,2.242161168248929e-05
1,194.09157578933596,2.2394899150942757e-05
1,195.11042920555295,2.2351518309126318e-05
1,196.12928262176993,2.2098201034887482e-05
1,197.14813603798692,2.1912918692049612e-05
1,198.1669894542039,2.1938239906662725e-05
1,199.18584287042088,2.185625180874005e-05
1,200.20469628663787,2.1638708358417406e-05
1,201.22354970285485,2.1615091789611518e-05
1,202.24240311907187,2.162764583030737e-05
1,203.26125653528885,2.1685163957235148e-05
1,204.28010995150584,2.173775075312473e-05
1,205.29896336772282,2.1848093751199026e-05
1,206.3178167839398,2.1469877596349626e-05
1,207.3366702001568,2.1250204085100563e-05
1,208.35552361637377,2.1143337627174805e-05
1,209.37437703259076,2.1104896902294282e-05
1,210.39323044880774,2.1080121987800593e-05
1,211.41208386502473,2.098178316674047e-05
1,212.4309372812417,2.0845581329309185e-05
1,213.4497906974587,2.0780828544133924e-05
1,214.46864411367568,2.060967306981857e-05
1,215.48749752989266,2.0497401617548836e-05
1,216.50635094610968,2.0448587857017897e-05
1,217.52520436232666,2.026912870065112e-05
1,218.54405777854365,2.0184151560233275e-05
1,219.56291119476063,2.0015185482302474e-05
1,220.58176461097761,2.0011738345189966e-05
1,221.6006180271946,1.9771836095564915e-05
1,222.61947144341158,1.972656330608167e-05
1,223.63832485962857,1.951074738335219e-05
1,224.65717827584555,1.9660651896215125e-05
1,225.67603169206254,1.942680516205317e-05
1,226.69488510827952,1.951772488048575e-05
1,227.71373852449653,1.9329270966958856e-05
1,228.73259194071352,1.9280857349275946e-05
1,229.7514453569305,1.929473033660596e-05
1,230.7702987731475,1.9133544146917898e-05
1,231.78915218936447,1.8940901500366302e-05
1,232.80800560558146,1.8811853110990122e-05
1,233.82685902179844,1.859458194243029e-05
1,234.84571243801543,1.8680455388078067e-05
1,235.8645658542324,1.848757025486054e-05
1,236.8834192704494,1.854914224716225e-05
1,237.90227268666638,1.8130265999777297e-05
1,238.92112610288336,1.8243292020236403e-05
1,239.93997951910035,1.7889945270129384e-05
1,240.95883293531733,1.790921805275017e-05
1,241.97768635153435,1.7535709740978446e-05
1,242.99653976775133,1.7520540247239487e-05
1,244.0153931839683,1.735453648127653e-05
1,245.0342466001853,1.7125333653670874e-05
1,246.05310001640228,1.6935938574159188e-05
1,247.07195343261927,1.6865945083647133e-05
1,248.09080684883625,1.673356670754583e-05
1,249.10966026505324,1.6555104537608943e-05
1,250.12851368127022,1.6496883666320438e-05
1,251.1473670974872,1.6311162492815353e-05
1,252.1662205137042,1.6090701403721464e-05
1,253.18507392992117,1.603992225395966e-05
1,254.2039273461382,1.5757013600781578e-05
1,255.22278076235517,1.5541351125587616e-05
1,256.24163417857216,1.5272237586630825e-05
1,257.26048759478914,1.5194314408137031e-05
1,258.2793410110061,1.4982088437071424e-05
1,259.2981944272231,1.4855913442337732e-05
1,260.3170478434401,1.4751175302280289e-05
1,261.3359012596571,1.4544398613206289e-05
1,262.35475467587406,1.4430305999143766e-05
1,263.37360809209105,1.4262411274896628e-05
1,264.39246150830803,1.40742872015276e-05
1,265.411314924525,1.385116814498321e-05
1,266.430168340742,1.378365629734066e-05
1,267.449021756959,1.347014160519219e-05
1,268.46787517317597,1.329905870687977e-05
1,269.48672858939295,1.3073724497892879e-05
1,270.50558200560994,1.2918649976890131e-05
1,271.5244354218269,1.273791045926033e-05
1,272.5432888380439,1.255775348429699e-05
1,273.56214225426095,1.230523542822958e-05
1,274.58099567047793,1.2037978498258975e-05
1,275.5998490866949,1.1840616768307986e-05
1,276.6187025029119,1.1575368451927946e-05
1,277.6375559191289,1.1569775150381064e-05
1,278.65640933534587,1.136226310237939e-05
1,279.67526275156285,1.1152503498227643e-05
1,280.69411616777984,1.1020705739610497e-05
1,281.7129695839968,1.0700812304058825e-05
1,282.7318230002138,1.057137870955212e-05
1,283.7506764164308,1.0305130024296126e-05
1,284.7695298326478,1.0123778902057293e-05
1,285.78838324886476,9.871886586724394e-06
1,286.80723666508175,9.578993999261268e-06
1,287.82609008129873,9.306942769968784e-06
1,288.8449434975157,9.133590123879877e-06
1,289.8637969137327,8.952059093650033e-06
1,290.8826503299497,8.787657386934904e-06
1,291.90150374616667,8.51666002408032e-06
1,292.92035716238365,8.403509259248721e-06
1,293.93921057860064,8.192962102141427e-06
1,294.9580639948176,8.034106164501365e-06
1,295.9769174110346,7.830439644480583e-06
1,296.9957708272516,7.61821108677503e-06
1,298.0146242434686,7.4429117471288615e-06
1,299.03347765968556,7.277372157379731e-06
1,300.05233107590254,7.067508640623691e-06
1,301.0711844921196,6.933364481920655e-06
1,302.09003790833657,6.730814290925213e-06
1,303.10889132455355,6.554042312105466e-06
1,304.12774474077054,6.417680625902605e-06
1,305.1465981569875,6.2814666026593776e-06
1,306.1654515732045,6.1525248299170065e-06
1,307.1843049894215,6.008523199614623e-06
1,308.2031584056385,5.890713228959046e-06
1,309.22201182185546,5.788354884485658e-06
1,310.24086523807244,5.634652147681963e-06
1,311.25971865428943,5.483856608400598e-06
1,312.2785720705064,5.401868787281659e-06
1,313.2974254867234,5.24358998113651e-06
1,314.3162789029404,5.093869733142658e-06
1,315.33513231915737,5.008284659626465e-06
1,316.35398573537435,4.835125343901278e-06
1,317.37283915159134,4.741845299571238e-06
1,318.3916925678083,4.587052769914979e-06
1,319.4105459840253,4.49676430875424e-06
1,320.4293994002423,4.373857211946947e-06
1,321.4482528164593,4.221958995367886e-06
1,322.46710623267626,4.1379345520562e-06
1,323.48595964889324,4.006536774061768e-06
1,324.5048130651102,3.882814738080212e-06
1,325.5236664813272,3.807406459693653e-06
1,326.54251989754425,3.696858444811687e-06
1,327.56137331376124,3.601200212065265e-06
1,328.5802267299782,3.4736485666950865e-06
1,329.5990801461952,3.383934957027387e-06
1,330.6179335624122,3.2783512597027025e-06
1,331.6367869786292,3.178620004415991e-06
1,332.65564039484616,3.063589360596087e-06
1,333.67449381106314,2.980803462104217e-06
1,334.6933472272801,2.8765342932266445e-06
1,335.7122006434971,2.8105232144962416e-06
1,336.7310540597141,2.716880765249856e-06
1,337.7499074759311,2.633373686419064e-06
1,338.76876089214807,2.555896820438813e-06
1,339.78761430836505,2.4832939099577294e-06
1,340.80646772458203,2.3695569760126826e-06
1,341.825321140799,2.3188981232592294e-06
1,342.844174557016,2.2239522108294514e-06
1,343.863027973233,2.1474486170411514e-06
1,344.88188138945,2.0734041014582777e-06
1,345.90073480566696,1.9949610111015166e-06
1,346.91958822188394,1.932227898860991e-06
1,347.9384416381009,1.8607345049844709e-06
1,348.9572950543179,1.7955373645598644e-06
1,349.9761484705349,1.7406904431640814e-06
1,350.9950018867519,1.6751152747572885e-06
1,352.01385530296886,1.6247227541467523e-06
1,353.0327087191859,1.5663274500096979e-06
1,354.0515621354029,1.5117127220338085e-06
1,355.0704155516199,1.4614575318826707e-06
1,356.08926896783686,1.4083134719961296e-06
1,357.10812238405384,1.354126936875315e-06
1,358.1269758002708,1.3045438051750971e-06
1,359.1458292164878,1.2571292438969747e-06
1,360.1646826327048,1.2122203636430573e-06
1,361.1835360489218,1.168225467297818e-06
1,362.20238946513876,1.1169789222075839e-06
1,363.22124288135575,1.080288970873326e-06
1,364.24009629757273,1.039647115279459e-06
1,365.2589497137897,9.985304606962465e-07
1,366.2778031300067,9.593507356078056e-07
1,367.2966565462237,9.229667945241784e-07
1,368.3155099624407,8.905269208618692e-07
1,369.33436337865766,8.612303543705193e-07
1,370.35321679487464,8.243083208636002e-07
1,371.3720702110916,7.942674032318818e-07
1,372.3909236273086,7.626272109652168e-07
1,373.4097770435256,7.332480277271308e-07
1,374.4286304597426,7.063359932963649e-07
1,375.44748387595956,6.788311334209278e-07
1,376.46633729217655,6.560975973933264e-07
1,377.48519070839353,6.278795256030943e-07
1,378.5040441246106,6.01109344107803e-07
1,379.52289754082756,5.806860715913114e-07
1,380.54175095704454,5.606236153000466e-07
1,381.5606043732615,5.410774978900625e-07
1,382.5794577894785,5.155519286850591e-07
1,383.5983112056955,4.935164524801214e-07
1,384.6171646219125,4.7660856190788575e-07
1,385.63601803812946,4.6022201990847496e-07
1,386.65487145434645,4.3929243982030135e-07
1,387.67372487056343,4.2349487462614495e-07
1,388.6925782867804,4.0679020542739864e-07
1,389.7114317029974,3.8767395696034354e-07
1,390.7302851192144,3.7496242871604077e-07
1,391.74913853543137,3.570751206151918e-07
1,392.76799195164836,3.4244382990649054e-07
1,393.78684536786534,3.286401094046398e-07
1,394.8056987840823,3.1415137060916464e-07
1,395.8245522002993,3.0069715539779085e-07
1,396.8434056165163,2.88156364827304e-07
1,397.8622590327333,2.7566964659955884e-07
1,398.88111244895026,2.6372058619925104e-07
1,399.89996586516725,2.5158722311008424e-07
1,400.91881928138423,2.4062317880100574e-07
1,401.9376726976012,2.2890271268289375e-07
1,402.9565261138182,2.1926777656754602e-07
1,403.9753795300352,2.0804226228758368e-07
1,404.9942329462522,1.9860597965353656e-07
1,406.0130863624692,1.8853175319059553e-07
1,407.0319397786862,1.8041355260685705e-07
1,408.0507931949032,1.7301538646041028e-07
1,409.06964661112016,1.651969489259739e-07
1,410.08850002733715,1.5765679870761347e-07
1,411.10735344355413,1.5098316041175375e-07
1,412.1262068597711,1.4400248703197741e-07
1,413.1450602759881,1.3791733385463003e-07
1,414.1639136922051,1.3100355134282837e-07
1,415.18276710842207,1.2484812479606298e-07
1,416.20162052463905,1.1948195047246766e-07
1,417.22047394085604,1.1312853611410924e-07
1,418.239327357073,1.083518632435744e-07
1,419.25818077329,1.0292057866283824e-07
1,420.277034189507,9.760097835136627e-08
1,421.295887605724,9.27568084377319e-08
1,422.31474102194096,8.792491658602102e-08
1,423.33359443815795,8.359509629254643e-08
1,424.35244785437493,7.886538258285181e-08
1,425.3713012705919,7.541168340671341e-08
1,426.3901546868089,7.135473031081479e-08
1,427.4090081030259,6.78717011131561e-08
1,428.42786151924287,6.451017443635045e-08
1,429.44671493545985,6.107326852515842e-08
1,430.4655683516769,5.833752642780533e-08
1,431.4844217678939,5.5049161758061474e-08
1,432.50327518411086,5.2217588406056636e-08
1,433.52212860032785,4.967604211203876e-08
1,434.54098201654483,4.708067539767682e-08
1,435.5598354327618,4.4607383160978496e-08
1,436.5786888489788,4.217131981444759e-08
1,437.5975422651958,3.998709063317456e-08
1,438.61639568141277,3.785109234788014e-08
1,439.63524909762975,3.583878496486887e-08
1,440.65410251384674,3.386864249010723e-08
1,441.6729559300637,3.221888269494959e-08
1,442.6918093462807,3.0330377748875314e-08
1,443.7106627624977,2.8735124034639444e-08
1,444.7295161787147,2.7117114897429827e-08
1,445.74836959493166,2.566825975196182e-08
1,446.76722301114864,2.4178286933368314e-08
1,447.78607642736563,2.2823371972945455e-08
1,448.8049298435826,2.159109041908514e-08
1,449.8237832597996,2.0359917480286337e-08
1,450.8426366760166,1.9337508071441514e-08
1,451.86149009223357,1.8250011680934255e-08
1,452.88034350845055,1.7271841478973103e-08
1,453.89919692466754,1.62531195255746e-08
1,454.9180503408845,1.5263167232828015e-08
1,455.9369037571015,1.445206977262498e-08
1,456.95575717331855,1.3609806858387125e-08
1,457.97461058953553,1.2816255035930354e-08
1,458.9934640057525,1.2088625314304336e-08
1,460.0123174219695,1.131590786819232e-08
1,461.0311708381865,1.072437550868477e-08
1,462.05002425440347,1.0073466449015661e-08
1,463.06887767062045,9.463109462589546e-09
1,464.08773108683744,8.919048068364834e-09
1,465.1065845030544,8.433540225668573e-09
1,466.1254379192714,7.8916562566635e-09
1,467.1442913354884,7.437913830780154e-09
1,468.1631447517054,6.973950222145055e-09
1,469.18199816792236,6.571522192660753e-09
1,470.20085158413934,6.1306411152603526e-09
1,471.2197050003563,5.772337874634988e-09
1,472.2385584165733,5.398753182199188e-09
1,473.2574118327903,5.08604305241868e-09
1,474.2762652490073,4.763058895800024e-09
1,475.29511866522427,4.475212309616733e-09
1,476.31397208144125,4.194689697518282e-09
1,477.33282549765823,3.987790246164819e-09
1,478.3516789138752,3.7022220404899503e-09
1,479.3705323300922,3.4779744264656254e-09
1,480.3893857463092,3.2454163295276308e-09
1,481.4082391625262,3.0672064176610157e-09
1,482.4270925787432,2.8568471893780907e-09
1,483.4459459949602,2.659981999011762e-09
1,484.4647994111772,2.4796644927235125e-09
1,485.48365282739417,2.3322824378780454e-09
1,486.50250624361115,2.1691379560206415e-09
1,487.52135965982814,2.0248855410513623e-09
1,488.5402130760451,1.8848304355308456e-09
1,489.5590664922621,1.7583867680271373e-09
1,490.5779199084791,1.6382667600038805e-09
1,491.5967733246961,1.5145780573259042e-09
1,492.61562674091306,1.4087973760604482e-09
1,493.63448015713004,1.3111041307904051e-09
1,494.653333573347,1.2203335283229387e-09
1,495.672186989564,1.1392015248858729e-09
1,496.691040405781,1.055632820792035e-09
1,497.709893821998,9.856476899247272e-10
1,498.72874723821496,9.207180466807185e-10
1,499.74760065443195,8.516783346714034e-10
1,500.76645407064893,7.898661170243305e-10
1,501.7853074868659,7.349223801429239e-10
1,502.8041609030829,6.865616372089479e-10
1,503.8230143192999,6.342430689611794e-10
1,504.84186773551687,5.859475528275394e-10
1,505.86072115173386,5.459580762303498e-10
1,506.87957456795084,5.052619615766518e-10
1,507.8984279841678,4.718176763872248e-10
1,508.9172814003848,4.366772084872858e-10
1,509.93613481660185,4.0441203360964274e-10
1,510.95498823281883,3.7746517886874286e-10
1,511.9738416490358,3.514277414131813e-10
1,512.9926950652527,3.238729444522188e-10
1,514.0115484814698,2.782704608814007e-10
1,515.0304018976867,2.593581900466433e-10
1,516.0492553139038,2.398463534063615e-10
1,517.0681087301207,2.2354760815057893e-10
1,518.0869621463378,2.0587327197853199e-10
1,519.1058155625547,1.9074047647891084e-10
1,520.1246689787718,1.775095162330135e-10
1,521.1435223949886,1.3514114055507277e-10
2,0.5094267081084933,0.03899701099046867
2,1.52828012432548,0.05797910106296799
2,2.5471335405424664,0.039501213038666626
2,3.5659869567594535,0.020280094446118682
2,4.58484037297644,0.019065563812284452
2,5.603693789193427,0.01370073122805769
2,6.622547205410413,0.010355150310806317
2,7.6414006216274,0.008347454074128693
2,8.660254037844386,0.005453131950688488
2,9.679107454061374,0.004575941856297778
2,10.69796087027836,0.004353848045095944
2,11.716814286495346,0.0037956985850439457
2,12.735667702712334,0.003369325315257828
2,13.75452111892932,0.003227913581634201
2,14.773374535146306,0.0031219078921456986
2,15.792227951363294,0.002832281725600781
2,16.81108136758028,0.002588421381165387
2,17.829934783797267,0.002143988578299163
2,18.848788200014255,0.0017544947932498502
2,19.86764161623124,0.0014023742100934562
2,20.886495032448224,0.0011782728063625836
2,21.905348448665215,0.0011481259651193786
2,22.9242018648822,0.0010172501088104113
2,23.943055281099184,0.0009319748752628253
2,24.961908697316176,0.0008791549663153008
2,25.98076211353316,0.0008737333526863856
2,26.999615529750145,0.0008228298025413696
2,28.018468945967136,0.0007682360739375354
2,29.03732236218412,0.0007158825789014561
2,30.056175778401105,0.000676550277917843
2,31.075029194618093,0.0006238490717972954
2,32.09388261083508,0.0005856317081003785
2,33.112736027052065,0.0005534477495834792
2,34.13158944326905,0.0004709500436395241
2,35.15044285948604,0.0004510624077163404
2,36.169296275703026,0.0004124116468635664
2,37.18814969192002,0.0003958558021970026
2,38.207003108137,0.00034202418994571526
2,39.225856524353986,0.00032311493271180227
2,40.24470994057097,0.0002978931014555197
2,41.263563356787955,0.00028908035957476844
2,42.28241677300495,0.0002918425381343158
2,43.30127018922193,0.0002679734513289321
2,44.32012360543892,0.0002781335496098574
2,45.33897702165591,0.00026449885027772773
2,46.35783043787289,0.0002625729130526088
2,47.376683854089876,0.00026168465984637305
2,48.39553727030687,0.0002619813369870515
2,49.41439068652385,0.0002577255375385313
2,50.433244102740844,0.00025466219987148867
2,51.45209751895783,0.0002565379307008827
2,52.47095093517481,0.0002618434248666798
2,53.4898043513918,0.00025499248850697814
2,54.50865776760879,0.0002492711746488261
2,55.52751118382577,0.00024842094762434543
2,56.546364600042764,0.00025042873677425393
2,57.56521801625975,0.0002365276576971847
2,58.58407143247673,0.00023663651543167795
2,59.60292484869372,0.00022711955007626947
2,60.6217782649107,0.00022904947118317177
2,61.640631681127694,0.00021778222524504754
2,62.65948509734468,0.00021880028560483525
2,63.67833851356167,0.00020526838678335815
2,64.69719192977865,0.00020662696890194068
2,65.71604534599564,0.0001987645448797278
2,66.73489876221262,0.00019342855952671
2,67.75375217842961,0.00018457336630778052
2,68.77260559464659,0.00017825260694995175
2,69.79145901086359,0.00017881247510137063
2,70.81031242708058,0.0001670319132960058
2,71.82916584329756,0.00015800838012368463
2,72.84801925951454,0.00015727033311089265
2,73.86687267573153,0.00014872508300010041
2,74.88572609194853,0.0001443559175339773
2,75.90457950816551,0.0001370859163031557
2,76.9234329243825,0.00013456124435489756
2,77.94228634059948,0.00012885462736737295
2,78.96113975681646,0.0001244367450996712
2,79.97999317303345,0.00012131367378050946
2,80.99884658925043,0.00011712426393583126
2,82.01770000546742,0.00011414564850061944
2,83.03655342168442,0.00010757183035677455
2,84.0554068379014,0.00010787335518631737
2,85.07426025411839,0.00010150579250300061
2,86.09311367033537,0.00010123794631922197
2,87.11196708655235,9.646205981268666e-05
2,88.13082050276935,9.512971300265668e-05
2,89.14967391898634,9.274473899430343e-05
2,90.16852733520332,9.029579985225404e-05
2,91.1873807514203,8.984188294964727e-05
2,92.20623416763729,8.815504309141203e-05
2,93.22508758385428,8.592198749103945e-05
2,94.24394100007126,8.335807098826035e-05
2,95.26279441628826,8.370756120107358e-05
2,96.28164783250524,8.192054751144025e-05
2,97.30050124872223,8.315317949115406e-05
2,98.31935466493921,8.077533494522237e-05
2,99.3382080811562,7.912498392148103e-05
2,100.35706149737318,7.94123305545461e-05
2,101.37591491359018,7.589432581921249e-05
2,102.39476832980716,7.58286688927417e-05
2,103.41362174602415,7.375777347718149e-05
2,104.43247516224113,7.390135351495671e-05
2,105.45132857845812,7.327650788620234e-05
2,106.4701819946751,7.151307617651341e-05
2,107.48903541089209,7.11034620874736e-05
2,108.50788882710908,6.975236596779943e-05
2,109.52674224332607,6.908882346231362e-05
2,110.54559565954305,6.745673816060346e-05
2,111.56444907576004,6.509914820338021e-05
2,112.58330249197702,6.400489996862273e-05
2,113.60215590819402,6.27068454174774e-05
2,114.621009324411,6.202362939608568e-05
2,115.63986274062799,6.105469268000315e-05
2,116.65871615684497,5.858499485085965e-05
2,117.67756957306196,5.793927272724231e-05
2,118.69642298927894,5.673077677399634e-05
2,119.71527640549593,5.492760608609502e-05
2,120.73412982171291,5.3673297766747294e-05
2,121.75298323792991,5.250141802812831e-05
2,122.7718366541469,5.1098211569991606e-05
2,123.79069007036388,4.9831791213167423e-05
2,124.80954348658086,4.894557624379557e-05
2,125.82839690279785,4.890261364642694e-05
2,126.84725031901485,4.787895414437467e-05
2,127.86610373523183,4.690054281115596e-05
2,128.88495715144882,4.6207343840754886e-05
2,129.9038105676658,4.600067192678302e-05
2,130.92266398388279,4.519005906995599e-05
2,131.94151740009977,4.410094545647612e-05
2,132.96037081631675,4.391777623075658e-05
2,133.97922423253374,4.289963530660874e-05
2,134.99807764875072,4.248120932572455e-05
2,136.0169310649677,4.155629151001159e-05
2,137.0357844811847,4.148115669663208e-05
2,138.0546378974017,4.011054256844023e-05
2,139.0734913136187,4.052274803384997e-05
2,140.09234472983567,3.912712019918966e-05
2,141.11119814605266,3.8700586177892737e-05
2,142.13005156226964,3.827493811858664e-05
2,143.14890497848663,3.7203345079738726e-05
2,144.1677583947036,3.669185128613769e-05
2,145.1866118109206,3.5575963662796076e-05
2,146.20546522713758,3.5040702412984564e-05
2,147.22431864335456,3.417439805408618e-05
2,148.24317205957155,3.408345165577489e-05
2,149.26202547578853,3.30828222241191e-05
2,150.28087889200555,3.2505385633632376e-05
2,151.29973230822253,3.1898325643004734e-05
2,152.31858572443952,3.145416332659154e-05
2,153.3374391406565,3.058743052700532e-05
2,154.35629255687348,3.011509154818803e-05
2,155.37514597309047,2.9518108062470103e-05
2,156.39399938930745,2.8979942029745932e-05
2,157.41285280552444,2.8671465477101857e-05
2,158.43170622174142,2.8126137261498854e-05
2,159.4505596379584,2.765729903662621e-05
2,160.4694130541754,2.7348265815728173e-05
2,161.48826647039238,2.6847953387087697e-05
2,162.50711988660936,2.6886218525427408e-05
2,163.52597330282634,2.6718699714441008e-05
2,164.54482671904336,2.6279730821352562e-05
2,165.56368013526034,2.603080721123608e-05
2,166.58253355147733,2.5819873937640054e-05
2,167.6013869676943,2.5628096459533587e-05
2,168.6202403839113,2.5163596315963415e-05
2,169.63909380012828,2.5412303923933146e-05
2,170.65794721634526,2.4800825297005926e-05
2,171.67680063256225,2.4806693313701845e-05
2,172.69565404877923,2.4478741067305233e-05
2,173.71450746499622,2.4438727505913878e-05
2,174.7333608812132,2.4373320176731e-05
2,175.7522142974302,2.387897539501698e-05
2,176.7710677136472,2.380484226633315e-05
2,177.78992112986418,2.371991947703583e-05
2,178.80877454608117,2.3510816963503294e-05
2,179.82762796229815,2.3241577879357817e-05
2,180.84648137851514,2.3666620378557845e-05
2,181.86533479473212,2.3236818276901325e-05
2,182.8841882109491,2.3237631761311997e-05
2,183.9030416271661,2.3036006804420994e-05
2,184.92189504338307,2.316456330726195e-05
2,185.94074845960006,2.2986022764200603e-05
2,186.95960187581704,2.272878296202965e-05
2,187.97845529203403,2.275627771892824e-05
2,188.997308708251,2.2564683454997904e-05
2,190.01616212446802,2.2535290861224175e-05
2,191.035015540685,2.257849943527367e-05
2,192.053868956902,2.2423792379707383e-05
2,193.07272237311898,2.24565287285963e-05
2,194.09157578933596,2.2384272842255866e-05
2,195.11042920555295,2.2248199514418076e-05
2,196.12928262176993,2.211680745394659e-05
2,197.14813603798692,2.18033390270922e-05
2,198.1669894542039,2.1786602450387975e-05
2,199.18584287042088,2.1993755304525793e-05
2,200.20469628663787,2.1762682553403086e-05
2,201.22354970285485,2.178030762870163e-05
2,202.24240311907187,2.1643181369837232e-05
2,203.26125653528885,2.1734221112737456e-05
2,204.28010995150584,2.1735238743296824e-05
2,205.29896336772282,2.190518589216216e-05
2,206.3178167839398,2.1732013136502836e-05
2,207.3366702001568,2.15565352994166e-05
2,208.35552361637377,2.1670021700563503e-05
2,209.37437703259076,2.1576311910140353e-05
2,210.39323044880774,2.1313863403198774e-05
2,211.41208386502473,2.112272444490266e-05
2,212.4309372812417,2.092905766742746e-05
2,213.4497906974587,2.0886947377341133e-05
2,214.46864411367568,2.0622351888352804e-05
2,215.48749752989266,2.0438160333103883e-05
2,216.50635094610968,2.04616464577306e-05
2,217.52520436232666,2.0483525873012223e-05
2,218.54405777854365,2.021368461734076e-05
2,219.56291119476063,2.0073357893961163e-05
2,220.58176461097761,2.0008405632254987e-05
2,221.6006180271946,1.974351061882237e-05
2,222.61947144341158,1.9808072392794356e-05
2,223.63832485962857,1.9612853251496965e-05
2,224.65717827584555,1.967934797373962e-05
2,225.67603169206254,1.9568384127635695e-05
2,226.69488510827952,1.9490441920068195e-05
2,227.71373852449653,1.92039523688437e-05
2,228.73259194071352,1.9214192611116455e-05
2,229.7514453569305,1.9040424586729437e-05
2,230.7702987731475,1.884684476050084e-05
2,231.78915218936447,1.8693531385494836e-05
2,232.80800560558146,1.852801719172645e-05
2,233.82685902179844,1.821732125479065e-05
2,234.84571243801543,1.810113327904642e-05
2,235.8645658542324,1.775235213738072e-05
2,236.8834192704494,1.7693723487167855e-05
2,237.90227268666638,1.7109333539383624e-05
2,238.92112610288336,1.7170274885601474e-05
2,239.93997951910035,1.6814231318529868e-05
2,240.95883293531733,1.6814225881186065e-05
2,241.97768635153435,1.6405170533565516e-05
2,242.99653976775133,1.6431658161068423e-05
2,244.0153931839683,1.6185634150609616e-05
2,245.0342466001853,1.6036739246091117e-05
2,246.05310001640228,1.5787842636554387e-05
2,247.07195343261927,1.5699194093825698e-05
2,248.09080684883625,1.5486135263280242e-05
2,249.10966026505324,1.5313532279643424e-05
2,250.12851368127022,1.5183217454439565e-05
2,251.1473670974872,1.4985745152520682e-05
2,252.1662205137042,1.4756094096378449e-05
2,253.18507392992117,1.481202949807993e-05
2,254.2039273461382,1.4574608330856612e-05
2,255.22278076235517,1.4451928837432442e-05
2,256.24163417857216,1.417338213062336e-05
2,257.26048759478914,1.4095519693364043e-05
2,258.2793410110061,1.3872069999760456e-05
2,259.2981944272231,1.3717366226133608e-05
2,260.3170478434401,1.3547648156986491e-05
2,261.3359012596571,1.3333856623609856e-05
2,262.35475467587406,1.311217892119208e-05
2,263.37360809209105,1.2914180581716398e-05
2,264.39246150830803,1.2770466523749922e-05
2,265.411314924525,1.2538378369873025e-05
2,266.430168340742,1.2367557060351071e-05
2,267.449021756959,1.2074806311595579e-05
2,268.46787517317597,1.1920769470762345e-05
2,269.48672858939295,1.1759631820400837e-05
2,270.50558200560994,1.1518759359465548e-05
2,271.5244354218269,1.136379415467128e-05
2,272.5432888380439,1.1165643914751627e-05
2,273.56214225426095,1.1048060807675349e-05
2,274.58099567047793,1.076058598899649e-05
2,275.5998490866949,1.0593422463431456e-05
2,276.6187025029119,1.0356159717248728e-05
2,277.6375559191289,1.022182508910031e-05
2,278.65640933534587,1.0024040173359655e-05
2,279.67526275156285,9.803152912320905e-06
2,280.69411616777984,9.613118690475765e-06
2,281.7129695839968,9.373395481494087e-06
2,282.7318230002138,9.30132261588381e-06
2,283.7506764164308,9.08198057098681e-06
2,284.7695298326478,8.942371346130803e-06
2,285.78838324886476,8.80673174698583e-06
2,286.80723666508175,8.618154903216347e-06
2,287.82609008129873,8.415377873319869e-06
2,288.8449434975157,8.283715840863584e-06
2,289.8637969137327,8.12033498089647e-06
2,290.8826503299497,7.970141343203743e-06
2,291.90150374616667,7.755932619614883e-06
2,292.92035716238365,7.609461480591496e-06
2,293.93921057860064,7.454878839898279e-06
2,294.9580639948176,7.2859948864008715e-06
2,295.9769174110346,7.127239479620886e-06
2,296.9957708272516,6.960171615417878e-06
2,298.0146242434686,6.788563140031488e-06
2,299.03347765968556,6.6721686349727654e-06
2,300.05233107590254,6.51943475466249e-06
2,301.0711844921196,6.401233691020041e-06
2,302.09003790833657,6.217037738735238e-06
2,303.10889132455355,6.017840244300022e-06
2,304.12774474077054,5.920334391086401e-06
2,305.1465981569875,5.816655134909801e-06
2,306.1654515732045,5.65206040895393e-06
2,307.1843049894215,5.5241745903970805e-06
2,308.2031584056385,5.40925135927168e-06
2,309.22201182185546,5.284991849903467e-06
2,310.24086523807244,5.167992331526127e-06
2,311.25971865428943,5.0245583324783265e-06
2,312.2785720705064,4.958484046424759e-06
2,313.2974254867234,4.812049497416051e-06
2,314.3162789029404,4.7034833545023154e-06
2,315.33513231915737,4.602696413418748e-06
2,316.35398573537435,4.47294899732012e-06
2,317.37283915159134,4.377938659658976e-06
2,318.3916925678083,4.250439533463811e-06
2,319.4105459840253,4.191124990085692e-06
2,320.4293994002423,4.077540854399967e-06
2,321.4482528164593,3.9587794204364596e-06
2,322.46710623267626,3.85605102316132e-06
2,323.48595964889324,3.745081233606258e-06
2,324.5048130651102,3.6406135274879083e-06
2,325.5236664813272,3.525099851966572e-06
2,326.54251989754425,3.4407050154537746e-06
2,327.56137331376124,3.3610496092195183e-06
2,328.5802267299782,3.2490261310976012e-06
2,329.5990801461952,3.1743916757249463e-06
2,330.6179335624122,3.0690346907348363e-06
2,331.6367869786292,2.979841971559146e-06
2,332.65564039484616,2.8863760786338456e-06
2,333.67449381106314,2.8044565107136558e-06
2,334.6933472272801,2.7079266362876223e-06
2,335.7122006434971,2.6390845064448594e-06
2,336.7310540597141,2.5587138205311463e-06
2,337.7499074759311,2.4892260630805647e-06
2,338.76876089214807,2.414467488092038e-06
2,339.78761430836505,2.334374045591696e-06
2,340.80646772458203,2.2398306314158313e-06
2,341.825321140799,2.187584481632022e-06
2,342.844174557016,2.117502398197168e-06
2,343.863027973233,2.0478053302423054e-06
2,344.88188138945,1.984274784958899e-06
2,345.90073480566696,1.9130481299747445e-06
2,346.91958822188394,1.8659831177895055e-06
2,347.9384416381009,1.7996946790117498e-06
2,348.9572950543179,1.7365283223919508e-06
2,349.9761484705349,1.6800592503983996e-06
2,350.9950018867519,1.6151678820467596e-06
2,352.01385530296886,1.5664915686095974e-06
2,353.0327087191859,1.5138221697471013e-06
2,354.0515621354029,1.4578405240211312e-06
2,355.0704155516199,1.4207726197396172e-06
2,356.08926896783686,1.3648210895649098e-06
2,357.10812238405384,1.3188146297651935e-06
2,358.1269758002708,1.2686804017880644e-06
2,359.1458292164878,1.2267537403766793e-06
2,360.1646826327048,1.1914276062989223e-06
2,361.1835360489218,1.1497157430679043e-06
2,362.20238946513876,1.1099339771623583e-06
2,363.22124288135575,1.0773059561206542e-06
2,364.24009629757273,1.0442198329647689e-06
2,365.2589497137897,1.0059505844663402e-06
2,366.2778031300067,9.730114620513375e-07
2,367.2966565462237,9.389744529931671e-07
2,368.3155099624407,9.010926214343091e-07
2,369.33436337865766,8.727750749224687e-07
2,370.35321679487464,8.434290232598925e-07
2,371.3720702110916,8.094759708180987e-07
2,372.3909236273086,7.833275509728687e-07
2,373.4097770435256,7.539759373211971e-07
2,374.4286304597426,7.290983158441328e-07
2,375.44748387595956,7.030328924093627e-07
2,376.46633729217655,6.811487786499057e-07
2,377.48519070839353,6.533572762750285e-07
2,378.5040441246106,6.317188987319724e-07
2,379.52289754082756,6.070608070133613e-07
2,380.54175095704454,5.855214307721015e-07
2,381.5606043732615,5.660706631414671e-07
2,382.5794577894785,5.406935178069565e-07
2,383.5983112056955,5.172633352527455e-07
2,384.6171646219125,4.987109321083103e-07
2,385.63601803812946,4.778646661406917e-07
2,386.65487145434645,4.5986323902326496e-07
2,387.67372487056343,4.407123935405077e-07
2,388.6925782867804,4.2181264115822707e-07
2,389.7114317029974,4.03004279527912e-07
2,390.7302851192144,3.881792389085755e-07
2,391.74913853543137,3.717631801678506e-07
2,392.76799195164836,3.554757233725071e-07
2,393.78684536786534,3.417617181662412e-07
2,394.8056987840823,3.272448832722761e-07
2,395.8245522002993,3.131833758971309e-07
2,396.8434056165163,2.9929623272598345e-07
2,397.8622590327333,2.855452010416404e-07
2,398.88111244895026,2.7283569618840274e-07
2,399.89996586516725,2.602399792886485e-07
2,400.91881928138423,2.493171426788768e-07
2,401.9376726976012,2.3719677367440655e-07
2,402.9565261138182,2.280671164178495e-07
2,403.9753795300352,2.172939281802778e-07
2,404.9942329462522,2.0747453346757227e-07
2,406.0130863624692,1.967535428778056e-07
2,407.0319397786862,1.8896484936936336e-07
2,408.0507931949032,1.7993968885066986e-07
2,409.06964661112016,1.7203285634893498e-07
2,410.08850002733715,1.6376371804966318e-07
2,411.10735344355413,1.5614015556211581e-07
2,412.1262068597711,1.4963337341444933e-07
2,413.1450602759881,1.4231592310863883e-07
2,414.1639136922051,1.353087249557541e-07
2,415.18276710842207,1.293312201485551e-07
2,416.20162052463905,1.2386822836811966e-07
2,417.22047394085604,1.1755796793323452e-07
2,418.239327357073,1.1267487522164878e-07
2,419.25818077329,1.0658803660294864e-07
2,420.277034189507,1.0188033314621659e-07
2,421.295887605724,9.705009688049953e-08
2,422.31474102194096,9.231225113416485e-08
2,423.33359443815795,8.802914546870968e-08
2,424.35244785437493,8.355792588546141e-08
2,425.3713012705919,7.974399995674097e-08
2,426.3901546868089,7.556061394220077e-08
2,427.4090081030259,7.183313874930359e-08
2,428.42786151924287,6.831536929967974e-08
2,429.44671493545985,6.48791189756415e-08
2,430.4655683516769,6.174764996735685e-08
2,431.4844217678939,5.8480403560388036e-08
2,432.50327518411086,5.5498242973881726e-08
2,433.52212860032785,5.2755608898942475e-08
2,434.54098201654483,5.007064394858809e-08
2,435.5598354327618,4.7378832511650764e-08
2,436.5786888489788,4.453381404514069e-08
2,437.5975422651958,4.222051735160307e-08
2,438.61639568141277,4.01053626336975e-08
2,439.63524909762975,3.783441840094627e-08
2,440.65410251384674,3.5811121313200416e-08
2,441.6729559300637,3.389468024733059e-08
2,442.6918093462807,3.201341629479797e-08
2,443.7106627624977,3.0398167899670244e-08
2,444.7295161787147,2.8724597850040107e-08
2,445.74836959493166,2.7215958292520162e-08
2,446.76722301114864,2.5681911674846627e-08
2,447.78607642736563,2.4328300584004108e-08
2,448.8049298435826,2.2954450758230893e-08
2,449.8237832597996,2.1617392677004325e-08
2,450.8426366760166,2.0496968679165537e-08
2,451.86149009223357,1.932006622960579e-08
2,452.88034350845055,1.8246691020780102e-08
2,453.89919692466754,1.7214584549410122e-08
2,454.9180503408845,1.6230739255684043e-08
2,455.9369037571015,1.529952459124312e-08
2,456.95575717331855,1.4451918755082308e-08
2,457.97461058953553,1.3580023992610204e-08
2,458.9934640057525,1.2812358494859856e-08
2,460.0123174219695,1.2019918413783152e-08
2,461.0311708381865,1.1352266825034764e-08
2,462.05002425440347,1.0655209916179551e-08
2,463.06887767062045,1.0034606526743431e-08
2,464.08773108683744,9.405183832056124e-09
2,465.1065845030544,8.854113801256463e-09
2,466.1254379192714,8.269865317791787e-09
2,467.1442913354884,7.789875871719081e-09
2,468.1631447517054,7.319684753028114e-09
2,469.18199816792236,6.865856625937227e-09
2,470.20085158413934,6.395157731316467e-09
2,471.2197050003563,6.021282889542731e-09
2,472.2385584165733,5.667091043509833e-09
2,473.2574118327903,5.295545815311262e-09
2,474.2762652490073,4.943933342221435e-09
2,475.29511866522427,4.632048779303056e-09
2,476.31397208144125,4.324783661031506e-09
2,477.33282549765823,4.082957236484858e-09
2,478.3516789138752,3.800617149909851e-09
2,479.3705323300922,3.562542504536734e-09
2,480.3893857463092,3.3305173974995523e-09
2,481.4082391625262,3.1245100785494614e-09
2,482.4270925787432,2.920332329878552e-09
2,483.4459459949602,2.725962233775775e-09
2,484.4647994111772,2.5507438002207735e-09
2,485.48365282739417,2.3904787181101912e-09
2,486.50250624361115,2.2374500195599925e-09
2,487.52135965982814,2.0988100525288145e-09
2,488.5402130760451,1.955287309200924e-09
2,489.5590664922621,1.83044607907513e-09
2,490.5779199084791,1.7248175251273884e-09
2,491.5967733246961,1.6050476615741403e-09
2,492.61562674091306,1.503415551136295e-09
2,493.63448015713004,1.4094214356937946e-09
2,494.653333573347,1.320875134554929e-09
2,495.672186989564,1.2331685995172691e-09
2,496.691040405781,1.14865264419478e-09
2,497.709893821998,1.0787685354648283e-09
2,498.72874723821496,1.0129513062455483e-09
2,499.74760065443195,9.493751528483755e-10
2,500.76645407064893,8.824055704121964e-10
2,501.7853074868659,8.203160130463237e-10
2,502.8041609030829,7.711664590562821e-10
2,503.8230143192999,7.167090795133711e-10
2,504.84186773551687,6.660926191025255e-10
2,505.86072115173386,6.204651045495999e-10
2,506.87957456795084,5.79898367457394e-10
2,507.8984279841678,5.42064957957788e-10
2,508.9172814003848,5.04067004365635e-10
2,509.93613481660185,4.688244845029864e-10
2,510.95498823281883,4.3373878833233934e-10
2,511.9738416490358,4.043314930799793e-10
2,512.9926950652527,3.747718085555793e-10
2,514.0115484814698,3.232829905116339e-10
2,515.0304018976867,2.989749281383012e-10
2,516.0492553139038,2.798417960954104e-10
2,517.0681087301207,2.600104481324351e-10
2,518.0869621463378,2.416830412113193e-10
2,519.1058155625547,2.2364248659514339e-10
2,520.1246689787718,2.0947947090367525e-10
2,521.1435223949886,1.6821467774012757e-10
3,0.5094267081084933,0.036469516506865314
3,1.52828012432548,0.05852510247112368
3,2.5471335405424664,0.043369163231577565
3,3.5659869567594535,0.018289131573865112
3,4.58484037297644,0.014380195426911862
3,5.603693789193427,0.00891133389942634
3,6.622547205410413,0.00751763667652201
3,7.6414006216274,0.006755672921970232
3,8.660254037844386,0.004640835610051815
3,9.679107454061374,0.0033057647427439598
3,10.69796087027836,0.0027879565377274466
3,11.716814286495346,0.002732251054351641
3,12.735667702712334,0.0027406821723561857
3,13.75452111892932,0.002529960110218914
3,14.773374535146306,0.0023350730111964114
3,15.792227951363294,0.0021901784839082703
3,16.81108136758028,0.002178285725051872
3,17.829934783797267,0.001689756548587899
3,18.848788200014255,0.0016252832257575562
3,19.86764161623124,0.0012925872989009188
3,20.886495032448224,0.0012252560811631175
3,21.905348448665215,0.0011706731576153105
3,22.9242018648822,0.001071029594843055
3,23.943055281099184,0.000966964356515756
3,24.961908697316176,0.0008977635113032636
3,25.98076211353316,0.0009526764690895751
3,26.999615529750145,0.0008290042620423208
3,28.018468945967136,0.0008389880321966893
3,29.03732236218412,0.0007457297160172919
3,30.056175778401105,0.0007011559512967914
3,31.075029194618093,0.0006416816091435984
3,32.09388261083508,0.0006109385566416403
3,33.112736027052065,0.0005717727631280663
3,34.13158944326905,0.000514746158144555
3,35.15044285948604,0.0005038720916196796
3,36.169296275703026,0.00046526361617892244
3,37.18814969192002,0.00044886944986683667
3,38.207003108137,0.0003931951197568755
3,39.225856524353986,0.0003745418879619448
3,40.24470994057097,0.000348391396074407
3,41.263563356787955,0.00032942092199114974
3,42.28241677300495,0.0003198553918342545
3,43.30127018922193,0.0002838344239705854
3,44.32012360543892,0.00028595043920683164
3,45.33897702165591,0.00026588593855671747
3,46.35783043787289,0.0002590994348752272
3,47.376683854089876,0.000250381236368137
3,48.39553727030687,0.0002449322000894675
3,49.41439068652385,0.00023820931415948385
3,50.433244102740844,0.0002269036667722626
3,51.45209751895783,0.00022459990611427497
3,52.47095093517481,0.00022928065087325303
3,53.4898043513918,0.00022139944970815098
3,54.50865776760879,0.00022348509089552412
3,55.52751118382577,0.0002218118029360497
3,56.546364600042764,0.00022254274932644475
3,57.56521801625975,0.00021050744748479848
3,58.58407143247673,0.0002162856709892495
3,59.60292484869372,0.00020535644172739052
3,60.6217782649107,0.00020735627861862035
3,61.640631681127694,0.00019295550978341142
3,62.65948509734468,0.0001937605595794111
3,63.67833851356167,0.00017872488241938255
3,64.69719192977865,0.00017807453596827488
3,65.71604534599564,0.00017231063951260485
3,66.73489876221262,0.00016555187431697483
3,67.75375217842961,0.00015825512233786404
3,68.77260559464659,0.00015135500037655964
3,69.79145901086359,0.0001510752234842413
3,70.81031242708058,0.00014283132868904877
3,71.82916584329756,0.00013503672888528164
3,72.84801925951454,0.00013239389802886329
3,73.86687267573153,0.00012488356778500752
3,74.88572609194853,0.00011953686459395298
3,75.90457950816551,0.00011489357795390292
3,76.9234329243825,0.0001111380215656541
3,77.94228634059948,0.00010612794530237851
3,78.96113975681646,0.00010225104427659359
3,79.97999317303345,9.658891806401361e-05
3,80.99884658925043,9.305844837651422e-05
3,82.01770000546742,9.057540058169427e-05
3,83.03655342168442,8.619578073948131e-05
3,84.0554068379014,8.549312959438225e-05
3,85.07426025411839,8.09339897335594e-05
3,86.09311367033537,8.044115762208097e-05
3,87.11196708655235,7.92202339819164e-05
3,88.13082050276935,7.822080244729736e-05
3,89.14967391898634,7.578276581203491e-05
3,90.16852733520332,7.442527568740825e-05
3,91.1873807514203,7.338415997535333e-05
3,92.20623416763729,7.300986068654564e-05
3,93.22508758385428,7.351668291137137e-05
3,94.24394100007126,7.133122441863419e-05
3,95.26279441628826,7.246195726215759e-05
3,96.28164783250524,7.165926136312933e-05
3,97.30050124872223,7.27261290595761e-05
3,98.31935466493921,7.208341008967955e-05
3,99.3382080811562,7.238923027488883e-05
3,100.35706149737318,7.317779739123264e-05
3,101.37591491359018,7.222790786453417e-05
3,102.39476832980716,7.343009468418488e-05
3,103.41362174602415,7.223218191565226e-05
3,104.43247516224113,7.238633025616842e-05
3,105.45132857845812,7.292047367396869e-05
3,106.4701819946751,7.275252123934156e-05
3,107.48903541089209,7.289286279215272e-05
3,108.50788882710908,7.211699102953042e-05
3,109.52674224332607,7.232060972889166e-05
3,110.54559565954305,7.261545171078764e-05
3,111.56444907576004,7.238108264569946e-05
3,112.58330249197702,7.109958363188984e-05
3,113.60215590819402,7.140449469108197e-05
3,114.621009324411,7.051795927261963e-05
3,115.63986274062799,7.135678979521078e-05
3,116.65871615684497,6.938917545676672e-05
3,117.67756957306196,7.04239566740832e-05
3,118.69642298927894,7.010397799068251e-05
3,119.71527640549593,6.849713761598692e-05
3,120.73412982171291,6.815316675557587e-05
3,121.75298323792991,6.773542299050943e-05
3,122.7718366541469,6.71883413511773e-05
3,123.79069007036388,6.666172811826276e-05
3,124.80954348658086,6.562996972188176e-05
3,125.82839690279785,6.583546816904515e-05
3,126.84725031901485,6.561601145858568e-05
3,127.86610373523183,6.403554942488893e-05
3,128.88495715144882,6.367221900093879e-05
3,129.9038105676658,6.300913116646229e-05
3,130.92266398388279,6.167401111144203e-05
3,131.94151740009977,6.090509902195131e-05
3,132.96037081631675,6.020006298413436e-05
3,133.97922423253374,5.9067227037316514e-05
3,134.99807764875072,5.850371440152517e-05
3,136.0169310649677,5.77736568638328e-05
3,137.0357844811847,5.7328226909176775e-05
3,138.0546378974017,5.5894731054734e-05
3,139.0734913136187,5.589951985767132e-05
3,140.09234472983567,5.4350927738761776e-05
3,141.11119814605266,5.418556398487671e-05
3,142.13005156226964,5.3612924692180974e-05
3,143.14890497848663,5.285220717466941e-05
3,144.1677583947036,5.2568856586516537e-05
3,145.1866118109206,5.0904393199009464e-05
3,146.20546522713758,5.042538520047685e-05
3,147.22431864335456,4.9549793074954974e-05
3,148.24317205957155,4.939429207774539e-05
3,149.26202547578853,4.826810021393764e-05
3,150.28087889200555,4.783229985435942e-05
3,151.29973230822253,4.736567496680204e-05
3,152.31858572443952,4.62371413826655e-05
3,153.3374391406565,4.5598873216458715e-05
3,154.35629255687348,4.473368044862295e-05
3,155.37514597309047,4.409844438030076e-05
3,156.39399938930745,4.2985623591294354e-05
3,157.41285280552444,4.265896455838307e-05
3,158.43170622174142,4.1569585262652416e-05
3,159.4505596379584,4.109634538195141e-05
3,160.4694130541754,4.043299810836634e-05
3,161.48826647039238,3.9567466111516364e-05
3,162.50711988660936,3.917695914888566e-05
3,163.52597330282634,3.8721658369641814e-05
3,164.54482671904336,3.8053567140119355e-05
3,165.56368013526034,3.7575333676497476e-05
3,166.58253355147733,3.7102448605675724e-05
3,167.6013869676943,3.683017378864932e-05
3,168.6202403839113,3.6248929228145814e-05
3,169.63909380012828,3.633272295233295e-05
3,170.65794721634526,3.5656677167437615e-05
3,171.67680063256225,3.535282999016186e-05
3,172.69565404877923,3.4892125627946506e-05
3,173.71450746499622,3.4702276027257645e-05
3,174.7333608812132,3.448569998361911e-05
3,175.7522142974302,3.382333493803129e-05
3,176.7710677136472,3.334555267930291e-05
3,177.78992112986418,3.3372656335382404e-05
3,178.80877454608117,3.282313999428893e-05
3,179.82762796229815,3.226470797954306e-05
3,180.84648137851514,3.239478082426331e-05
3,181.86533479473212,3.1681169004659406e-05
3,182.8841882109491,3.1529613749802895e-05
3,183.9030416271661,3.102209604758581e-05
3,184.92189504338307,3.0902398881303655e-05
3,185.94074845960006,3.0788543117986935e-05
3,186.95960187581704,3.051371969047169e-05
3,187.97845529203403,3.0323693154462194e-05
3,188.997308708251,2.9743814950415778e-05
3,190.01616212446802,2.956976396910571e-05
3,191.035015540685,2.9271734344201077e-05
3,192.053868956902,2.913287589811207e-05
3,193.07272237311898,2.9061211458309784e-05
3,194.09157578933596,2.8872358347567474e-05
3,195.11042920555295,2.884061668443374e-05
3,196.12928262176993,2.843848470029358e-05
3,197.14813603798692,2.825756525791169e-05
3,198.1669894542039,2.813866151907532e-05
3,199.18584287042088,2.8159651762932256e-05
3,200.20469628663787,2.7672999071737017e-05
3,201.22354970285485,2.7514956677574936e-05
3,202.24240311907187,2.7150938159012867e-05
3,203.26125653528885,2.697249229520427e-05
3,204.28010995150584,2.6805212384461924e-05
3,205.29896336772282,2.6771524018797614e-05
3,206.3178167839398,2.6350311117973025e-05
3,207.3366702001568,2.6047253778953042e-05
3,208.35552361637377,2.599718566983543e-05
3,209.37437703259076,2.578982708926148e-05
3,210.39323044880774,2.5463727932485106e-05
3,211.41208386502473,2.5269485572815295e-05
3,212.4309372812417,2.487347077326922e-05
3,213.4497906974587,2.485563491335294e-05
3,214.46864411367568,2.4572699950614353e-05
3,215.48749752989266,2.42828369438425e-05
3,216.50635094610968,2.390307275733894e-05
3,217.52520436232666,2.3890186148356393e-05
3,218.54405777854365,2.354995596003834e-05
3,219.56291119476063,2.3330819663222856e-05
3,220.58176461097761,2.3208477736965095e-05
3,221.6006180271946,2.2777181102410597e-05
3,222.61947144341158,2.293993817514058e-05
3,223.63832485962857,2.2519336001665746e-05
3,224.65717827584555,2.2556623041261668e-05
3,225.67603169206254,2.2270387572067625e-05
3,226.69488510827952,2.2223039111859097e-05
3,227.71373852449653,2.1792321272269104e-05
3,228.73259194071352,2.1745640277670028e-05
3,229.7514453569305,2.154899647776629e-05
3,230.7702987731475,2.141507574093387e-05
3,231.78915218936447,2.128179447892383e-05
3,232.80800560558146,2.1063488666841382e-05
3,233.82685902179844,2.0866446117631907e-05
3,234.84571243801543,2.097847648151976e-05
3,235.8645658542324,2.0684915799248868e-05
3,236.8834192704494,2.0820492708337455e-05
3,237.90227268666638,2.028773561301514e-05
3,238.92112610288336,2.02529813855485e-05
3,239.93997951910035,1.9852931659956433e-05
3,240.95883293531733,1.9825053267887802e-05
3,241.97768635153435,1.944382435006296e-05
3,242.99653976775133,1.936072717808616e-05
3,244.0153931839683,1.8921821846994604e-05
3,245.0342466001853,1.891358617657853e-05
3,246.05310001640228,1.857420232290833e-05
3,247.07195343261927,1.8464511570613753e-05
3,248.09080684883625,1.8270233419713963e-05
3,249.10966026505324,1.8024375855306004e-05
3,250.12851368127022,1.795796181259364e-05
3,251.1473670974872,1.7595524125600804e-05
3,252.1662205137042,1.7186733344769555e-05
3,253.18507392992117,1.7211437078036384e-05
3,254.2039273461382,1.6813595019298965e-05
3,255.22278076235517,1.661651823380196e-05
3,256.24163417857216,1.64306069521778e-05
3,257.26048759478914,1.626365970383329e-05
3,258.2793410110061,1.595848273696296e-05
3,259.2981944272231,1.58163682090282e-05
3,260.3170478434401,1.5638090346945106e-05
3,261.3359012596571,1.535906582738676e-05
3,262.35475467587406,1.5228182786321519e-05
3,263.37360809209105,1.4920732086441801e-05
3,264.39246150830803,1.467460336715623e-05
3,265.411314924525,1.4328800897492834e-05
3,266.430168340742,1.4144527679719056e-05
3,267.449021756959,1.38707331142322e-05
3,268.46787517317597,1.3611418231670444e-05
3,269.48672858939295,1.342425583942541e-05
3,270.50558200560994,1.3090798663376615e-05
3,271.5244354218269,1.2853347679277826e-05
3,272.5432888380439,1.273453675659884e-05
3,273.56214225426095,1.2492628071655048e-05
3,274.58099567047793,1.2183133134349819e-05
3,275.5998490866949,1.1939183512148986e-05
3,276.6187025029119,1.166531552666888e-05
3,277.6375559191289,1.1495909764705569e-05
3,278.65640933534587,1.1286693120407654e-05
3,279.67526275156285,1.1001691655483846e-05
3,280.69411616777984,1.074864480427348e-05
3,281.7129695839968,1.0457616876404582e-05
3,282.7318230002138,1.0363478057686301e-05
3,283.7506764164308,1.0069667573147606e-05
3,284.7695298326478,9.867013042257851e-06
3,285.78838324886476,9.610614015625965e-06
3,286.80723666508175,9.349622492228282e-06
3,287.82609008129873,9.085401801456497e-06
3,288.8449434975157,8.946770915006621e-06
3,289.8637969137327,8.784650803839087e-06
3,290.8826503299497,8.622885949437786e-06
3,291.90150374616667,8.338875913343708e-06
3,292.92035716238365,8.196833243135413e-06
3,293.93921057860064,8.037987889060706e-06
3,294.9580639948176,7.816226589809147e-06
3,295.9769174110346,7.632300092809483e-06
3,296.9957708272516,7.4648043985194855e-06
3,298.0146242434686,7.292111989785108e-06
3,299.03347765968556,7.139933655838567e-06
3,300.05233107590254,6.963486501940412e-06
3,301.0711844921196,6.8203156300341396e-06
3,302.09003790833657,6.623021952957234e-06
3,303.10889132455355,6.453803476113477e-06
3,304.12774474077054,6.319249602011025e-06
3,305.1465981569875,6.18294902345786e-06
3,306.1654515732045,6.04572196661901e-06
3,307.1843049894215,5.8916448563883914e-06
3,308.2031584056385,5.775380245926791e-06
3,309.22201182185546,5.647114633873442e-06
3,310.24086523807244,5.520702082157269e-06
3,311.25971865428943,5.375745889466967e-06
3,312.2785720705064,5.28297268884592e-06
3,313.2974254867234,5.146659271287453e-06
3,314.3162789029404,5.009914819645429e-06
3,315.33513231915737,4.926468668300064e-06
3,316.35398573537435,4.79495220761182e-06
3,317.37283915159134,4.694594008710904e-06
3,318.3916925678083,4.551787110132651e-06
3,319.4105459840253,4.479103438923897e-06
3,320.4293994002423,4.3706099704310784e-06
3,321.4482528164593,4.258463973994975e-06
3,322.46710623267626,4.149596137108152e-06
3,323.48595964889324,4.0400905901275424e-06
3,324.5048130651102,3.922413039359812e-06
3,325.5236664813272,3.832124135969634e-06
3,326.54251989754425,3.7471887803769397e-06
3,327.56137331376124,3.6734603293122566e-06
3,328.5802267299782,3.54899978128511e-06
3,329.5990801461952,3.4701375374216913e-06
3,330.6179335624122,3.3665646274496676e-06
3,331.6367869786292,3.2851554822000476e-06
3,332.65564039484616,3.1777408036735013e-06
3,333.67449381106314,3.0935143605510696e-06
3,334.6933472272801,2.9916865523423898e-06
3,335.7122006434971,2.9055707084737614e-06
3,336.7310540597141,2.820533404193579e-06
3,337.7499074759311,2.738488430034944e-06
3,338.76876089214807,2.6425641343726115e-06
3,339.78761430836505,2.568247814973328e-06
3,340.80646772458203,2.476895717559828e-06
3,341.825321140799,2.407308132066484e-06
3,342.844174557016,2.3308566728646008e-06
3,343.863027973233,2.254766181904919e-06
3,344.88188138945,2.1846913688830526e-06
3,345.90073480566696,2.1155721929758197e-06
3,346.91958822188394,2.0652961234434217e-06
3,347.9384416381009,1.9959383263195497e-06
3,348.9572950543179,1.9345264333635808e-06
3,349.9761484705349,1.8689956379541843e-06
3,350.9950018867519,1.8141291705767975e-06
3,352.01385530296886,1.7633286212483529e-06
3,353.0327087191859,1.7068071202241314e-06
3,354.0515621354029,1.645848334285143e-06
3,355.0704155516199,1.6025688048096996e-06
3,356.08926896783686,1.548536585920339e-06
3,357.10812238405384,1.4941054201842066e-06
3,358.1269758002708,1.4438264714412009e-06
3,359.1458292164878,1.3921016427160897e-06
3,360.1646826327048,1.3486639356087764e-06
3,361.1835360489218,1.2999370653036271e-06
3,362.20238946513876,1.2541651393621371e-06
3,363.22124288135575,1.2135626422133489e-06
3,364.24009629757273,1.174517272114051e-06
3,365.2589497137897,1.1326516694509293e-06
3,366.2778031300067,1.090542182049639e-06
3,367.2966565462237,1.055109751737501e-06
3,368.3155099624407,1.0158612747997876e-06
3,369.33436337865766,9.838680368431325e-07
3,370.35321679487464,9.495293301709941e-07
3,371.3720702110916,9.112342768959551e-07
3,372.3909236273086,8.797645313595103e-07
3,373.4097770435256,8.467809773382414e-07
3,374.4286304597426,8.137933234703557e-07
3,375.44748387595956,7.836342657352575e-07
3,376.46633729217655,7.553543804093885e-07
3,377.48519070839353,7.1946988227941e-07
3,378.5040441246106,6.928813722184749e-07
3,379.52289754082756,6.672310014948831e-07
3,380.54175095704454,6.402489371685873e-07
3,381.5606043732615,6.215866465014875e-07
3,382.5794577894785,5.929373206706685e-07
3,383.5983112056955,5.710987026863677e-07
3,384.6171646219125,5.481853606048878e-07
3,385.63601803812946,5.295215005373351e-07
3,386.65487145434645,5.084446680340182e-07
3,387.67372487056343,4.878050194187925e-07
3,388.6925782867804,4.695634373541097e-07
3,389.7114317029974,4.474830295275278e-07
3,390.7302851192144,4.331771879749707e-07
3,391.74913853543137,4.1710122174260266e-07
3,392.76799195164836,3.9883159044079714e-07
3,393.78684536786534,3.846666576089783e-07
3,394.8056987840823,3.6956318196297924e-07
3,395.8245522002993,3.535286360269195e-07
3,396.8434056165163,3.411755360547576e-07
3,397.8622590327333,3.2752622274374737e-07
3,398.88111244895026,3.1289030892322806e-07
3,399.89996586516725,2.994890333528814e-07
3,400.91881928138423,2.881091519272315e-07
3,401.9376726976012,2.7602705352805275e-07
3,402.9565261138182,2.6527190001716126e-07
3,403.9753795300352,2.523595197940177e-07
3,404.9942329462522,2.426975565951354e-07
3,406.0130863624692,2.3079935098174033e-07
3,407.0319397786862,2.2196812924839827e-07
3,408.0507931949032,2.1157341419312188e-07
3,409.06964661112016,2.028483725369573e-07
3,410.08850002733715,1.9307855091651375e-07
3,411.10735344355413,1.8501975946441697e-07
3,412.1262068597711,1.762359894828939e-07
3,413.1450602759881,1.6812705879989692e-07
3,414.1639136922051,1.5935298003531838e-07
3,415.18276710842207,1.523728744657986e-07
3,416.20162052463905,1.4572545975175412e-07
3,417.22047394085604,1.3810095490315766e-07
3,418.239327357073,1.3183767849898493e-07
3,419.25818077329,1.2447561107049985e-07
3,420.277034189507,1.1888239575608159e-07
3,421.295887605724,1.1309360686770704e-07
3,422.31474102194096,1.0780690376421126e-07
3,423.33359443815795,1.0283205453792856e-07
3,424.35244785437493,9.750484192071712e-08
3,425.3713012705919,9.317685714008384e-08
3,426.3901546868089,8.818973914889562e-08
3,427.4090081030259,8.405581008762868e-08
3,428.42786151924287,7.973364943431732e-08
3,429.44671493545985,7.602439246341249e-08
3,430.4655683516769,7.214992590209148e-08
3,431.4844217678939,6.862076963989343e-08
3,432.50327518411086,6.497588958805714e-08
3,433.52212860032785,6.188729863209965e-08
3,434.54098201654483,5.88532057888088e-08
3,435.5598354327618,5.552088671596878e-08
3,436.5786888489788,5.25394875080763e-08
3,437.5975422651958,4.9812025742686185e-08
3,438.61639568141277,4.731008100838472e-08
3,439.63524909762975,4.4925400270375586e-08
3,440.65410251384674,4.2396778913345126e-08
3,441.6729559300637,4.0179717199149336e-08
3,442.6918093462807,3.7844589758985636e-08
3,443.7106627624977,3.580133080391216e-08
3,444.7295161787147,3.375520901233827e-08
3,445.74836959493166,3.202329444746462e-08
3,446.76722301114864,3.022848741188579e-08
3,447.78607642736563,2.8635772879918706e-08
3,448.8049298435826,2.7067098244441352e-08
3,449.8237832597996,2.533240744752236e-08
3,450.8426366760166,2.4032088843957382e-08
3,451.86149009223357,2.262388408191181e-08
3,452.88034350845055,2.1326824645068188e-08
3,453.89919692466754,2.0101067041210245e-08
3,454.9180503408845,1.9039634124451182e-08
3,455.9369037571015,1.7822634805029364e-08
3,456.95575717331855,1.6888375555912672e-08
3,457.97461058953553,1.5911076068305743e-08
3,458.9934640057525,1.5006480142543624e-08
3,460.0123174219695,1.4143722723764768e-08
3,461.0311708381865,1.3369509432801955e-08
3,462.05002425440347,1.2566937902607656e-08
3,463.06887767062045,1.1871574289261604e-08
3,464.08773108683744,1.116328341682491e-08
3,465.1065845030544,1.0540512194664986e-08
3,466.1254379192714,9.862327724826145e-09
3,467.1442913354884,9.377093270904872e-09
3,468.1631447517054,8.769177944392794e-09
3,469.18199816792236,8.257587289809842e-09
3,470.20085158413934,7.737473043896273e-09
3,471.2197050003563,7.282847741131085e-09
3,472.2385584165733,6.845697732528203e-09
3,473.2574118327903,6.432157886498884e-09
3,474.2762652490073,6.046338154218103e-09
3,475.29511866522427,5.666541348795553e-09
3,476.31397208144125,5.338004768541822e-09
3,477.33282549765823,5.034673217821229e-09
3,478.3516789138752,4.691541274110679e-09
3,479.3705323300922,4.3992307201699325e-09
3,480.3893857463092,4.134433153937005e-09
3,481.4082391625262,3.894616272394339e-09
3,482.4270925787432,3.649933453743794e-09
3,483.4459459949602,3.4114811577385334e-09
3,484.4647994111772,3.1870335707416277e-09
3,485.48365282739417,3.005555731976215e-09
3,486.50250624361115,2.8022168784642164e-09
3,487.52135965982814,2.6204419776870676e-09
3,488.5402130760451,2.438774264503255e-09
3,489.5590664922621,2.2826744885791716e-09
3,490.5779199084791,2.1317698045776484e-09
3,491.5967733246961,1.9802426707894615e-09
3,492.61562674091306,1.84123245369289e-09
3,493.63448015713004,1.7165878827791106e-09
3,494.653333573347,1.6040790600077437e-09
3,495.672186989564,1.4950522613798387e-09
3,496.691040405781,1.3914428735222385e-09
3,497.709893821998,1.3028331534682603e-09
3,498.72874723821496,1.2167044998865794e-09
3,499.74760065443195,1.1349641571914399e-09
3,500.76645407064893,1.0535733700184065e-09
3,501.7853074868659,9.828872474908726e-10
3,502.8041609030829,9.205250880401797e-10
3,503.8230143192999,8.553100313942783e-10
3,504.84186773551687,7.932529883717438e-10
3,505.86072115173386,7.358005250559662e-10
3,506.87957456795084,6.824731020880267e-10
3,507.8984279841678,6.345240547103262e-10
3,508.9172814003848,5.878642837151715e-10
3,509.93613481660185,5.430672849345401e-10
3,510.95498823281883,5.065299270975273e-10
3,511.9738416490358,4.683948723038444e-10
3,512.9926950652527,4.353949454737503e-10
3,514.0115484814698,4.034009811951537e-10
3,515.0304018976867,3.719832815365111e-10
3,516.0492553139038,3.4631447521778693e-10
3,517.0681087301207,3.210539893481646e-10
3,518.0869621463378,2.787491140912207e-10
3,519.1058155625547,2.5639045083131147e-10
3,520.1246689787718,2.3887689404643444e-10
3,521.1435223949886,1.8263123715979212e-10
4,0.5094267081084933,0.01878717499342241
4,1.52828012432548,0.08232996886263079
4,2.5471335405424664,0.043448892712442316
4,3.5659869567594535,0.019762331710149707
4,4.58484037297644,0.013525142256262253
4,5.603693789193427,0.010130009912868153
4,6.622547205410413,0.008516712758584061
4,7.6414006216274,0.007077381887929181
4,8.660254037844386,0.005362658707537508
4,9.679107454061374,0.003989482454717114
4,10.69796087027836,0.003395467444046811
4,11.716814286495346,0.0029979722856290554
4,12.735667702712334,0.0025916422494686423
4,13.75452111892932,0.002343248002858788
4,14.773374535146306,0.002172870327235093
4,15.792227951363294,0.0017790152991130229
4,16.81108136758028,0.0016402112820757386
4,17.829934783797267,0.0011600685998161705
4,18.848788200014255,0.0010763532375143426
4,19.86764161623124,0.000808472451992214
4,20.886495032448224,0.0007105111944777388
4,21.905348448665215,0.0007178862731072242
4,22.9242018648822,0.000694912441103514
4,23.943055281099184,0.000652901483237384
4,24.961908697316176,0.0006683836547686182
4,25.98076211353316,0.0007585683598774357
4,26.999615529750145,0.0006921341418519793
4,28.018468945967136,0.0007114312826004294
4,29.03732236218412,0.0006582652476882726
4,30.056175778401105,0.00065208852267711
4,31.075029194618093,0.0005924991519698124
4,32.09388261083508,0.000565834024640065
4,33.112736027052065,0.0005420885521490738
4,34.13158944326905,0.00048522073873906067
4,35.15044285948604,0.0004687524833627468
4,36.169296275703026,0.00043529355964916795
4,37.18814969192002,0.00042170279571569275
4,38.207003108137,0.0003690757894695361
4,39.225856524353986,0.0003627092820149196
4,40.24470994057097,0.0003457865770808539
4,41.263563356787955,0.00032630573191554807
4,42.28241677300495,0.00031599032054511046
4,43.30127018922193,0.00029394360118996214
4,44.32012360543892,0.0002933321175865106
4,45.33897702165591,0.0002803961802060463
4,46.35783043787289,0.0002758722853437101
4,47.376683854089876,0.00026907576152168926
4,48.39553727030687,0.0002637207289507891
4,49.41439068652385,0.0002626297896303961
4,50.433244102740844,0.00024961789136665377
4,51.45209751895783,0.00025494187602541693
4,52.47095093517481,0.0002493348773369623
4,53.4898043513918,0.0002486171874164629
4,54.50865776760879,0.000244637388227762
4,55.52751118382577,0.00024814035784538244
4,56.546364600042764,0.0002442554932337011
4,57.56521801625975,0.0002299076872639124
4,58.58407143247673,0.00023461178657788583
4,59.60292484869372,0.00022182648322207179
4,60.6217782649107,0.00022314910910301464
4,61.640631681127694,0.0002118762271805494
4,62.65948509734468,0.00021144313350325827
4,63.67833851356167,0.00019782512432729629
4,64.69719192977865,0.0001981371287465017
4,65.71604534599564,0.00019279524780353567
4,66.73489876221262,0.00018707679695638627
4,67.75375217842961,0.0001796852057532682
4,68.77260559464659,0.0001747249676999941
4,69.79145901086359,0.00017251263378866444
4,70.81031242708058,0.00016329327547863053
4,71.82916584329756,0.00015499016538809062
4,72.84801925951454,0.0001558067493368035
4,73.86687267573153,0.00014579340183398676
4,74.88572609194853,0.00014161798848842533
4,75.90457950816551,0.00013582940917177062
4,76.9234329243825,0.0001340435932295119
4,77.94228634059948,0.00012925717893841058
4,78.96113975681646,0.00012753118894645257
4,79.97999317303345,0.00012222058196523962
4,80.99884658925043,0.00011881892541849818
4,82.01770000546742,0.00011736256902998958
4,83.03655342168442,0.00011285070636342308
4,84.0554068379014,0.00011168438862452173
4,85.07426025411839,0.00010596355679810945
4,86.09311367033537,0.00010637447449005296
4,87.11196708655235,0.00010262721198489271
4,88.13082050276935,0.00010215474282394221
4,89.14967391898634,9.984200010292591e-05
4,90.16852733520332,9.832920917138885e-05
4,91.1873807514203,9.71889488144765e-05
4,92.20623416763729,9.742452937944708e-05
4,93.22508758385428,9.674089386792538e-05
4,94.24394100007126,9.338205921201822e-05
4,95.26279441628826,9.505906011932155e-05
4,96.28164783250524,9.140711981976377e-05
4,97.30050124872223,9.321188715323424e-05
4,98.31935466493921,9.094306152449836e-05
4,99.3382080811562,8.998106665704697e-05
4,100.35706149737318,9.105069422407934e-05
4,101.37591491359018,8.888183884465151e-05
4,102.39476832980716,8.988828365243686e-05
4,103.41362174602415,8.71325645785256e-05
4,104.43247516224113,8.742777986759028e-05
4,105.45132857845812,8.799464377560062e-05
4,106.4701819946751,8.552339294900812e-05
4,107.48903541089209,8.620029901467705e-05
4,108.50788882710908,8.573764682815241e-05
4,109.52674224332607,8.73766833022843e-05
4,110.54559565954305,8.58917173234737e-05
4,111.56444907576004,8.552624599494915e-05
4,112.58330249197702,8.492183616232865e-05
4,113.60215590819402,8.524618169285742e-05
4,114.621009324411,8.380280241493781e-05
4,115.63986274062799,8.417715758153681e-05
4,116.65871615684497,8.311695146989966e-05
4,117.67756957306196,8.397684852283442e-05
4,118.69642298927894,8.262772570047009e-05
4,119.71527640549593,8.168608560414963e-05
4,120.73412982171291,8.111608485884262e-05
4,121.75298323792991,8.099691149361761e-05
4,122.7718366541469,7.933529722924287e-05
4,123.79069007036388,7.876586311513383e-05
4,124.80954348658086,7.585783404493613e-05
4,125.82839690279785,7.594827958310612e-05
4,126.84725031901485,7.390098315504438e-05
4,127.86610373523183,7.143433506353526e-05
4,128.88495715144882,7.077739089590628e-05
4,129.9038105676658,6.98076903954908e-05
4,130.92266398388279,6.817235154005089e-05
4,131.94151740009977,6.701193803544734e-05
4,132.96037081631675,6.66665824335695e-05
4,133.97922423253374,6.503049225926428e-05
4,134.99807764875072,6.400962811076584e-05
4,136.0169310649677,6.233135705486714e-05
4,137.0357844811847,6.229486547545738e-05
4,138.0546378974017,6.007499275503418e-05
4,139.0734913136187,5.98987667787376e-05
4,140.09234472983567,5.794529320205341e-05
4,141.11119814605266,5.727050038343387e-05
4,142.13005156226964,5.6506308189000725e-05
4,143.14890497848663,5.500697191674196e-05
4,144.1677583947036,5.449735261734773e-05
4,145.1866118109206,5.2959186486144736e-05
4,146.20546522713758,5.2178270115820845e-05
4,147.22431864335456,5.0964218046467934e-05
4,148.24317205957155,5.0245012862861056e-05
4,149.26202547578853,4.9056921361559556e-05
4,150.28087889200555,4.771237895887203e-05
4,151.29973230822253,4.735307730373707e-05
4,152.31858572443952,4.638394372676448e-05
4,153.3374391406565,4.578877996573411e-05
4,154.35629255687348,4.516913679582288e-05
4,155.37514597309047,4.449097887404773e-05
4,156.39399938930745,4.362248059424793e-05
4,157.41285280552444,4.3104529339742e-05
4,158.43170622174142,4.233891498894954e-05
4,159.4505596379584,4.168398513503206e-05
4,160.4694130541754,4.094237094680451e-05
4,161.48826647039238,3.983156981690174e-05
4,162.50711988660936,3.960259685325085e-05
4,163.52597330282634,3.884859300098711e-05
4,164.54482671904336,3.803421532050484e-05
4,165.56368013526034,3.74598527665104e-05
4,166.58253355147733,3.6767334361782973e-05
4,167.6013869676943,3.639712034504779e-05
4,168.6202403839113,3.536754735622966e-05
4,169.63909380012828,3.526163706187053e-05
4,170.65794721634526,3.4171153423044385e-05
4,171.67680063256225,3.3827565661507204e-05
4,172.69565404877923,3.349438593487252e-05
4,173.71450746499622,3.349834702356327e-05
4,174.7333608812132,3.3002537147771656e-05
4,175.7522142974302,3.234351228013466e-05
4,176.7710677136472,3.1949405924852266e-05
4,177.78992112986418,3.172585429129617e-05
4,178.80877454608117,3.113759781605643e-05
4,179.82762796229815,3.0425384173414266e-05
4,180.84648137851514,3.042508319839885e-05
4,181.86533479473212,2.998571791884846e-05
4,182.8841882109491,2.974209057396046e-05
4,183.9030416271661,2.9267705623433188e-05
4,184.92189504338307,2.8991446976355092e-05
4,185.94074845960006,2.9061039934114102e-05
4,186.95960187581704,2.855751421510515e-05
4,187.97845529203403,2.8432073535761683e-05
4,188.997308708251,2.802438095058515e-05
4,190.01616212446802,2.775959701675629e-05
4,191.035015540685,2.75556196078971e-05
4,192.053868956902,2.729098257002276e-05
4,193.07272237311898,2.7217703776613332e-05
4,194.09157578933596,2.6975710357122627e-05
4,195.11042920555295,2.686334710005275e-05
4,196.12928262176993,2.6426761983478082e-05
4,197.14813603798692,2.6331086376697115e-05
4,198.1669894542039,2.6229404924743745e-05
4,199.18584287042088,2.6048739823138375e-05
4,200.20469628663787,2.575252818409227e-05
4,201.22354970285485,2.5582925412957012e-05
4,202.24240311907187,2.522907798686261e-05
4,203.26125653528885,2.502079806609229e-05
4,204.28010995150584,2.4857663231526396e-05
4,205.29896336772282,2.461751697774034e-05
4,206.3178167839398,2.4292895492224997e-05
4,207.3366702001568,2.3839325499842242e-05
4,208.35552361637377,2.4048540164667323e-05
4,209.37437703259076,2.383509018039163e-05
4,210.39323044880774,2.3448907135251776e-05
4,211.41208386502473,2.3277416423911522e-05
4,212.4309372812417,2.3125641043262285e-05
4,213.4497906974587,2.297309972563741e-05
4,214.46864411367568,2.2796287223467937e-05
4,215.48749752989266,2.2839211801314364e-05
4,216.50635094610968,2.2694021309592393e-05
4,217.52520436232666,2.266172544136367e-05
4,218.54405777854365,2.24502917812285e-05
4,219.56291119476063,2.221479425053071e-05
4,220.58176461097761,2.2173538255044793e-05
4,221.6006180271946,2.1756254023937193e-05
4,222.61947144341158,2.162431163092617e-05
4,223.63832485962857,2.1306993850949633e-05
4,224.65717827584555,2.1134518803061124e-05
4,225.67603169206254,2.091989591436226e-05
4,226.69488510827952,2.073256737516828e-05
4,227.71373852449653,2.0336754236298454e-05
4,228.73259194071352,2.0249426526410784e-05
4,229.7514453569305,1.999513533872089e-05
4,230.7702987731475,1.9768994790315313e-05
4,231.78915218936447,1.9506019617252924e-05
4,232.80800560558146,1.9272293375581435e-05
4,233.82685902179844,1.9017588852272852e-05
4,234.84571243801543,1.895714553042282e-05
4,235.8645658542324,1.8571048179661153e-05
4,236.8834192704494,1.8559095882880228e-05
4,237.90227268666638,1.7939296058353335e-05
4,238.92112610288336,1.7913642631548977e-05
4,239.93997951910035,1.7487495695252396e-05
4,240.95883293531733,1.7413013921815138e-05
4,241.97768635153435,1.6930469879103615e-05
4,242.99653976775133,1.6892154400835843e-05
4,244.0153931839683,1.6461420544214785e-05
4,245.0342466001853,1.6362487573368127e-05
4,246.05310001640228,1.5959331407245858e-05
4,247.07195343261927,1.5867238278384575e-05
4,248.09080684883625,1.5576704023410964e-05
4,249.10966026505324,1.5193078097466496e-05
4,250.12851368127022,1.5097776009310902e-05
4,251.1473670974872,1.4784119148114466e-05
4,252.1662205137042,1.4514593487011221e-05
4,253.18507392992117,1.4487337418025104e-05
4,254.2039273461382,1.4262863311205938e-05
4,255.22278076235517,1.411869773746274e-05
4,256.24163417857216,1.3892761770354395e-05
4,257.26048759478914,1.3771387169042234e-05
4,258.2793410110061,1.3542291626188174e-05
4,259.2981944272231,1.3454239743034085e-05
4,260.3170478434401,1.3260881147666767e-05
4,261.3359012596571,1.3006993423664747e-05
4,262.35475467587406,1.2907577846261882e-05
4,263.37360809209105,1.2656362659624384e-05
4,264.39246150830803,1.2543278041441931e-05
4,265.411314924525,1.2373389986933385e-05
4,266.430168340742,1.2216360747190398e-05
4,267.449021756959,1.2027079280262013e-05
4,268.46787517317597,1.1929286497472919e-05
4,269.48672858939295,1.1794897744221768e-05
4,270.50558200560994,1.1599726989247407e-05
4,271.5244354218269,1.1458042931692675e-05
4,272.5432888380439,1.130302212528278e-05
4,273.56214225426095,1.1141908488599339e-05
4,274.58099567047793,1.0923366986635512e-05
4,275.5998490866949,1.083992510437274e-05
4,276.6187025029119,1.0605542398727013e-05
4,277.6375559191289,1.0516722202546038e-05
4,278.65640933534587,1.0401511657541008e-05
4,279.67526275156285,1.0209532606879781e-05
4,280.69411616777984,1.0098421997816354e-05
4,281.7129695839968,9.87089941734956e-06
4,282.7318230002138,9.741141592702619e-06
4,283.7506764164308,9.496973117696744e-06
4,284.7695298326478,9.337490381501414e-06
4,285.78838324886476,9.136233607057803e-06
4,286.80723666508175,8.972795138996592e-06
4,287.82609008129873,8.728540233669294e-06
4,288.8449434975157,8.604021749954478e-06
4,289.8637969137327,8.46825374194263e-06
4,290.8826503299497,8.28375848019762e-06
4,291.90150374616667,8.072242420298157e-06
4,292.92035716238365,7.932703382198531e-06
4,293.93921057860064,7.749571870301996e-06
4,294.9580639948176,7.5885991969574485e-06
4,295.9769174110346,7.423975922811258e-06
4,296.9957708272516,7.267607617042158e-06
4,298.0146242434686,7.087748469474485e-06
4,299.03347765968556,6.931973946589422e-06
4,300.05233107590254,6.785239597636399e-06
4,301.0711844921196,6.679885859150843e-06
4,302.09003790833657,6.47708731144784e-06
4,303.10889132455355,6.327620093159827e-06
4,304.12774474077054,6.205389993540835e-06
4,305.1465981569875,6.0500211400625345e-06
4,306.1654515732045,5.915159970007377e-06
4,307.1843049894215,5.735621084025156e-06
4,308.2031584056385,5.613576394667891e-06
4,309.22201182185546,5.4916657299832045e-06
4,310.24086523807244,5.347941565955931e-06
4,311.25971865428943,5.206109492271274e-06
4,312.2785720705064,5.1226018905857425e-06
4,313.2974254867234,4.947401417147918e-06
4,314.3162789029404,4.8191776851321894e-06
4,315.33513231915737,4.705511781929957e-06
4,316.35398573537435,4.566711725247441e-06
4,317.37283915159134,4.450318085241019e-06
4,318.3916925678083,4.289329823959221e-06
4,319.4105459840253,4.210183458503401e-06
4,320.4293994002423,4.0776935654327205e-06
4,321.4482528164593,3.968713706125405e-06
4,322.46710623267626,3.8652138663566694e-06
4,323.48595964889324,3.7570082044035044e-06
4,324.5048130651102,3.6138879715313746e-06
4,325.5236664813272,3.5207144835446288e-06
4,326.54251989754425,3.4140004567230635e-06
4,327.56137331376124,3.32268005407741e-06
4,328.5802267299782,3.211862730292424e-06
4,329.5990801461952,3.119162164735833e-06
4,330.6179335624122,3.022906225557992e-06
4,331.6367869786292,2.93715317019928e-06
4,332.65564039484616,2.8461678024131495e-06
4,333.67449381106314,2.7651066708815693e-06
4,334.6933472272801,2.6713371140400273e-06
4,335.7122006434971,2.598464684664164e-06
4,336.7310540597141,2.5288873731591883e-06
4,337.7499074759311,2.4491205596719255e-06
4,338.76876089214807,2.3650532199270067e-06
4,339.78761430836505,2.2945869365857572e-06
4,340.80646772458203,2.210302429434737e-06
4,341.825321140799,2.1518165906531582e-06
4,342.844174557016,2.075931153532326e-06
4,343.863027973233,2.008036124648878e-06
4,344.88188138945,1.9428727347467833e-06
4,345.90073480566696,1.8772468946570452e-06
4,346.91958822188394,1.8245817105875474e-06
4,347.9384416381009,1.7718301198335126e-06
4,348.9572950543179,1.7117728260401614e-06
4,349.9761484705349,1.65564760287184e-06
4,350.9950018867519,1.6021380791177063e-06
4,352.01385530296886,1.5472224304904715e-06
4,353.0327087191859,1.4957667153986025e-06
4,354.0515621354029,1.448384658314627e-06
4,355.0704155516199,1.4032041299071776e-06
4,356.08926896783686,1.3562338711203399e-06
4,357.10812238405384,1.3113166682362739e-06
4,358.1269758002708,1.263854890350008e-06
4,359.1458292164878,1.220455981464214e-06
4,360.1646826327048,1.1877097958208701e-06
4,361.1835360489218,1.143906165173846e-06
4,362.20238946513876,1.1014511131258072e-06
4,363.22124288135575,1.0657751797596364e-06
4,364.24009629757273,1.0267880933368239e-06
4,365.2589497137897,9.913427477052156e-07
4,366.2778031300067,9.537934885325408e-07
4,367.2966565462237,9.19879360044219e-07
4,368.3155099624407,8.853918946783934e-07
4,369.33436337865766,8.585784350704887e-07
4,370.35321679487464,8.287076794397767e-07
4,371.3720702110916,7.942872244287511e-07
4,372.3909236273086,7.669592208656351e-07
4,373.4097770435256,7.352630045911077e-07
4,374.4286304597426,7.03434990950538e-07
4,375.44748387595956,6.762763147262297e-07
4,376.46633729217655,6.519870933110526e-07
4,377.48519070839353,6.239078689661133e-07
4,378.5040441246106,6.016529294936086e-07
4,379.52289754082756,5.763656475700259e-07
4,380.54175095704454,5.53665991894861e-07
4,381.5606043732615,5.353280636458816e-07
4,382.5794577894785,5.106341354884539e-07
4,383.5983112056955,4.883820540637199e-07
4,384.6171646219125,4.702898396142456e-07
4,385.63601803812946,4.520599732282469e-07
4,386.65487145434645,4.3219170107758825e-07
4,387.67372487056343,4.1358131017787254e-07
4,388.6925782867804,3.978771435330621e-07
4,389.7114317029974,3.7858269761703537e-07
4,390.7302851192144,3.6525893552331986e-07
4,391.74913853543137,3.4954725202424964e-07
4,392.76799195164836,3.346460183695451e-07
4,393.78684536786534,3.1992738208665524e-07
4,394.8056987840823,3.0613493866403716e-07
4,395.8245522002993,2.9239553942765726e-07
4,396.8434056165163,2.813093397760949e-07
4,397.8622590327333,2.675671643151209e-07
4,398.88111244895026,2.560284289195219e-07
4,399.89996586516725,2.4421095618610517e-07
4,400.91881928138423,2.3410068842732534e-07
4,401.9376726976012,2.2416399447563094e-07
4,402.9565261138182,2.1481015118592344e-07
4,403.9753795300352,2.0431753225294396e-07
4,404.9942329462522,1.9627445594858122e-07
4,406.0130863624692,1.8599627932183033e-07
4,407.0319397786862,1.7836746192996671e-07
4,408.0507931949032,1.692040264695289e-07
4,409.06964661112016,1.6194994486779904e-07
4,410.08850002733715,1.540733187971099e-07
4,411.10735344355413,1.4699524071447332e-07
4,412.1262068597711,1.3946923731486494e-07
4,413.1450602759881,1.3412284699499556e-07
4,414.1639136922051,1.2771800644661768e-07
4,415.18276710842207,1.2181071689863314e-07
4,416.20162052463905,1.1664157495424335e-07
4,417.22047394085604,1.1041756996996824e-07
4,418.239327357073,1.0539634345204282e-07
4,419.25818077329,9.941105306070231e-08
4,420.277034189507,9.463652914106439e-08
4,421.295887605724,8.999893531119957e-08
4,422.31474102194096,8.535277929344514e-08
4,423.33359443815795,8.104368664933214e-08
4,424.35244785437493,7.706402512762946e-08
4,425.3713012705919,7.340766878646938e-08
4,426.3901546868089,6.946218139951213e-08
4,427.4090081030259,6.598717057470568e-08
4,428.42786151924287,6.281473491925604e-08
4,429.44671493545985,5.973795539893565e-08
4,430.4655683516769,5.650440874067483e-08
4,431.4844217678939,5.3571464030775036e-08
4,432.50327518411086,5.071278361840725e-08
4,433.52212860032785,4.828768883309655e-08
4,434.54098201654483,4.563897695197855e-08
4,435.5598354327618,4.309295616146118e-08
4,436.5786888489788,4.0634356809279325e-08
4,437.5975422651958,3.852014675677497e-08
4,438.61639568141277,3.655009365711882e-08
4,439.63524909762975,3.4417919811640246e-08
4,440.65410251384674,3.246336804761339e-08
4,441.6729559300637,3.065252681886224e-08
4,442.6918093462807,2.8820007595009045e-08
4,443.7106627624977,2.727431867541081e-08
4,444.7295161787147,2.5705209167328316e-08
4,445.74836959493166,2.4341438130398515e-08
4,446.76722301114864,2.2999346966897325e-08
4,447.78607642736563,2.169650580699502e-08
4,448.8049298435826,2.0550009706783252e-08
4,449.8237832597996,1.9319079522340768e-08
4,450.8426366760166,1.832625641419996e-08
4,451.86149009223357,1.7211595252326316e-08
4,452.88034350845055,1.615371094596973e-08
4,453.89919692466754,1.520284873360001e-08
4,454.9180503408845,1.4338584089596594e-08
4,455.9369037571015,1.3429555613386076e-08
4,456.95575717331855,1.265300462222597e-08
4,457.97461058953553,1.1879377661214517e-08
4,458.9934640057525,1.1191245010614687e-08
4,460.0123174219695,1.0487024092578307e-08
4,461.0311708381865,9.848719255337176e-09
4,462.05002425440347,9.220633490514704e-09
4,463.06887767062045,8.706304643627646e-09
4,464.08773108683744,8.153783772227782e-09
4,465.1065845030544,7.686447567529777e-09
4,466.1254379192714,7.170763342013647e-09
4,467.1442913354884,6.760781349509874e-09
4,468.1631447517054,6.308566602497593e-09
4,469.18199816792236,5.936388615576444e-09
4,470.20085158413934,5.533450479949689e-09
4,471.2197050003563,5.217718622610703e-09
4,472.2385584165733,4.894135707178886e-09
4,473.2574118327903,4.587124442942753e-09
4,474.2762652490073,4.299810558789223e-09
4,475.29511866522427,4.014189102067153e-09
4,476.31397208144125,3.756226001108063e-09
4,477.33282549765823,3.5144085488746216e-09
4,478.3516789138752,3.293751046479216e-09
4,479.3705323300922,3.0763109079073913e-09
4,480.3893857463092,2.888065411563472e-09
4,481.4082391625262,2.7128100305897113e-09
4,482.4270925787432,2.537361611768664e-09
4,483.4459459949602,2.377725254531141e-09
4,484.4647994111772,2.2211980921041933e-09
4,485.48365282739417,2.0905407462568075e-09
4,486.50250624361115,1.948375182005867e-09
4,487.52135965982814,1.8238208488858778e-09
4,488.5402130760451,1.6958848402822702e-09
4,489.5590664922621,1.5842142520857514e-09
4,490.5779199084791,1.4811748520370634e-09
4,491.5967733246961,1.3734582830428971e-09
4,492.61562674091306,1.287581690822557e-09
4,493.63448015713004,1.1980279834074385e-09
4,494.653333573347,1.1227597484646871e-09
4,495.672186989564,1.0475114233136669e-09
4,496.691040405781,9.750972382172847e-10
4,497.709893821998,9.088083228941927e-10
4,498.72874723821496,8.506245042319558e-10
4,499.74760065443195,7.941319101831324e-10
4,500.76645407064893,7.398315375736644e-10
4,501.7853074868659,6.918201618590845e-10
4,502.8041609030829,6.464795574420818e-10
4,503.8230143192999,6.04099668856893e-10
4,504.84186773551687,5.643270703510324e-10
4,505.86072115173386,5.271046882040425e-10
4,506.87957456795084,4.900284267137999e-10
4,507.8984279841678,4.5566411341597827e-10
4,508.9172814003848,4.24724052294781e-10
4,509.93613481660185,3.922462557329876e-10
4,510.95498823281883,3.67404942215775e-10
4,511.9738416490358,3.4174553953985025e-10
4,512.9926950652527,3.1804344721950763e-10
4,514.0115484814698,2.947386615078532e-10
4,515.0304018976867,2.7434083173914903e-10
4,516.0492553139038,2.5555583812619166e-10
4,517.0681087301207,2.3829050105288715e-10
4,518.0869621463378,2.0844041371260284e-10
4,519.1058155625547,1.9089608105306779e-10
4,520.1246689787718,1.774838381288673e-10
4,521.1435223949886,1.1525762058988061e-10
5,0.5094267081084933,0.011123776217283611
5,1.52828012432548,0.0450529821309418
5,2.5471335405424664,0.0327565940191802
5,3.5659869567594535,0.02124292157749749
5,4.58484037297644,0.016404883253235813
5,5.603693789193427,0.010810869994442321
5,6.622547205410413,0.008349892905884867
5,7.6414006216274,0.0076706880271314925
5,8.660254037844386,0.004974511260605172
5,9.679107454061374,0.0036826563331836884
5,10.69796087027836,0.0030795705888540747
5,11.716814286495346,0.0026003322382305936
5,12.735667702712334,0.002461892416199085
5,13.75452111892932,0.0024173708889767003
5,14.773374535146306,0.002202320121778524
5,15.792227951363294,0.0020144448287240714
5,16.81108136758028,0.0019418446159423519
5,17.829934783797267,0.0015553208878849143
5,18.848788200014255,0.0015132792170506006
5,19.86764161623124,0.0011715466029236128
5,20.886495032448224,0.0010120606060841635
5,21.905348448665215,0.0010064038318632748
5,22.9242018648822,0.000945224945310988
5,23.943055281099184,0.0009134172305681235
5,24.961908697316176,0.0008723313738551781
5,25.98076211353316,0.0009367241945914387
5,26.999615529750145,0.0008538859052746446
5,28.018468945967136,0.0008348784001968025
5,29.03732236218412,0.0007723066841871455
5,30.056175778401105,0.0007348532603523168
5,31.075029194618093,0.0006717427511384307
5,32.09388261083508,0.0006262791132329535
5,33.112736027052065,0.0006142913823713115
5,34.13158944326905,0.0005481787978504643
5,35.15044285948604,0.0005244954302242869
5,36.169296275703026,0.0004740238193643975
5,37.18814969192002,0.0004606351504034284
5,38.207003108137,0.0003915290240187882
5,39.225856524353986,0.0003775995133112604
5,40.24470994057097,0.0003495624250887759
5,41.263563356787955,0.00032618507176412464
5,42.28241677300495,0.0003171995866650416
5,43.30127018922193,0.0002848482044305709
5,44.32012360543892,0.00028662861978690537
5,45.33897702165591,0.00026716622768186045
5,46.35783043787289,0.00026420003099239374
5,47.376683854089876,0.0002623612986639493
5,48.39553727030687,0.0002578861597896945
5,49.41439068652385,0.000255404238065136
5,50.433244102740844,0.00024884049841981444
5,51.45209751895783,0.0002488596734640554
5,52.47095093517481,0.00024771808117592646
5,53.4898043513918,0.00024202863155127266
5,54.50865776760879,0.00023057751795986408
5,55.52751118382577,0.00023359493579757805
5,56.546364600042764,0.00023028465531008764
5,57.56521801625975,0.00022006101343139474
5,58.58407143247673,0.00021952238269729878
5,59.60292484869372,0.00020715879561439103
5,60.6217782649107,0.00020308412714745036
5,61.640631681127694,0.00019281289096084942
5,62.65948509734468,0.00018808220893023233
5,63.67833851356167,0.000176573101339598
5,64.69719192977865,0.00017722890789794596
5,65.71604534599564,0.0001729930134436882
5,66.73489876221262,0.0001708081842206157
5,67.75375217842961,0.00016313311198284068
5,68.77260559464659,0.00015793892294593676
5,69.79145901086359,0.00016011274997835038
5,70.81031242708058,0.0001516069697488666
5,71.82916584329756,0.0001450914874888781
5,72.84801925951454,0.0001441973313245217
5,73.86687267573153,0.00013824995632631857
5,74.88572609194853,0.0001346480198395614
5,75.90457950816551,0.0001299180332634372
5,76.9234329243825,0.00012761243341240233
5,77.94228634059948,0.00012310645906151875
5,78.96113975681646,0.00011990725147194319
5,79.97999317303345,0.00011726004162265901
5,80.99884658925043,0.00011394720623794478
5,82.01770000546742,0.00011298282384114513
5,83.03655342168442,0.00010853070324721035
5,84.0554068379014,0.0001110127138613522
5,85.07426025411839,0.00010733715843460436
5,86.09311367033537,0.00010765326824360244
5,87.11196708655235,0.00010549021335126879
5,88.13082050276935,0.00010617512278014386
5,89.14967391898634,0.0001047526913839085
5,90.16852733520332,0.00010197168504456535
5,91.1873807514203,0.00010184596148704157
5,92.20623416763729,0.00010311141008132771
5,93.22508758385428,0.00010273940389616146
5,94.24394100007126,0.00010115026188179585
5,95.26279441628826,0.00010238082699604075
5,96.28164783250524,0.00010010166913907006
5,97.30050124872223,0.00010188294361312682
5,98.31935466493921,0.00010091485054352977
5,99.3382080811562,9.965179506880207e-05
5,100.35706149737318,0.00010090101758078095
5,101.37591491359018,9.927839886664164e-05
5,102.39476832980716,9.884391547873145e-05
5,103.41362174602415,9.567589802841675e-05
5,104.43247516224113,9.551061974369218e-05
5,105.45132857845812,9.448835664060888e-05
5,106.4701819946751,9.304583794864998e-05
5,107.48903541089209,9.180145670341028e-05
5,108.50788882710908,9.035344216989562e-05
5,109.52674224332607,9.023156012708034e-05
5,110.54559565954305,8.997926314370252e-05
5,111.56444907576004,8.72783515804339e-05
5,112.58330249197702,8.812546502936727e-05
5,113.60215590819402,8.590934144542306e-05
5,114.621009324411,8.499455597260882e-05
5,115.63986274062799,8.438131693368832e-05
5,116.65871615684497,8.286265290454989e-05
5,117.67756957306196,8.1848049277784e-05
5,118.69642298927894,7.96928833283147e-05
5,119.71527640549593,7.833581663787131e-05
5,120.73412982171291,7.739169785458222e-05
5,121.75298323792991,7.622925661943987e-05
5,122.7718366541469,7.512244027747775e-05
5,123.79069007036388,7.458745233807251e-05
5,124.80954348658086,7.265866614209436e-05
5,125.82839690279785,7.273289208153392e-05
5,126.84725031901485,7.063537310707994e-05
5,127.86610373523183,6.938316864288111e-05
5,128.88495715144882,6.904448803172248e-05
5,129.9038105676658,6.741253101546467e-05
5,130.92266398388279,6.604895867146616e-05
5,131.94151740009977,6.477426271947074e-05
5,132.96037081631675,6.36159159391955e-05
5,133.97922423253374,6.302873055418492e-05
5,134.99807764875072,6.259616310487318e-05
5,136.0169310649677,6.150776399854988e-05
5,137.0357844811847,6.148734652568344e-05
5,138.0546378974017,5.938699681652439e-05
5,139.0734913136187,5.954659197434407e-05
5,140.09234472983567,5.8032160037318287e-05
5,141.11119814605266,5.756244312766851e-05
5,142.13005156226964,5.665865993027388e-05
5,143.14890497848663,5.521276337883726e-05
5,144.1677583947036,5.464080468224837e-05
5,145.1866118109206,5.330646987068428e-05
5,146.20546522713758,5.300073971973001e-05
5,147.22431864335456,5.1107080530872095e-05
5,148.24317205957155,5.05305848671528e-05
5,149.26202547578853,4.904843388441588e-05
5,150.28087889200555,4.8280778953915075e-05
5,151.29973230822253,4.743452280502057e-05
5,152.31858572443952,4.656686703353364e-05
5,153.3374391406565,4.5451843807795374e-05
5,154.35629255687348,4.491658739560552e-05
5,155.37514597309047,4.372431449606508e-05
5,156.39399938930745,4.33820629147773e-05
5,157.41285280552444,4.2534305172976824e-05
5,158.43170622174142,4.191895666910335e-05
5,159.4505596379584,4.100123463608916e-05
5,160.4694130541754,4.067651267631378e-05
5,161.48826647039238,3.962651797008305e-05
5,162.50711988660936,3.97530463000047e-05
5,163.52597330282634,3.875787449143484e-05
5,164.54482671904336,3.828919106784267e-05
5,165.56368013526034,3.792710202672858e-05
5,166.58253355147733,3.7279243147327244e-05
5,167.6013869676943,3.684515883389767e-05
5,168.6202403839113,3.626468747933586e-05
5,169.63909380012828,3.623717903679959e-05
5,170.65794721634526,3.51188445675567e-05
5,171.67680063256225,3.494196155741392e-05
5,172.69565404877923,3.456299539640309e-05
5,173.71450746499622,3.4256436662836944e-05
5,174.7333608812132,3.428040909930267e-05
5,175.7522142974302,3.3640480727181725e-05
5,176.7710677136472,3.3178821400077885e-05
5,177.78992112986418,3.3095277169042486e-05
5,178.80877454608117,3.274365866184124e-05
5,179.82762796229815,3.220541369743058e-05
5,180.84648137851514,3.2408050608212715e-05
5,181.86533479473212,3.172824853060786e-05
5,182.8841882109491,3.1427244907888724e-05
5,183.9030416271661,3.1087957051644175e-05
5,184.92189504338307,3.093293100051692e-05
5,185.94074845960006,3.063805427598729e-05
5,186.95960187581704,3.0434141816444195e-05
5,187.97845529203403,3.0506092659380086e-05
5,188.997308708251,3.0134713996815264e-05
5,190.01616212446802,2.9948139847687377e-05
5,191.035015540685,2.97229834848612e-05
5,192.053868956902,2.904440663796122e-05
5,193.07272237311898,2.899710721704508e-05
5,194.09157578933596,2.870182567005281e-05
5,195.11042920555295,2.8382729275441878e-05
5,196.12928262176993,2.8093869866721324e-05
5,197.14813603798692,2.790631902695577e-05
5,198.1669894542039,2.7788040961893713e-05
5,199.18584287042088,2.7707225187269924e-05
5,200.20469628663787,2.7373370327557194e-05
5,201.22354970285485,2.7056776742579537e-05
5,202.24240311907187,2.6725232303806622e-05
5,203.26125653528885,2.6605900044134285e-05
5,204.28010995150584,2.6353561720712824e-05
5,205.29896336772282,2.6341208468287802e-05
5,206.3178167839398,2.5944996482023928e-05
5,207.3366702001568,2.5577103710039308e-05
5,208.35552361637377,2.5722480083490067e-05
5,209.37437703259076,2.552112152921373e-05
5,210.39323044880774,2.536734486203812e-05
5,211.41208386502473,2.527647416175354e-05
5,212.4309372812417,2.4853263958346114e-05
5,213.4497906974587,2.4838157169594754e-05
5,214.46864411367568,2.455439750834458e-05
5,215.48749752989266,2.439005256694291e-05
5,216.50635094610968,2.4042015180410383e-05
5,217.52520436232666,2.3980346692017594e-05
5,218.54405777854365,2.3839976500992273e-05
5,219.56291119476063,2.3728983234879163e-05
5,220.58176461097761,2.3874591677966935e-05
5,221.6006180271946,2.3611403984858083e-05
5,222.61947144341158,2.3704330832191817e-05
5,223.63832485962857,2.3457294067935664e-05
5,224.65717827584555,2.3506843079452427e-05
5,225.67603169206254,2.323500455861903e-05
5,226.69488510827952,2.3268589299567313e-05
5,227.71373852449653,2.2926911856981192e-05
5,228.73259194071352,2.2888100473753844e-05
5,229.7514453569305,2.2642981736633883e-05
5,230.7702987731475,2.248104181994314e-05
5,231.78915218936447,2.204129034766641e-05
5,232.80800560558146,2.1785325365117e-05
5,233.82685902179844,2.1523108592566123e-05
5,234.84571243801543,2.150093071240717e-05
5,235.8645658542324,2.1072397422499624e-05
5,236.8834192704494,2.1106404551976494e-05
5,237.90227268666638,2.062144473637717e-05
5,238.92112610288336,2.06065173860031e-05
5,239.93997951910035,2.0237724824645616e-05
5,240.95883293531733,2.0154210407221598e-05
5,241.97768635153435,1.9674102502001094e-05
5,242.99653976775133,1.96725383775599e-05
5,244.0153931839683,1.9321016643266396e-05
5,245.0342466001853,1.9177388127296012e-05
5,246.05310001640228,1.876180946940956e-05
5,247.07195343261927,1.853688027479926e-05
5,248.09080684883625,1.8334592807055232e-05
5,249.10966026505324,1.7946653148878763e-05
5,250.12851368127022,1.785942919443752e-05
5,251.1473670974872,1.760641690050873e-05
5,252.1662205137042,1.728057702136297e-05
5,253.18507392992117,1.724339242533889e-05
5,254.2039273461382,1.694515581568098e-05
5,255.22278076235517,1.6690047328775645e-05
5,256.24163417857216,1.639913929324739e-05
5,257.26048759478914,1.625505434480526e-05
5,258.2793410110061,1.5949406495583592e-05
5,259.2981944272231,1.5707031330083178e-05
5,260.3170478434401,1.5489368741223215e-05
5,261.3359012596571,1.5135686663897604e-05
5,262.35475467587406,1.4951540195805537e-05
5,263.37360809209105,1.4678880542684014e-05
5,264.39246150830803,1.4496474925082393e-05
5,265.411314924525,1.403110003660374e-05
5,266.430168340742,1.3926172355992861e-05
5,267.449021756959,1.3486292453255017e-05
5,268.46787517317597,1.3305629957012431e-05
5,269.48672858939295,1.296982310157336e-05
5,270.50558200560994,1.2682624902566769e-05
5,271.5244354218269,1.2379055077624105e-05
5,272.5432888380439,1.2248216145414044e-05
5,273.56214225426095,1.1976840302153477e-05
5,274.58099567047793,1.1647458497866283e-05
5,275.5998490866949,1.1417945224581014e-05
5,276.6187025029119,1.1128203607641624e-05
5,277.6375559191289,1.0948935408452206e-05
5,278.65640933534587,1.0719580911538884e-05
5,279.67526275156285,1.0511712467971989e-05
5,280.69411616777984,1.0286782451334823e-05
5,281.7129695839968,1.002486071749953e-05
5,282.7318230002138,9.843026044146246e-06
5,283.7506764164308,9.551653350148857e-06
5,284.7695298326478,9.36808386420677e-06
5,285.78838324886476,9.154201027351235e-06
5,286.80723666508175,8.927413038052634e-06
5,287.82609008129873,8.67007846425654e-06
5,288.8449434975157,8.488522112692886e-06
5,289.8637969137327,8.355946338971723e-06
5,290.8826503299497,8.216981460159721e-06
5,291.90150374616667,7.965109712863862e-06
5,292.92035716238365,7.835539548809546e-06
5,293.93921057860064,7.654926767315896e-06
5,294.9580639948176,7.47341525564098e-06
5,295.9769174110346,7.303272684856857e-06
5,296.9957708272516,7.137278798357117e-06
5,298.0146242434686,6.940806073103914e-06
5,299.03347765968556,6.824595860282107e-06
5,300.05233107590254,6.6886924581769625e-06
5,301.0711844921196,6.56785059715105e-06
5,302.09003790833657,6.366752777556369e-06
5,303.10889132455355,6.21592973006272e-06
5,304.12774474077054,6.058144009220825e-06
5,305.1465981569875,5.958172758346283e-06
5,306.1654515732045,5.796273232660999e-06
5,307.1843049894215,5.650975357356643e-06
5,308.2031584056385,5.540564807726292e-06
5,309.22201182185546,5.402989941950788e-06
5,310.24086523807244,5.267459239863246e-06
5,311.25971865428943,5.0968831662646745e-06
5,312.2785720705064,5.0026088280282295e-06
5,313.2974254867234,4.823161459552198e-06
5,314.3162789029404,4.6943902745363755e-06
5,315.33513231915737,4.597558917623032e-06
5,316.35398573537435,4.461133634495482e-06
5,317.37283915159134,4.348258305549596e-06
5,318.3916925678083,4.186816867590575e-06
5,319.4105459840253,4.108760514596833e-06
5,320.4293994002423,4.008039897352973e-06
5,321.4482528164593,3.878256833414756e-06
5,322.46710623267626,3.795405296537111e-06
5,323.48595964889324,3.714150168473841e-06
5,324.5048130651102,3.6090798315597576e-06
5,325.5236664813272,3.502281579272949e-06
5,326.54251989754425,3.4121567526485583e-06
5,327.56137331376124,3.3336142749364983e-06
5,328.5802267299782,3.238673658962047e-06
5,329.5990801461952,3.1420092334143326e-06
5,330.6179335624122,3.0474426003489494e-06
5,331.6367869786292,2.972996867555076e-06
5,332.65564039484616,2.867474044790224e-06
5,333.67449381106314,2.790255261746803e-06
5,334.6933472272801,2.693726579724212e-06
5,335.7122006434971,2.6246170753763406e-06
5,336.7310540597141,2.534152651440064e-06
5,337.7499074759311,2.4487248912543125e-06
5,338.76876089214807,2.366593252923934e-06
5,339.78761430836505,2.2919837350534577e-06
5,340.80646772458203,2.2121785716756706e-06
5,341.825321140799,2.1524817390332868e-06
5,342.844174557016,2.0679455386635977e-06
5,343.863027973233,2.003101101541717e-06
5,344.88188138945,1.9468678618441362e-06
5,345.90073480566696,1.8748098990359557e-06
5,346.91958822188394,1.8186873867743893e-06
5,347.9384416381009,1.7636999167255734e-06
5,348.9572950543179,1.695249236827056e-06
5,349.9761484705349,1.642542776022409e-06
5,350.9950018867519,1.5803763156535072e-06
5,352.01385530296886,1.535643633366606e-06
5,353.0327087191859,1.4728240640805845e-06
5,354.0515621354029,1.4270481814397357e-06
5,355.0704155516199,1.3739049731042588e-06
5,356.08926896783686,1.330240068431652e-06
5,357.10812238405384,1.281520185001505e-06
5,358.1269758002708,1.2337083846181785e-06
5,359.1458292164878,1.1944658491465628e-06
5,360.1646826327048,1.1477960749082461e-06
5,361.1835360489218,1.107040668440633e-06
5,362.20238946513876,1.0659845063782696e-06
5,363.22124288135575,1.0319151653792692e-06
5,364.24009629757273,9.955802885421459e-07
5,365.2589497137897,9.540719068139604e-07
5,366.2778031300067,9.186329615678072e-07
5,367.2966565462237,8.835412831380534e-07
5,368.3155099624407,8.48647745642708e-07
5,369.33436337865766,8.173517311955373e-07
5,370.35321679487464,7.879585876135814e-07
5,371.3720702110916,7.488147726319928e-07
5,372.3909236273086,7.21568702549555e-07
5,373.4097770435256,6.9116631003143e-07
5,374.4286304597426,6.669831740239379e-07
5,375.44748387595956,6.371619452954066e-07
5,376.46633729217655,6.151606586746678e-07
5,377.48519070839353,5.874988620792616e-07
5,378.5040441246106,5.668872005840846e-07
5,379.52289754082756,5.365861673885503e-07
5,380.54175095704454,5.201629291013974e-07
5,381.5606043732615,4.981327967363121e-07
5,382.5794577894785,4.777399575116812e-07
5,383.5983112056955,4.5649199402195405e-07
5,384.6171646219125,4.385011493131867e-07
5,385.63601803812946,4.2305655812267894e-07
5,386.65487145434645,4.0407427137698665e-07
5,387.67372487056343,3.8560202640584917e-07
5,388.6925782867804,3.7097067901032736e-07
5,389.7114317029974,3.5256364499714017e-07
5,390.7302851192144,3.393957069904126e-07
5,391.74913853543137,3.2388123618779864e-07
5,392.76799195164836,3.0909377923006486e-07
5,393.78684536786534,2.968564990911393e-07
5,394.8056987840823,2.8282381139734754e-07
5,395.8245522002993,2.699075179670225e-07
5,396.8434056165163,2.6011099583186293e-07
5,397.8622590327333,2.4787208867363e-07
5,398.88111244895026,2.362102671556224e-07
5,399.89996586516725,2.2536087488466e-07
5,400.91881928138423,2.1513987903628953e-07
5,401.9376726976012,2.0534812554537587e-07
5,402.9565261138182,1.971363445139918e-07
5,403.9753795300352,1.8716021267775735e-07
5,404.9942329462522,1.7897671539110261e-07
5,406.0130863624692,1.691765825696103e-07
5,407.0319397786862,1.6233349150146773e-07
5,408.0507931949032,1.5405360265039205e-07
5,409.06964661112016,1.470525175663454e-07
5,410.08850002733715,1.3999091330300812e-07
5,411.10735344355413,1.3284256172330175e-07
5,412.1262068597711,1.2628819385430738e-07
5,413.1450602759881,1.2048954227213683e-07
5,414.1639136922051,1.1487347662693446e-07
5,415.18276710842207,1.087601455892754e-07
5,416.20162052463905,1.0423318792223638e-07
5,417.22047394085604,9.834748535212306e-08
5,418.239327357073,9.428020630831012e-08
5,419.25818077329,8.929438823139923e-08
5,420.277034189507,8.466253219798341e-08
5,421.295887605724,8.026859800763374e-08
5,422.31474102194096,7.628694820029618e-08
5,423.33359443815795,7.262037091373965e-08
5,424.35244785437493,6.850468382631257e-08
5,425.3713012705919,6.535529123458232e-08
5,426.3901546868089,6.171724986716501e-08
5,427.4090081030259,5.821699213064984e-08
5,428.42786151924287,5.489814878675322e-08
5,429.44671493545985,5.1894395970772276e-08
5,430.4655683516769,4.918727825206281e-08
5,431.4844217678939,4.642022019546799e-08
5,432.50327518411086,4.376155979821897e-08
5,433.52212860032785,4.141318860168851e-08
5,434.54098201654483,3.912156998541809e-08
5,435.5598354327618,3.699289854981835e-08
5,436.5786888489788,3.506490987857494e-08
5,437.5975422651958,3.328836929546538e-08
5,438.61639568141277,3.1515474318630806e-08
5,439.63524909762975,2.9729068506376985e-08
5,440.65410251384674,2.8078616964258684e-08
5,441.6729559300637,2.6580995930451753e-08
5,442.6918093462807,2.499559336212704e-08
5,443.7106627624977,2.3623237104895685e-08
5,444.7295161787147,2.2255442220419865e-08
5,445.74836959493166,2.0927306703191884e-08
5,446.76722301114864,1.9743637460411305e-08
5,447.78607642736563,1.8575113533751613e-08
5,448.8049298435826,1.7465377583293525e-08
5,449.8237832597996,1.64452890549131e-08
5,450.8426366760166,1.5498345776140834e-08
5,451.86149009223357,1.4598024105058478e-08
5,452.88034350845055,1.3743135710392983e-08
5,453.89919692466754,1.2943800110605005e-08
5,454.9180503408845,1.2195003661032025e-08
5,455.9369037571015,1.1478396291545317e-08
5,456.95575717331855,1.0842589891417357e-08
5,457.97461058953553,1.021844477110973e-08
5,458.9934640057525,9.648485005539756e-09
5,460.0123174219695,9.076741173257028e-09
5,461.0311708381865,8.548975219598544e-09
5,462.05002425440347,8.005914261652431e-09
5,463.06887767062045,7.534257751318177e-09
5,464.08773108683744,7.06138944010419e-09
5,465.1065845030544,6.66331156967489e-09
5,466.1254379192714,6.204643021135717e-09
5,467.1442913354884,5.8476255549179116e-09
5,468.1631447517054,5.460509241971018e-09
5,469.18199816792236,5.1555058146679666e-09
5,470.20085158413934,4.832000371572578e-09
5,471.2197050003563,4.537375597070292e-09
5,472.2385584165733,4.245576873294072e-09
5,473.2574118327903,3.981445177639963e-09
5,474.2762652490073,3.739971418095386e-09
5,475.29511866522427,3.5117606515307603e-09
5,476.31397208144125,3.297225910231658e-09
5,477.33282549765823,3.103754293874721e-09
5,478.3516789138752,2.8955616306035497e-09
5,479.3705323300922,2.7102581189021105e-09
5,480.3893857463092,2.542343391667471e-09
5,481.4082391625262,2.3973318470849074e-09
5,482.4270925787432,2.236924140745482e-09
5,483.4459459949602,2.093901729285243e-09
5,484.4647994111772,1.955556117178745e-09
5,485.48365282739417,1.8467467403386397e-09
5,486.50250624361115,1.7289669726797498e-09
5,487.52135965982814,1.6255200592147817e-09
5,488.5402130760451,1.5151525808507855e-09
5,489.5590664922621,1.4157931901353767e-09
5,490.5779199084791,1.3331104211048444e-09
5,491.5967733246961,1.2380760732142555e-09
5,492.61562674091306,1.1591113504310438e-09
5,493.63448015713004,1.0834453323440883e-09
5,494.653333573347,1.0139051165892916e-09
5,495.672186989564,9.46041749416454e-10
5,496.691040405781,8.778755962951688e-10
5,497.709893821998,8.229629679693037e-10
5,498.72874723821496,7.691665168286747e-10
5,499.74760065443195,7.194509531966084e-10
5,500.76645407064893,6.65748726179564e-10
5,501.7853074868659,6.221684663882272e-10
5,502.8041609030829,5.826634799496292e-10
5,503.8230143192999,5.449556264417673e-10
5,504.84186773551687,5.069966813334946e-10
5,505.86072115173386,4.743167040243479e-10
5,506.87957456795084,4.395223753387243e-10
5,507.8984279841678,4.101800935174319e-10
5,508.9172814003848,3.8321093589082843e-10
5,509.93613481660185,3.5370677942733034e-10
5,510.95498823281883,3.311448785856242e-10
5,511.9738416490358,3.083646986232303e-10
5,512.9926950652527,2.873119851185089e-10
5,514.0115484814698,2.651799993272488e-10
5,515.0304018976867,2.4779764748455843e-10
5,516.0492553139038,2.30621526076423e-10
5,517.0681087301207,2.150874416204747e-10
5,518.0869621463378,1.8698495356150914e-10
5,519.1058155625547,1.7268034178652492e-10
5,520.1246689787718,1.6119966874686028e-10
5,521.1435223949886,1.1302277643228067e-10
6,0.5094267081084933,0.03941836127289292
6,1.52828012432548,0.05399973515458069
6,2.5471335405424664,0.05698182054580083
6,3.5659869567594535,0.028489897366918298
6,4.58484037297644,0.019260235466339138
6,5.603693789193427,0.011263634769701037
6,6.622547205410413,0.008178119528742828
6,7.6414006216274,0.0075402467668251715
6,8.660254037844386,0.005501277494838166
6,9.679107454061374,0.0036504782890950925
6,10.69796087027836,0.0026201940390912473
6,11.716814286495346,0.002034955251062666
6,12.735667702712334,0.0017611590798277401
6,13.75452111892932,0.0015972838641808815
6,14.773374535146306,0.0015367772474069773
6,15.792227951363294,0.0014084467486054197
6,16.81108136758028,0.0013407170335878555
6,17.829934783797267,0.0010559957704470255
6,18.848788200014255,0.0010480251346654164
6,19.86764161623124,0.0008945218001216139
6,20.886495032448224,0.0008147710526180919
6,21.905348448665215,0.000836309810261358
6,22.9242018648822,0.0008656356416015447
6,23.943055281099184,0.0008075757462618583
6,24.961908697316176,0.0007943067541939626
6,25.98076211353316,0.0009012240605418023
6,26.999615529750145,0.0008652400200845357
6,28.018468945967136,0.0008708755120875305
6,29.03732236218412,0.0008243557158364211
6,30.056175778401105,0.0008169634607177355
6,31.075029194618093,0.0007446443905205428
6,32.09388261083508,0.0007072982690456435
6,33.112736027052065,0.0006627408054539626
6,34.13158944326905,0.0005799105125927162
6,35.15044285948604,0.0005433754019658993
6,36.169296275703026,0.00048326923595219814
6,37.18814969192002,0.0004792724681897487
6,38.207003108137,0.0004212730784125739
6,39.225856524353986,0.0003950992685310946
6,40.24470994057097,0.00036687926256682627
6,41.263563356787955,0.00034538448924084224
6,42.28241677300495,0.0003440102653916145
6,43.30127018922193,0.0003182365748639171
6,44.32012360543892,0.0003101665504689296
6,45.33897702165591,0.00028319343744979026
6,46.35783043787289,0.00028471108829748314
6,47.376683854089876,0.0002736260128076962
6,48.39553727030687,0.0002647461920818313
6,49.41439068652385,0.0002588921392439678
6,50.433244102740844,0.0002474807037685016
6,51.45209751895783,0.0002478368245638456
6,52.47095093517481,0.00024652614468254806
6,53.4898043513918,0.00023662400134757657
6,54.50865776760879,0.0002287816684833852
6,55.52751118382577,0.0002194893624094175
6,56.546364600042764,0.00021617233620573157
6,57.56521801625975,0.00020095431757150234
6,58.58407143247673,0.0001979692417951782
6,59.60292484869372,0.00018808110575781675
6,60.6217782649107,0.00018923443380612442
6,61.640631681127694,0.0001776470035371309
6,62.65948509734468,0.00017738271595488283
6,63.67833851356167,0.00016489916209398893
6,64.69719192977865,0.00016278207535324642
6,65.71604534599564,0.0001582287146646879
6,66.73489876221262,0.00015267361325456023
6,67.75375217842961,0.0001464411115810792
6,68.77260559464659,0.00014385044710709646
6,69.79145901086359,0.0001453157501639494
6,70.81031242708058,0.00013872256400677602
6,71.82916584329756,0.00013196904929638583
6,72.84801925951454,0.00013147529972276477
6,73.86687267573153,0.0001258109294492922
6,74.88572609194853,0.00011981189031085613
6,75.90457950816551,0.00011426452512627873
6,76.9234329243825,0.00011231839214670515
6,77.94228634059948,0.00010858268779056606
6,78.96113975681646,0.00010482179440631417
6,79.97999317303345,0.00010188585537557639
6,80.99884658925043,9.699495924469965e-05
6,82.01770000546742,9.594655931028227e-05
6,83.03655342168442,9.154432251028514e-05
6,84.0554068379014,9.243073096565588e-05
6,85.07426025411839,8.948175926318082e-05
6,86.09311367033537,9.032180601717971e-05
6,87.11196708655235,8.777592714962174e-05
6,88.13082050276935,8.715832296024174e-05
6,89.14967391898634,8.523294120722822e-05
6,90.16852733520332,8.411865854119432e-05
6,91.1873807514203,8.369409421287475e-05
6,92.20623416763729,8.413211517014543e-05
6,93.22508758385428,8.392746224420871e-05
6,94.24394100007126,8.222426919993382e-05
6,95.26279441628826,8.400258600276805e-05
6,96.28164783250524,8.256981691485696e-05
6,97.30050124872223,8.298675164720214e-05
6,98.31935466493921,8.195908089516498e-05
6,99.3382080811562,8.211908631721255e-05
6,100.35706149737318,8.331490005346695e-05
6,101.37591491359018,8.175004707087803e-05
6,102.39476832980716,8.353742675786987e-05
6,103.41362174602415,8.190619739820765e-05
6,104.43247516224113,8.159750602833172e-05
6,105.45132857845812,8.208830602747584e-05
6,106.4701819946751,8.141220304243349e-05
6,107.48903541089209,8.048019808862232e-05
6,108.50788882710908,7.956644657853457e-05
6,109.52674224332607,7.989195370854669e-05
6,110.54559565954305,7.941584419556031e-05
6,111.56444907576004,7.78561949533757e-05
6,112.58330249197702,7.760807421975916e-05
6,113.60215590819402,7.661235863074841e-05
6,114.621009324411,7.520391247459112e-05
6,115.63986274062799,7.553150786640014e-05
6,116.65871615684497,7.413274288638109e-05
6,117.67756957306196,7.431152825096845e-05
6,118.69642298927894,7.26447622869711e-05
6,119.71527640549593,7.1144969415656e-05
6,120.73412982171291,7.025336897747801e-05
6,121.75298323792991,6.988146733735465e-05
6,122.7718366541469,6.8488890833065e-05
6,123.79069007036388,6.813343333454966e-05
6,124.80954348658086,6.696578442616303e-05
6,125.82839690279785,6.716600937173024e-05
6,126.84725031901485,6.57940145537331e-05
6,127.86610373523183,6.463308227189451e-05
6,128.88495715144882,6.446730698617532e-05
6,129.9038105676658,6.386930520068525e-05
6,130.92266398388279,6.293039347038385e-05
6,131.94151740009977,6.265506682756361e-05
6,132.96037081631675,6.201765152476704e-05
6,133.97922423253374,6.0403076201985244e-05
6,134.99807764875072,5.96063213823406e-05
6,136.0169310649677,5.7987659615152225e-05
6,137.0357844811847,5.7982297823478256e-05
6,138.0546378974017,5.611018147326547e-05
6,139.0734913136187,5.6527236077933714e-05
6,140.09234472983567,5.466357251071362e-05
6,141.11119814605266,5.431171058373075e-05
6,142.13005156226964,5.381243987814903e-05
6,143.14890497848663,5.1851825367961445e-05
6,144.1677583947036,5.1646691557855076e-05
6,145.1866118109206,5.055050267783437e-05
6,146.20546522713758,4.983575442368973e-05
6,147.22431864335456,4.84056051384087e-05
6,148.24317205957155,4.7817222610102924e-05
6,149.26202547578853,4.66347730689202e-05
6,150.28087889200555,4.572951603889684e-05
6,151.29973230822253,4.463853262827542e-05
6,152.31858572443952,4.373716038733248e-05
6,153.3374391406565,4.274583891906784e-05
6,154.35629255687348,4.207668911675596e-05
6,155.37514597309047,4.1297836732136284e-05
6,156.39399938930745,4.059587027000858e-05
6,157.41285280552444,3.9893109137223556e-05
6,158.43170622174142,3.933481520644002e-05
6,159.4505596379584,3.865454840083097e-05
6,160.4694130541754,3.8190124564346975e-05
6,161.48826647039238,3.7540781284881086e-05
6,162.50711988660936,3.725155441806592e-05
6,163.52597330282634,3.6404622598868205e-05
6,164.54482671904336,3.5575793903205225e-05
6,165.56368013526034,3.536559367447249e-05
6,166.58253355147733,3.471345064981249e-05
6,167.6013869676943,3.456536476413662e-05
6,168.6202403839113,3.417284673763315e-05
6,169.63909380012828,3.42625218342818e-05
6,170.65794721634526,3.3495730241443856e-05
6,171.67680063256225,3.33171219447768e-05
6,172.69565404877923,3.27112278943806e-05
6,173.71450746499622,3.277141832409122e-05
6,174.7333608812132,3.244894825233055e-05
6,175.7522142974302,3.198243178988326e-05
6,176.7710677136472,3.169495075787158e-05
6,177.78992112986418,3.1866740879675036e-05
6,178.80877454608117,3.164979867502104e-05
6,179.82762796229815,3.110380722733251e-05
6,180.84648137851514,3.1206053778547844e-05
6,181.86533479473212,3.069493838216036e-05
6,182.8841882109491,3.074796228512112e-05
6,183.9030416271661,3.0213584720872077e-05
6,184.92189504338307,3.019613685456463e-05
6,185.94074845960006,3.005356624729738e-05
6,186.95960187581704,2.985172356518315e-05
6,187.97845529203403,2.97832518324382e-05
6,188.997308708251,2.9530462226439226e-05
6,190.01616212446802,2.9600043221131885e-05
6,191.035015540685,2.9473447096612463e-05
6,192.053868956902,2.9369157430934326e-05
6,193.07272237311898,2.9477802683038742e-05
6,194.09157578933596,2.9333607006177712e-05
6,195.11042920555295,2.919645642792677e-05
6,196.12928262176993,2.897849393998203e-05
6,197.14813603798692,2.8701007242640883e-05
6,198.1669894542039,2.859673424577932e-05
6,199.18584287042088,2.880729529445665e-05
6,200.20469628663787,2.8519619733421142e-05
6,201.22354970285485,2.837270278144756e-05
6,202.24240311907187,2.820616186517696e-05
6,203.26125653528885,2.8121407627316752e-05
6,204.28010995150584,2.8180400186764208e-05
6,205.29896336772282,2.8134367564850175e-05
6,206.3178167839398,2.7949478602891286e-05
6,207.3366702001568,2.75795088080103e-05
6,208.35552361637377,2.8041317127526115e-05
6,209.37437703259076,2.8033060792318873e-05
6,210.39323044880774,2.7693528435838907e-05
6,211.41208386502473,2.776983136182948e-05
6,212.4309372812417,2.752915507897316e-05
6,213.4497906974587,2.7508869470910503e-05
6,214.46864411367568,2.7368417120986134e-05
6,215.48749752989266,2.7430974709310016e-05
6,216.50635094610968,2.733391443200535e-05
6,217.52520436232666,2.745859709546959e-05
6,218.54405777854365,2.7389585334316584e-05
6,219.56291119476063,2.7308383355917194e-05
6,220.58176461097761,2.724535780759381e-05
6,221.6006180271946,2.6839536927763893e-05
6,222.61947144341158,2.6861731306084482e-05
6,223.63832485962857,2.6667070326836433e-05
6,224.65717827584555,2.676716720590807e-05
6,225.67603169206254,2.6246524080419537e-05
6,226.69488510827952,2.621165345437599e-05
6,227.71373852449653,2.572081376274106e-05
6,228.73259194071352,2.5733778374974578e-05
6,229.7514453569305,2.543333145233902e-05
6,230.7702987731475,2.5302999093281315e-05
6,231.78915218936447,2.5051174604190503e-05
6,232.80800560558146,2.4823554859527606e-05
6,233.82685902179844,2.4551735069747796e-05
6,234.84571243801543,2.4508639872894528e-05
6,235.8645658542324,2.4251956338790066e-05
6,236.8834192704494,2.4274912072297135e-05
6,237.90227268666638,2.382924663142673e-05
6,238.92112610288336,2.393611924695371e-05
6,239.93997951910035,2.3552166391943715e-05
6,240.95883293531733,2.359645524283606e-05
6,241.97768635153435,2.308506397521529e-05
6,242.99653976775133,2.3266875670477678e-05
6,244.0153931839683,2.2912675029316417e-05
6,245.0342466001853,2.2946465396468305e-05
6,246.05310001640228,2.253042061971522e-05
6,247.07195343261927,2.2447692288610603e-05
6,248.09080684883625,2.233655556455197e-05
6,249.10966026505324,2.1977010188722377e-05
6,250.12851368127022,2.1894344770468835e-05
6,251.1473670974872,2.1674236069184362e-05
6,252.1662205137042,2.1309244440559566e-05
6,253.18507392992117,2.1329477792549803e-05
6,254.2039273461382,2.1042652095197165e-05
6,255.22278076235517,2.0917953655185433e-05
6,256.24163417857216,2.06505924814197e-05
6,257.26048759478914,2.052748265944577e-05
6,258.2793410110061,2.023608799837545e-05
6,259.2981944272231,2.0105517358636653e-05
6,260.3170478434401,1.9824624169358202e-05
6,261.3359012596571,1.9526656342563634e-05
6,262.35475467587406,1.9277590981362614e-05
6,263.37360809209105,1.9002307083923945e-05
6,264.39246150830803,1.8875446950351642e-05
6,265.411314924525,1.849614993852799e-05
6,266.430168340742,1.8347269663325614e-05
6,267.449021756959,1.7911401760573372e-05
6,268.46787517317597,1.7686639568130535e-05
6,269.48672858939295,1.746222561103986e-05
6,270.50558200560994,1.7081252660237927e-05
6,271.5244354218269,1.6800747221637767e-05
6,272.5432888380439,1.6624546711291227e-05
6,273.56214225426095,1.631516685582082e-05
6,274.58099567047793,1.5964332498179057e-05
6,275.5998490866949,1.5734554015801953e-05
6,276.6187025029119,1.5393274206623932e-05
6,277.6375559191289,1.5134807965700444e-05
6,278.65640933534587,1.4874628859359917e-05
6,279.67526275156285,1.4550667869739162e-05
6,280.69411616777984,1.4384108601272957e-05
6,281.7129695839968,1.3937180086509245e-05
6,282.7318230002138,1.3754277789370163e-05
6,283.7506764164308,1.3420610462022294e-05
6,284.7695298326478,1.3219785406191137e-05
6,285.78838324886476,1.2987252375819702e-05
6,286.80723666508175,1.2720391456572105e-05
6,287.82609008129873,1.2433750335262995e-05
6,288.8449434975157,1.2175113236520488e-05
6,289.8637969137327,1.1946457451989597e-05
6,290.8826503299497,1.1761472484202125e-05
6,291.90150374616667,1.1351723124250602e-05
6,292.92035716238365,1.1163558834814435e-05
6,293.93921057860064,1.0969812911692006e-05
6,294.9580639948176,1.0718022041563485e-05
6,295.9769174110346,1.0456385327443697e-05
6,296.9957708272516,1.0261132854436442e-05
6,298.0146242434686,1.0034862718462642e-05
6,299.03347765968556,9.871632132249454e-06
6,300.05233107590254,9.63661458184986e-06
6,301.0711844921196,9.471680543992522e-06
6,302.09003790833657,9.224498735668617e-06
6,303.10889132455355,9.028504303067256e-06
6,304.12774474077054,8.841881220047946e-06
6,305.1465981569875,8.676684488906286e-06
6,306.1654515732045,8.456064201502787e-06
6,307.1843049894215,8.238111336567835e-06
6,308.2031584056385,8.077931314656749e-06
6,309.22201182185546,7.864358005018508e-06
6,310.24086523807244,7.652064192003486e-06
6,311.25971865428943,7.408506797609099e-06
6,312.2785720705064,7.264726827903326e-06
6,313.2974254867234,7.036981808390075e-06
6,314.3162789029404,6.837994101602908e-06
6,315.33513231915737,6.6282173286843676e-06
6,316.35398573537435,6.43118978582025e-06
6,317.37283915159134,6.2548168451303624e-06
6,318.3916925678083,6.0427984593910535e-06
6,319.4105459840253,5.894417558105868e-06
6,320.4293994002423,5.73371292340594e-06
6,321.4482528164593,5.542078966405164e-06
6,322.46710623267626,5.380752606754841e-06
6,323.48595964889324,5.2492889755158e-06
6,324.5048130651102,5.067428068178567e-06
6,325.5236664813272,4.903063438772806e-06
6,326.54251989754425,4.782289713254183e-06
6,327.56137331376124,4.624789073801834e-06
6,328.5802267299782,4.471017007100967e-06
6,329.5990801461952,4.345773480080292e-06
6,330.6179335624122,4.203783984467597e-06
6,331.6367869786292,4.090940661294317e-06
6,332.65564039484616,3.95417497488643e-06
6,333.67449381106314,3.835631113876655e-06
6,334.6933472272801,3.7268025782644707e-06
6,335.7122006434971,3.6320222001430255e-06
6,336.7310540597141,3.5159617981461856e-06
6,337.7499074759311,3.4048107069647524e-06
6,338.76876089214807,3.291244494974123e-06
6,339.78761430836505,3.195212582140387e-06
6,340.80646772458203,3.0837986020349543e-06
6,341.825321140799,2.99404999829451e-06
6,342.844174557016,2.8919343753954103e-06
6,343.863027973233,2.7898164006107037e-06
6,344.88188138945,2.7054068805077716e-06
6,345.90073480566696,2.616488226333573e-06
6,346.91958822188394,2.5310666793461795e-06
6,347.9384416381009,2.44474153123569e-06
6,348.9572950543179,2.3503793189450915e-06
6,349.9761484705349,2.2622561063560416e-06
6,350.9950018867519,2.184089796572962e-06
6,352.01385530296886,2.107882876711522e-06
6,353.0327087191859,2.0309301410340434e-06
6,354.0515621354029,1.958779171099589e-06
6,355.0704155516199,1.8934086767237213e-06
6,356.08926896783686,1.8245226377834819e-06
6,357.10812238405384,1.7588731691791638e-06
6,358.1269758002708,1.6924175208667717e-06
6,359.1458292164878,1.6286516293502315e-06
6,360.1646826327048,1.5755197531670291e-06
6,361.1835360489218,1.5134808115052098e-06
6,362.20238946513876,1.4474886536061606e-06
6,363.22124288135575,1.4001227171414709e-06
6,364.24009629757273,1.3474198405600906e-06
6,365.2589497137897,1.2941313405807796e-06
6,366.2778031300067,1.2496481787635845e-06
6,367.2966565462237,1.202613193233013e-06
6,368.3155099624407,1.160089838211295e-06
6,369.33436337865766,1.1199663828920503e-06
6,370.35321679487464,1.0842645385955512e-06
6,371.3720702110916,1.0373475907851854e-06
6,372.3909236273086,9.979893579328548e-07
6,373.4097770435256,9.603459606475692e-07
6,374.4286304597426,9.236569938236919e-07
6,375.44748387595956,8.871560171236579e-07
6,376.46633729217655,8.597190856683164e-07
6,377.48519070839353,8.218832638928247e-07
6,378.5040441246106,7.94411950416295e-07
6,379.52289754082756,7.592396893186497e-07
6,380.54175095704454,7.325379143390385e-07
6,381.5606043732615,7.067864942331361e-07
6,382.5794577894785,6.758927370979487e-07
6,383.5983112056955,6.449066028326983e-07
6,384.6171646219125,6.223204261391768e-07
6,385.63601803812946,5.988114386470393e-07
6,386.65487145434645,5.721796644551007e-07
6,387.67372487056343,5.47038866491289e-07
6,388.6925782867804,5.249071440373301e-07
6,389.7114317029974,5.008703960616398e-07
6,390.7302851192144,4.825968137779529e-07
6,391.74913853543137,4.6264149399159647e-07
6,392.76799195164836,4.4326949238194344e-07
6,393.78684536786534,4.2500277267682205e-07
6,394.8056987840823,4.063805581219001e-07
6,395.8245522002993,3.882454524932357e-07
6,396.8434056165163,3.7288075829110763e-07
6,397.8622590327333,3.5557316604610347e-07
6,398.88111244895026,3.3993523963177143e-07
6,399.89996586516725,3.2623398734963317e-07
6,400.91881928138423,3.1230745664750937e-07
6,401.9376726976012,2.9973329603184335e-07
6,402.9565261138182,2.873565862232963e-07
6,403.9753795300352,2.742201134899281e-07
6,404.9942329462522,2.6319931002248593e-07
6,406.0130863624692,2.5015688923052547e-07
6,407.0319397786862,2.4056118541727394e-07
6,408.0507931949032,2.2888002225611925e-07
6,409.06964661112016,2.193957526068018e-07
6,410.08850002733715,2.0841277156181905e-07
6,411.10735344355413,1.9862967546827654e-07
6,412.1262068597711,1.897718692288618e-07
6,413.1450602759881,1.8189738602136405e-07
6,414.1639136922051,1.7354326858241615e-07
6,415.18276710842207,1.6532299847909316e-07
6,416.20162052463905,1.582870352976984e-07
6,417.22047394085604,1.5016707351199025e-07
6,418.239327357073,1.4413221066023934e-07
6,419.25818077329,1.3694134631541275e-07
6,420.277034189507,1.3051373910969236e-07
6,421.295887605724,1.241145325200944e-07
6,422.31474102194096,1.1862185032407119e-07
6,423.33359443815795,1.1314439172373609e-07
6,424.35244785437493,1.0754583343595578e-07
6,425.3713012705919,1.0237631981144103e-07
6,426.3901546868089,9.682938814452422e-08
6,427.4090081030259,9.225505693351843e-08
6,428.42786151924287,8.776159497420496e-08
6,429.44671493545985,8.365262348282278e-08
6,430.4655683516769,7.966487433139192e-08
6,431.4844217678939,7.566291940413883e-08
6,432.50327518411086,7.213112663672841e-08
6,433.52212860032785,6.86523009126328e-08
6,434.54098201654483,6.531014796069638e-08
6,435.5598354327618,6.223014320168842e-08
6,436.5786888489788,5.885091551139759e-08
6,437.5975422651958,5.603676013116068e-08
6,438.61639568141277,5.320323035215716e-08
6,439.63524909762975,5.0415277152053436e-08
6,440.65410251384674,4.7764144266600903e-08
6,441.6729559300637,4.5354237606302084e-08
6,442.6918093462807,4.2823308919853824e-08
6,443.7106627624977,4.05229982993312e-08
6,444.7295161787147,3.835681221052224e-08
6,445.74836959493166,3.630707132586599e-08
6,446.76722301114864,3.4239854986062964e-08
6,447.78607642736563,3.2306174022832045e-08
6,448.8049298435826,3.0591503274946416e-08
6,449.8237832597996,2.866943805532993e-08
6,450.8426366760166,2.7211321252778234e-08
6,451.86149009223357,2.5582069103590693e-08
6,452.88034350845055,2.4121575133927793e-08
6,453.89919692466754,2.2688515495409526e-08
6,454.9180503408845,2.1432121811833923e-08
6,455.9369037571015,2.0131531917037283e-08
6,456.95575717331855,1.9058345022766897e-08
6,457.97461058953553,1.7956868336371905e-08
6,458.9934640057525,1.689066868635762e-08
6,460.0123174219695,1.5827872272868445e-08
6,461.0311708381865,1.4933491670750588e-08
6,462.05002425440347,1.4037143445818912e-08
6,463.06887767062045,1.3228082365180295e-08
6,464.08773108683744,1.2459786698603202e-08
6,465.1065845030544,1.1704182030819268e-08
6,466.1254379192714,1.0944060708958536e-08
6,467.1442913354884,1.0291139431448764e-08
6,468.1631447517054,9.651194260187634e-09
6,469.18199816792236,9.143974939083272e-09
6,470.20085158413934,8.545500321369204e-09
6,471.2197050003563,8.079984355497677e-09
6,472.2385584165733,7.601530373952352e-09
6,473.2574118327903,7.14519872973033e-09
6,474.2762652490073,6.725849298175788e-09
6,475.29511866522427,6.2990445635169e-09
6,476.31397208144125,5.915774632251333e-09
6,477.33282549765823,5.587783786579379e-09
6,478.3516789138752,5.241391096794451e-09
6,479.3705323300922,4.8950671403005555e-09
6,480.3893857463092,4.602553691674331e-09
6,481.4082391625262,4.292068866075074e-09
6,482.4270925787432,4.026181679351724e-09
6,483.4459459949602,3.7720474045182566e-09
6,484.4647994111772,3.5101275674395446e-09
6,485.48365282739417,3.3046653614775765e-09
6,486.50250624361115,3.087829784092222e-09
6,487.52135965982814,2.903587110331371e-09
6,488.5402130760451,2.7145662063058978e-09
6,489.5590664922621,2.526495023473045e-09
6,490.5779199084791,2.3720575015629485e-09
6,491.5967733246961,2.1966501862376687e-09
6,492.61562674091306,2.0598083378841628e-09
6,493.63448015713004,1.9195581061486272e-09
6,494.653333573347,1.8013545538860716e-09
6,495.672186989564,1.682457056066513e-09
6,496.691040405781,1.5614451055965e-09
6,497.709893821998,1.4584928038219213e-09
6,498.72874723821496,1.3636206186666005e-09
6,499.74760065443195,1.269928732486204e-09
6,500.76645407064893,1.1768292238118385e-09
6,501.7853074868659,1.1009435650031877e-09
6,502.8041609030829,1.0264827749279123e-09
6,503.8230143192999,9.62052138274172e-10
6,504.84186773551687,8.935309181977096e-10
6,505.86072115173386,8.36718927484251e-10
6,506.87957456795084,7.779556612712564e-10
6,507.8984279841678,7.249002504352128e-10
6,508.9172814003848,6.740802310559816e-10
6,509.93613481660185,6.232843009730411e-10
6,510.95498823281883,5.819180796098209e-10
6,511.9738416490358,5.428518586126183e-10
6,512.9926950652527,5.032644972419396e-10
6,514.0115484814698,4.66457536934465e-10
6,515.0304018976867,4.319971434711451e-10
6,516.0492553139038,4.0176371088374286e-10
6,517.0681087301207,3.7261502172846084e-10
6,518.0869621463378,3.262202159168131e-10
6,519.1058155625547,2.9851914031690195e-10
6,520.1246689787718,2.785386460461169e-10
6,521.1435223949886,2.144699890496131e-10
7,0.5094267081084933,0.036345049312732705
7,1.52828012432548,0.07511967905239593
7,2.5471335405424664,0.041701549616043436
7,3.5659869567594535,0.023034273650480417
7,4.58484037297644,0.013955180148795323
7,5.603693789193427,0.008520133662408006
7,6.622547205410413,0.007260661607065874
7,7.6414006216274,0.006986383590731222
7,8.660254037844386,0.004446411629074518
7,9.679107454061374,0.0034042568918863886
7,10.69796087027836,0.002616168975200298
7,11.716814286495346,0.0021261962077047964
7,12.735667702712334,0.001989178616949096
7,13.75452111892932,0.0017975185154412183
7,14.773374535146306,0.0018627035017168415
7,15.792227951363294,0.001583010652169504
7,16.81108136758028,0.0015991633977043517
7,17.829934783797267,0.0013168044852131155
7,18.848788200014255,0.0012838244522749237
7,19.86764161623124,0.0011282604550464893
7,20.886495032448224,0.001003751040584096
7,21.905348448665215,0.0010534323092254345
7,22.9242018648822,0.0010043590027593403
7,23.943055281099184,0.0009356985754271731
7,24.961908697316176,0.0008882463450102161
7,25.98076211353316,0.0009608719008960629
7,26.999615529750145,0.0008837722061263551
7,28.018468945967136,0.0009038754160165149
7,29.03732236218412,0.0008252298685765265
7,30.056175778401105,0.0008189212990555861
7,31.075029194618093,0.0007468756644254274
7,32.09388261083508,0.0007225801858421234
7,33.112736027052065,0.0006902441025997506
7,34.13158944326905,0.0006138036364102416
7,35.15044285948604,0.0005992972236990559
7,36.169296275703026,0.0005261608600930868
7,37.18814969192002,0.0005094514443969989
7,38.207003108137,0.0004405314526555251
7,39.225856524353986,0.0004172257274372169
7,40.24470994057097,0.0003886073927134447
7,41.263563356787955,0.00036502797929850543
7,42.28241677300495,0.00035255010237108565
7,43.30127018922193,0.0003273570716335278
7,44.32012360543892,0.00031589477271412093
7,45.33897702165591,0.0003021550603812987
7,46.35783043787289,0.0002873622854747408
7,47.376683854089876,0.0002787387755711318
7,48.39553727030687,0.00027491487562423346
7,49.41439068652385,0.00026389142727114846
7,50.433244102740844,0.000260438950038461
7,51.45209751895783,0.0002585007785644515
7,52.47095093517481,0.0002592377003830307
7,53.4898043513918,0.0002512400149148624
7,54.50865776760879,0.0002440008690553357
7,55.52751118382577,0.00024638386150050345
7,56.546364600042764,0.00023909603590234208
7,57.56521801625975,0.000227228722113379
7,58.58407143247673,0.0002247710858175337
7,59.60292484869372,0.0002150685947020215
7,60.6217782649107,0.0002148975046907669
7,61.640631681127694,0.00020149073100874306
7,62.65948509734468,0.0002000444402862246
7,63.67833851356167,0.00018582912860647054
7,64.69719192977865,0.00018210200797593053
7,65.71604534599564,0.00017751433250431478
7,66.73489876221262,0.00017346774820220525
7,67.75375217842961,0.00016693907614955328
7,68.77260559464659,0.0001583889799868835
7,69.79145901086359,0.00015935433379897333
7,70.81031242708058,0.00014961069974411711
7,71.82916584329756,0.00014132075961574643
7,72.84801925951454,0.00013972339132423473
7,73.86687267573153,0.0001316560453270225
7,74.88572609194853,0.00012588214767454635
7,75.90457950816551,0.00011972164130252683
7,76.9234329243825,0.00011704526150498222
7,77.94228634059948,0.00011314309846667612
7,78.96113975681646,0.00011046675502073045
7,79.97999317303345,0.00010788340520668411
7,80.99884658925043,0.00010397857813489692
7,82.01770000546742,0.0001020252987210768
7,83.03655342168442,9.741660779044118e-05
7,84.0554068379014,9.715043351264453e-05
7,85.07426025411839,9.269870315961261e-05
7,86.09311367033537,9.170549925271971e-05
7,87.11196708655235,8.982449599834754e-05
7,88.13082050276935,8.827848824433722e-05
7,89.14967391898634,8.713869512271666e-05
7,90.16852733520332,8.533453270699762e-05
7,91.1873807514203,8.486272502686659e-05
7,92.20623416763729,8.415317817484804e-05
7,93.22508758385428,8.388758807382318e-05
7,94.24394100007126,8.110103220356276e-05
7,95.26279441628826,8.272479264425683e-05
7,96.28164783250524,8.066919552222838e-05
7,97.30050124872223,8.103654018692465e-05
7,98.31935466493921,7.901136676110354e-05
7,99.3382080811562,7.894275114083516e-05
7,100.35706149737318,7.913654497521561e-05
7,101.37591491359018,7.692934740256376e-05
7,102.39476832980716,7.815238493121363e-05
7,103.41362174602415,7.72055616919105e-05
7,104.43247516224113,7.797387914650175e-05
7,105.45132857845812,7.812135754101292e-05
7,106.4701819946751,7.67936865293873e-05
7,107.48903541089209,7.672216333812809e-05
7,108.50788882710908,7.453354261727071e-05
7,109.52674224332607,7.578968613753611e-05
7,110.54559565954305,7.502489542640187e-05
7,111.56444907576004,7.453676733481616e-05
7,112.58330249197702,7.386618817325943e-05
7,113.60215590819402,7.383897461097159e-05
7,114.621009324411,7.24137729413139e-05
7,115.63986274062799,7.191817094385812e-05
7,116.65871615684497,7.016925188812449e-05
7,117.67756957306196,7.087716219771444e-05
7,118.69642298927894,6.991357268380613e-05
7,119.71527640549593,6.840252950033335e-05
7,120.73412982171291,6.785909391811168e-05
7,121.75298323792991,6.640819169562121e-05
7,122.7718366541469,6.474729194399816e-05
7,123.79069007036388,6.362829406065889e-05
7,124.80954348658086,6.202865647121485e-05
7,125.82839690279785,6.170711628787212e-05
7,126.84725031901485,5.978432283660353e-05
7,127.86610373523183,5.789135243698017e-05
7,128.88495715144882,5.7713307749653426e-05
7,129.9038105676658,5.6677948460894045e-05
7,130.92266398388279,5.5255555174985925e-05
7,131.94151740009977,5.418249971662963e-05
7,132.96037081631675,5.354673279990157e-05
7,133.97922423253374,5.208808083405472e-05
7,134.99807764875072,5.1516466404655483e-05
7,136.0169310649677,5.033438117845898e-05
7,137.0357844811847,5.00596614349983e-05
7,138.0546378974017,4.8259457389722505e-05
7,139.0734913136187,4.7864218079671706e-05
7,140.09234472983567,4.569867917639745e-05
7,141.11119814605266,4.550136607189907e-05
7,142.13005156226964,4.46510810915108e-05
7,143.14890497848663,4.3516297944649036e-05
7,144.1677583947036,4.297859190176251e-05
7,145.1866118109206,4.168425438389568e-05
7,146.20546522713758,4.1451089473534904e-05
7,147.22431864335456,4.038496217553551e-05
7,148.24317205957155,4.00453830781309e-05
7,149.26202547578853,3.907581280349835e-05
7,150.28087889200555,3.841653579099577e-05
7,151.29973230822253,3.769045214498397e-05
7,152.31858572443952,3.710422377950918e-05
7,153.3374391406565,3.631173887791721e-05
7,154.35629255687348,3.5731216364527945e-05
7,155.37514597309047,3.5479774608629386e-05
7,156.39399938930745,3.4779353622340564e-05
7,157.41285280552444,3.466312341851192e-05
7,158.43170622174142,3.4197354459069536e-05
7,159.4505596379584,3.357264132520635e-05
7,160.4694130541754,3.325821952514237e-05
7,161.48826647039238,3.2747559751053725e-05
7,162.50711988660936,3.2566780950567e-05
7,163.52597330282634,3.210661723967373e-05
7,164.54482671904336,3.1369818234609615e-05
7,165.56368013526034,3.0912832648597706e-05
7,166.58253355147733,3.04439005323752e-05
7,167.6013869676943,3.0054829473450074e-05
7,168.6202403839113,2.9758936615044635e-05
7,169.63909380012828,2.9829711477393028e-05
7,170.65794721634526,2.8999081084320117e-05
7,171.67680063256225,2.8939544032066536e-05
7,172.69565404877923,2.8460472398782207e-05
7,173.71450746499622,2.8546540045994283e-05
7,174.7333608812132,2.8164762158298296e-05
7,175.7522142974302,2.8073467438225646e-05
7,176.7710677136472,2.766535684283467e-05
7,177.78992112986418,2.763529957709795e-05
7,178.80877454608117,2.7395203813907142e-05
7,179.82762796229815,2.679221160830528e-05
7,180.84648137851514,2.6963769470211854e-05
7,181.86533479473212,2.635602714723937e-05
7,182.8841882109491,2.6090410905184487e-05
7,183.9030416271661,2.553248208927974e-05
7,184.92189504338307,2.5411207630819003e-05
7,185.94074845960006,2.5103030021133342e-05
7,186.95960187581704,2.4668719525832363e-05
7,187.97845529203403,2.4606728636199433e-05
7,188.997308708251,2.4381281315903788e-05
7,190.01616212446802,2.4184530699258892e-05
7,191.035015540685,2.3942791971028975e-05
7,192.053868956902,2.3613738349841674e-05
7,193.07272237311898,2.342238360245761e-05
7,194.09157578933596,2.321685158510651e-05
7,195.11042920555295,2.2957523932505197e-05
7,196.12928262176993,2.250909912261258e-05
7,197.14813603798692,2.260953151706309e-05
7,198.1669894542039,2.2342253203898018e-05
7,199.18584287042088,2.2326999451198627e-05
7,200.20469628663787,2.2120107642817154e-05
7,201.22354970285485,2.1872546539286047e-05
7,202.24240311907187,2.1787937655238704e-05
7,203.26125653528885,2.1749797097844738e-05
7,204.28010995150584,2.1614463049932687e-05
7,205.29896336772282,2.1674576575082877e-05
7,206.3178167839398,2.1501079797865875e-05
7,207.3366702001568,2.124615347477166e-05
7,208.35552361637377,2.1360211359492214e-05
7,209.37437703259076,2.1236251429969314e-05
7,210.39323044880774,2.0850212734464595e-05
7,211.41208386502473,2.0727400797198937e-05
7,212.4309372812417,2.0426093818127746e-05
7,213.4497906974587,2.0339879854465483e-05
7,214.46864411367568,2.0213719505928532e-05
7,215.48749752989266,2.008291664527533e-05
7,216.50635094610968,1.996088365096386e-05
7,217.52520436232666,1.9911402366815356e-05
7,218.54405777854365,1.9660292705225544e-05
7,219.56291119476063,1.9455734281902404e-05
7,220.58176461097761,1.9320350840932533e-05
7,221.6006180271946,1.9033584959462696e-05
7,222.61947144341158,1.9001924421319793e-05
7,223.63832485962857,1.860988768938053e-05
7,224.65717827584555,1.8643597085790333e-05
7,225.67603169206254,1.8311702450214232e-05
7,226.69488510827952,1.8310286641558975e-05
7,227.71373852449653,1.7988499552767345e-05
7,228.73259194071352,1.7986187705485368e-05
7,229.7514453569305,1.7708717560361922e-05
7,230.7702987731475,1.7439031033215335e-05
7,231.78915218936447,1.7217148081274756e-05
7,232.80800560558146,1.701144489621071e-05
7,233.82685902179844,1.680336138312253e-05
7,234.84571243801543,1.6748359286672675e-05
7,235.8645658542324,1.6346982743079215e-05
7,236.8834192704494,1.6266644646255427e-05
7,237.90227268666638,1.5816999591540683e-05
7,238.92112610288336,1.58451563260924e-05
7,239.93997951910035,1.5421452503754343e-05
7,240.95883293531733,1.5405402185494373e-05
7,241.97768635153435,1.4997843839432504e-05
7,242.99653976775133,1.4993652215387924e-05
7,244.0153931839683,1.4673399013496047e-05
7,245.0342466001853,1.448999786246942e-05
7,246.05310001640228,1.4200615231442341e-05
7,247.07195343261927,1.4069301931523315e-05
7,248.09080684883625,1.3927436779625413e-05
7,249.10966026505324,1.3692072865236413e-05
7,250.12851368127022,1.3643482990495263e-05
7,251.1473670974872,1.335599600813367e-05
7,252.1662205137042,1.3141542297601837e-05
7,253.18507392992117,1.316530122764619e-05
7,254.2039273461382,1.2881504310973686e-05
7,255.22278076235517,1.2610070326114748e-05
7,256.24163417857216,1.2431225570147471e-05
7,257.26048759478914,1.2295657120099008e-05
7,258.2793410110061,1.2012822326934541e-05
7,259.2981944272231,1.1929538126004808e-05
7,260.3170478434401,1.1675146082728395e-05
7,261.3359012596571,1.1460424754078734e-05
7,262.35475467587406,1.1293486842022452e-05
7,263.37360809209105,1.1071839972061427e-05
7,264.39246150830803,1.0896712499768795e-05
7,265.411314924525,1.0645156969985128e-05
7,266.430168340742,1.0503044611643326e-05
7,267.449021756959,1.0233130001226384e-05
7,268.46787517317597,1.0121833912712572e-05
7,269.48672858939295,9.92047006075875e-06
7,270.50558200560994,9.753274516592195e-06
7,271.5244354218269,9.578877353979146e-06
7,272.5432888380439,9.454600025922733e-06
7,273.56214225426095,9.291153153766231e-06
7,274.58099567047793,9.04391747676616e-06
7,275.5998490866949,8.93552647541849e-06
7,276.6187025029119,8.705728636609404e-06
7,277.6375559191289,8.601240362827006e-06
7,278.65640933534587,8.4517697575642e-06
7,279.67526275156285,8.293809845491628e-06
7,280.69411616777984,8.190242527852278e-06
7,281.7129695839968,7.966149578512941e-06
7,282.7318230002138,7.885260728372482e-06
7,283.7506764164308,7.66691082233302e-06
7,284.7695298326478,7.547820315829082e-06
7,285.78838324886476,7.382995714163649e-06
7,286.80723666508175,7.23858347155925e-06
7,287.82609008129873,7.07834883206894e-06
7,288.8449434975157,6.959441119059629e-06
7,289.8637969137327,6.8481017431757735e-06
7,290.8826503299497,6.7349817517888006e-06
7,291.90150374616667,6.578902778497222e-06
7,292.92035716238365,6.473622102014493e-06
7,293.93921057860064,6.3528037584007735e-06
7,294.9580639948176,6.200947914877377e-06
7,295.9769174110346,6.115096100235701e-06
7,296.9957708272516,5.994866478163581e-06
7,298.0146242434686,5.843920099872281e-06
7,299.03347765968556,5.719286176338899e-06
7,300.05233107590254,5.610632460251093e-06
7,301.0711844921196,5.5036556351414355e-06
7,302.09003790833657,5.347091988554544e-06
7,303.10889132455355,5.220557129761526e-06
7,304.12774474077054,5.097445775436288e-06
7,305.1465981569875,4.993588292393082e-06
7,306.1654515732045,4.866848281516725e-06
7,307.1843049894215,4.729755144802912e-06
7,308.2031584056385,4.619115336376755e-06
7,309.22201182185546,4.510924890419341e-06
7,310.24086523807244,4.389166509273672e-06
7,311.25971865428943,4.26403781537265e-06
7,312.2785720705064,4.206888019954211e-06
7,313.2974254867234,4.069603412686633e-06
7,314.3162789029404,3.977479410763937e-06
7,315.33513231915737,3.891304363938432e-06
7,316.35398573537435,3.79807130548997e-06
7,317.37283915159134,3.7236253241638502e-06
7,318.3916925678083,3.5962833271766093e-06
7,319.4105459840253,3.534752386635624e-06
7,320.4293994002423,3.4216215943404774e-06
7,321.4482528164593,3.3220635289518636e-06
7,322.46710623267626,3.2330055987677045e-06
7,323.48595964889324,3.14590579601774e-06
7,324.5048130651102,3.059160066846175e-06
7,325.5236664813272,2.9679900725285606e-06
7,326.54251989754425,2.878797448890753e-06
7,327.56137331376124,2.812168094690529e-06
7,328.5802267299782,2.713043897482245e-06
7,329.5990801461952,2.642263073069949e-06
7,330.6179335624122,2.568534817692815e-06
7,331.6367869786292,2.501466524381417e-06
7,332.65564039484616,2.4236296933172867e-06
7,333.67449381106314,2.349379825203199e-06
7,334.6933472272801,2.27064870942615e-06
7,335.7122006434971,2.2095293768458874e-06
7,336.7310540597141,2.1371195247141567e-06
7,337.7499074759311,2.0733974920701984e-06
7,338.76876089214807,2.0025409588388095e-06
7,339.78761430836505,1.9440412628461528e-06
7,340.80646772458203,1.8677857874239662e-06
7,341.825321140799,1.8139196454709814e-06
7,342.844174557016,1.748162742581144e-06
7,343.863027973233,1.691926665679513e-06
7,344.88188138945,1.6378185514235566e-06
7,345.90073480566696,1.5733268952331404e-06
7,346.91958822188394,1.526444774021956e-06
7,347.9384416381009,1.4751373321798922e-06
7,348.9572950543179,1.4252771868296344e-06
7,349.9761484705349,1.3755769171122797e-06
7,350.9950018867519,1.3240573531109591e-06
7,352.01385530296886,1.279828710266187e-06
7,353.0327087191859,1.2337449423103568e-06
7,354.0515621354029,1.1906515418438538e-06
7,355.0704155516199,1.1519551853673454e-06
7,356.08926896783686,1.1158605799076261e-06
7,357.10812238405384,1.0745769205825871e-06
7,358.1269758002708,1.0325108265691972e-06
7,359.1458292164878,9.94358905795636e-07
7,360.1646826327048,9.684002295271224e-07
7,361.1835360489218,9.299376204745954e-07
7,362.20238946513876,8.951998631675983e-07
7,363.22124288135575,8.62179594406609e-07
7,364.24009629757273,8.308854314130197e-07
7,365.2589497137897,7.971131358112174e-07
7,366.2778031300067,7.680851774702778e-07
7,367.2966565462237,7.37630708817074e-07
7,368.3155099624407,7.086184277320345e-07
7,369.33436337865766,6.819320315309047e-07
7,370.35321679487464,6.608727680741523e-07
7,371.3720702110916,6.352880605543512e-07
7,372.3909236273086,6.158671339725676e-07
7,373.4097770435256,5.916286092860398e-07
7,374.4286304597426,5.686805919176873e-07
7,375.44748387595956,5.474562235900879e-07
7,376.46633729217655,5.277797886143613e-07
7,377.48519070839353,5.04585328068414e-07
7,378.5040441246106,4.874722764142516e-07
7,379.52289754082756,4.671474840001544e-07
7,380.54175095704454,4.4989912197584724e-07
7,381.5606043732615,4.360405429502741e-07
7,382.5794577894785,4.1629992471900374e-07
7,383.5983112056955,3.994728280819763e-07
7,384.6171646219125,3.8518910670049975e-07
7,385.63601803812946,3.715695166835079e-07
7,386.65487145434645,3.575091778108984e-07
7,387.67372487056343,3.4431639558831907e-07
7,388.6925782867804,3.313634220920942e-07
7,389.7114317029974,3.171927294556511e-07
7,390.7302851192144,3.060627747255151e-07
7,391.74913853543137,2.923250672900579e-07
7,392.76799195164836,2.8098761314637163e-07
7,393.78684536786534,2.6920049491228497e-07
7,394.8056987840823,2.574687327159538e-07
7,395.8245522002993,2.4641464838760897e-07
7,396.8434056165163,2.365153805838327e-07
7,397.8622590327333,2.2686164590422775e-07
7,398.88111244895026,2.1626765918842822e-07
7,399.89996586516725,2.067049579626676e-07
7,400.91881928138423,1.9804247530415542e-07
7,401.9376726976012,1.8936314631408207e-07
7,402.9565261138182,1.8155359283490416e-07
7,403.9753795300352,1.724951871882429e-07
7,404.9942329462522,1.65129062407372e-07
7,406.0130863624692,1.5682220741620942e-07
7,407.0319397786862,1.5006084168010087e-07
7,408.0507931949032,1.4273514683665215e-07
7,409.06964661112016,1.3634049628222478e-07
7,410.08850002733715,1.2948452885151648e-07
7,411.10735344355413,1.229838367119296e-07
7,412.1262068597711,1.169490548993612e-07
7,413.1450602759881,1.1127722041494105e-07
7,414.1639136922051,1.059081414364051e-07
7,415.18276710842207,1.003694637705855e-07
7,416.20162052463905,9.596997302290355e-08
7,417.22047394085604,9.073422156457493e-08
7,418.239327357073,8.672016278859733e-08
7,419.25818077329,8.197543717046706e-08
7,420.277034189507,7.788595501584838e-08
7,421.295887605724,7.383326679462695e-08
7,422.31474102194096,6.993011962946672e-08
7,423.33359443815795,6.682237825391058e-08
7,424.35244785437493,6.324379949455001e-08
7,425.3713012705919,6.040285573645669e-08
7,426.3901546868089,5.69773510593814e-08
7,427.4090081030259,5.4238438159003814e-08
7,428.42786151924287,5.1341991088630316e-08
7,429.44671493545985,4.8824895324874185e-08
7,430.4655683516769,4.625474055691314e-08
7,431.4844217678939,4.380449960252984e-08
7,432.50327518411086,4.1458732223751556e-08
7,433.52212860032785,3.9466323384242644e-08
7,434.54098201654483,3.7360702313201004e-08
7,435.5598354327618,3.532975583370267e-08
7,436.5786888489788,3.3370234199514676e-08
7,437.5975422651958,3.174363020442063e-08
7,438.61639568141277,3.0116408972183264e-08
7,439.63524909762975,2.8356915259641962e-08
7,440.65410251384674,2.6793429294258963e-08
7,441.6729559300637,2.5379266700946367e-08
7,442.6918093462807,2.397948236598793e-08
7,443.7106627624977,2.265829509316785e-08
7,444.7295161787147,2.1403798638365924e-08
7,445.74836959493166,2.0259289041917353e-08
7,446.76722301114864,1.9248132676892113e-08
7,447.78607642736563,1.8099509102925897e-08
7,448.8049298435826,1.718207179370528e-08
7,449.8237832597996,1.6100071362708532e-08
7,450.8426366760166,1.537065607245186e-08
7,451.86149009223357,1.4507040393862692e-08
7,452.88034350845055,1.3709452860265187e-08
7,453.89919692466754,1.2941077845280123e-08
7,454.9180503408845,1.2245331977184828e-08
7,455.9369037571015,1.1576702257175365e-08
7,456.95575717331855,1.0894350207396653e-08
7,457.97461058953553,1.0298361442246041e-08
7,458.9934640057525,9.670331902418228e-09
7,460.0123174219695,9.09995190591797e-09
7,461.0311708381865,8.583997517413317e-09
7,462.05002425440347,8.06762691910432e-09
7,463.06887767062045,7.592311649081795e-09
7,464.08773108683744,7.123572881171161e-09
7,465.1065845030544,6.697203338310261e-09
7,466.1254379192714,6.232800160178305e-09
7,467.1442913354884,5.885917609814619e-09
7,468.1631447517054,5.472231028395918e-09
7,469.18199816792236,5.180446941966087e-09
7,470.20085158413934,4.818390707808512e-09
7,471.2197050003563,4.538590201149535e-09
7,472.2385584165733,4.251018910647401e-09
7,473.2574118327903,3.993894308087045e-09
7,474.2762652490073,3.737705202922031e-09
7,475.29511866522427,3.4984800944384306e-09
7,476.31397208144125,3.2780016521432342e-09
7,477.33282549765823,3.0934735695146646e-09
7,478.3516789138752,2.91133114344028e-09
7,479.3705323300922,2.722858652089905e-09
7,480.3893857463092,2.554741154447068e-09
7,481.4082391625262,2.4123780081144107e-09
7,482.4270925787432,2.26057167276364e-09
7,483.4459459949602,2.1216742736766304e-09
7,484.4647994111772,1.982534900863383e-09
7,485.48365282739417,1.8595721058838375e-09
7,486.50250624361115,1.7388548233233751e-09
7,487.52135965982814,1.6299152212178126e-09
7,488.5402130760451,1.5224447542064355e-09
7,489.5590664922621,1.4285086294284554e-09
7,490.5779199084791,1.3399986816528333e-09
7,491.5967733246961,1.2466129136741208e-09
7,492.61562674091306,1.1700684590557248e-09
7,493.63448015713004,1.0913516850324967e-09
7,494.653333573347,1.0309624622871361e-09
7,495.672186989564,9.60161278321711e-10
7,496.691040405781,8.94703225934076e-10
7,497.709893821998,8.387177503001177e-10
7,498.72874723821496,7.848389417432164e-10
7,499.74760065443195,7.35923551498426e-10
7,500.76645407064893,6.83236115266022e-10
7,501.7853074868659,6.398713683963524e-10
7,502.8041609030829,5.985975809759594e-10
7,503.8230143192999,5.587630835898859e-10
7,504.84186773551687,5.170566333848811e-10
7,505.86072115173386,4.824548474890307e-10
7,506.87957456795084,4.4866848421039395e-10
7,507.8984279841678,4.157176122193697e-10
7,508.9172814003848,3.873119460433636e-10
7,509.93613481660185,3.570635901536413e-10
7,510.95498823281883,3.3583326716195123e-10
7,511.9738416490358,3.1133923955176164e-10
7,512.9926950652527,2.8882000047105696e-10
7,514.0115484814698,2.679423109364714e-10
7,515.0304018976867,2.473885391825121e-10
7,516.0492553139038,2.301154363054114e-10
7,517.0681087301207,2.1412262832862182e-10
7,518.0869621463378,1.8689967604214763e-10
7,519.1058155625547,1.7200776071379417e-10
7,520.1246689787718,1.6084426723060746e-10
7,521.1435223949886,1.1343554615021246e-10
8,0.5094267081084933,0.029721059093302044
8,1.52828012432548,0.06080310953074168
8,2.5471335405424664,0.03370414696994857
8,3.5659869567594535,0.017868250577161383
8,4.58484037297644,0.014241942856983875
8,5.603693789193427,0.009090550840253873
8,6.622547205410413,0.008260501071446718
8,7.6414006216274,0.006817317220108504
8,8.660254037844386,0.0050327987921408995
8,9.679107454061374,0.003867915933977263
8,10.69796087027836,0.0031583343807037195
8,11.716814286495346,0.00274350916623883
8,12.735667702712334,0.0025178841813883065
8,13.75452111892932,0.002265325857135259
8,14.773374535146306,0.002199957289910949
8,15.792227951363294,0.0018886961337338623
8,16.81108136758028,0.001817941170124447
8,17.829934783797267,0.001464192750290548
8,18.848788200014255,0.0014203701477428182
8,19.86764161623124,0.0010623539655631477
8,20.886495032448224,0.0009310423826129509
8,21.905348448665215,0.0009860055544394617
8,22.9242018648822,0.0008646599580863747
8,23.943055281099184,0.0007711516788401459
8,24.961908697316176,0.0007479184947085514
8,25.98076211353316,0.0007725425969517807
8,26.999615529750145,0.0006966922711979254
8,28.018468945967136,0.0006783362670000872
8,29.03732236218412,0.0006251032676110025
8,30.056175778401105,0.0005854601754762969
8,31.075029194618093,0.0005451875467103098
8,32.09388261083508,0.0005058849882569616
8,33.112736027052065,0.0004851527448112967
8,34.13158944326905,0.0004382330817707974
8,35.15044285948604,0.0004050589639403574
8,36.169296275703026,0.0003751122613113211
8,37.18814969192002,0.0003687268049240993
8,38.207003108137,0.0003303972945684421
8,39.225856524353986,0.0003199863160906659
8,40.24470994057097,0.0003065629794088241
8,41.263563356787955,0.00029665322366622857
8,42.28241677300495,0.00030125193545155887
8,43.30127018922193,0.00028798893405347815
8,44.32012360543892,0.00029529389860080403
8,45.33897702165591,0.00028342327983254335
8,46.35783043787289,0.0002748731744159233
8,47.376683854089876,0.00027438324600319715
8,48.39553727030687,0.00027557749415354
8,49.41439068652385,0.0002812447847437699
8,50.433244102740844,0.00027018729935601884
8,51.45209751895783,0.00027585679883982686
8,52.47095093517481,0.00027630778621727346
8,53.4898043513918,0.00026970576745853316
8,54.50865776760879,0.0002563950606949187
8,55.52751118382577,0.00025746952628158913
8,56.546364600042764,0.00025627778209486767
8,57.56521801625975,0.00023962008343170706
8,58.58407143247673,0.00023647539201889525
8,59.60292484869372,0.00022867309912127178
8,60.6217782649107,0.00022797407605668293
8,61.640631681127694,0.00021462335818141036
8,62.65948509734468,0.00021704380204273796
8,63.67833851356167,0.00020081533251993435
8,64.69719192977865,0.00020167318426620313
8,65.71604534599564,0.0001941954943057867
8,66.73489876221262,0.00018740774937314533
8,67.75375217842961,0.00017647366332319356
8,68.77260559464659,0.0001674173186679868
8,69.79145901086359,0.00016589672112796272
8,70.81031242708058,0.00015506596114928583
8,71.82916584329756,0.00014627609759028457
8,72.84801925951454,0.00014533901032816332
8,73.86687267573153,0.00013579933878429042
8,74.88572609194853,0.00013245957926869174
8,75.90457950816551,0.0001277566496951763
8,76.9234329243825,0.0001256868443940582
8,77.94228634059948,0.00012133283260690228
8,78.96113975681646,0.00011857449538260101
8,79.97999317303345,0.00011668390937860896
8,80.99884658925043,0.0001140435446561567
8,82.01770000546742,0.00011177702524594883
8,83.03655342168442,0.00010852739996936667
8,84.0554068379014,0.00011008696402008722
8,85.07426025411839,0.00010637733456221571
8,86.09311367033537,0.0001067504536885947
8,87.11196708655235,0.00010457906048659151
8,88.13082050276935,0.00010426286778851308
8,89.14967391898634,0.00010324105385637973
8,90.16852733520332,0.00010371009146355302
8,91.1873807514203,0.0001031387965513871
8,92.20623416763729,0.00010378003709426084
8,93.22508758385428,0.00010208900969417446
8,94.24394100007126,0.00010022653129280994
8,95.26279441628826,0.00010125089506028963
8,96.28164783250524,9.876014116322135e-05
8,97.30050124872223,0.00010054304879550982
8,98.31935466493921,9.831454707430766e-05
8,99.3382080811562,9.814048456102929e-05
8,100.35706149737318,0.00010024357142762432
8,101.37591491359018,9.676258948951649e-05
8,102.39476832980716,9.69479755059622e-05
8,103.41362174602415,9.547514912234612e-05
8,104.43247516224113,9.616590352454342e-05
8,105.45132857845812,9.604992919153794e-05
8,106.4701819946751,9.489104183872192e-05
8,107.48903541089209,9.440605412775816e-05
8,108.50788882710908,9.345314325409129e-05
8,109.52674224332607,9.468764506165217e-05
8,110.54559565954305,9.353105698737769e-05
8,111.56444907576004,9.168427713140125e-05
8,112.58330249197702,9.128378455792068e-05
8,113.60215590819402,8.887020513382831e-05
8,114.621009324411,8.767206870378752e-05
8,115.63986274062799,8.723095239221802e-05
8,116.65871615684497,8.533005894941882e-05
8,117.67756957306196,8.54963458668158e-05
8,118.69642298927894,8.419203281441451e-05
8,119.71527640549593,8.136500761783548e-05
8,120.73412982171291,8.145076370264045e-05
8,121.75298323792991,8.042230688222437e-05
8,122.7718366541469,7.975777085132152e-05
8,123.79069007036388,7.863997727639532e-05
8,124.80954348658086,7.687777126989718e-05
8,125.82839690279785,7.639426626233235e-05
8,126.84725031901485,7.460394807468455e-05
8,127.86610373523183,7.216291529636983e-05
8,128.88495715144882,7.161406869971858e-05
8,129.9038105676658,6.934375043217882e-05
8,130.92266398388279,6.783956196175526e-05
8,131.94151740009977,6.57380250600091e-05
8,132.96037081631675,6.501925045868685e-05
8,133.97922423253374,6.24842412570302e-05
8,134.99807764875072,6.133870851040197e-05
8,136.0169310649677,5.966099709065345e-05
8,137.0357844811847,5.8880283913129326e-05
8,138.0546378974017,5.69236542965598e-05
8,139.0734913136187,5.701239105412982e-05
8,140.09234472983567,5.499431760365539e-05
8,141.11119814605266,5.418995512183717e-05
8,142.13005156226964,5.298259932535046e-05
8,143.14890497848663,5.1322280969971384e-05
8,144.1677583947036,5.091280404238166e-05
8,145.1866118109206,4.9052200207512905e-05
8,146.20546522713758,4.858040478042851e-05
8,147.22431864335456,4.698955366073384e-05
8,148.24317205957155,4.655838573955196e-05
8,149.26202547578853,4.550105289358311e-05
8,150.28087889200555,4.437208941956006e-05
8,151.29973230822253,4.34744482698654e-05
8,152.31858572443952,4.2371806288859936e-05
8,153.3374391406565,4.132867967162676e-05
8,154.35629255687348,4.04039988581259e-05
8,155.37514597309047,3.928442789312134e-05
8,156.39399938930745,3.8589073770603646e-05
8,157.41285280552444,3.768077081986365e-05
8,158.43170622174142,3.67760038447489e-05
8,159.4505596379584,3.58586231174208e-05
8,160.4694130541754,3.5139836354108016e-05
8,161.48826647039238,3.415228452384778e-05
8,162.50711988660936,3.3863469839936716e-05
8,163.52597330282634,3.291551330148911e-05
8,164.54482671904336,3.2103477005940546e-05
8,165.56368013526034,3.161451518698079e-05
8,166.58253355147733,3.1055191331050104e-05
8,167.6013869676943,3.052566994226734e-05
8,168.6202403839113,2.9968366361137182e-05
8,169.63909380012828,2.969097813806343e-05
8,170.65794721634526,2.8648010291682397e-05
8,171.67680063256225,2.841035579773091e-05
8,172.69565404877923,2.776235188056242e-05
8,173.71450746499622,2.7587160678669153e-05
8,174.7333608812132,2.724741557724268e-05
8,175.7522142974302,2.647487424493992e-05
8,176.7710677136472,2.598802827060924e-05
8,177.78992112986418,2.573154205797779e-05
8,178.80877454608117,2.5472543001354817e-05
8,179.82762796229815,2.4708831484144105e-05
8,180.84648137851514,2.490891937300822e-05
8,181.86533479473212,2.428604813711611e-05
8,182.8841882109491,2.4282873134679174e-05
8,183.9030416271661,2.3710544051997973e-05
8,184.92189504338307,2.343335953036186e-05
8,185.94074845960006,2.3283407706709285e-05
8,186.95960187581704,2.2858811115363227e-05
8,187.97845529203403,2.274427239848921e-05
8,188.997308708251,2.2350071721004777e-05
8,190.01616212446802,2.208330078486006e-05
8,191.035015540685,2.1880136881085392e-05
8,192.053868956902,2.1604476313304132e-05
8,193.07272237311898,2.147717377590362e-05
8,194.09157578933596,2.131700508908977e-05
8,195.11042920555295,2.1186874889996418e-05
8,196.12928262176993,2.0893306187027624e-05
8,197.14813603798692,2.0826495506424022e-05
8,198.1669894542039,2.058799973865174e-05
8,199.18584287042088,2.0632769777676726e-05
8,200.20469628663787,2.037483029418704e-05
8,201.22354970285485,2.0249334559723806e-05
8,202.24240311907187,1.9952108019739856e-05
8,203.26125653528885,1.9806413818663367e-05
8,204.28010995150584,1.9640494651328678e-05
8,205.29896336772282,1.9665972356792105e-05
8,206.3178167839398,1.9455286322544022e-05
8,207.3366702001568,1.9283522070765245e-05
8,208.35552361637377,1.9369892943272848e-05
8,209.37437703259076,1.9200530129332707e-05
8,210.39323044880774,1.8944578204033227e-05
8,211.41208386502473,1.8823319939784947e-05
8,212.4309372812417,1.8609440691273052e-05
8,213.4497906974587,1.849235277873184e-05
8,214.46864411367568,1.837271362635605e-05
8,215.48749752989266,1.8093443912698417e-05
8,216.50635094610968,1.8002381781055857e-05
8,217.52520436232666,1.7975421614326354e-05
8,218.54405777854365,1.7742365188244777e-05
8,219.56291119476063,1.7586617058609227e-05
8,220.58176461097761,1.7581797519395897e-05
8,221.6006180271946,1.7363223146908486e-05
8,222.61947144341158,1.745565085101089e-05
8,223.63832485962857,1.7161945670940234e-05
8,224.65717827584555,1.7198904770578344e-05
8,225.67603169206254,1.690840643304601e-05
8,226.69488510827952,1.691855802435256e-05
8,227.71373852449653,1.6713333881013234e-05
8,228.73259194071352,1.66356087491235e-05
8,229.7514453569305,1.645453983859744e-05
8,230.7702987731475,1.6355754847184747e-05
8,231.78915218936447,1.6145436106344036e-05
8,232.80800560558146,1.5917451824347823e-05
8,233.82685902179844,1.577943340350153e-05
8,234.84571243801543,1.572433810233924e-05
8,235.8645658542324,1.5448420031630274e-05
8,236.8834192704494,1.5388353217784488e-05
8,237.90227268666638,1.505171587840859e-05
8,238.92112610288336,1.5048865885034567e-05
8,239.93997951910035,1.480015726002058e-05
8,240.95883293531733,1.4615796260407251e-05
8,241.97768635153435,1.4356178257572768e-05
8,242.99653976775133,1.4309036820397742e-05
8,244.0153931839683,1.4027662082833026e-05
8,245.0342466001853,1.3939630606836037e-05
8,246.05310001640228,1.3699100171124575e-05
8,247.07195343261927,1.3588299684380194e-05
8,248.09080684883625,1.3412175765236538e-05
8,249.10966026505324,1.3150930048714381e-05
8,250.12851368127022,1.3085464081587967e-05
8,251.1473670974872,1.285273137932315e-05
8,252.1662205137042,1.2596765861988927e-05
8,253.18507392992117,1.261299279137131e-05
8,254.2039273461382,1.2354794840783173e-05
8,255.22278076235517,1.2186188278360963e-05
8,256.24163417857216,1.196053564337239e-05
8,257.26048759478914,1.1820307107980624e-05
8,258.2793410110061,1.1576886160243114e-05
8,259.2981944272231,1.14633917096096e-05
8,260.3170478434401,1.1269540207076481e-05
8,261.3359012596571,1.1032894458054722e-05
8,262.35475467587406,1.0910313599953615e-05
8,263.37360809209105,1.0711036706664246e-05
8,264.39246150830803,1.056128155363207e-05
8,265.411314924525,1.0340329431295764e-05
8,266.430168340742,1.0244046087166502e-05
8,267.449021756959,1.0031973535146682e-05
8,268.46787517317597,9.938440530080451e-06
8,269.48672858939295,9.818018305587084e-06
8,270.50558200560994,9.690055692971306e-06
8,271.5244354218269,9.516603274283344e-06
8,272.5432888380439,9.425737827316832e-06
8,273.56214225426095,9.313190351974775e-06
8,274.58099567047793,9.118128833130468e-06
8,275.5998490866949,8.995542451460096e-06
8,276.6187025029119,8.863296196774415e-06
8,277.6375559191289,8.738548803811103e-06
8,278.65640933534587,8.631882686845141e-06
8,279.67526275156285,8.394609038640234e-06
8,280.69411616777984,8.280537089575194e-06
8,281.7129695839968,8.04972401773798e-06
8,282.7318230002138,8.001451479624453e-06
8,283.7506764164308,7.806891533914752e-06
8,284.7695298326478,7.701132717123366e-06
8,285.78838324886476,7.5760357465377235e-06
8,286.80723666508175,7.4193081169535385e-06
8,287.82609008129873,7.216703587259419e-06
8,288.8449434975157,7.0944600870730415e-06
8,289.8637969137327,6.992006959663933e-06
8,290.8826503299497,6.852230470704959e-06
8,291.90150374616667,6.63415663247006e-06
8,292.92035716238365,6.537783121078283e-06
8,293.93921057860064,6.368592464298851e-06
8,294.9580639948176,6.247806941629357e-06
8,295.9769174110346,6.111617649899298e-06
8,296.9957708272516,5.952670086108374e-06
8,298.0146242434686,5.8175889668190495e-06
8,299.03347765968556,5.689476422541237e-06
8,300.05233107590254,5.582756151424159e-06
8,301.0711844921196,5.488717368908457e-06
8,302.09003790833657,5.321345317121611e-06
8,303.10889132455355,5.202774238264438e-06
8,304.12774474077054,5.110500218227149e-06
8,305.1465981569875,5.017957737349444e-06
8,306.1654515732045,4.887437371958864e-06
8,307.1843049894215,4.777391929502674e-06
8,308.2031584056385,4.710010460249365e-06
8,309.22201182185546,4.614280067552473e-06
8,310.24086523807244,4.500442233741343e-06
8,311.25971865428943,4.3709636818826355e-06
8,312.2785720705064,4.293884957465097e-06
8,313.2974254867234,4.172798356474076e-06
8,314.3162789029404,4.071923003709725e-06
8,315.33513231915737,4.003135420017074e-06
8,316.35398573537435,3.905020747623267e-06
8,317.37283915159134,3.8111753168422327e-06
8,318.3916925678083,3.69416932364108e-06
8,319.4105459840253,3.643235160383521e-06
8,320.4293994002423,3.55808323749323e-06
8,321.4482528164593,3.454593222238961e-06
8,322.46710623267626,3.3878502685289177e-06
8,323.48595964889324,3.299253346031548e-06
8,324.5048130651102,3.2057617492839995e-06
8,325.5236664813272,3.12562564833681e-06
8,326.54251989754425,3.0727110832137936e-06
8,327.56137331376124,2.993429451259367e-06
8,328.5802267299782,2.898920765301714e-06
8,329.5990801461952,2.8390805564320455e-06
8,330.6179335624122,2.7528977677133415e-06
8,331.6367869786292,2.7007130336366524e-06
8,332.65564039484616,2.6309006984171865e-06
8,333.67449381106314,2.5566864833005855e-06
8,334.6933472272801,2.480747228379869e-06
8,335.7122006434971,2.422152940982509e-06
8,336.7310540597141,2.3556814154319476e-06
8,337.7499074759311,2.287619358695593e-06
8,338.76876089214807,2.224581146518041e-06
8,339.78761430836505,2.1705141807155196e-06
8,340.80646772458203,2.0964911482491342e-06
8,341.825321140799,2.0501030552209755e-06
8,342.844174557016,1.9920575975657335e-06
8,343.863027973233,1.9367328512702627e-06
8,344.88188138945,1.8802366103889368e-06
8,345.90073480566696,1.8203637712821293e-06
8,346.91958822188394,1.777896182843339e-06
8,347.9384416381009,1.7257958887620626e-06
8,348.9572950543179,1.6747108339565931e-06
8,349.9761484705349,1.6197911181243738e-06
8,350.9950018867519,1.5688654978025299e-06
8,352.01385530296886,1.5208527449328e-06
8,353.0327087191859,1.4678615523845494e-06
8,354.0515621354029,1.4240458725269341e-06
8,355.0704155516199,1.3812165286421946e-06
8,356.08926896783686,1.3342925205770353e-06
8,357.10812238405384,1.2854538509810927e-06
8,358.1269758002708,1.24130280370205e-06
8,359.1458292164878,1.2023222136761766e-06
8,360.1646826327048,1.1719679664421618e-06
8,361.1835360489218,1.131828080742106e-06
8,362.20238946513876,1.0943796692983245e-06
8,363.22124288135575,1.0584762766729594e-06
8,364.24009629757273,1.0291023267428771e-06
8,365.2589497137897,9.896612019040408e-07
8,366.2778031300067,9.56732068326469e-07
8,367.2966565462237,9.215475743863787e-07
8,368.3155099624407,8.902920609321577e-07
8,369.33436337865766,8.55356469233651e-07
8,370.35321679487464,8.306704400728088e-07
8,371.3720702110916,7.94540952816189e-07
8,372.3909236273086,7.700718373616666e-07
8,373.4097770435256,7.413551414426916e-07
8,374.4286304597426,7.110218744722784e-07
8,375.44748387595956,6.837620556244347e-07
8,376.46633729217655,6.617640037053317e-07
8,377.48519070839353,6.312687530177559e-07
8,378.5040441246106,6.082827459984488e-07
8,379.52289754082756,5.828936600733124e-07
8,380.54175095704454,5.602120568836456e-07
8,381.5606043732615,5.429335466980651e-07
8,382.5794577894785,5.162115217490599e-07
8,383.5983112056955,4.953811392482194e-07
8,384.6171646219125,4.7598429118787096e-07
8,385.63601803812946,4.5559648858532126e-07
8,386.65487145434645,4.3680873969663535e-07
8,387.67372487056343,4.1716398863224215e-07
8,388.6925782867804,4.023039238827578e-07
8,389.7114317029974,3.8318890506227146e-07
8,390.7302851192144,3.686230393783996e-07
8,391.74913853543137,3.524467458016783e-07
8,392.76799195164836,3.376582557716802e-07
8,393.78684536786534,3.2245767734838675e-07
8,394.8056987840823,3.0812200340606854e-07
8,395.8245522002993,2.9470255483491366e-07
8,396.8434056165163,2.8113196900378023e-07
8,397.8622590327333,2.67971943271195e-07
8,398.88111244895026,2.568424736393638e-07
8,399.89996586516725,2.448008104982143e-07
8,400.91881928138423,2.3543742594322045e-07
8,401.9376726976012,2.2408714725574213e-07
8,402.9565261138182,2.1481044296994457e-07
8,403.9753795300352,2.0411802709231467e-07
8,404.9942329462522,1.9591017470677155e-07
8,406.0130863624692,1.8584021934590886e-07
8,407.0319397786862,1.778414621197741e-07
8,408.0507931949032,1.6896345236573522e-07
8,409.06964661112016,1.617497223395421e-07
8,410.08850002733715,1.533647446699549e-07
8,411.10735344355413,1.467288027184075e-07
8,412.1262068597711,1.4003346929591723e-07
8,413.1450602759881,1.3298377452925503e-07
8,414.1639136922051,1.2674301987051747e-07
8,415.18276710842207,1.2016261116615357e-07
8,416.20162052463905,1.1459433713819485e-07
8,417.22047394085604,1.0804793040457278e-07
8,418.239327357073,1.0278418638581491e-07
8,419.25818077329,9.67245634046402e-08
8,420.277034189507,9.198485265652799e-08
8,421.295887605724,8.71826485968864e-08
8,422.31474102194096,8.294407785424213e-08
8,423.33359443815795,7.877276539197189e-08
8,424.35244785437493,7.447530404031694e-08
8,425.3713012705919,7.062415809407415e-08
8,426.3901546868089,6.667925305508353e-08
8,427.4090081030259,6.315021900215123e-08
8,428.42786151924287,5.9546406719622244e-08
8,429.44671493545985,5.6338302621571526e-08
8,430.4655683516769,5.298951665235416e-08
8,431.4844217678939,5.008183971737456e-08
8,432.50327518411086,4.712454396570575e-08
8,433.52212860032785,4.4861261260378975e-08
8,434.54098201654483,4.225050083955892e-08
8,435.5598354327618,3.992852043010608e-08
8,436.5786888489788,3.7460408518051905e-08
8,437.5975422651958,3.5374989592488877e-08
8,438.61639568141277,3.33514223128453e-08
8,439.63524909762975,3.130090983687675e-08
8,440.65410251384674,2.957211040544339e-08
8,441.6729559300637,2.7888394895814416e-08
8,442.6918093462807,2.617395519968506e-08
8,443.7106627624977,2.4677754904877716e-08
8,444.7295161787147,2.3226461491762038e-08
8,445.74836959493166,2.1813365761824542e-08
8,446.76722301114864,2.047288828627445e-08
8,447.78607642736563,1.9269485446539456e-08
8,448.8049298435826,1.8184558908725677e-08
8,449.8237832597996,1.709621660539142e-08
8,450.8426366760166,1.6272984719219286e-08
8,451.86149009223357,1.5273233249609617e-08
8,452.88034350845055,1.4384800239194916e-08
8,453.89919692466754,1.3517445271544829e-08
8,454.9180503408845,1.2748519524823126e-08
8,455.9369037571015,1.1936772133887765e-08
8,456.95575717331855,1.1270778105850894e-08
8,457.97461058953553,1.057556640904687e-08
8,458.9934640057525,9.98525037504935e-09
8,460.0123174219695,9.350623403215219e-09
8,461.0311708381865,8.828209566275231e-09
8,462.05002425440347,8.288095369410201e-09
8,463.06887767062045,7.819137220813672e-09
8,464.08773108683744,7.351201346278203e-09
8,465.1065845030544,6.916631171940467e-09
8,466.1254379192714,6.491132203262611e-09
8,467.1442913354884,6.1140860990858764e-09
8,468.1631447517054,5.714305367395087e-09
8,469.18199816792236,5.400716571360808e-09
8,470.20085158413934,5.028631716260255e-09
8,471.2197050003563,4.757860318000093e-09
8,472.2385584165733,4.464257872606512e-09
8,473.2574118327903,4.187884507733951e-09
8,474.2762652490073,3.918937593067185e-09
8,475.29511866522427,3.6791249529721765e-09
8,476.31397208144125,3.4645748155553093e-09
8,477.33282549765823,3.256021537476742e-09
8,478.3516789138752,3.0460964192882825e-09
8,479.3705323300922,2.8537500214225324e-09
8,480.3893857463092,2.6884509845747823e-09
8,481.4082391625262,2.523766955304121e-09
8,482.4270925787432,2.362581576296621e-09
8,483.4459459949602,2.211592963280484e-09
8,484.4647994111772,2.072921051854541e-09
8,485.48365282739417,1.9589463612443874e-09
8,486.50250624361115,1.8311295089661766e-09
8,487.52135965982814,1.717536520356891e-09
8,488.5402130760451,1.6057480271062665e-09
8,489.5590664922621,1.4997178497819767e-09
8,490.5779199084791,1.410911536050658e-09
8,491.5967733246961,1.313960167058712e-09
8,492.61562674091306,1.2332545451780386e-09
8,493.63448015713004,1.1485818318097534e-09
8,494.653333573347,1.0757285769242938e-09
8,495.672186989564,1.0038843737882085e-09
8,496.691040405781,9.383385594112832e-10
8,497.709893821998,8.832327180981214e-10
8,498.72874723821496,8.273293955031936e-10
8,499.74760065443195,7.751076036112626e-10
8,500.76645407064893,7.215859983080626e-10
8,501.7853074868659,6.76840844731832e-10
8,502.8041609030829,6.364182923201269e-10
8,503.8230143192999,5.918083610414311e-10
8,504.84186773551687,5.491606501795639e-10
8,505.86072115173386,5.139293353092075e-10
8,506.87957456795084,4.792308356729328e-10
8,507.8984279841678,4.4845437653628014e-10
8,508.9172814003848,4.17167259417444e-10
8,509.93613481660185,3.8689445352849557e-10
8,510.95498823281883,3.620832658537286e-10
8,511.9738416490358,3.3743057977029886e-10
8,512.9926950652527,3.142440670156204e-10
8,514.0115484814698,2.932971622298126e-10
8,515.0304018976867,2.710761631250829e-10
8,516.0492553139038,2.529747018515482e-10
8,517.0681087301207,2.353374011841937e-10
8,518.0869621463378,2.0471490126194834e-10
8,519.1058155625547,1.8925325800722622e-10
8,520.1246689787718,1.7619474332982094e-10
8,521.1435223949886,1.2355514885326635e-10
9,0.5094267081084933,0.02656694606184919
9,1.52828012432548,0.09540721417908125
9,2.5471335405424664,0.0439251341517888
9,3.5659869567594535,0.02341178565271548
9,4.58484037297644,0.016987771892775266
9,5.603693789193427,0.010308599643531915
9,6.622547205410413,0.007615797874703416
9,7.6414006216274,0.007027049965950273
9,8.660254037844386,0.004990721351690956
9,9.679107454061374,0.003498847709144478
9,10.69796087027836,0.0029120749094078426
9,11.716814286495346,0.00256092733703955
9,12.735667702712334,0.002084223022349225
9,13.75452111892932,0.0020781907968528547
9,14.773374535146306,0.0020067555919362928
9,15.792227951363294,0.0017736171305592747
9,16.81108136758028,0.0017443836146562675
9,17.829934783797267,0.0014544373631690025
9,18.848788200014255,0.001370126104872446
9,19.86764161623124,0.0010749519056269337
9,20.886495032448224,0.000979603812939713
9,21.905348448665215,0.000991055847403943
9,22.9242018648822,0.0009473851288246338
9,23.943055281099184,0.0008177321755598386
9,24.961908697316176,0.0007724355048901318
9,25.98076211353316,0.0008377869521719684
9,26.999615529750145,0.0007841524542453152
9,28.018468945967136,0.0007649477778094148
9,29.03732236218412,0.0007284145688445018
9,30.056175778401105,0.0007006660138771593
9,31.075029194618093,0.0006502579031206964
9,32.09388261083508,0.0006152710374681458
9,33.112736027052065,0.0005671118950498181
9,34.13158944326905,0.0005071658296115988
9,35.15044285948604,0.0005062051318809118
9,36.169296275703026,0.00043956254532370894
9,37.18814969192002,0.00044244248442891357
9,38.207003108137,0.00039165633986476105
9,39.225856524353986,0.00037854360646345965
9,40.24470994057097,0.00036193832043445004
9,41.263563356787955,0.00035320251394809144
9,42.28241677300495,0.000344994287958787
9,43.30127018922193,0.0003226213291881744
9,44.32012360543892,0.00031949378145558114
9,45.33897702165591,0.0003062891418811657
9,46.35783043787289,0.00029720308758360303
9,47.376683854089876,0.00028771690281991874
9,48.39553727030687,0.000284382631124913
9,49.41439068652385,0.00028397955728401403
9,50.433244102740844,0.00027338001545360464
9,51.45209751895783,0.0002730802711709321
9,52.47095093517481,0.00027745070329371504
9,53.4898043513918,0.00027036493428819134
9,54.50865776760879,0.00026813043994711904
9,55.52751118382577,0.000270083052583546
9,56.546364600042764,0.0002676832166023152
9,57.56521801625975,0.00026387389836107474
9,58.58407143247673,0.00026255869373108563
9,59.60292484869372,0.00025119876324461953
9,60.6217782649107,0.0002520701236112406
9,61.640631681127694,0.00023877272218548998
9,62.65948509734468,0.000236955984308737
9,63.67833851356167,0.00022329770830150944
9,64.69719192977865,0.00022217295575999846
9,65.71604534599564,0.00021177133112631956
9,66.73489876221262,0.00020326500154203017
9,67.75375217842961,0.00019411975438728143
9,68.77260559464659,0.0001844393550743564
9,69.79145901086359,0.00018150554987604532
9,70.81031242708058,0.00016996531293404923
9,71.82916584329756,0.00015727907861588675
9,72.84801925951454,0.0001533441368070194
9,73.86687267573153,0.00014339192995853627
9,74.88572609194853,0.00013452100043723165
9,75.90457950816551,0.0001277206447480936
9,76.9234329243825,0.00012199474385397493
9,77.94228634059948,0.00011553674800008079
9,78.96113975681646,0.00011025520829822792
9,79.97999317303345,0.00010612717718795137
9,80.99884658925043,0.00010105837209527237
9,82.01770000546742,9.822236031076681e-05
9,83.03655342168442,9.280178797624039e-05
9,84.0554068379014,9.223755607361577e-05
9,85.07426025411839,8.587118165695637e-05
9,86.09311367033537,8.503513376364513e-05
9,87.11196708655235,8.199812672476012e-05
9,88.13082050276935,8.010777483146917e-05
9,89.14967391898634,7.760233302903104e-05
9,90.16852733520332,7.493549082945426e-05
9,91.1873807514203,7.37524803528185e-05
9,92.20623416763729,7.221252580940432e-05
9,93.22508758385428,7.205663026098076e-05
9,94.24394100007126,6.921277874772187e-05
9,95.26279441628826,6.957784910049476e-05
9,96.28164783250524,6.739222971015863e-05
9,97.30050124872223,6.772775308609451e-05
9,98.31935466493921,6.647348241502017e-05
9,99.3382080811562,6.536345172173915e-05
9,100.35706149737318,6.637422717784007e-05
9,101.37591491359018,6.509507634711773e-05
9,102.39476832980716,6.474607147108784e-05
9,103.41362174602415,6.326514359529367e-05
9,104.43247516224113,6.364626406157964e-05
9,105.45132857845812,6.340270237945565e-05
9,106.4701819946751,6.17936007534898e-05
9,107.48903541089209,6.245710574617018e-05
9,108.50788882710908,6.16465819112075e-05
9,109.52674224332607,6.228285009739476e-05
9,110.54559565954305,6.203292934627027e-05
9,111.56444907576004,6.117105986363126e-05
9,112.58330249197702,6.110716735830673e-05
9,113.60215590819402,6.067437860355853e-05
9,114.621009324411,6.03000040232913e-05
9,115.63986274062799,6.0267653695042396e-05
9,116.65871615684497,5.8801425088683554e-05
9,117.67756957306196,5.871275446005875e-05
9,118.69642298927894,5.775324201501465e-05
9,119.71527640549593,5.631343845691036e-05
9,120.73412982171291,5.604429668288797e-05
9,121.75298323792991,5.485726183749963e-05
9,122.7718366541469,5.340745074946099e-05
9,123.79069007036388,5.30696278327021e-05
9,124.80954348658086,5.201864407883248e-05
9,125.82839690279785,5.232582035289261e-05
9,126.84725031901485,5.103796754389972e-05
9,127.86610373523183,4.934771411220037e-05
9,128.88495715144882,4.863246132632911e-05
9,129.9038105676658,4.817209241774807e-05
9,130.92266398388279,4.7190021850911685e-05
9,131.94151740009977,4.666447865781784e-05
9,132.96037081631675,4.6424988453884235e-05
9,133.97922423253374,4.532826049029952e-05
9,134.99807764875072,4.4276137716472064e-05
9,136.0169310649677,4.343906017664518e-05
9,137.0357844811847,4.3171627455514254e-05
9,138.0546378974017,4.124231198771834e-05
9,139.0734913136187,4.129713981929821e-05
9,140.09234472983567,4.002063637594603e-05
9,141.11119814605266,3.9777945169511554e-05
9,142.13005156226964,3.9049566064913745e-05
9,143.14890497848663,3.8123683992574996e-05
9,144.1677583947036,3.8255285567293444e-05
9,145.1866118109206,3.746268262191312e-05
9,146.20546522713758,3.721696781230348e-05
9,147.22431864335456,3.613647026089318e-05
9,148.24317205957155,3.6249408775086776e-05
9,149.26202547578853,3.5289757917866956e-05
9,150.28087889200555,3.4965192738083545e-05
9,151.29973230822253,3.4696299476519214e-05
9,152.31858572443952,3.4372956441974396e-05
9,153.3374391406565,3.4091946673306866e-05
9,154.35629255687348,3.371808735779195e-05
9,155.37514597309047,3.3392070744458104e-05
9,156.39399938930745,3.3115290676575885e-05
9,157.41285280552444,3.293580503749871e-05
9,158.43170622174142,3.2590603458961896e-05
9,159.4505596379584,3.231003092168353e-05
9,160.4694130541754,3.203246945160511e-05
9,161.48826647039238,3.172709911685576e-05
9,162.50711988660936,3.178618352917187e-05
9,163.52597330282634,3.117581978894645e-05
9,164.54482671904336,3.093328513524827e-05
9,165.56368013526034,3.082580232212917e-05
9,166.58253355147733,3.041349128096961e-05
9,167.6013869676943,3.028400164993159e-05
9,168.6202403839113,2.9832367576351282e-05
9,169.63909380012828,3.0096644198321495e-05
9,170.65794721634526,2.9621084837246884e-05
9,171.67680063256225,2.953214518688982e-05
9,172.69565404877923,2.941556197197023e-05
9,173.71450746499622,2.9584217723597028e-05
9,174.7333608812132,2.9258621261141324e-05
9,175.7522142974302,2.8751893405884167e-05
9,176.7710677136472,2.8570314898362878e-05
9,177.78992112986418,2.86587239854779e-05
9,178.80877454608117,2.8562447409659002e-05
9,179.82762796229815,2.8202187713366076e-05
9,180.84648137851514,2.8482117347279185e-05
9,181.86533479473212,2.797791882942953e-05
9,182.8841882109491,2.80361169133023e-05
9,183.9030416271661,2.7757816957704518e-05
9,184.92189504338307,2.7787650592411975e-05
9,185.94074845960006,2.7628776966156185e-05
9,186.95960187581704,2.7460353128430927e-05
9,187.97845529203403,2.775621086679799e-05
9,188.997308708251,2.756254681235119e-05
9,190.01616212446802,2.761529983367504e-05
9,191.035015540685,2.7600693756057813e-05
9,192.053868956902,2.7472391712170882e-05
9,193.07272237311898,2.764635147950634e-05
9,194.09157578933596,2.7489476953725267e-05
9,195.11042920555295,2.7695547804442916e-05
9,196.12928262176993,2.7373074643278016e-05
9,197.14813603798692,2.756747360520582e-05
9,198.1669894542039,2.7690390871411922e-05
9,199.18584287042088,2.7762916834646268e-05
9,200.20469628663787,2.7656321189633088e-05
9,201.22354970285485,2.7538607254475382e-05
9,202.24240311907187,2.7568709359461667e-05
9,203.26125653528885,2.7671581453946572e-05
9,204.28010995150584,2.7775785128537566e-05
9,205.29896336772282,2.78527046800322e-05
9,206.3178167839398,2.7760782643866973e-05
9,207.3366702001568,2.762767038254968e-05
9,208.35552361637377,2.778864485413712e-05
9,209.37437703259076,2.7849723904510968e-05
9,210.39323044880774,2.768544684288217e-05
9,211.41208386502473,2.7951620799476604e-05
9,212.4309372812417,2.782975775783352e-05
9,213.4497906974587,2.7986392360476248e-05
9,214.46864411367568,2.7891878708984598e-05
9,215.48749752989266,2.777153086221222e-05
9,216.50635094610968,2.764439005807074e-05
9,217.52520436232666,2.7639760830212685e-05
9,218.54405777854365,2.7268169346849996e-05
9,219.56291119476063,2.7212472921429587e-05
9,220.58176461097761,2.6912172270435848e-05
9,221.6006180271946,2.6746256734380264e-05
9,222.61947144341158,2.6617355041943683e-05
9,223.63832485962857,2.6176908221522418e-05
9,224.65717827584555,2.631625193662994e-05
9,225.67603169206254,2.5868078017434635e-05
9,226.69488510827952,2.5845574753194918e-05
9,227.71373852449653,2.53962303824778e-05
9,228.73259194071352,2.5415406217651313e-05
9,229.7514453569305,2.5082265292683212e-05
9,230.7702987731475,2.4841364332026985e-05
9,231.78915218936447,2.4515473847201218e-05
9,232.80800560558146,2.4221848269880527e-05
9,233.82685902179844,2.392692291332604e-05
9,234.84571243801543,2.379634014779395e-05
9,235.8645658542324,2.3567894189997573e-05
9,236.8834192704494,2.3486797725370737e-05
9,237.90227268666638,2.2907739118864212e-05
9,238.92112610288336,2.286383434917392e-05
9,239.93997951910035,2.2375626107431283e-05
9,240.95883293531733,2.2345710476063876e-05
9,241.97768635153435,2.1808597947247904e-05
9,242.99653976775133,2.182010213580152e-05
9,244.0153931839683,2.1550893809012262e-05
9,245.0342466001853,2.1358840645119983e-05
9,246.05310001640228,2.1000560765668142e-05
9,247.07195343261927,2.0872628132727753e-05
9,248.09080684883625,2.0634787408240128e-05
9,249.10966026505324,2.029402146408853e-05
9,250.12851368127022,2.011725611364776e-05
9,251.1473670974872,1.9874681826587526e-05
9,252.1662205137042,1.9464634567763115e-05
9,253.18507392992117,1.9469069373469222e-05
9,254.2039273461382,1.9073975964541698e-05
9,255.22278076235517,1.8831087351173227e-05
9,256.24163417857216,1.8519508970985895e-05
9,257.26048759478914,1.8370406617715042e-05
9,258.2793410110061,1.79834216116955e-05
9,259.2981944272231,1.7801090582800654e-05
9,260.3170478434401,1.751160389627358e-05
9,261.3359012596571,1.716460461780011e-05
9,262.35475467587406,1.6932352555876877e-05
9,263.37360809209105,1.662533265026122e-05
9,264.39246150830803,1.640480946551115e-05
9,265.411314924525,1.6016056249683128e-05
9,266.430168340742,1.5853966967309127e-05
9,267.449021756959,1.5557584331248593e-05
9,268.46787517317597,1.5321823964043274e-05
9,269.48672858939295,1.5095660247993197e-05
9,270.50558200560994,1.4882403113937222e-05
9,271.5244354218269,1.4630858180020869e-05
9,272.5432888380439,1.448964588364588e-05
9,273.56214225426095,1.4226255726949816e-05
9,274.58099567047793,1.3904727263533493e-05
9,275.5998490866949,1.3759132869770135e-05
9,276.6187025029119,1.3399665851873157e-05
9,277.6375559191289,1.321332558733826e-05
9,278.65640933534587,1.3003781843676337e-05
9,279.67526275156285,1.2621640462815064e-05
9,280.69411616777984,1.2491872869387033e-05
9,281.7129695839968,1.214625499675576e-05
9,282.7318230002138,1.1992137685246853e-05
9,283.7506764164308,1.1657673891237201e-05
9,284.7695298326478,1.1513627780011821e-05
9,285.78838324886476,1.124273883492792e-05
9,286.80723666508175,1.0987837640088681e-05
9,287.82609008129873,1.0738541777465038e-05
9,288.8449434975157,1.0560716069334867e-05
9,289.8637969137327,1.0310924047409322e-05
9,290.8826503299497,1.0135826533081386e-05
9,291.90150374616667,9.794694122713737e-06
9,292.92035716238365,9.64129967504921e-06
9,293.93921057860064,9.42228489536959e-06
9,294.9580639948176,9.155061867491227e-06
9,295.9769174110346,8.888808843952523e-06
9,296.9957708272516,8.683251493023533e-06
9,298.0146242434686,8.412689252134115e-06
9,299.03347765968556,8.240747481195839e-06
9,300.05233107590254,8.039886379012003e-06
9,301.0711844921196,7.861281730247052e-06
9,302.09003790833657,7.638859831730274e-06
9,303.10889132455355,7.417268462725888e-06
9,304.12774474077054,7.27830829619652e-06
9,305.1465981569875,7.0909826962173074e-06
9,306.1654515732045,6.9056778070918085e-06
9,307.1843049894215,6.707531258049656e-06
9,308.2031584056385,6.527903777955531e-06
9,309.22201182185546,6.368362428140332e-06
9,310.24086523807244,6.2027660276564936e-06
9,311.25971865428943,6.016921089361504e-06
9,312.2785720705064,5.896739963861443e-06
9,313.2974254867234,5.698717084658762e-06
9,314.3162789029404,5.5506598401989825e-06
9,315.33513231915737,5.422280523762262e-06
9,316.35398573537435,5.2656187589801676e-06
9,317.37283915159134,5.138110812903455e-06
9,318.3916925678083,4.9749744629328456e-06
9,319.4105459840253,4.866578930397567e-06
9,320.4293994002423,4.730496531163901e-06
9,321.4482528164593,4.5585741573301786e-06
9,322.46710623267626,4.436494742915121e-06
9,323.48595964889324,4.310905747725351e-06
9,324.5048130651102,4.159670585364285e-06
9,325.5236664813272,4.041858642683903e-06
9,326.54251989754425,3.934335409862409e-06
9,327.56137331376124,3.819963732965116e-06
9,328.5802267299782,3.6958187689217063e-06
9,329.5990801461952,3.57881864152212e-06
9,330.6179335624122,3.471180152698906e-06
9,331.6367869786292,3.381597915665642e-06
9,332.65564039484616,3.26036944437244e-06
9,333.67449381106314,3.1527330338949684e-06
9,334.6933472272801,3.03777409640833e-06
9,335.7122006434971,2.939489331940658e-06
9,336.7310540597141,2.8516054154100196e-06
9,337.7499074759311,2.752157912030288e-06
9,338.76876089214807,2.6617070979376215e-06
9,339.78761430836505,2.5789440018557276e-06
9,340.80646772458203,2.4906260737361127e-06
9,341.825321140799,2.4166385712057482e-06
9,342.844174557016,2.327646049551695e-06
9,343.863027973233,2.2433645454408637e-06
9,344.88188138945,2.1777029955060343e-06
9,345.90073480566696,2.0980424611373488e-06
9,346.91958822188394,2.0321559724948787e-06
9,347.9384416381009,1.9723066157301815e-06
9,348.9572950543179,1.907446472620936e-06
9,349.9761484705349,1.8429192081569882e-06
9,350.9950018867519,1.776472128503956e-06
9,352.01385530296886,1.7205149199598932e-06
9,353.0327087191859,1.6567980969539904e-06
9,354.0515621354029,1.6070240659654852e-06
9,355.0704155516199,1.553914627678839e-06
9,356.08926896783686,1.5013692663699891e-06
9,357.10812238405384,1.4494779786738679e-06
9,358.1269758002708,1.3939605027213913e-06
9,359.1458292164878,1.3467363935183689e-06
9,360.1646826327048,1.299893726199386e-06
9,361.1835360489218,1.2509853412757472e-06
9,362.20238946513876,1.2047778681859888e-06
9,363.22124288135575,1.168806460702731e-06
9,364.24009629757273,1.127886224060133e-06
9,365.2589497137897,1.0810629385063918e-06
9,366.2778031300067,1.038973001881819e-06
9,367.2966565462237,1.0009318863849738e-06
9,368.3155099624407,9.577115301726216e-07
9,369.33436337865766,9.228638874876997e-07
9,370.35321679487464,8.878511544763386e-07
9,371.3720702110916,8.473751332464452e-07
9,372.3909236273086,8.21546787258929e-07
9,373.4097770435256,7.9200721390221e-07
9,374.4286304597426,7.606613930377385e-07
9,375.44748387595956,7.303272624571862e-07
9,376.46633729217655,7.042827563677147e-07
9,377.48519070839353,6.740963001522062e-07
9,378.5040441246106,6.470646976816494e-07
9,379.52289754082756,6.20879603698376e-07
9,380.54175095704454,5.948295362758148e-07
9,381.5606043732615,5.72788450155444e-07
9,382.5794577894785,5.460038994142297e-07
9,383.5983112056955,5.207924093503436e-07
9,384.6171646219125,5.021034666760023e-07
9,385.63601803812946,4.830767763651881e-07
9,386.65487145434645,4.600147023670404e-07
9,387.67372487056343,4.4077250297472355e-07
9,388.6925782867804,4.2395146612862693e-07
9,389.7114317029974,4.040342767489286e-07
9,390.7302851192144,3.8825566869949957e-07
9,391.74913853543137,3.7071986443651225e-07
9,392.76799195164836,3.5294207177448916e-07
9,393.78684536786534,3.363758961409015e-07
9,394.8056987840823,3.216461716516458e-07
9,395.8245522002993,3.0733315253894624e-07
9,396.8434056165163,2.9428610885989105e-07
9,397.8622590327333,2.801210816780808e-07
9,398.88111244895026,2.6663098875610495e-07
9,399.89996586516725,2.552521356942017e-07
9,400.91881928138423,2.435415624372981e-07
9,401.9376726976012,2.3236734000697176e-07
9,402.9565261138182,2.2224351392645925e-07
9,403.9753795300352,2.113064264467391e-07
9,404.9942329462522,2.0244180636379688e-07
9,406.0130863624692,1.9194823130940116e-07
9,407.0319397786862,1.8363350031458573e-07
9,408.0507931949032,1.746683794118126e-07
9,409.06964661112016,1.673902237864706e-07
9,410.08850002733715,1.59011793020246e-07
9,411.10735344355413,1.5139562752189574e-07
9,412.1262068597711,1.4401394749754993e-07
9,413.1450602759881,1.3722128005091093e-07
9,414.1639136922051,1.303255498454134e-07
9,415.18276710842207,1.2350884438276412e-07
9,416.20162052463905,1.1822033211267171e-07
9,417.22047394085604,1.120902417878156e-07
9,418.239327357073,1.0724237619529834e-07
9,419.25818077329,1.0169036844388466e-07
9,420.277034189507,9.655824292885042e-08
9,421.295887605724,9.165349406543337e-08
9,422.31474102194096,8.716989650783825e-08
9,423.33359443815795,8.291224286576986e-08
9,424.35244785437493,7.855320661357511e-08
9,425.3713012705919,7.493253393961897e-08
9,426.3901546868089,7.079978719805546e-08
9,427.4090081030259,6.716444219987347e-08
9,428.42786151924287,6.391118140650357e-08
9,429.44671493545985,6.08915381689977e-08
9,430.4655683516769,5.783744090267455e-08
9,431.4844217678939,5.4716809679749256e-08
9,432.50327518411086,5.18643952332253e-08
9,433.52212860032785,4.922503766634077e-08
9,434.54098201654483,4.663804722754027e-08
9,435.5598354327618,4.4090867097853615e-08
9,436.5786888489788,4.173583010136544e-08
9,437.5975422651958,3.963460954337919e-08
9,438.61639568141277,3.764668620413861e-08
9,439.63524909762975,3.5557745119999556e-08
9,440.65410251384674,3.3602171529389336e-08
9,441.6729559300637,3.196666820807889e-08
9,442.6918093462807,3.0066237249693685e-08
9,443.7106627624977,2.8471316005473483e-08
9,444.7295161787147,2.685198052283673e-08
9,445.74836959493166,2.5471372888304194e-08
9,446.76722301114864,2.401051492202977e-08
9,447.78607642736563,2.2641211665364006e-08
9,448.8049298435826,2.1451572031577602e-08
9,449.8237832597996,2.008111051008072e-08
9,450.8426366760166,1.904139231554352e-08
9,451.86149009223357,1.7969461733695848e-08
9,452.88034350845055,1.692858190682301e-08
9,453.89919692466754,1.599973560566259e-08
9,454.9180503408845,1.512219983683325e-08
9,455.9369037571015,1.4280388220184899e-08
9,456.95575717331855,1.3470097006556631e-08
9,457.97461058953553,1.2676967898928951e-08
9,458.9934640057525,1.1967058701469908e-08
9,460.0123174219695,1.1177069827916655e-08
9,461.0311708381865,1.0580300422413007e-08
9,462.05002425440347,9.9263826890151e-09
9,463.06887767062045,9.373631818060968e-09
9,464.08773108683744,8.822780106437416e-09
9,465.1065845030544,8.307178451751232e-09
9,466.1254379192714,7.779861127707812e-09
9,467.1442913354884,7.357054367401025e-09
9,468.1631447517054,6.864097672954345e-09
9,469.18199816792236,6.4789607425613215e-09
9,470.20085158413934,6.078545747265657e-09
9,471.2197050003563,5.723705680797779e-09
9,472.2385584165733,5.355645649330224e-09
9,473.2574118327903,5.0296317156857005e-09
9,474.2762652490073,4.750816814098767e-09
9,475.29511866522427,4.454728565341378e-09
9,476.31397208144125,4.169734120722155e-09
9,477.33282549765823,3.9416143058503715e-09
9,478.3516789138752,3.6848080714553702e-09
9,479.3705323300922,3.455537184669529e-09
9,480.3893857463092,3.2615809790815744e-09
9,481.4082391625262,3.07183398227808e-09
9,482.4270925787432,2.8793007004476507e-09
9,483.4459459949602,2.698171123268946e-09
9,484.4647994111772,2.5139094070169234e-09
9,485.48365282739417,2.3684104562529695e-09
9,486.50250624361115,2.2079087257803896e-09
9,487.52135965982814,2.073598041883539e-09
9,488.5402130760451,1.9368189438532904e-09
9,489.5590664922621,1.8144613700670619e-09
9,490.5779199084791,1.7047832997638592e-09
9,491.5967733246961,1.5809078355339108e-09
9,492.61562674091306,1.4835117619113846e-09
9,493.63448015713004,1.3810922912485482e-09
9,494.653333573347,1.2980682679975763e-09
9,495.672186989564,1.216041426815036e-09
9,496.691040405781,1.130070420861971e-09
9,497.709893821998,1.0635754798897239e-09
9,498.72874723821496,9.957120938183167e-10
9,499.74760065443195,9.306015901627467e-10
9,500.76645407064893,8.616488188754514e-10
9,501.7853074868659,8.076351298288851e-10
9,502.8041609030829,7.542523107964227e-10
9,503.8230143192999,7.015502100955046e-10
9,504.84186773551687,6.525401490937582e-10
9,505.86072115173386,6.077114639259297e-10
9,506.87957456795084,5.673685407054669e-10
9,507.8984279841678,5.310026539932679e-10
9,508.9172814003848,4.951777860088051e-10
9,509.93613481660185,4.582439322185748e-10
9,510.95498823281883,4.2948377062746793e-10
9,511.9738416490358,4.008360837694011e-10
9,512.9926950652527,3.7214369032409864e-10
9,514.0115484814698,3.465714029879209e-10
9,515.0304018976867,3.210326147701023e-10
9,516.0492553139038,2.980531676604714e-10
9,517.0681087301207,2.776534114231777e-10
9,518.0869621463378,2.420925044521466e-10
9,519.1058155625547,2.2252922053957774e-10
9,520.1246689787718,2.0771632914524415e-10
9,521.1435223949886,1.7087134511209354e-10
10,0.5094267081084933,0.023471775455930013
10,1.52828012432548,0.06409022317309059
10,2.5471335405424664,0.054634592209749824
10,3.5659869567594535,0.022859134848129844
10,4.58484037297644,0.019574007672214743
10,5.603693789193427,0.011966209588826817
10,6.622547205410413,0.009166292270209568
10,7.6414006216274,0.008338746748027542
10,8.660254037844386,0.005503096949616636
10,9.679107454061374,0.0038956262904273793
10,10.69796087027836,0.0032026803346944335
10,11.716814286495346,0.002609591839160855
10,12.735667702712334,0.002297813629574911
10,13.75452111892932,0.0020449523936118853
10,14.773374535146306,0.0017562486171754578
10,15.792227951363294,0.0015397786574813579
10,16.81108136758028,0.001403019908902216
10,17.829934783797267,0.0011247731550599134
10,18.848788200014255,0.001103090753072775
10,19.86764161623124,0.0008272266674077826
10,20.886495032448224,0.0007388269760184231
10,21.905348448665215,0.0007667090384094831
10,22.9242018648822,0.0006840790372015736
10,23.943055281099184,0.000659340083465135
10,24.961908697316176,0.0006129898018644983
10,25.98076211353316,0.0006590185514704578
10,26.999615529750145,0.0006270209535762262
10,28.018468945967136,0.0006016173243328112
10,29.03732236218412,0.0005674608283150862
10,30.056175778401105,0.0005383527941462864
10,31.075029194618093,0.00047918330235849474
10,32.09388261083508,0.00045480374050642613
10,33.112736027052065,0.000411603576762142
10,34.13158944326905,0.0003667339900961236
10,35.15044285948604,0.00035293838036226866
10,36.169296275703026,0.00031459361837916667
10,37.18814969192002,0.00030194670189700545
10,38.207003108137,0.0002634108631384412
10,39.225856524353986,0.0002535011938551622
10,40.24470994057097,0.00023388266741646184
10,41.263563356787955,0.00021974283547425056
10,42.28241677300495,0.0002179521289520643
10,43.30127018922193,0.00020727206654701415
10,44.32012360543892,0.0002071480138748133
10,45.33897702165591,0.0001940117700387473
10,46.35783043787289,0.00019241801586663605
10,47.376683854089876,0.00018794712540450508
10,48.39553727030687,0.00018650049514113253
10,49.41439068652385,0.00018768655118408064
10,50.433244102740844,0.00017596811089712604
10,51.45209751895783,0.00017686481436880402
10,52.47095093517481,0.00017522723371711608
10,53.4898043513918,0.00017142852901646952
10,54.50865776760879,0.00017000553395716102
10,55.52751118382577,0.000169861387723283
10,56.546364600042764,0.00016864741063804132
10,57.56521801625975,0.00016031690720546174
10,58.58407143247673,0.0001618549433100391
10,59.60292484869372,0.0001555702448924017
10,60.6217782649107,0.0001542525565721889
10,61.640631681127694,0.00014711924252968993
10,62.65948509734468,0.00014726598213153245
10,63.67833851356167,0.0001393960170701666
10,64.69719192977865,0.0001382524344538965
10,65.71604534599564,0.00013314126421900237
10,66.73489876221262,0.0001279616459486014
10,67.75375217842961,0.00012258482206231556
10,68.77260559464659,0.0001173973500625312
10,69.79145901086359,0.00011912830697558069
10,70.81031242708058,0.00011154701204967428
10,71.82916584329756,0.00010734729586763702
10,72.84801925951454,0.00010789754777290183
10,73.86687267573153,0.00010379828885975832
10,74.88572609194853,0.00010161225356639224
10,75.90457950816551,0.00010026736085383636
10,76.9234329243825,9.997573915896958e-05
10,77.94228634059948,9.856570871387647e-05
10,78.96113975681646,9.832380840682976e-05
10,79.97999317303345,9.433190321779208e-05
10,80.99884658925043,9.388172989364317e-05
10,82.01770000546742,9.303077686196261e-05
10,83.03655342168442,9.139814569318619e-05
10,84.0554068379014,9.206445370605056e-05
10,85.07426025411839,9.097106851558133e-05
10,86.09311367033537,9.253361258059209e-05
10,87.11196708655235,9.187007798692138e-05
10,88.13082050276935,9.216644840284378e-05
10,89.14967391898634,9.152207338862638e-05
10,90.16852733520332,9.093577918542158e-05
10,91.1873807514203,9.183113648750299e-05
10,92.20623416763729,9.277884204854948e-05
10,93.22508758385428,9.24510305913513e-05
10,94.24394100007126,9.067915587407678e-05
10,95.26279441628826,9.320453451403566e-05
10,96.28164783250524,9.149494387058732e-05
10,97.30050124872223,9.43487967667665e-05
10,98.31935466493921,9.314840476545954e-05
10,99.3382080811562,9.273634209506297e-05
10,100.35706149737318,9.392906521973756e-05
10,101.37591491359018,9.314713895687149e-05
10,102.39476832980716,9.394119474276412e-05
10,103.41362174602415,9.245313477908819e-05
10,104.43247516224113,9.283750276085979e-05
10,105.45132857845812,9.148689441724831e-05
10,106.4701819946751,8.96785467768385e-05
10,107.48903541089209,8.949208424468157e-05
10,108.50788882710908,8.839752390406882e-05
10,109.52674224332607,8.904781290770292e-05
10,110.54559565954305,8.676809168211084e-05
10,111.56444907576004,8.54546225225175e-05
10,112.58330249197702,8.46482398734032e-05
10,113.60215590819402,8.461242521709378e-05
10,114.621009324411,8.329519629935583e-05
10,115.63986274062799,8.251091994293263e-05
10,116.65871615684497,8.054661046178774e-05
10,117.67756957306196,8.12015248675624e-05
10,118.69642298927894,7.910695103197089e-05
10,119.71527640549593,7.775978060147052e-05
10,120.73412982171291,7.67790757012172e-05
10,121.75298323792991,7.585355975632718e-05
10,122.7718366541469,7.36525489476005e-05
10,123.79069007036388,7.208461611845704e-05
10,124.80954348658086,7.064549335511751e-05
10,125.82839690279785,7.006199797764607e-05
10,126.84725031901485,6.850868187020058e-05
10,127.86610373523183,6.630071513750031e-05
10,128.88495715144882,6.505642741050679e-05
10,129.9038105676658,6.426538160102e-05
10,130.92266398388279,6.21978578371409e-05
10,131.94151740009977,6.120012118691429e-05
10,132.96037081631675,5.9755760287611215e-05
10,133.97922423253374,5.797340868976948e-05
10,134.99807764875072,5.7035355915617316e-05
10,136.0169310649677,5.562117643158552e-05
10,137.0357844811847,5.548145974218642e-05
10,138.0546378974017,5.309513452909644e-05
10,139.0734913136187,5.35415022515103e-05
10,140.09234472983567,5.166516037048563e-05
10,141.11119814605266,5.108459002839578e-05
10,142.13005156226964,5.0155264817569366e-05
10,143.14890497848663,4.8372311221589316e-05
10,144.1677583947036,4.781263089947299e-05
10,145.1866118109206,4.640883314417824e-05
10,146.20546522713758,4.56230944884407e-05
10,147.22431864335456,4.4262537756565546e-05
10,148.24317205957155,4.3933767301484795e-05
10,149.26202547578853,4.2829530407305926e-05
10,150.28087889200555,4.19605341015019e-05
10,151.29973230822253,4.1104387800526166e-05
10,152.31858572443952,4.020566837045222e-05
10,153.3374391406565,3.936635583971099e-05
10,154.35629255687348,3.858234138716333e-05
10,155.37514597309047,3.757974702996068e-05
10,156.39399938930745,3.683797226196195e-05
10,157.41285280552444,3.636727368726542e-05
10,158.43170622174142,3.57736981241209e-05
10,159.4505596379584,3.500379869126024e-05
10,160.4694130541754,3.4705529591524796e-05
10,161.48826647039238,3.376269111378851e-05
10,162.50711988660936,3.3503541988490866e-05
10,163.52597330282634,3.2706704896315066e-05
10,164.54482671904336,3.2028819463765615e-05
10,165.56368013526034,3.162420304593612e-05
10,166.58253355147733,3.125363887367769e-05
10,167.6013869676943,3.0828191384352793e-05
10,168.6202403839113,3.0515470000686294e-05
10,169.63909380012828,3.067754765608848e-05
10,170.65794721634526,2.9839232579396853e-05
10,171.67680063256225,2.996445083164582e-05
10,172.69565404877923,2.95312779848163e-05
10,173.71450746499622,2.9685595738135294e-05
10,174.7333608812132,2.9430249480927126e-05
10,175.7522142974302,2.90123922315976e-05
10,176.7710677136472,2.87582036215657e-05
10,177.78992112986418,2.8811482142731117e-05
10,178.80877454608117,2.857419937323049e-05
10,179.82762796229815,2.8285036611116575e-05
10,180.84648137851514,2.849423880849238e-05
10,181.86533479473212,2.7901646554128886e-05
10,182.8841882109491,2.7937976157547735e-05
10,183.9030416271661,2.7500530176818498e-05
10,184.92189504338307,2.7369297253686606e-05
10,185.94074845960006,2.713227729627139e-05
10,186.95960187581704,2.6966438715065648e-05
10,187.97845529203403,2.689610289621594e-05
10,188.997308708251,2.6566287063619535e-05
10,190.01616212446802,2.6381306019161777e-05
10,191.035015540685,2.647231081842223e-05
10,192.053868956902,2.6235064141028706e-05
10,193.07272237311898,2.611267884560848e-05
10,194.09157578933596,2.5908441304636504e-05
10,195.11042920555295,2.5920071853117805e-05
10,196.12928262176993,2.561237401871464e-05
10,197.14813603798692,2.5393339569702054e-05
10,198.1669894542039,2.5173496015891003e-05
10,199.18584287042088,2.5387316270253702e-05
10,200.20469628663787,2.5208808205251293e-05
10,201.22354970285485,2.515286242279263e-05
10,202.24240311907187,2.4874007774282394e-05
10,203.26125653528885,2.4664573005330162e-05
10,204.28010995150584,2.4434927306890004e-05
10,205.29896336772282,2.431853763743797e-05
10,206.3178167839398,2.3876044327372183e-05
10,207.3366702001568,2.361572644833985e-05
10,208.35552361637377,2.3638299436543896e-05
10,209.37437703259076,2.349676846937554e-05
10,210.39323044880774,2.3256120026028574e-05
10,211.41208386502473,2.3196552501372696e-05
10,212.4309372812417,2.2873798121679978e-05
10,213.4497906974587,2.2859965573901758e-05
10,214.46864411367568,2.262801310881133e-05
10,215.48749752989266,2.240842187743228e-05
10,216.50635094610968,2.231216607495954e-05
10,217.52520436232666,2.2289205241293456e-05
10,218.54405777854365,2.2140668654735193e-05
10,219.56291119476063,2.2036275890350977e-05
10,220.58176461097761,2.1881501639870667e-05
10,221.6006180271946,2.163507852682285e-05
10,222.61947144341158,2.1522034026214895e-05
10,223.63832485962857,2.1190199792389293e-05
10,224.65717827584555,2.1132646269339388e-05
10,225.67603169206254,2.0927251726369883e-05
10,226.69488510827952,2.076674424078089e-05
10,227.71373852449653,2.0408149262887086e-05
10,228.73259194071352,2.0368408400517122e-05
10,229.7514453569305,2.016809605925481e-05
10,230.7702987731475,2.0076719380066024e-05
10,231.78915218936447,1.9800589596962212e-05
10,232.80800560558146,1.9573674765701285e-05
10,233.82685902179844,1.9448138361369502e-05
10,234.84571243801543,1.9391115266081657e-05
10,235.8645658542324,1.9133644830138126e-05
10,236.8834192704494,1.9022000100125225e-05
10,237.90227268666638,1.862860848051429e-05
10,238.92112610288336,1.853942152334703e-05
10,239.93997951910035,1.8194047281090968e-05
10,240.95883293531733,1.8154659335534574e-05
10,241.97768635153435,1.7787845121595875e-05
10,242.99653976775133,1.7700173688273508e-05
10,244.0153931839683,1.7361813510479018e-05
10,245.0342466001853,1.7214985531072964e-05
10,246.05310001640228,1.7013156399555238e-05
10,247.07195343261927,1.686341888488717e-05
10,248.09080684883625,1.6691484048237016e-05
10,249.10966026505324,1.6327316087760036e-05
10,250.12851368127022,1.6214526647371266e-05
10,251.1473670974872,1.5904701952054306e-05
10,252.1662205137042,1.55788088619423e-05
10,253.18507392992117,1.5513763768017715e-05
10,254.2039273461382,1.5161832118315189e-05
10,255.22278076235517,1.48728234027531e-05
10,256.24163417857216,1.4542408076180082e-05
10,257.26048759478914,1.4470042456029044e-05
10,258.2793410110061,1.413896871682553e-05
10,259.2981944272231,1.3941035266074626e-05
10,260.3170478434401,1.377458692145424e-05
10,261.3359012596571,1.3489223745040738e-05
10,262.35475467587406,1.3427521415626984e-05
10,263.37360809209105,1.3206770713473344e-05
10,264.39246150830803,1.3107477828309438e-05
10,265.411314924525,1.2847074576062544e-05
10,266.430168340742,1.275867182713419e-05
10,267.449021756959,1.2422801766594048e-05
10,268.46787517317597,1.2271827537494029e-05
10,269.48672858939295,1.2050418453572853e-05
10,270.50558200560994,1.185928756159161e-05
10,271.5244354218269,1.166989239012568e-05
10,272.5432888380439,1.1472728179357132e-05
10,273.56214225426095,1.1314656061079519e-05
10,274.58099567047793,1.1057412877194406e-05
10,275.5998490866949,1.0846526712427145e-05
10,276.6187025029119,1.0654764635964829e-05
10,277.6375559191289,1.0566577087818474e-05
10,278.65640933534587,1.0361637630579746e-05
10,279.67526275156285,1.0110045446000499e-05
10,280.69411616777984,9.95963568696635e-06
10,281.7129695839968,9.775009211775433e-06
10,282.7318230002138,9.611098041637813e-06
10,283.7506764164308,9.36177516484047e-06
10,284.7695298326478,9.197796753042637e-06
10,285.78838324886476,9.007502416149484e-06
10,286.80723666508175,8.78329834265608e-06
10,287.82609008129873,8.547298348374434e-06
10,288.8449434975157,8.3777029053472e-06
10,289.8637969137327,8.207808466074351e-06
10,290.8826503299497,8.025783539433567e-06
10,291.90150374616667,7.744951109001992e-06
10,292.92035716238365,7.590689009926983e-06
10,293.93921057860064,7.387574608499724e-06
10,294.9580639948176,7.226660197290693e-06
10,295.9769174110346,7.0289321554827525e-06
10,296.9957708272516,6.858117628511747e-06
10,298.0146242434686,6.667527896547992e-06
10,299.03347765968556,6.548304050071875e-06
10,300.05233107590254,6.3887113140577716e-06
10,301.0711844921196,6.278781845881207e-06
10,302.09003790833657,6.0965144777477606e-06
10,303.10889132455355,5.937580647170484e-06
10,304.12774474077054,5.8168874661761975e-06
10,305.1465981569875,5.714666706946467e-06
10,306.1654515732045,5.536330377020313e-06
10,307.1843049894215,5.377518049615886e-06
10,308.2031584056385,5.2725638279973986e-06
10,309.22201182185546,5.1430154848124685e-06
10,310.24086523807244,5.026099341269014e-06
10,311.25971865428943,4.866589863551256e-06
10,312.2785720705064,4.781454685743809e-06
10,313.2974254867234,4.646809499670315e-06
10,314.3162789029404,4.499621475363857e-06
10,315.33513231915737,4.403864316787754e-06
10,316.35398573537435,4.289175888488762e-06
10,317.37283915159134,4.19109173167323e-06
10,318.3916925678083,4.044582467499589e-06
10,319.4105459840253,3.965446505988373e-06
10,320.4293994002423,3.8658989100864806e-06
10,321.4482528164593,3.751139642317983e-06
10,322.46710623267626,3.664247618457103e-06
10,323.48595964889324,3.565322702478743e-06
10,324.5048130651102,3.453965803761182e-06
10,325.5236664813272,3.3699605416920944e-06
10,326.54251989754425,3.292033516575513e-06
10,327.56137331376124,3.2184987502566545e-06
10,328.5802267299782,3.0885798942519907e-06
10,329.5990801461952,3.0155484714865784e-06
10,330.6179335624122,2.923518268351771e-06
10,331.6367869786292,2.853443951752463e-06
10,332.65564039484616,2.7685541123545735e-06
10,333.67449381106314,2.6946282916033346e-06
10,334.6933472272801,2.6054372714463663e-06
10,335.7122006434971,2.550832956809526e-06
10,336.7310540597141,2.472654454160959e-06
10,337.7499074759311,2.403049280289131e-06
10,338.76876089214807,2.324322054828418e-06
10,339.78761430836505,2.2573415376348543e-06
10,340.80646772458203,2.1627473097641783e-06
10,341.825321140799,2.1138501387566587e-06
10,342.844174557016,2.04056816397034e-06
10,343.863027973233,1.9792100737949638e-06
10,344.88188138945,1.9231650769088698e-06
10,345.90073480566696,1.8562046352058302e-06
10,346.91958822188394,1.8078936209366054e-06
10,347.9384416381009,1.7513336363128788e-06
10,348.9572950543179,1.6946970682211887e-06
10,349.9761484705349,1.6395591298373188e-06
10,350.9950018867519,1.582421610092954e-06
10,352.01385530296886,1.5370286425481925e-06
10,353.0327087191859,1.4844789324519615e-06
10,354.0515621354029,1.4387039691009307e-06
10,355.0704155516199,1.3957044424438318e-06
10,356.08926896783686,1.3473214437962853e-06
10,357.10812238405384,1.3030573138076975e-06
10,358.1269758002708,1.2523978747385884e-06
10,359.1458292164878,1.213429853786304e-06
10,360.1646826327048,1.1731000394370504e-06
10,361.1835360489218,1.1314284691190074e-06
10,362.20238946513876,1.0889014515916529e-06
10,363.22124288135575,1.05275534376919e-06
10,364.24009629757273,1.0274143901673038e-06
10,365.2589497137897,9.890842995973368e-07
10,366.2778031300067,9.55154856356751e-07
10,367.2966565462237,9.239091333221745e-07
10,368.3155099624407,8.932074542946645e-07
10,369.33436337865766,8.654459595964882e-07
10,370.35321679487464,8.366038034339927e-07
10,371.3720702110916,8.082242531253519e-07
10,372.3909236273086,7.809492552251701e-07
10,373.4097770435256,7.512139295907824e-07
10,374.4286304597426,7.216629902405972e-07
10,375.44748387595956,6.958284740378714e-07
10,376.46633729217655,6.765648230039241e-07
10,377.48519070839353,6.469672735102968e-07
10,378.5040441246106,6.283759454472519e-07
10,379.52289754082756,6.015228394519754e-07
10,380.54175095704454,5.804462176075703e-07
10,381.5606043732615,5.59654844293581e-07
10,382.5794577894785,5.343062016965274e-07
10,383.5983112056955,5.129889072726547e-07
10,384.6171646219125,4.919146691234031e-07
10,385.63601803812946,4.7528763706785715e-07
10,386.65487145434645,4.561834538652106e-07
10,387.67372487056343,4.357052690445648e-07
10,388.6925782867804,4.200396829941279e-07
10,389.7114317029974,4.008612621567567e-07
10,390.7302851192144,3.8611331881967116e-07
10,391.74913853543137,3.7055252175393744e-07
10,392.76799195164836,3.5304708213238945e-07
10,393.78684536786534,3.397260968505277e-07
10,394.8056987840823,3.2475252770374753e-07
10,395.8245522002993,3.117411886057729e-07
10,396.8434056165163,2.989360581055623e-07
10,397.8622590327333,2.866374373872899e-07
10,398.88111244895026,2.750352462025975e-07
10,399.89996586516725,2.627450638855868e-07
10,400.91881928138423,2.5133255673399235e-07
10,401.9376726976012,2.4078462121587677e-07
10,402.9565261138182,2.310521771491434e-07
10,403.9753795300352,2.2104768249880893e-07
10,404.9942329462522,2.118646620104877e-07
10,406.0130863624692,2.0183344254102773e-07
10,407.0319397786862,1.93378211887971e-07
10,408.0507931949032,1.8392254470046542e-07
10,409.06964661112016,1.751541311950631e-07
10,410.08850002733715,1.6695221543147304e-07
10,411.10735344355413,1.5879419163241753e-07
10,412.1262068597711,1.5159471476632913e-07
10,413.1450602759881,1.451011823108447e-07
10,414.1639136922051,1.379451299917478e-07
10,415.18276710842207,1.309878047861713e-07
10,416.20162052463905,1.2552403021233733e-07
10,417.22047394085604,1.1902412426609366e-07
10,418.239327357073,1.1371126060427566e-07
10,419.25818077329,1.0761247739401602e-07
10,420.277034189507,1.0260032565034829e-07
10,421.295887605724,9.778811715658627e-08
10,422.31474102194096,9.264263218881072e-08
10,423.33359443815795,8.82248815962815e-08
10,424.35244785437493,8.362118483562217e-08
10,425.3713012705919,7.957144533114118e-08
10,426.3901546868089,7.517252473024859e-08
10,427.4090081030259,7.141553996382305e-08
10,428.42786151924287,6.767649832973442e-08
10,429.44671493545985,6.428710563863992e-08
10,430.4655683516769,6.059830444520559e-08
10,431.4844217678939,5.748891715741176e-08
10,432.50327518411086,5.452055669319196e-08
10,433.52212860032785,5.1842803265892354e-08
10,434.54098201654483,4.9126345862354873e-08
10,435.5598354327618,4.644829417068159e-08
10,436.5786888489788,4.375174438021524e-08
10,437.5975422651958,4.143208327209977e-08
10,438.61639568141277,3.919994577991153e-08
10,439.63524909762975,3.693403189670854e-08
10,440.65410251384674,3.489937043303594e-08
10,441.6729559300637,3.30056649384266e-08
10,442.6918093462807,3.106183140153518e-08
10,443.7106627624977,2.93914547311651e-08
10,444.7295161787147,2.779189990760399e-08
10,445.74836959493166,2.6248084949076e-08
10,446.76722301114864,2.4730974927275707e-08
10,447.78607642736563,2.3330874159110125e-08
10,448.8049298435826,2.2017079097444434e-08
10,449.8237832597996,2.0783181386751776e-08
10,450.8426366760166,1.967485465457836e-08
10,451.86149009223357,1.8610735727853534e-08
10,452.88034350845055,1.756824988464309e-08
10,453.89919692466754,1.6548784198313526e-08
10,454.9180503408845,1.5668677366558758e-08
10,455.9369037571015,1.4790107498300389e-08
10,456.95575717331855,1.3998585681520526e-08
10,457.97461058953553,1.3169890618363115e-08
10,458.9934640057525,1.247341936758801e-08
10,460.0123174219695,1.1683181068167821e-08
10,461.0311708381865,1.1012341823376972e-08
10,462.05002425440347,1.0364503156137646e-08
10,463.06887767062045,9.78702612237177e-09
10,464.08773108683744,9.233232091573703e-09
10,465.1065845030544,8.739216322703885e-09
10,466.1254379192714,8.189001958902503e-09
10,467.1442913354884,7.720226200717367e-09
10,468.1631447517054,7.255443079605613e-09
10,469.18199816792236,6.843627783911304e-09
10,470.20085158413934,6.4070706783125114e-09
10,471.2197050003563,6.042128552284965e-09
10,472.2385584165733,5.664132509771662e-09
10,473.2574118327903,5.3221744051552235e-09
10,474.2762652490073,4.984187570239433e-09
10,475.29511866522427,4.678782658092577e-09
10,476.31397208144125,4.37620179828386e-09
10,477.33282549765823,4.141220855231854e-09
10,478.3516789138752,3.861399017063189e-09
10,479.3705323300922,3.613437588300855e-09
10,480.3893857463092,3.391327530198305e-09
10,481.4082391625262,3.1903420245267813e-09
10,482.4270925787432,2.9897188837238094e-09
10,483.4459459949602,2.7958282208970056e-09
10,484.4647994111772,2.6258529068508117e-09
10,485.48365282739417,2.473323430765667e-09
10,486.50250624361115,2.3130268101728633e-09
10,487.52135965982814,2.16461717139113e-09
10,488.5402130760451,2.0228827604357768e-09
10,489.5590664922621,1.8869833941047986e-09
10,490.5779199084791,1.774991912338636e-09
10,491.5967733246961,1.6421559076427522e-09
10,492.61562674091306,1.5362868525928083e-09
10,493.63448015713004,1.4408678906975886e-09
10,494.653333573347,1.3419499900869233e-09
10,495.672186989564,1.2547996975109012e-09
10,496.691040405781,1.164655708687709e-09
10,497.709893821998,1.0910642269085295e-09
10,498.72874723821496,1.0211225046337103e-09
10,499.74760065443195,9.50113435907643e-10
10,500.76645407064893,8.830370661582839e-10
10,501.7853074868659,8.232971147326841e-10
10,502.8041609030829,7.743936489256737e-10
10,503.8230143192999,7.207767484935931e-10
10,504.84186773551687,6.680091121771567e-10
10,505.86072115173386,6.247774833604373e-10
10,506.87957456795084,5.789315994055951e-10
10,507.8984279841678,5.396476436106312e-10
10,508.9172814003848,5.01365682424512e-10
10,509.93613481660185,4.6293997430358646e-10
10,510.95498823281883,4.30969062811538e-10
10,511.9738416490358,4.0201458337851863e-10
10,512.9926950652527,3.726308573423236e-10
10,514.0115484814698,3.455262607301195e-10
10,515.0304018976867,3.203046681575301e-10
10,516.0492553139038,2.9856819451567785e-10
10,517.0681087301207,2.7795765282729037e-10
10,518.0869621463378,2.4461540872954193e-10
10,519.1058155625547,2.245359278901673e-10
10,520.1246689787718,2.0887444452608677e-10
10,521.1435223949886,1.793653148494265e-10
11,0.5094267081084933,0.03541883518874347
11,1.52828012432548,0.055430080918050094
11,2.5471335405424664,0.05257679462254894
11,3.5659869567594535,0.018999931415110954
11,4.58484037297644,0.014351332261125196
11,5.603693789193427,0.010825708283796502
11,6.622547205410413,0.009156763436071995
11,7.6414006216274,0.007584409878468403
11,8.660254037844386,0.005376687450986196
11,9.679107454061374,0.004334145860917823
11,10.69796087027836,0.0037857316403179034
11,11.716814286495346,0.0029421617121025857
11,12.735667702712334,0.002483044513696018
11,13.75452111892932,0.0023943922911246716
11,14.773374535146306,0.0021317913404531146
11,15.792227951363294,0.0018239384472720603
11,16.81108136758028,0.0018965173438358124
11,17.829934783797267,0.0014729648301834858
11,18.848788200014255,0.0014188298752728745
11,19.86764161623124,0.00120676891570376
11,20.886495032448224,0.0010476108360413965
11,21.905348448665215,0.0010974427445873617
11,22.9242018648822,0.001075980562661372
11,23.943055281099184,0.0009790858351284802
11,24.961908697316176,0.0009738037946672171
11,25.98076211353316,0.0010214147688936846
11,26.999615529750145,0.0009564120461208948
11,28.018468945967136,0.0009066715134001741
11,29.03732236218412,0.0008841766925036877
11,30.056175778401105,0.0008400153006754648
11,31.075029194618093,0.0007715472663614982
11,32.09388261083508,0.0007311364405479573
11,33.112736027052065,0.0007259081685223121
11,34.13158944326905,0.0006629489925433285
11,35.15044285948604,0.0006430410027380313
11,36.169296275703026,0.0005945860431238439
11,37.18814969192002,0.0005844740131531306
11,38.207003108137,0.0005069982919289545
11,39.225856524353986,0.0004701990649389523
11,40.24470994057097,0.0004294046777855557
11,41.263563356787955,0.00040956241815069694
11,42.28241677300495,0.000395013958674562
11,43.30127018922193,0.0003698156875216679
11,44.32012360543892,0.00036830997872054573
11,45.33897702165591,0.0003471780735643908
11,46.35783043787289,0.0003370945030045811
11,47.376683854089876,0.0003250947314235303
11,48.39553727030687,0.0003202391458805098
11,49.41439068652385,0.00031708450089342936
11,50.433244102740844,0.000299168437338031
11,51.45209751895783,0.000308247058181995
11,52.47095093517481,0.00030168200486703164
11,53.4898043513918,0.0002899537668609252
11,54.50865776760879,0.00028428205589300427
11,55.52751118382577,0.0002801543412047216
11,56.546364600042764,0.00027882995842801086
11,57.56521801625975,0.00026273745421382137
11,58.58407143247673,0.0002652089878281288
11,59.60292484869372,0.00025360670448398013
11,60.6217782649107,0.00025395410446768085
11,61.640631681127694,0.00023747058610551684
11,62.65948509734468,0.0002287500725893365
11,63.67833851356167,0.0002134147732110041
11,64.69719192977865,0.00021096772104563325
11,65.71604534599564,0.00020051497448168477
11,66.73489876221262,0.00018968445079449605
11,67.75375217842961,0.00018064126233478247
11,68.77260559464659,0.0001723526926342425
11,69.79145901086359,0.00017152929899674784
11,70.81031242708058,0.00015973652746890658
11,71.82916584329756,0.00015214907702495087
11,72.84801925951454,0.00015005008893810562
11,73.86687267573153,0.00014143234426998528
11,74.88572609194853,0.0001356729129469245
11,75.90457950816551,0.0001307257201470738
11,76.9234329243825,0.00012722851538855752
11,77.94228634059948,0.00012096863733967836
11,78.96113975681646,0.00011837320199479083
11,79.97999317303345,0.00011441621183250661
11,80.99884658925043,0.00011070927481470185
11,82.01770000546742,0.00010706912644874694
11,83.03655342168442,0.00010292564811411268
11,84.0554068379014,0.00010248219744724319
11,85.07426025411839,9.799694752996244e-05
11,86.09311367033537,9.769030360707307e-05
11,87.11196708655235,9.452281377115596e-05
11,88.13082050276935,9.290621654481376e-05
11,89.14967391898634,9.04359049448916e-05
11,90.16852733520332,8.925582853067031e-05
11,91.1873807514203,8.840999413258371e-05
11,92.20623416763729,8.825923509153128e-05
11,93.22508758385428,8.670787164857023e-05
11,94.24394100007126,8.298737329602065e-05
11,95.26279441628826,8.497011261435108e-05
11,96.28164783250524,8.164414497097981e-05
11,97.30050124872223,8.334261529608682e-05
11,98.31935466493921,8.054288530583754e-05
11,99.3382080811562,7.963774480074065e-05
11,100.35706149737318,8.0441082414083e-05
11,101.37591491359018,7.74435612987371e-05
11,102.39476832980716,7.737779098476151e-05
11,103.41362174602415,7.685052187450163e-05
11,104.43247516224113,7.659837842500149e-05
11,105.45132857845812,7.690344643969475e-05
11,106.4701819946751,7.507659855117706e-05
11,107.48903541089209,7.592044691538146e-05
11,108.50788882710908,7.362520311041729e-05
11,109.52674224332607,7.485522244012974e-05
11,110.54559565954305,7.370669084688361e-05
11,111.56444907576004,7.341946671723694e-05
11,112.58330249197702,7.237274616556966e-05
11,113.60215590819402,7.307425087561705e-05
11,114.621009324411,7.169354440050831e-05
11,115.63986274062799,7.17840660491675e-05
11,116.65871615684497,7.03611560137452e-05
11,117.67756957306196,7.088045556282872e-05
11,118.69642298927894,6.930304878127532e-05
11,119.71527640549593,6.886863132252539e-05
11,120.73412982171291,6.843820023820115e-05
11,121.75298323792991,6.785879046186494e-05
11,122.7718366541469,6.690436520367548e-05
11,123.79069007036388,6.63292974701587e-05
11,124.80954348658086,6.45278240294372e-05
11,125.82839690279785,6.435477333850445e-05
11,126.84725031901485,6.299895739390073e-05
11,127.86610373523183,6.14120690297663e-05
11,128.88495715144882,6.103665716448322e-05
11,129.9038105676658,5.943042030863235e-05
11,130.92266398388279,5.86529066709197e-05
11,131.94151740009977,5.7863635887004204e-05
11,132.96037081631675,5.740243462198624e-05
11,133.97922423253374,5.598714595884187e-05
11,134.99807764875072,5.551813719861964e-05
11,136.0169310649677,5.438392410418712e-05
11,137.0357844811847,5.384161153897819e-05
11,138.0546378974017,5.1912355642924385e-05
11,139.0734913136187,5.252912496266414e-05
11,140.09234472983567,5.073807691659022e-05
11,141.11119814605266,5.073841225374078e-05
11,142.13005156226964,4.996157429252497e-05
11,143.14890497848663,4.870355255194521e-05
11,144.1677583947036,4.808874360850392e-05
11,145.1866118109206,4.726346150362242e-05
11,146.20546522713758,4.678245316198536e-05
11,147.22431864335456,4.5775535416623094e-05
11,148.24317205957155,4.534273450535993e-05
11,149.26202547578853,4.439353919467523e-05
11,150.28087889200555,4.399215809517298e-05
11,151.29973230822253,4.364992000366037e-05
11,152.31858572443952,4.270797108055431e-05
11,153.3374391406565,4.241660221493572e-05
11,154.35629255687348,4.197384813535263e-05
11,155.37514597309047,4.142410696614473e-05
11,156.39399938930745,4.0594941129116646e-05
11,157.41285280552444,3.991924547196705e-05
11,158.43170622174142,3.926962961849123e-05
11,159.4505596379584,3.892350884815174e-05
11,160.4694130541754,3.832978292275104e-05
11,161.48826647039238,3.812134439239963e-05
11,162.50711988660936,3.7628001116937603e-05
11,163.52597330282634,3.670219352537698e-05
11,164.54482671904336,3.61061448870554e-05
11,165.56368013526034,3.572074850801345e-05
11,166.58253355147733,3.520286570254292e-05
11,167.6013869676943,3.50973192840785e-05
11,168.6202403839113,3.438922148868322e-05
11,169.63909380012828,3.425705734136594e-05
11,170.65794721634526,3.343654203471556e-05
11,171.67680063256225,3.297759651775243e-05
11,172.69565404877923,3.25615006257821e-05
11,173.71450746499622,3.235878312074958e-05
11,174.7333608812132,3.219682438257334e-05
11,175.7522142974302,3.160928153260797e-05
11,176.7710677136472,3.097381403505804e-05
11,177.78992112986418,3.0792615077391335e-05
11,178.80877454608117,3.0387663761368178e-05
11,179.82762796229815,2.9864576308300077e-05
11,180.84648137851514,2.995651392407733e-05
11,181.86533479473212,2.937983102538513e-05
11,182.8841882109491,2.9035477704346033e-05
11,183.9030416271661,2.879603763358447e-05
11,184.92189504338307,2.8744612061037752e-05
11,185.94074845960006,2.8535210240548546e-05
11,186.95960187581704,2.8153819946953867e-05
11,187.97845529203403,2.8138750712620683e-05
11,188.997308708251,2.7958748873702286e-05
11,190.01616212446802,2.8012961901912623e-05
11,191.035015540685,2.7919545202421232e-05
11,192.053868956902,2.7580636044142776e-05
11,193.07272237311898,2.7727785999737075e-05
11,194.09157578933596,2.774600508976484e-05
11,195.11042920555295,2.759736622153504e-05
11,196.12928262176993,2.7320258927187748e-05
11,197.14813603798692,2.7197527982905423e-05
11,198.1669894542039,2.694423982593198e-05
11,199.18584287042088,2.713684728740471e-05
11,200.20469628663787,2.680678286612961e-05
11,201.22354970285485,2.6691175211378615e-05
11,202.24240311907187,2.649517964718786e-05
11,203.26125653528885,2.6521668069645275e-05
11,204.28010995150584,2.622510184228401e-05
11,205.29896336772282,2.6235880575586368e-05
11,206.3178167839398,2.5904047330881376e-05
11,207.3366702001568,2.5710951574237155e-05
11,208.35552361637377,2.577277627936491e-05
11,209.37437703259076,2.56766208365495e-05
11,210.39323044880774,2.538340976028926e-05
11,211.41208386502473,2.5282017829329033e-05
11,212.4309372812417,2.5023558427352046e-05
11,213.4497906974587,2.4779739947876464e-05
11,214.46864411367568,2.4597751335324145e-05
11,215.48749752989266,2.4525713476753992e-05
11,216.50635094610968,2.4396054596504582e-05
11,217.52520436232666,2.430361649353319e-05
11,218.54405777854365,2.409395474066686e-05
11,219.56291119476063,2.3857018139193685e-05
11,220.58176461097761,2.38594959390443e-05
11,221.6006180271946,2.3490534311159262e-05
11,222.61947144341158,2.3474773155531912e-05
11,223.63832485962857,2.2970778246746007e-05
11,224.65717827584555,2.3048127845604725e-05
11,225.67603169206254,2.27691562112309e-05
11,226.69488510827952,2.2632897424671772e-05
11,227.71373852449653,2.2260777439600358e-05
11,228.73259194071352,2.212814465564549e-05
11,229.7514453569305,2.1822055227171854e-05
11,230.7702987731475,2.1689359674742486e-05
11,231.78915218936447,2.1359572751294936e-05
11,232.80800560558146,2.1199530228119703e-05
11,233.82685902179844,2.0878791822063744e-05
11,234.84571243801543,2.094504723202632e-05
11,235.8645658542324,2.058060384544577e-05
11,236.8834192704494,2.060014124129049e-05
11,237.90227268666638,2.019678125371723e-05
11,238.92112610288336,2.018538111868865e-05
11,239.93997951910035,1.9738128909265373e-05
11,240.95883293531733,1.9563359123592272e-05
11,241.97768635153435,1.9145696815232906e-05
11,242.99653976775133,1.897419450923845e-05
11,244.0153931839683,1.860412318382354e-05
11,245.0342466001853,1.8344672972738008e-05
11,246.05310001640228,1.8010266486088322e-05
11,247.07195343261927,1.7822958421877523e-05
11,248.09080684883625,1.7540221267073723e-05
11,249.10966026505324,1.7252704336616354e-05
11,250.12851368127022,1.706790781174748e-05
11,251.1473670974872,1.6765706042926638e-05
11,252.1662205137042,1.6392341622346268e-05
11,253.18507392992117,1.6293317187375718e-05
11,254.2039273461382,1.5958695813304898e-05
11,255.22278076235517,1.5655131929033902e-05
11,256.24163417857216,1.5298595187563024e-05
11,257.26048759478914,1.5208900917837403e-05
11,258.2793410110061,1.4875621456869358e-05
11,259.2981944272231,1.4645289599710931e-05
11,260.3170478434401,1.4400282992202793e-05
11,261.3359012596571,1.415037321300039e-05
11,262.35475467587406,1.3943925223543935e-05
11,263.37360809209105,1.3642711787122431e-05
11,264.39246150830803,1.3470259851502974e-05
11,265.411314924525,1.3130220402769862e-05
11,266.430168340742,1.3000406107713968e-05
11,267.449021756959,1.2653620514826788e-05
11,268.46787517317597,1.2469541872796707e-05
11,269.48672858939295,1.2223599068631798e-05
11,270.50558200560994,1.2027253477969351e-05
11,271.5244354218269,1.1756522669277173e-05
11,272.5432888380439,1.160547741720886e-05
11,273.56214225426095,1.1382631469414014e-05
11,274.58099567047793,1.1098816370219016e-05
11,275.5998490866949,1.0938701818052954e-05
11,276.6187025029119,1.0675341723222492e-05
11,277.6375559191289,1.0558813506986058e-05
11,278.65640933534587,1.0321413818159823e-05
11,279.67526275156285,1.0071009920192101e-05
11,280.69411616777984,9.887029535478212e-06
11,281.7129695839968,9.635646741253603e-06
11,282.7318230002138,9.43853258491609e-06
11,283.7506764164308,9.165973237761485e-06
11,284.7695298326478,8.992827432270908e-06
11,285.78838324886476,8.829134832381876e-06
11,286.80723666508175,8.657416842755626e-06
11,287.82609008129873,8.451842021243724e-06
11,288.8449434975157,8.313203097500208e-06
11,289.8637969137327,8.147249798924203e-06
11,290.8826503299497,8.041123338762782e-06
11,291.90150374616667,7.813676617256204e-06
11,292.92035716238365,7.711970170861453e-06
11,293.93921057860064,7.539183077738715e-06
11,294.9580639948176,7.3959838535740204e-06
11,295.9769174110346,7.210524591714823e-06
11,296.9957708272516,7.064924937634728e-06
11,298.0146242434686,6.868570796963778e-06
11,299.03347765968556,6.738925594905761e-06
11,300.05233107590254,6.596580605827268e-06
11,301.0711844921196,6.470097981402707e-06
11,302.09003790833657,6.2779405235331575e-06
11,303.10889132455355,6.1336946524031274e-06
11,304.12774474077054,5.980559552735539e-06
11,305.1465981569875,5.885921746407015e-06
11,306.1654515732045,5.715300189385745e-06
11,307.1843049894215,5.621602221074549e-06
11,308.2031584056385,5.507419214989221e-06
11,309.22201182185546,5.3442677583933765e-06
11,310.24086523807244,5.2120408531208116e-06
11,311.25971865428943,5.055675628683576e-06
11,312.2785720705064,4.975300765463872e-06
11,313.2974254867234,4.832168169265499e-06
11,314.3162789029404,4.702817746566252e-06
11,315.33513231915737,4.6044209986413095e-06
11,316.35398573537435,4.483107108733237e-06
11,317.37283915159134,4.391950601776414e-06
11,318.3916925678083,4.249139653649531e-06
11,319.4105459840253,4.1815316373032615e-06
11,320.4293994002423,4.0806770420176734e-06
11,321.4482528164593,3.956474869836556e-06
11,322.46710623267626,3.8655882414772835e-06
11,323.48595964889324,3.7536919265298025e-06
11,324.5048130651102,3.655037326334324e-06
11,325.5236664813272,3.565313913556011e-06
11,326.54251989754425,3.468171755834191e-06
11,327.56137331376124,3.3779050914929904e-06
11,328.5802267299782,3.255828999862655e-06
11,329.5990801461952,3.188583750642637e-06
11,330.6179335624122,3.0728729348161706e-06
11,331.6367869786292,2.990794052678586e-06
11,332.65564039484616,2.8861109773870404e-06
11,333.67449381106314,2.801591836509469e-06
11,334.6933472272801,2.7201283383061407e-06
11,335.7122006434971,2.6493260918839675e-06
11,336.7310540597141,2.571679350658082e-06
11,337.7499074759311,2.4958272576469023e-06
11,338.76876089214807,2.4205044698466835e-06
11,339.78761430836505,2.353859266971305e-06
11,340.80646772458203,2.273620467261005e-06
11,341.825321140799,2.214487697045533e-06
11,342.844174557016,2.1425939622094682e-06
11,343.863027973233,2.070582892842886e-06
11,344.88188138945,2.0026792805373743e-06
11,345.90073480566696,1.9361919687362617e-06
11,346.91958822188394,1.8759118401343992e-06
11,347.9384416381009,1.8179643465040842e-06
11,348.9572950543179,1.7503571841554698e-06
11,349.9761484705349,1.6981221757840946e-06
11,350.9950018867519,1.6422093302763615e-06
11,352.01385530296886,1.5889630325161045e-06
11,353.0327087191859,1.5307564900008987e-06
11,354.0515621354029,1.4873330815734284e-06
11,355.0704155516199,1.4418935603891477e-06
11,356.08926896783686,1.3931034537754896e-06
11,357.10812238405384,1.3495641611431635e-06
11,358.1269758002708,1.298572908043205e-06
11,359.1458292164878,1.2599862930160809e-06
11,360.1646826327048,1.2214185287693905e-06
11,361.1835360489218,1.178528333584168e-06
11,362.20238946513876,1.136823804413043e-06
11,363.22124288135575,1.1043358526927948e-06
11,364.24009629757273,1.0696349730329684e-06
11,365.2589497137897,1.0292746624817225e-06
11,366.2778031300067,9.935372148449156e-07
11,367.2966565462237,9.5971061870617e-07
11,368.3155099624407,9.219590792456907e-07
11,369.33436337865766,8.938260378442034e-07
11,370.35321679487464,8.61419746118442e-07
11,371.3720702110916,8.286141189823185e-07
11,372.3909236273086,7.983944579834451e-07
11,373.4097770435256,7.691561320644627e-07
11,374.4286304597426,7.39283530284253e-07
11,375.44748387595956,7.13820825894145e-07
11,376.46633729217655,6.894660800620759e-07
11,377.48519070839353,6.635384054660902e-07
11,378.5040441246106,6.377748397095439e-07
11,379.52289754082756,6.115009129750364e-07
11,380.54175095704454,5.891238447735977e-07
11,381.5606043732615,5.696530406293588e-07
11,382.5794577894785,5.452654006768643e-07
11,383.5983112056955,5.247708197962555e-07
11,384.6171646219125,5.071461330274273e-07
11,385.63601803812946,4.90701589160505e-07
11,386.65487145434645,4.693288155619658e-07
11,387.67372487056343,4.508373973795005e-07
11,388.6925782867804,4.3425535002368843e-07
11,389.7114317029974,4.150186545640391e-07
11,390.7302851192144,4.007394766925792e-07
11,391.74913853543137,3.8297706103542587e-07
11,392.76799195164836,3.666155449504044e-07
11,393.78684536786534,3.510277480461694e-07
11,394.8056987840823,3.3542441130370814e-07
11,395.8245522002993,3.2099691902048694e-07
11,396.8434056165163,3.075637613832939e-07
11,397.8622590327333,2.9386332163600685e-07
11,398.88111244895026,2.814454495673489e-07
11,399.89996586516725,2.68344387113085e-07
11,400.91881928138423,2.567785674623274e-07
11,401.9376726976012,2.453535846047364e-07
11,402.9565261138182,2.3495862831303453e-07
11,403.9753795300352,2.2352982272567174e-07
11,404.9942329462522,2.1383388982461882e-07
11,406.0130863624692,2.0283748272277846e-07
11,407.0319397786862,1.9414244462653162e-07
11,408.0507931949032,1.8477807153586301e-07
11,409.06964661112016,1.7611058418740359e-07
11,410.08850002733715,1.6758829248797558e-07
11,411.10735344355413,1.594484049580529e-07
11,412.1262068597711,1.5162724715768747e-07
11,413.1450602759881,1.445029329338427e-07
11,414.1639136922051,1.3679124630554484e-07
11,415.18276710842207,1.2996351815156253e-07
11,416.20162052463905,1.2424352131749997e-07
11,417.22047394085604,1.174680586239002e-07
11,418.239327357073,1.1178229490660653e-07
11,419.25818077329,1.0552856427816273e-07
11,420.277034189507,1.0039148152897904e-07
11,421.295887605724,9.525808935754045e-08
11,422.31474102194096,9.062501269662741e-08
11,423.33359443815795,8.586078424501107e-08
11,424.35244785437493,8.100569127613206e-08
11,425.3713012705919,7.724267243930869e-08
11,426.3901546868089,7.313938959810475e-08
11,427.4090081030259,6.936343494084741e-08
11,428.42786151924287,6.593114950506627e-08
11,429.44671493545985,6.291041157121057e-08
11,430.4655683516769,5.976180478705118e-08
11,431.4844217678939,5.672891170297157e-08
11,432.50327518411086,5.37086230278187e-08
11,433.52212860032785,5.132652180514571e-08
11,434.54098201654483,4.862261321634793e-08
11,435.5598354327618,4.599219059060721e-08
11,436.5786888489788,4.3328309514029116e-08
11,437.5975422651958,4.115997709584869e-08
11,438.61639568141277,3.913865895426709e-08
11,439.63524909762975,3.6944043239406776e-08
11,440.65410251384674,3.486811797660793e-08
11,441.6729559300637,3.312691388817626e-08
11,442.6918093462807,3.132768091241651e-08
11,443.7106627624977,2.965955871399716e-08
11,444.7295161787147,2.8137285009305018e-08
11,445.74836959493166,2.665197622653019e-08
11,446.76722301114864,2.515085414638079e-08
11,447.78607642736563,2.3782401794468054e-08
11,448.8049298435826,2.2400529838223608e-08
11,449.8237832597996,2.1028500360431546e-08
11,450.8426366760166,1.9938344749135288e-08
11,451.86149009223357,1.875169568014261e-08
11,452.88034350845055,1.7632699742055717e-08
11,453.89919692466754,1.6674241271416748e-08
11,454.9180503408845,1.5728405939933397e-08
11,455.9369037571015,1.4757512673041288e-08
11,456.95575717331855,1.3939908421971489e-08
11,457.97461058953553,1.310541730288975e-08
11,458.9934640057525,1.2342460562296021e-08
11,460.0123174219695,1.1507295071059184e-08
11,461.0311708381865,1.0761251813490277e-08
11,462.05002425440347,1.0169569609956577e-08
11,463.06887767062045,9.601443374819573e-09
11,464.08773108683744,9.065010548753386e-09
11,465.1065845030544,8.551467535635614e-09
11,466.1254379192714,7.952546156778208e-09
11,467.1442913354884,7.587888230909982e-09
11,468.1631447517054,7.110270162489723e-09
11,469.18199816792236,6.705481448414961e-09
11,470.20085158413934,6.2714531768513895e-09
11,471.2197050003563,5.925175259471134e-09
11,472.2385584165733,5.566692574337695e-09
11,473.2574118327903,5.213368251132053e-09
11,474.2762652490073,4.869926904435517e-09
11,475.29511866522427,4.5714390963780766e-09
11,476.31397208144125,4.270455105631871e-09
11,477.33282549765823,4.031426535976336e-09
11,478.3516789138752,3.7594685027562175e-09
11,479.3705323300922,3.5104199757725147e-09
11,480.3893857463092,3.2843035094725082e-09
11,481.4082391625262,3.094080025834727e-09
11,482.4270925787432,2.8856656780537725e-09
11,483.4459459949602,2.6908702606637737e-09
11,484.4647994111772,2.505579726006579e-09
11,485.48365282739417,2.356142966661754e-09
11,486.50250624361115,2.209207374157047e-09
11,487.52135965982814,2.0676991588977076e-09
11,488.5402130760451,1.9356893300246484e-09
11,489.5590664922621,1.8107485964280595e-09
11,490.5779199084791,1.7010705469795314e-09
11,491.5967733246961,1.5805686928289833e-09
11,492.61562674091306,1.4783265819627783e-09
11,493.63448015713004,1.3824179545732345e-09
11,494.653333573347,1.2931953717312633e-09
11,495.672186989564,1.2102241982902519e-09
11,496.691040405781,1.120583616577607e-09
11,497.709893821998,1.0510568683291537e-09
11,498.72874723821496,9.852608802393682e-10
11,499.74760065443195,9.185932582535874e-10
11,500.76645407064893,8.53639355043085e-10
11,501.7853074868659,7.925333762535882e-10
11,502.8041609030829,7.433881179853335e-10
11,503.8230143192999,6.901488451547872e-10
11,504.84186773551687,6.390534441947789e-10
11,505.86072115173386,5.957132004191239e-10
11,506.87957456795084,5.539605671918933e-10
11,507.8984279841678,5.168274135586848e-10
11,508.9172814003848,4.804148146489178e-10
11,509.93613481660185,4.4444633886004744e-10
11,510.95498823281883,4.1379745020082474e-10
11,511.9738416490358,3.854772258440752e-10
11,512.9926950652527,3.5742553555634104e-10
11,514.0115484814698,3.309260032370881e-10
11,515.0304018976867,3.057867811057522e-10
11,516.0492553139038,2.8380082594048626e-10
11,517.0681087301207,2.6314072689053195e-10
11,518.0869621463378,2.29785863433252e-10
11,519.1058155625547,2.11328443526747e-10
11,520.1246689787718,1.9612276358316948e-10
11,521.1435223949886,1.4054745925067446e-10
12,0.5094267081084933,0.041795665208337565
12,1.52828012432548,0.1284953308493855
12,2.5471335405424664,0.059682566956026833
12,3.5659869567594535,0.02183716554798717
12,4.58484037297644,0.01623098217241707
12,5.603693789193427,0.011376404233873006
12,6.622547205410413,0.007696488280993365
12,7.6414006216274,0.0076857445995103905
12,8.660254037844386,0.005633785176006555
12,9.679107454061374,0.003982519188951417
12,10.69796087027836,0.0033678681875676554
12,11.716814286495346,0.0026947894564328086
12,12.735667702712334,0.00253492667132346
12,13.75452111892932,0.0023306551822391314
12,14.773374535146306,0.0022675632443781954
12,15.792227951363294,0.0019470700803402153
12,16.81108136758028,0.0017827071560451574
12,17.829934783797267,0.0015089943785054905
12,18.848788200014255,0.0014851789492510003
12,19.86764161623124,0.0012484111236161456
12,20.886495032448224,0.0010918519757426922
12,21.905348448665215,0.0010941683730168166
12,22.9242018648822,0.001028813299514356
12,23.943055281099184,0.0009383983926809508
12,24.961908697316176,0.0009276520920903348
12,25.98076211353316,0.000986184846067226
12,26.999615529750145,0.0009259660703280542
12,28.018468945967136,0.000904721492912596
12,29.03732236218412,0.0008932723389761623
12,30.056175778401105,0.0008254560757872943
12,31.075029194618093,0.0007585362899664646
12,32.09388261083508,0.0007276265540387434
12,33.112736027052065,0.0006644715683997987
12,34.13158944326905,0.0005805032245448163
12,35.15044285948604,0.0005553467495518028
12,36.169296275703026,0.00048718188234584374
12,37.18814969192002,0.0004798675299133177
12,38.207003108137,0.000423838619581399
12,39.225856524353986,0.0004059433424684496
12,40.24470994057097,0.0003867534679103521
12,41.263563356787955,0.00038256721909729825
12,42.28241677300495,0.0003841711023289732
12,43.30127018922193,0.0003523421612670952
12,44.32012360543892,0.00036684315887206134
12,45.33897702165591,0.0003476726225020964
12,46.35783043787289,0.0003456635938859335
12,47.376683854089876,0.0003332245485426472
12,48.39553727030687,0.00033366740419890265
12,49.41439068652385,0.0003361251868082621
12,50.433244102740844,0.00032808044112087915
12,51.45209751895783,0.00033618490773231304
12,52.47095093517481,0.00033196754432083836
12,53.4898043513918,0.00032950434236376586
12,54.50865776760879,0.00032408065605958933
12,55.52751118382577,0.0003274420477737522
12,56.546364600042764,0.00032071513887600847
12,57.56521801625975,0.0003048798227172657
12,58.58407143247673,0.0003023872253997868
12,59.60292484869372,0.00028710525875869504
12,60.6217782649107,0.0002904297909979124
12,61.640631681127694,0.0002716493738985514
12,62.65948509734468,0.0002692547324496719
12,63.67833851356167,0.000251851236235185
12,64.69719192977865,0.0002503381549984766
12,65.71604534599564,0.00023955390380938802
12,66.73489876221262,0.00022651368899993143
12,67.75375217842961,0.00021392385531664667
12,68.77260559464659,0.00020751778683064887
12,69.79145901086359,0.00020317884925730607
12,70.81031242708058,0.00019002630766597233
12,71.82916584329756,0.00017990093928817999
12,72.84801925951454,0.00017554401083319878
12,73.86687267573153,0.00016422897992768442
12,74.88572609194853,0.00015584643403782677
12,75.90457950816551,0.00014706768548999825
12,76.9234329243825,0.00014283798147606046
12,77.94228634059948,0.00013645344914978733
12,78.96113975681646,0.00013187686908817944
12,79.97999317303345,0.00012534234257475613
12,80.99884658925043,0.0001223995979301827
12,82.01770000546742,0.0001187595304117211
12,83.03655342168442,0.00011259543015430686
12,84.0554068379014,0.00011347625520614167
12,85.07426025411839,0.00010820259017164844
12,86.09311367033537,0.00010814201795160652
12,87.11196708655235,0.00010514489699999843
12,88.13082050276935,0.00010429488304739687
12,89.14967391898634,0.00010301281582739408
12,90.16852733520332,0.00010223196854470764
12,91.1873807514203,0.0001028244553352733
12,92.20623416763729,0.00010245638994326315
12,93.22508758385428,0.0001022603624307426
12,94.24394100007126,9.700478139946986e-05
12,95.26279441628826,9.954509836323055e-05
12,96.28164783250524,9.657617427050443e-05
12,97.30050124872223,9.817938416931616e-05
12,98.31935466493921,9.561753995133239e-05
12,99.3382080811562,9.628256502820814e-05
12,100.35706149737318,9.684058232762655e-05
12,101.37591491359018,9.353011924053679e-05
12,102.39476832980716,9.423541663096319e-05
12,103.41362174602415,9.319773926576886e-05
12,104.43247516224113,9.291518106306636e-05
12,105.45132857845812,9.22520364645232e-05
12,106.4701819946751,9.003208889439714e-05
12,107.48903541089209,9.046915057090049e-05
12,108.50788882710908,8.904204803617682e-05
12,109.52674224332607,9.029145389521619e-05
12,110.54559565954305,8.814781301417544e-05
12,111.56444907576004,8.730172525471006e-05
12,112.58330249197702,8.652529301401263e-05
12,113.60215590819402,8.593048566919063e-05
12,114.621009324411,8.426914922258377e-05
12,115.63986274062799,8.215375773422973e-05
12,116.65871615684497,8.136836856288901e-05
12,117.67756957306196,8.121580769567219e-05
12,118.69642298927894,8.155698689128441e-05
12,119.71527640549593,8.078671396835871e-05
12,120.73412982171291,8.112857418560695e-05
12,121.75298323792991,8.008865738851305e-05
12,122.7718366541469,7.838454802565407e-05
12,123.79069007036388,7.742032049367255e-05
12,124.80954348658086,7.566597481348735e-05
12,125.82839690279785,7.507615317980188e-05
12,126.84725031901485,7.285253707401224e-05
12,127.86610373523183,7.13756930316009e-05
12,128.88495715144882,7.079351316571223e-05
12,129.9038105676658,6.928805665767583e-05
12,130.92266398388279,6.71803244026439e-05
12,131.94151740009977,6.580954859231939e-05
12,132.96037081631675,6.431758370245588e-05
12,133.97922423253374,6.240639953161958e-05
12,134.99807764875072,6.0986375522158015e-05
12,136.0169310649677,5.921161556536778e-05
12,137.0357844811847,5.8362545685807394e-05
12,138.0546378974017,5.597192941568386e-05
12,139.0734913136187,5.5881583824588265e-05
12,140.09234472983567,5.3695973464799316e-05
12,141.11119814605266,5.2719741338646525e-05
12,142.13005156226964,5.165560037385597e-05
12,143.14890497848663,4.9986346071787e-05
12,144.1677583947036,4.885226801081806e-05
12,145.1866118109206,4.7151372070717955e-05
12,146.20546522713758,4.599647471029295e-05
12,147.22431864335456,4.4170446874527974e-05
12,148.24317205957155,4.3277177816669815e-05
12,149.26202547578853,4.172417926891001e-05
12,150.28087889200555,4.0666803296704294e-05
12,151.29973230822253,3.984196937372733e-05
12,152.31858572443952,3.8717383124193675e-05
12,153.3374391406565,3.788637393410921e-05
12,154.35629255687348,3.70332124074759e-05
12,155.37514597309047,3.605244124992302e-05
12,156.39399938930745,3.516545717626874e-05
12,157.41285280552444,3.47461281710232e-05
12,158.43170622174142,3.363064360813721e-05
12,159.4505596379584,3.301213991792932e-05
12,160.4694130541754,3.219195939573462e-05
12,161.48826647039238,3.138526644303822e-05
12,162.50711988660936,3.080984153103963e-05
12,163.52597330282634,2.9881171324709916e-05
12,164.54482671904336,2.9356095749247643e-05
12,165.56368013526034,2.8894203536214245e-05
12,166.58253355147733,2.8543184718497928e-05
12,167.6013869676943,2.8056454315711604e-05
12,168.6202403839113,2.7597165161745354e-05
12,169.63909380012828,2.7571211761054137e-05
12,170.65794721634526,2.6663245122681537e-05
12,171.67680063256225,2.6626709342347714e-05
12,172.69565404877923,2.6269224404396932e-05
12,173.71450746499622,2.624351430205185e-05
12,174.7333608812132,2.593926671245456e-05
12,175.7522142974302,2.563421488543753e-05
12,176.7710677136472,2.5441247733820693e-05
12,177.78992112986418,2.5325565506827447e-05
12,178.80877454608117,2.5246601803832386e-05
12,179.82762796229815,2.4936155226805493e-05
12,180.84648137851514,2.5142368843469508e-05
12,181.86533479473212,2.4617182235038944e-05
12,182.8841882109491,2.4591780387870653e-05
12,183.9030416271661,2.4387618919579828e-05
12,184.92189504338307,2.430850514948281e-05
12,185.94074845960006,2.4213672450645243e-05
12,186.95960187581704,2.4074287741388462e-05
12,187.97845529203403,2.3949316371702423e-05
12,188.997308708251,2.3747959377178877e-05
12,190.01616212446802,2.3632104435382478e-05
12,191.035015540685,2.3612780513077127e-05
12,192.053868956902,2.339426891079863e-05
12,193.07272237311898,2.3420667413425845e-05
12,194.09157578933596,2.324089917205828e-05
12,195.11042920555295,2.330289565268251e-05
12,196.12928262176993,2.298669418897023e-05
12,197.14813603798692,2.2764185508878388e-05
12,198.1669894542039,2.2616264128093422e-05
12,199.18584287042088,2.2683686093995723e-05
12,200.20469628663787,2.257669826038369e-05
12,201.22354970285485,2.2482966032910064e-05
12,202.24240311907187,2.250026318900424e-05
12,203.26125653528885,2.241854105166136e-05
12,204.28010995150584,2.241098621826013e-05
12,205.29896336772282,2.2502628083085252e-05
12,206.3178167839398,2.225417006958521e-05
12,207.3366702001568,2.191609373347671e-05
12,208.35552361637377,2.207771510843412e-05
12,209.37437703259076,2.1740984083822055e-05
12,210.39323044880774,2.164805883772986e-05
12,211.41208386502473,2.144872068297944e-05
12,212.4309372812417,2.1330398893776185e-05
12,213.4497906974587,2.1276113549387206e-05
12,214.46864411367568,2.107994471974824e-05
12,215.48749752989266,2.0863435323332466e-05
12,216.50635094610968,2.0836939107896375e-05
12,217.52520436232666,2.0817011947823418e-05
12,218.54405777854365,2.06465770643574e-05
12,219.56291119476063,2.053240543086861e-05
12,220.58176461097761,2.0545888931246836e-05
12,221.6006180271946,2.025107241579934e-05
12,222.61947144341158,2.0320719578791232e-05
12,223.63832485962857,2.0168353123982425e-05
12,224.65717827584555,2.0360324278082954e-05
12,225.67603169206254,2.0200189245328673e-05
12,226.69488510827952,2.0341285281874554e-05
12,227.71373852449653,2.011511451904673e-05
12,228.73259194071352,2.0263125065807607e-05
12,229.7514453569305,2.005941877055154e-05
12,230.7702987731475,2.000637253276223e-05
12,231.78915218936447,1.982217116903689e-05
12,232.80800560558146,1.9834135285322387e-05
12,233.82685902179844,1.9679377671818934e-05
12,234.84571243801543,1.9746660971618062e-05
12,235.8645658542324,1.953036796531247e-05
12,236.8834192704494,1.952043769644588e-05
12,237.90227268666638,1.916462044173947e-05
12,238.92112610288336,1.9209429391803257e-05
12,239.93997951910035,1.8852510357817505e-05
12,240.95883293531733,1.8839526265410912e-05
12,241.97768635153435,1.8517274764011852e-05
12,242.99653976775133,1.8503624663307705e-05
12,244.0153931839683,1.8234556510361037e-05
12,245.0342466001853,1.8064899781792875e-05
12,246.05310001640228,1.774977953045826e-05
12,247.07195343261927,1.7596755857305276e-05
12,248.09080684883625,1.7464210709797e-05
12,249.10966026505324,1.7225767011896723e-05
12,250.12851368127022,1.7139512305798813e-05
12,251.1473670974872,1.6817020783864872e-05
12,252.1662205137042,1.6520991363330238e-05
12,253.18507392992117,1.6619564321162812e-05
12,254.2039273461382,1.6320502292956407e-05
12,255.22278076235517,1.6068706863112313e-05
12,256.24163417857216,1.5781734745919695e-05
12,257.26048759478914,1.564693297904752e-05
12,258.2793410110061,1.5362212264247377e-05
12,259.2981944272231,1.5138023360293822e-05
12,260.3170478434401,1.4970613308302772e-05
12,261.3359012596571,1.475505285090041e-05
12,262.35475467587406,1.4529710563959264e-05
12,263.37360809209105,1.4318236946124367e-05
12,264.39246150830803,1.4206530828183194e-05
12,265.411314924525,1.3958939701561606e-05
12,266.430168340742,1.3916789927712668e-05
12,267.449021756959,1.3584997371746872e-05
12,268.46787517317597,1.3550721570429242e-05
12,269.48672858939295,1.330898727882755e-05
12,270.50558200560994,1.3119017356167277e-05
12,271.5244354218269,1.2913460041851862e-05
12,272.5432888380439,1.2720883414693278e-05
12,273.56214225426095,1.2519012691039527e-05
12,274.58099567047793,1.2136208778321322e-05
12,275.5998490866949,1.1988132284244195e-05
12,276.6187025029119,1.1746732818414768e-05
12,277.6375559191289,1.1592717230853664e-05
12,278.65640933534587,1.1403989371488826e-05
12,279.67526275156285,1.1113306066654533e-05
12,280.69411616777984,1.0980175151648449e-05
12,281.7129695839968,1.072600461636218e-05
12,282.7318230002138,1.0548974717087411e-05
12,283.7506764164308,1.0241030396921516e-05
12,284.7695298326478,1.0072737871081568e-05
12,285.78838324886476,9.8771868771705e-06
12,286.80723666508175,9.664376231411234e-06
12,287.82609008129873,9.449247179773429e-06
12,288.8449434975157,9.28856877179512e-06
12,289.8637969137327,9.144436759135054e-06
12,290.8826503299497,8.935942342811508e-06
12,291.90150374616667,8.731099005424339e-06
12,292.92035716238365,8.576903418260818e-06
12,293.93921057860064,8.395178487671366e-06
12,294.9580639948176,8.201823311932854e-06
12,295.9769174110346,8.021971585308348e-06
12,296.9957708272516,7.852159264784919e-06
12,298.0146242434686,7.665474393249212e-06
12,299.03347765968556,7.51009264527745e-06
12,300.05233107590254,7.339051528024327e-06
12,301.0711844921196,7.189630117454019e-06
12,302.09003790833657,6.975306387186406e-06
12,303.10889132455355,6.80613709645895e-06
12,304.12774474077054,6.6960612957312936e-06
12,305.1465981569875,6.548469054216508e-06
12,306.1654515732045,6.375154053452802e-06
12,307.1843049894215,6.210601063234868e-06
12,308.2031584056385,6.094468722269613e-06
12,309.22201182185546,5.952193315321317e-06
12,310.24086523807244,5.813072153456632e-06
12,311.25971865428943,5.669325944004461e-06
12,312.2785720705064,5.59223520517459e-06
12,313.2974254867234,5.437029489076534e-06
12,314.3162789029404,5.295310454409075e-06
12,315.33513231915737,5.202258004041448e-06
12,316.35398573537435,5.074005606867301e-06
12,317.37283915159134,4.955784685019536e-06
12,318.3916925678083,4.798895496398201e-06
12,319.4105459840253,4.699427911586706e-06
12,320.4293994002423,4.591925846399435e-06
12,321.4482528164593,4.4408264726759215e-06
12,322.46710623267626,4.31663258629525e-06
12,323.48595964889324,4.2057677603527955e-06
12,324.5048130651102,4.075470146742505e-06
12,325.5236664813272,3.952402951330531e-06
12,326.54251989754425,3.831925014401645e-06
12,327.56137331376124,3.742211541582707e-06
12,328.5802267299782,3.601955553968993e-06
12,329.5990801461952,3.5199064616585076e-06
12,330.6179335624122,3.4036393575849002e-06
12,331.6367869786292,3.3191293656783775e-06
12,332.65564039484616,3.2200685027512252e-06
12,333.67449381106314,3.1278367886294103e-06
12,334.6933472272801,3.027657995074755e-06
12,335.7122006434971,2.937767549693461e-06
12,336.7310540597141,2.840748638561944e-06
12,337.7499074759311,2.738480456437701e-06
12,338.76876089214807,2.6479778771756645e-06
12,339.78761430836505,2.5641801687065813e-06
12,340.80646772458203,2.4687179711012025e-06
12,341.825321140799,2.394675016359993e-06
12,342.844174557016,2.2995305716065677e-06
12,343.863027973233,2.2251788697894082e-06
12,344.88188138945,2.1467086820589442e-06
12,345.90073480566696,2.0712668442791897e-06
12,346.91958822188394,2.0043398759147506e-06
12,347.9384416381009,1.93129467674251e-06
12,348.9572950543179,1.8580079688934734e-06
12,349.9761484705349,1.7916965231449887e-06
12,350.9950018867519,1.7248525337819515e-06
12,352.01385530296886,1.670361232829143e-06
12,353.0327087191859,1.608903881907383e-06
12,354.0515621354029,1.5590145185844677e-06
12,355.0704155516199,1.5104279078463427e-06
12,356.08926896783686,1.4553420325812197e-06
12,357.10812238405384,1.407323502382642e-06
12,358.1269758002708,1.3526457039927979e-06
12,359.1458292164878,1.3015172149196945e-06
12,360.1646826327048,1.2653818735224514e-06
12,361.1835360489218,1.2215150966594012e-06
12,362.20238946513876,1.177683813422812e-06
12,363.22124288135575,1.133012751801422e-06
12,364.24009629757273,1.0942467943256547e-06
12,365.2589497137897,1.0499174486244823e-06
12,366.2778031300067,1.0127667045753096e-06
12,367.2966565462237,9.760775556209061e-07
12,368.3155099624407,9.406522249110193e-07
12,369.33436337865766,9.086428365108394e-07
12,370.35321679487464,8.772625669120974e-07
12,371.3720702110916,8.400074938554453e-07
12,372.3909236273086,8.14331233658584e-07
12,373.4097770435256,7.820092761534956e-07
12,374.4286304597426,7.51225701268734e-07
12,375.44748387595956,7.212664641860601e-07
12,376.46633729217655,6.98112937297548e-07
12,377.48519070839353,6.679950779106555e-07
12,378.5040441246106,6.422466455846845e-07
12,379.52289754082756,6.168891870331979e-07
12,380.54175095704454,5.934054951363502e-07
12,381.5606043732615,5.726903527152718e-07
12,382.5794577894785,5.449321685700415e-07
12,383.5983112056955,5.213510742944506e-07
12,384.6171646219125,4.997705677803977e-07
12,385.63601803812946,4.804364252845971e-07
12,386.65487145434645,4.5975562393430644e-07
12,387.67372487056343,4.3959358045297104e-07
12,388.6925782867804,4.2232551985165705e-07
12,389.7114317029974,4.0248205699591316e-07
12,390.7302851192144,3.883107405665074e-07
12,391.74913853543137,3.7260776685579767e-07
12,392.76799195164836,3.5583971761628595e-07
12,393.78684536786534,3.4228203630882667e-07
12,394.8056987840823,3.274798225166742e-07
12,395.8245522002993,3.130903361692995e-07
12,396.8434056165163,3.0236648332140636e-07
12,397.8622590327333,2.879456507802362e-07
12,398.88111244895026,2.7635488051350237e-07
12,399.89996586516725,2.6467841793485336e-07
12,400.91881928138423,2.533639736686625e-07
12,401.9376726976012,2.4277906433119084e-07
12,402.9565261138182,2.3265675317920585e-07
12,403.9753795300352,2.211332151656374e-07
12,404.9942329462522,2.1256266678864948e-07
12,406.0130863624692,2.018402439178445e-07
12,407.0319397786862,1.9409942332659237e-07
12,408.0507931949032,1.8533016061481228e-07
12,409.06964661112016,1.7722679212782983e-07
12,410.08850002733715,1.6899283446316822e-07
12,411.10735344355413,1.6146761841210976e-07
12,412.1262068597711,1.5434637596577758e-07
12,413.1450602759881,1.4729241997683276e-07
12,414.1639136922051,1.4055615507676176e-07
12,415.18276710842207,1.337008409447379e-07
12,416.20162052463905,1.286554425151012e-07
12,417.22047394085604,1.220525952800088e-07
12,418.239327357073,1.1679313373999514e-07
12,419.25818077329,1.104995811044837e-07
12,420.277034189507,1.0508700949105368e-07
12,421.295887605724,1.0030508104365747e-07
12,422.31474102194096,9.546435263938487e-08
12,423.33359443815795,9.061543433130149e-08
12,424.35244785437493,8.584959340970825e-08
12,425.3713012705919,8.160794492372537e-08
12,426.3901546868089,7.699576959177511e-08
12,427.4090081030259,7.307438819807536e-08
12,428.42786151924287,6.879200232681385e-08
12,429.44671493545985,6.541379140414117e-08
12,430.4655683516769,6.183228390742821e-08
12,431.4844217678939,5.838177095660436e-08
12,432.50327518411086,5.525882111490301e-08
12,433.52212860032785,5.2620623346515515e-08
12,434.54098201654483,4.9686226782888186e-08
12,435.5598354327618,4.695906626929455e-08
12,436.5786888489788,4.4309326953569987e-08
12,437.5975422651958,4.1895987950296176e-08
12,438.61639568141277,3.9739210499218525e-08
12,439.63524909762975,3.751483862028243e-08
12,440.65410251384674,3.539322097618849e-08
12,441.6729559300637,3.349533490470242e-08
12,442.6918093462807,3.162849623961584e-08
12,443.7106627624977,2.992750179200672e-08
12,444.7295161787147,2.817655116540841e-08
12,445.74836959493166,2.6598220452577954e-08
12,446.76722301114864,2.4958277965905213e-08
12,447.78607642736563,2.357359951121263e-08
12,448.8049298435826,2.224113515207862e-08
12,449.8237832597996,2.0888783829998906e-08
12,450.8426366760166,1.9947445369576608e-08
12,451.86149009223357,1.8833781771025377e-08
12,452.88034350845055,1.7827177066424868e-08
12,453.89919692466754,1.6836396655371225e-08
12,454.9180503408845,1.5939263482124982e-08
12,455.9369037571015,1.505922875227253e-08
12,456.95575717331855,1.4199401978077357e-08
12,457.97461058953553,1.3377620197192937e-08
12,458.9934640057525,1.262290122590438e-08
12,460.0123174219695,1.187096986514435e-08
12,461.0311708381865,1.1209202525698364e-08
12,462.05002425440347,1.0573972689804291e-08
12,463.06887767062045,9.953637840529262e-09
12,464.08773108683744,9.338982286233793e-09
12,465.1065845030544,8.80820939548127e-09
12,466.1254379192714,8.242889239654584e-09
12,467.1442913354884,7.762540229074029e-09
12,468.1631447517054,7.2666278957717856e-09
12,469.18199816792236,6.859418748487624e-09
12,470.20085158413934,6.383200262079717e-09
12,471.2197050003563,6.028644054463436e-09
12,472.2385584165733,5.671315425304619e-09
12,473.2574118327903,5.3231576136581926e-09
12,474.2762652490073,4.980841170899238e-09
12,475.29511866522427,4.6635486537394996e-09
12,476.31397208144125,4.367607733759502e-09
12,477.33282549765823,4.123147187049017e-09
12,478.3516789138752,3.867204186881184e-09
12,479.3705323300922,3.618333493042704e-09
12,480.3893857463092,3.3748732768510215e-09
12,481.4082391625262,3.1856802334245882e-09
12,482.4270925787432,2.9852438311677175e-09
12,483.4459459949602,2.7966668244022713e-09
12,484.4647994111772,2.6096024273159243e-09
12,485.48365282739417,2.4575541435917575e-09
12,486.50250624361115,2.2938228147085666e-09
12,487.52135965982814,2.14476620898143e-09
12,488.5402130760451,2.001389513547256e-09
12,489.5590664922621,1.874552230448434e-09
12,490.5779199084791,1.761866997577409e-09
12,491.5967733246961,1.6370055606093593e-09
12,492.61562674091306,1.5286513124053975e-09
12,493.63448015713004,1.427162726575781e-09
12,494.653333573347,1.3411568316596077e-09
12,495.672186989564,1.2512666406083596e-09
12,496.691040405781,1.1618127406404871e-09
12,497.709893821998,1.0895586468389606e-09
12,498.72874723821496,1.0196510931622329e-09
12,499.74760065443195,9.520139157492692e-10
12,500.76645407064893,8.874168173351667e-10
12,501.7853074868659,8.273269521062247e-10
12,502.8041609030829,7.737698153071457e-10
12,503.8230143192999,7.222310972646208e-10
12,504.84186773551687,6.7087319582594e-10
12,505.86072115173386,6.282290634879705e-10
12,506.87957456795084,5.845146475486124e-10
12,507.8984279841678,5.459645997499207e-10
12,508.9172814003848,5.093437456528915e-10
12,509.93613481660185,4.697916553505507e-10
12,510.95498823281883,4.376211506708556e-10
12,511.9738416490358,4.086805967588439e-10
12,512.9926950652527,3.7894173964414533e-10
12,514.0115484814698,3.518014128751172e-10
12,515.0304018976867,3.239106689180043e-10
12,516.0492553139038,3.017374245090853e-10
12,517.0681087301207,2.809748065869157e-10
12,518.0869621463378,2.4695404347621615e-10
12,519.1058155625547,2.2728203023805225e-10
12,520.1246689787718,2.1264007737098726e-10
12,521.1435223949886,1.839158981635285e-10
13,0.5094267081084933,0.014944919982430145
13,1.52828012432548,0.06255862769753832
13,2.5471335405424664,0.055603954170823894
13,3.5659869567594535,0.027918439025917115
13,4.58484037297644,0.01954296882674084
13,5.603693789193427,0.013596791559971625
13,6.622547205410413,0.010379365444873114
13,7.6414006216274,0.009635108096891313
13,8.660254037844386,0.007104963971121088
13,9.679107454061374,0.004832698882884323
13,10.69796087027836,0.004280390571880272
13,11.716814286495346,0.0035248399905298813
13,12.735667702712334,0.0030364523334444
13,13.75452111892932,0.0026878579899315665
13,14.773374535146306,0.0026182906883912816
13,15.792227951363294,0.002303702924323409
13,16.81108136758028,0.0022718550559480888
13,17.829934783797267,0.001768340159035055
13,18.848788200014255,0.0016921816799679516
13,19.86764161623124,0.0014049075439494698
13,20.886495032448224,0.0011926461784140384
13,21.905348448665215,0.0011540062720525514
13,22.9242018648822,0.0010949651851104327
13,23.943055281099184,0.000980638601110517
13,24.961908697316176,0.0008830163984438548
13,25.98076211353316,0.0009352838996893675
13,26.999615529750145,0.0008592715883919245
13,28.018468945967136,0.0008346242379938724
13,29.03732236218412,0.0008006550608391779
13,30.056175778401105,0.0007110766026185783
13,31.075029194618093,0.0006454273242671778
13,32.09388261083508,0.000620593184452005
13,33.112736027052065,0.0005742427419200923
13,34.13158944326905,0.0005045059446495633
13,35.15044285948604,0.00047812589693499246
13,36.169296275703026,0.00042840796775225605
13,37.18814969192002,0.0004018030227335088
13,38.207003108137,0.00034029498186600516
13,39.225856524353986,0.00030522402105775877
13,40.24470994057097,0.0002730629056462619
13,41.263563356787955,0.00025586885011916346
13,42.28241677300495,0.0002450626027588856
13,43.30127018922193,0.00022165265295657943
13,44.32012360543892,0.00022009506475984938
13,45.33897702165591,0.00020804198638738424
13,46.35783043787289,0.00019692126250366393
13,47.376683854089876,0.00019032581285040827
13,48.39553727030687,0.000182399359216794
13,49.41439068652385,0.00017572660329207235
13,50.433244102740844,0.0001691655831860011
13,51.45209751895783,0.00017220313096598903
13,52.47095093517481,0.0001683077367355878
13,53.4898043513918,0.00016062626295219195
13,54.50865776760879,0.00015547478534879114
13,55.52751118382577,0.00015843008862387057
13,56.546364600042764,0.00015786985949591982
13,57.56521801625975,0.00015347267301034023
13,58.58407143247673,0.00015320971070989305
13,59.60292484869372,0.0001505432522862568
13,60.6217782649107,0.00015014141316128292
13,61.640631681127694,0.00014344884249019812
13,62.65948509734468,0.00014261683703147476
13,63.67833851356167,0.00013503955546714387
13,64.69719192977865,0.00013599483579201843
13,65.71604534599564,0.00013054594243297465
13,66.73489876221262,0.00012523863572600906
13,67.75375217842961,0.00012109852510967835
13,68.77260559464659,0.00011798564566326676
13,69.79145901086359,0.00011825003156229562
13,70.81031242708058,0.00011009665933286809
13,71.82916584329756,0.00010595553484141565
13,72.84801925951454,0.0001067134775633348
13,73.86687267573153,0.00010296359985688228
13,74.88572609194853,9.96326144647446e-05
13,75.90457950816551,9.609759807515678e-05
13,76.9234329243825,9.500937649052402e-05
13,77.94228634059948,9.070138199390006e-05
13,78.96113975681646,9.02503553716916e-05
13,79.97999317303345,8.740284900267894e-05
13,80.99884658925043,8.503764086405185e-05
13,82.01770000546742,8.431528673758361e-05
13,83.03655342168442,8.18289525492063e-05
13,84.0554068379014,8.263565182240158e-05
13,85.07426025411839,7.889751855648937e-05
13,86.09311367033537,7.965699005982903e-05
13,87.11196708655235,7.714084931536027e-05
13,88.13082050276935,7.771374644813195e-05
13,89.14967391898634,7.650725990372542e-05
13,90.16852733520332,7.582572060000268e-05
13,91.1873807514203,7.639371914072212e-05
13,92.20623416763729,7.681463128281125e-05
13,93.22508758385428,7.714060886974543e-05
13,94.24394100007126,7.590276777650132e-05
13,95.26279441628826,7.711835469848306e-05
13,96.28164783250524,7.618552924936985e-05
13,97.30050124872223,7.641846988759709e-05
13,98.31935466493921,7.559439775562295e-05
13,99.3382080811562,7.490857033052023e-05
13,100.35706149737318,7.47969154894876e-05
13,101.37591491359018,7.312854977109454e-05
13,102.39476832980716,7.349002186689348e-05
13,103.41362174602415,7.13676608535186e-05
13,104.43247516224113,7.095817151091964e-05
13,105.45132857845812,7.049432667841589e-05
13,106.4701819946751,6.988650104624158e-05
13,107.48903541089209,6.92709250583221e-05
13,108.50788882710908,6.847491522776514e-05
13,109.52674224332607,6.882463649788863e-05
13,110.54559565954305,6.817572024119983e-05
13,111.56444907576004,6.749738506481221e-05
13,112.58330249197702,6.749594526552868e-05
13,113.60215590819402,6.629983485551839e-05
13,114.621009324411,6.480409729394507e-05
13,115.63986274062799,6.496045380965893e-05
13,116.65871615684497,6.424096201413714e-05
13,117.67756957306196,6.313030754727094e-05
13,118.69642298927894,6.209573759152583e-05
13,119.71527640549593,6.201017279182551e-05
13,120.73412982171291,6.136048903066957e-05
13,121.75298323792991,6.0777847116457125e-05
13,122.7718366541469,5.927129767997429e-05
13,123.79069007036388,5.883096295224061e-05
13,124.80954348658086,5.7542762048736877e-05
13,125.82839690279785,5.7160596117915747e-05
13,126.84725031901485,5.6075714412855894e-05
13,127.86610373523183,5.484274117151225e-05
13,128.88495715144882,5.480157837557623e-05
13,129.9038105676658,5.350591565975727e-05
13,130.92266398388279,5.26790784373071e-05
13,131.94151740009977,5.189897615372288e-05
13,132.96037081631675,5.1343793475019406e-05
13,133.97922423253374,4.9857121707882244e-05
13,134.99807764875072,4.863901883098301e-05
13,136.0169310649677,4.7874999270142296e-05
13,137.0357844811847,4.77763568606399e-05
13,138.0546378974017,4.566778212644761e-05
13,139.0734913136187,4.56485789632007e-05
13,140.09234472983567,4.415463874628527e-05
13,141.11119814605266,4.356425462061909e-05
13,142.13005156226964,4.284822023146237e-05
13,143.14890497848663,4.1351746162976225e-05
13,144.1677583947036,4.113070280777802e-05
13,145.1866118109206,3.970638384229617e-05
13,146.20546522713758,3.9252591591541735e-05
13,147.22431864335456,3.818495227521977e-05
13,148.24317205957155,3.777582346539765e-05
13,149.26202547578853,3.6848564212702726e-05
13,150.28087889200555,3.6528835699248016e-05
13,151.29973230822253,3.569678612591316e-05
13,152.31858572443952,3.512349860718891e-05
13,153.3374391406565,3.448975276449618e-05
13,154.35629255687348,3.420983524566514e-05
13,155.37514597309047,3.364377926811444e-05
13,156.39399938930745,3.298021922758778e-05
13,157.41285280552444,3.254726516288109e-05
13,158.43170622174142,3.192544340384082e-05
13,159.4505596379584,3.1614329083749935e-05
13,160.4694130541754,3.114649616606389e-05
13,161.48826647039238,3.0520801618230494e-05
13,162.50711988660936,3.0494635767437105e-05
13,163.52597330282634,2.9893071793003874e-05
13,164.54482671904336,2.9540452712309546e-05
13,165.56368013526034,2.8889895062318425e-05
13,166.58253355147733,2.8612143347592016e-05
13,167.6013869676943,2.8358030327751695e-05
13,168.6202403839113,2.7790837339112882e-05
13,169.63909380012828,2.7845315901052196e-05
13,170.65794721634526,2.7102996425086107e-05
13,171.67680063256225,2.688676262428162e-05
13,172.69565404877923,2.6766434428590734e-05
13,173.71450746499622,2.657459263637527e-05
13,174.7333608812132,2.651748417351015e-05
13,175.7522142974302,2.6075513851574955e-05
13,176.7710677136472,2.586760311054779e-05
13,177.78992112986418,2.585689521218605e-05
13,178.80877454608117,2.561680642464971e-05
13,179.82762796229815,2.515515120621784e-05
13,180.84648137851514,2.5433246797737708e-05
13,181.86533479473212,2.4840176714270274e-05
13,182.8841882109491,2.4864428534679453e-05
13,183.9030416271661,2.453108544643158e-05
13,184.92189504338307,2.4487071515757263e-05
13,185.94074845960006,2.4375151259037284e-05
13,186.95960187581704,2.4043416293584382e-05
13,187.97845529203403,2.397463007661431e-05
13,188.997308708251,2.3542995167050924e-05
13,190.01616212446802,2.3454401004464622e-05
13,191.035015540685,2.3198182120081596e-05
13,192.053868956902,2.2850370353205443e-05
13,193.07272237311898,2.276747162456392e-05
13,194.09157578933596,2.256477501613394e-05
13,195.11042920555295,2.2484434630184104e-05
13,196.12928262176993,2.2245666530684264e-05
13,197.14813603798692,2.2099468113654305e-05
13,198.1669894542039,2.2001156927393228e-05
13,199.18584287042088,2.2036498833509222e-05
13,200.20469628663787,2.1928894800062192e-05
13,201.22354970285485,2.172846743797179e-05
13,202.24240311907187,2.1536326140079314e-05
13,203.26125653528885,2.1472447561305352e-05
13,204.28010995150584,2.124994565879646e-05
13,205.29896336772282,2.1272492451886546e-05
13,206.3178167839398,2.1020779107005855e-05
13,207.3366702001568,2.078485764205546e-05
13,208.35552361637377,2.083273186883365e-05
13,209.37437703259076,2.0651046915964358e-05
13,210.39323044880774,2.047816964579511e-05
13,211.41208386502473,2.0363850511469498e-05
13,212.4309372812417,2.009422769757834e-05
13,213.4497906974587,1.9961611247434027e-05
13,214.46864411367568,1.9837105427588473e-05
13,215.48749752989266,1.9627490518846875e-05
13,216.50635094610968,1.9347051256584744e-05
13,217.52520436232666,1.9305946428597123e-05
13,218.54405777854365,1.9018535755665123e-05
13,219.56291119476063,1.8982228021631008e-05
13,220.58176461097761,1.888305835649798e-05
13,221.6006180271946,1.8532485618743878e-05
13,222.61947144341158,1.849668564322952e-05
13,223.63832485962857,1.8169560307054072e-05
13,224.65717827584555,1.8282719891537524e-05
13,225.67603169206254,1.795033218112962e-05
13,226.69488510827952,1.800015411973077e-05
13,227.71373852449653,1.7676296740695216e-05
13,228.73259194071352,1.7685380696776025e-05
13,229.7514453569305,1.7584455198029406e-05
13,230.7702987731475,1.7429439984630352e-05
13,231.78915218936447,1.7181640287978515e-05
13,232.80800560558146,1.7049030757695238e-05
13,233.82685902179844,1.6933022971894507e-05
13,234.84571243801543,1.6960353558020714e-05
13,235.8645658542324,1.676710738359198e-05
13,236.8834192704494,1.674693129564833e-05
13,237.90227268666638,1.645337193961282e-05
13,238.92112610288336,1.6531367976476047e-05
13,239.93997951910035,1.628254651249319e-05
13,240.95883293531733,1.6298514510143538e-05
13,241.97768635153435,1.596304648314479e-05
13,242.99653976775133,1.6079330979978457e-05
13,244.0153931839683,1.578123095749849e-05
13,245.0342466001853,1.5753512232790658e-05
13,246.05310001640228,1.5456865727076133e-05
13,247.07195343261927,1.5289954624060907e-05
13,248.09080684883625,1.5115389583016209e-05
13,249.10966026505324,1.485471618291931e-05
13,250.12851368127022,1.4746148268786128e-05
13,251.1473670974872,1.4504394488174452e-05
13,252.1662205137042,1.430240540072763e-05
13,253.18507392992117,1.4335499776185306e-05
13,254.2039273461382,1.4133434083485646e-05
13,255.22278076235517,1.3898637981077016e-05
13,256.24163417857216,1.3633743752199788e-05
13,257.26048759478914,1.3519682106938483e-05
13,258.2793410110061,1.3335971710921749e-05
13,259.2981944272231,1.3199899016568211e-05
13,260.3170478434401,1.304621622814806e-05
13,261.3359012596571,1.2831662858583831e-05
13,262.35475467587406,1.2652534553607145e-05
13,263.37360809209105,1.2520944041099734e-05
13,264.39246150830803,1.2377167100537837e-05
13,265.411314924525,1.2152794740317748e-05
13,266.430168340742,1.2011069424731511e-05
13,267.449021756959,1.170087280739543e-05
13,268.46787517317597,1.1588145794342612e-05
13,269.48672858939295,1.1388391212999978e-05
13,270.50558200560994,1.1199524186994562e-05
13,271.5244354218269,1.094984867062437e-05
13,272.5432888380439,1.0758882544766808e-05
13,273.56214225426095,1.0515614237443138e-05
13,274.58099567047793,1.0229007770916871e-05
13,275.5998490866949,1.0071145480678798e-05
13,276.6187025029119,9.825972761254572e-06
13,277.6375559191289,9.667796309832628e-06
13,278.65640933534587,9.481503169009015e-06
13,279.67526275156285,9.211052157187283e-06
13,280.69411616777984,9.062571895823405e-06
13,281.7129695839968,8.891772180497593e-06
13,282.7318230002138,8.716630060798418e-06
13,283.7506764164308,8.537360335013951e-06
13,284.7695298326478,8.405751221468051e-06
13,285.78838324886476,8.248664198840394e-06
13,286.80723666508175,8.100688557694996e-06
13,287.82609008129873,7.893130998724157e-06
13,288.8449434975157,7.720207258412412e-06
13,289.8637969137327,7.573839455286486e-06
13,290.8826503299497,7.431763194692741e-06
13,291.90150374616667,7.2146773920155455e-06
13,292.92035716238365,7.0789628004417676e-06
13,293.93921057860064,6.947772627009946e-06
13,294.9580639948176,6.7796673931911544e-06
13,295.9769174110346,6.651237243279524e-06
13,296.9957708272516,6.534485630142825e-06
13,298.0146242434686,6.386550289155012e-06
13,299.03347765968556,6.282562573830399e-06
13,300.05233107590254,6.14873926528276e-06
13,301.0711844921196,6.037572828998238e-06
13,302.09003790833657,5.862417314586837e-06
13,303.10889132455355,5.725039355809111e-06
13,304.12774474077054,5.634386906564962e-06
13,305.1465981569875,5.510867934159744e-06
13,306.1654515732045,5.3827158664772115e-06
13,307.1843049894215,5.202561451931374e-06
13,308.2031584056385,5.092109469602443e-06
13,309.22201182185546,4.940359875918973e-06
13,310.24086523807244,4.815144640126455e-06
13,311.25971865428943,4.669638443937112e-06
13,312.2785720705064,4.591422524992116e-06
13,313.2974254867234,4.476858011862509e-06
13,314.3162789029404,4.352692899116406e-06
13,315.33513231915737,4.265497380774986e-06
13,316.35398573537435,4.176139674899284e-06
13,317.37283915159134,4.059676776542041e-06
13,318.3916925678083,3.941546015443944e-06
13,319.4105459840253,3.862834521177244e-06
13,320.4293994002423,3.7686508999612925e-06
13,321.4482528164593,3.650290731249106e-06
13,322.46710623267626,3.5685243896287793e-06
13,323.48595964889324,3.4719306523932456e-06
13,324.5048130651102,3.379309156969162e-06
13,325.5236664813272,3.2713896091703134e-06
13,326.54251989754425,3.2132403888588037e-06
13,327.56137331376124,3.1398905947996997e-06
13,328.5802267299782,3.0418106375839278e-06
13,329.5990801461952,2.9732063431912266e-06
13,330.6179335624122,2.8942012508978937e-06
13,331.6367869786292,2.830779762671084e-06
13,332.65564039484616,2.7397916848023616e-06
13,333.67449381106314,2.667532088670748e-06
13,334.6933472272801,2.5827584907767496e-06
13,335.7122006434971,2.5303170634399408e-06
13,336.7310540597141,2.459845531459063e-06
13,337.7499074759311,2.3825055309955598e-06
13,338.76876089214807,2.312788570790501e-06
13,339.78761430836505,2.2577167064401897e-06
13,340.80646772458203,2.1828447287347296e-06
13,341.825321140799,2.1363164923587103e-06
13,342.844174557016,2.059825911342808e-06
13,343.863027973233,1.998727003276641e-06
13,344.88188138945,1.9471737940348315e-06
13,345.90073480566696,1.8809697893685481e-06
13,346.91958822188394,1.8254607296531464e-06
13,347.9384416381009,1.7702540897155212e-06
13,348.9572950543179,1.7194267934603947e-06
13,349.9761484705349,1.661120613201588e-06
13,350.9950018867519,1.6058423535899057e-06
13,352.01385530296886,1.5518728591985653e-06
13,353.0327087191859,1.497270053211481e-06
13,354.0515621354029,1.4442105875965823e-06
13,355.0704155516199,1.392993313747295e-06
13,356.08926896783686,1.34324449345705e-06
13,357.10812238405384,1.297408477261576e-06
13,358.1269758002708,1.242650277336462e-06
13,359.1458292164878,1.2002016182287685e-06
13,360.1646826327048,1.1642891061253273e-06
13,361.1835360489218,1.1186189027608045e-06
13,362.20238946513876,1.0767764589400022e-06
13,363.22124288135575,1.0419582422652643e-06
13,364.24009629757273,1.0064742887735058e-06
13,365.2589497137897,9.633934889736195e-07
13,366.2778031300067,9.281147191446975e-07
13,367.2966565462237,8.971826250481859e-07
13,368.3155099624407,8.617954780788326e-07
13,369.33436337865766,8.28954494654003e-07
13,370.35321679487464,8.018565119101403e-07
13,371.3720702110916,7.665689416855258e-07
13,372.3909236273086,7.411626014763225e-07
13,373.4097770435256,7.121684463512232e-07
13,374.4286304597426,6.839858056218889e-07
13,375.44748387595956,6.569533812370471e-07
13,376.46633729217655,6.343394588532954e-07
13,377.48519070839353,6.056520572656198e-07
13,378.5040441246106,5.821454824233839e-07
13,379.52289754082756,5.546449435596146e-07
13,380.54175095704454,5.355252896758476e-07
13,381.5606043732615,5.167293903382391e-07
13,382.5794577894785,4.921339237253743e-07
13,383.5983112056955,4.7125534149463245e-07
13,384.6171646219125,4.533947222728513e-07
13,385.63601803812946,4.3528008239424354e-07
13,386.65487145434645,4.169307487535394e-07
13,387.67372487056343,3.988946988819945e-07
13,388.6925782867804,3.850915476918216e-07
13,389.7114317029974,3.676529167784821e-07
13,390.7302851192144,3.5353657412068074e-07
13,391.74913853543137,3.389500018824361e-07
13,392.76799195164836,3.2405170285823234e-07
13,393.78684536786534,3.100765976995169e-07
13,394.8056987840823,2.963476486916874e-07
13,395.8245522002993,2.825608271250932e-07
13,396.8434056165163,2.7159423722953113e-07
13,397.8622590327333,2.581205016560491e-07
13,398.88111244895026,2.4664484756747316e-07
13,399.89996586516725,2.3582957269859312e-07
13,400.91881928138423,2.2442642480378101e-07
13,401.9376726976012,2.1470803621796105e-07
13,402.9565261138182,2.0486716389285427e-07
13,403.9753795300352,1.9510854328485645e-07
13,404.9942329462522,1.8719924541597872e-07
13,406.0130863624692,1.7719407400005196e-07
13,407.0319397786862,1.7007442398305513e-07
13,408.0507931949032,1.61478249488216e-07
13,409.06964661112016,1.541871221658666e-07
13,410.08850002733715,1.4658759985756704e-07
13,411.10735344355413,1.39292801243443e-07
13,412.1262068597711,1.3263296474359783e-07
13,413.1450602759881,1.2589507028648255e-07
13,414.1639136922051,1.195682999407062e-07
13,415.18276710842207,1.1322202297063752e-07
13,416.20162052463905,1.0800549177650366e-07
13,417.22047394085604,1.0217611499775766e-07
13,418.239327357073,9.755239985702108e-08
13,419.25818077329,9.191116210567865e-08
13,420.277034189507,8.717006169523702e-08
13,421.295887605724,8.273192471962875e-08
13,422.31474102194096,7.855653556005016e-08
13,423.33359443815795,7.470122969551536e-08
13,424.35244785437493,7.054961229887869e-08
13,425.3713012705919,6.723215895451258e-08
13,426.3901546868089,6.35764202327604e-08
13,427.4090081030259,6.030488527087547e-08
13,428.42786151924287,5.693959650340709e-08
13,429.44671493545985,5.419271184961248e-08
13,430.4655683516769,5.1228244222097365e-08
13,431.4844217678939,4.836622638738774e-08
13,432.50327518411086,4.591684359197874e-08
13,433.52212860032785,4.3520770222989995e-08
13,434.54098201654483,4.115265525587793e-08
13,435.5598354327618,3.8931384794547176e-08
13,436.5786888489788,3.6697638916686405e-08
13,437.5975422651958,3.471048644057768e-08
13,438.61639568141277,3.2835382017046106e-08
13,439.63524909762975,3.10372441110547e-08
13,440.65410251384674,2.921932212783842e-08
13,441.6729559300637,2.7661474961815144e-08
13,442.6918093462807,2.6054176752077824e-08
13,443.7106627624977,2.46225578474577e-08
13,444.7295161787147,2.3262866059934177e-08
13,445.74836959493166,2.1924023433993982e-08
13,446.76722301114864,2.0696952057092262e-08
13,447.78607642736563,1.9446663377834426e-08
13,448.8049298435826,1.835665199668925e-08
13,449.8237832597996,1.714956377440754e-08
13,450.8426366760166,1.632344933293434e-08
13,451.86149009223357,1.5331654330676617e-08
13,452.88034350845055,1.441226494516326e-08
13,453.89919692466754,1.3549087629802711e-08
13,454.9180503408845,1.2822024097071948e-08
13,455.9369037571015,1.2039025949712434e-08
13,456.95575717331855,1.1376841216493244e-08
13,457.97461058953553,1.0667052030578229e-08
13,458.9934640057525,1.003479357796026e-08
13,460.0123174219695,9.399110526346886e-09
13,461.0311708381865,8.862729405027813e-09
13,462.05002425440347,8.314111470812987e-09
13,463.06887767062045,7.820541982783781e-09
13,464.08773108683744,7.333642094217838e-09
13,465.1065845030544,6.903356709068546e-09
13,466.1254379192714,6.4699181554578516e-09
13,467.1442913354884,6.1261972592098535e-09
13,468.1631447517054,5.7111315090883976e-09
13,469.18199816792236,5.391490400958584e-09
13,470.20085158413934,5.044700010757481e-09
13,471.2197050003563,4.74157796935971e-09
13,472.2385584165733,4.4442803414594975e-09
13,473.2574118327903,4.180994209553007e-09
13,474.2762652490073,3.9130248137752725e-09
13,475.29511866522427,3.6683096863406533e-09
13,476.31397208144125,3.449638343327536e-09
13,477.33282549765823,3.248808895637954e-09
13,478.3516789138752,3.0424345498612355e-09
13,479.3705323300922,2.8551381967215726e-09
13,480.3893857463092,2.6709270834210364e-09
13,481.4082391625262,2.510512946422849e-09
13,482.4270925787432,2.3409317557107998e-09
13,483.4459459949602,2.1914559946292625e-09
13,484.4647994111772,2.041822960344832e-09
13,485.48365282739417,1.9228766390718655e-09
13,486.50250624361115,1.792950573095273e-09
13,487.52135965982814,1.6811804851948802e-09
13,488.5402130760451,1.5654124131838044e-09
13,489.5590664922621,1.4612766042767476e-09
13,490.5779199084791,1.3704332436451773e-09
13,491.5967733246961,1.2682632242687193e-09
13,492.61562674091306,1.1868184223816892e-09
13,493.63448015713004,1.104065072676364e-09
13,494.653333573347,1.0312525374522904e-09
13,495.672186989564,9.627925929583967e-10
13,496.691040405781,8.95385353516216e-10
13,497.709893821998,8.378875137095993e-10
13,498.72874723821496,7.819823377697783e-10
13,499.74760065443195,7.30006626358632e-10
13,500.76645407064893,6.770915451502385e-10
13,501.7853074868659,6.33050424488456e-10
13,502.8041609030829,5.913876468924683e-10
13,503.8230143192999,5.529660177254344e-10
13,504.84186773551687,5.134688315896556e-10
13,505.86072115173386,4.811543469010976e-10
13,506.87957456795084,4.478085642974635e-10
13,507.8984279841678,4.170916922189644e-10
13,508.9172814003848,3.8936856649435693e-10
13,509.93613481660185,3.600880329893894e-10
13,510.95498823281883,3.385668368177657e-10
13,511.9738416490358,3.156889087861543e-10
13,512.9926950652527,2.949075666809051e-10
13,514.0115484814698,2.7386919927556976e-10
13,515.0304018976867,2.5492012212808503e-10
13,516.0492553139038,2.3830327377611014e-10
13,517.0681087301207,2.225947960924964e-10
13,518.0869621463378,1.9490834134922596e-10
13,519.1058155625547,1.796124938797642e-10
13,520.1246689787718,1.67933065139626e-10
13,521.1435223949886,1.4269657710131056e-10
14,0.5094267081084933,0.049959625102693105
14,1.52828012432548,0.11254500918113106
14,2.5471335405424664,0.05969346160560163
14,3.5659869567594535,0.021733135119496302
14,4.58484037297644,0.016535006495330625
14,5.603693789193427,0.014330030742826978
14,6.622547205410413,0.013119580691828189
14,7.6414006216274,0.009984998750848923
14,8.660254037844386,0.006078169967480606
14,9.679107454061374,0.004398931926528255
14,10.69796087027836,0.0033758383773618748
14,11.716814286495346,0.0030304541239978035
14,12.735667702712334,0.0024355550917519488
14,13.75452111892932,0.0023544516407729118
14,14.773374535146306,0.0020989184472080353
14,15.792227951363294,0.0019315355860546322
14,16.81108136758028,0.0018339432728012852
14,17.829934783797267,0.0014400576503579522
14,18.848788200014255,0.00133095645239961
14,19.86764161623124,0.0010743566203627875
14,20.886495032448224,0.0009511881642416663
14,21.905348448665215,0.0009328201384405332
14,22.9242018648822,0.0008920579858898539
14,23.943055281099184,0.0008286639067044498
14,24.961908697316176,0.0007715177953506459
14,25.98076211353316,0.0008200384888824535
14,26.999615529750145,0.0007421681856477544
14,28.018468945967136,0.0007235348556224745
14,29.03732236218412,0.0006931237310783179
14,30.056175778401105,0.0006726154898668605
14,31.075029194618093,0.0006298938083848202
14,32.09388261083508,0.0005953886767468395
14,33.112736027052065,0.0005490483394066488
14,34.13158944326905,0.0004906524425267041
14,35.15044285948604,0.00048007036328792126
14,36.169296275703026,0.00042202847034838347
14,37.18814969192002,0.00040933222673281215
14,38.207003108137,0.0003589288009534934
14,39.225856524353986,0.0003362598055995419
14,40.24470994057097,0.00031402030633714264
14,41.263563356787955,0.00030009634816382874
14,42.28241677300495,0.00028881138006761403
14,43.30127018922193,0.00026552752851309195
14,44.32012360543892,0.0002656335668877376
14,45.33897702165591,0.0002494364831611917
14,46.35783043787289,0.0002479114981108469
14,47.376683854089876,0.00024891102095762
14,48.39553727030687,0.00025428861083021955
14,49.41439068652385,0.00025685230960708884
14,50.433244102740844,0.00024672657403459575
14,51.45209751895783,0.0002500353465809174
14,52.47095093517481,0.00024996981613632075
14,53.4898043513918,0.0002451371681338356
14,54.50865776760879,0.0002433692301286114
14,55.52751118382577,0.000243581844859364
14,56.546364600042764,0.00023953812124159147
14,57.56521801625975,0.00022687777805522417
14,58.58407143247673,0.00022344983574465251
14,59.60292484869372,0.00021709533849005523
14,60.6217782649107,0.00021605028859192756
14,61.640631681127694,0.00020469197381269184
14,62.65948509734468,0.00020339054711783678
14,63.67833851356167,0.00018770304524876462
14,64.69719192977865,0.00018820856766160488
14,65.71604534599564,0.00018278594050941281
14,66.73489876221262,0.00017633834795606127
14,67.75375217842961,0.00016848138335103565
14,68.77260559464659,0.00016248727126442325
14,69.79145901086359,0.00016042860965840544
14,70.81031242708058,0.00015179858675892384
14,71.82916584329756,0.00014434400884120438
14,72.84801925951454,0.0001431765180642532
14,73.86687267573153,0.0001376526788424812
14,74.88572609194853,0.00013287771413495345
14,75.90457950816551,0.00012862893067394973
14,76.9234329243825,0.00012506895744933522
14,77.94228634059948,0.0001213967044985668
14,78.96113975681646,0.00011836663033736344
14,79.97999317303345,0.00011322445901072503
14,80.99884658925043,0.00010865673712917222
14,82.01770000546742,0.00010845185790368959
14,83.03655342168442,0.00010366411337929367
14,84.0554068379014,0.00010405886596060079
14,85.07426025411839,9.903031580307354e-05
14,86.09311367033537,9.894190869856531e-05
14,87.11196708655235,9.632876275675873e-05
14,88.13082050276935,9.639295115161612e-05
14,89.14967391898634,9.457744922090467e-05
14,90.16852733520332,9.118557730342714e-05
14,91.1873807514203,9.044854002032182e-05
14,92.20623416763729,9.05906443218819e-05
14,93.22508758385428,8.876306446982678e-05
14,94.24394100007126,8.514812027203679e-05
14,95.26279441628826,8.55715191197131e-05
14,96.28164783250524,8.249348317243141e-05
14,97.30050124872223,8.19772840851029e-05
14,98.31935466493921,7.999768438050661e-05
14,99.3382080811562,7.824408940289719e-05
14,100.35706149737318,7.753925569472386e-05
14,101.37591491359018,7.492190259879246e-05
14,102.39476832980716,7.45303661597351e-05
14,103.41362174602415,7.279589800711795e-05
14,104.43247516224113,7.380240525700578e-05
14,105.45132857845812,7.398186928908459e-05
14,106.4701819946751,7.323669988881707e-05
14,107.48903541089209,7.24361525346306e-05
14,108.50788882710908,7.209165184264878e-05
14,109.52674224332607,7.173924381488796e-05
14,110.54559565954305,7.177070805947923e-05
14,111.56444907576004,7.051824110043114e-05
14,112.58330249197702,7.10234425217215e-05
14,113.60215590819402,7.012586655640348e-05
14,114.621009324411,6.920412556217114e-05
14,115.63986274062799,6.898773331027227e-05
14,116.65871615684497,6.781428120740918e-05
14,117.67756957306196,6.750947316755967e-05
14,118.69642298927894,6.70904732211358e-05
14,119.71527640549593,6.5958797302055e-05
14,120.73412982171291,6.545638535566356e-05
14,121.75298323792991,6.482178007374955e-05
14,122.7718366541469,6.354749825762295e-05
14,123.79069007036388,6.342583728795973e-05
14,124.80954348658086,6.237655491278815e-05
14,125.82839690279785,6.210667560079665e-05
14,126.84725031901485,6.00448224949964e-05
14,127.86610373523183,5.8843946714383834e-05
14,128.88495715144882,5.811518583357521e-05
14,129.9038105676658,5.6856906813416375e-05
14,130.92266398388279,5.570926426001823e-05
14,131.94151740009977,5.448620188201333e-05
14,132.96037081631675,5.349806226032822e-05
14,133.97922423253374,5.263785791427035e-05
14,134.99807764875072,5.156751449539647e-05
14,136.0169310649677,5.044495132603103e-05
14,137.0357844811847,4.983451260233397e-05
14,138.0546378974017,4.844614513367092e-05
14,139.0734913136187,4.8315193132253605e-05
14,140.09234472983567,4.628038811792389e-05
14,141.11119814605266,4.6054461306055986e-05
14,142.13005156226964,4.526587045261939e-05
14,143.14890497848663,4.409588440782861e-05
14,144.1677583947036,4.381835422004265e-05
14,145.1866118109206,4.285445333021635e-05
14,146.20546522713758,4.2492782394841e-05
14,147.22431864335456,4.1396203406788295e-05
14,148.24317205957155,4.1120093561739146e-05
14,149.26202547578853,4.017705652876476e-05
14,150.28087889200555,3.9810634358389426e-05
14,151.29973230822253,3.937201790256242e-05
14,152.31858572443952,3.8959950081364965e-05
14,153.3374391406565,3.83972293994032e-05
14,154.35629255687348,3.7875595460612885e-05
14,155.37514597309047,3.7163262467175946e-05
14,156.39399938930745,3.659921740632913e-05
14,157.41285280552444,3.6092811884734144e-05
14,158.43170622174142,3.5566010669952346e-05
14,159.4505596379584,3.522108295689045e-05
14,160.4694130541754,3.4870563703573305e-05
14,161.48826647039238,3.430668709480483e-05
14,162.50711988660936,3.433859586619723e-05
14,163.52597330282634,3.369918066138676e-05
14,164.54482671904336,3.33025151480123e-05
14,165.56368013526034,3.3043658077218744e-05
14,166.58253355147733,3.259272693860311e-05
14,167.6013869676943,3.2385381604419616e-05
14,168.6202403839113,3.187965667453438e-05
14,169.63909380012828,3.1996620752226975e-05
14,170.65794721634526,3.110856024947359e-05
14,171.67680063256225,3.121286484622755e-05
14,172.69565404877923,3.0832334526651015e-05
14,173.71450746499622,3.1126032135572354e-05
14,174.7333608812132,3.090731896490572e-05
14,175.7522142974302,3.041969159372079e-05
14,176.7710677136472,3.0027134589629188e-05
14,177.78992112986418,3.0143071507210905e-05
14,178.80877454608117,2.9923563400298814e-05
14,179.82762796229815,2.9473476972500417e-05
14,180.84648137851514,2.9827730816112143e-05
14,181.86533479473212,2.9046441859711356e-05
14,182.8841882109491,2.9316521708408308e-05
14,183.9030416271661,2.894068649477475e-05
14,184.92189504338307,2.8859148388427362e-05
14,185.94074845960006,2.8628420835520092e-05
14,186.95960187581704,2.8425464526250243e-05
14,187.97845529203403,2.8533255976843403e-05
14,188.997308708251,2.814134035518887e-05
14,190.01616212446802,2.814972099858386e-05
14,191.035015540685,2.8010987403350995e-05
14,192.053868956902,2.765675898331966e-05
14,193.07272237311898,2.796163057363686e-05
14,194.09157578933596,2.7575668786108375e-05
14,195.11042920555295,2.7750447839643476e-05
14,196.12928262176993,2.7514893395428482e-05
14,197.14813603798692,2.722884037881455e-05
14,198.1669894542039,2.7068897241167034e-05
14,199.18584287042088,2.7154533659469267e-05
14,200.20469628663787,2.6781309199475556e-05
14,201.22354970285485,2.6478317486539957e-05
14,202.24240311907187,2.633717004772809e-05
14,203.26125653528885,2.6111567053310924e-05
14,204.28010995150584,2.5966618354695445e-05
14,205.29896336772282,2.572993692169867e-05
14,206.3178167839398,2.5539886263477707e-05
14,207.3366702001568,2.5107486495548414e-05
14,208.35552361637377,2.4991152422961014e-05
14,209.37437703259076,2.4906860179367484e-05
14,210.39323044880774,2.4723007782488467e-05
14,211.41208386502473,2.4504488417498758e-05
14,212.4309372812417,2.422708362368684e-05
14,213.4497906974587,2.417079693256957e-05
14,214.46864411367568,2.4053130584341238e-05
14,215.48749752989266,2.397268528267256e-05
14,216.50635094610968,2.3751552454818034e-05
14,217.52520436232666,2.3819433485214934e-05
14,218.54405777854365,2.3450036678639886e-05
14,219.56291119476063,2.342966498166351e-05
14,220.58176461097761,2.329202061196605e-05
14,221.6006180271946,2.303135938595348e-05
14,222.61947144341158,2.307037401867256e-05
14,223.63832485962857,2.2664702821117204e-05
14,224.65717827584555,2.2795876501504685e-05
14,225.67603169206254,2.2375089863617275e-05
14,226.69488510827952,2.2366773578829858e-05
14,227.71373852449653,2.198848002095594e-05
14,228.73259194071352,2.2102840343728447e-05
14,229.7514453569305,2.191153502937495e-05
14,230.7702987731475,2.1829449061954072e-05
14,231.78915218936447,2.1873398496622187e-05
14,232.80800560558146,2.166276233240542e-05
14,233.82685902179844,2.1529729003701562e-05
14,234.84571243801543,2.147141158523309e-05
14,235.8645658542324,2.1286520909839805e-05
14,236.8834192704494,2.1260523166908168e-05
14,237.90227268666638,2.0734644773984162e-05
14,238.92112610288336,2.082696149089818e-05
14,239.93997951910035,2.042917420578714e-05
14,240.95883293531733,2.031081962912699e-05
14,241.97768635153435,1.9890658452730905e-05
14,242.99653976775133,1.9921687820576978e-05
14,244.0153931839683,1.966589933672879e-05
14,245.0342466001853,1.9457323558820873e-05
14,246.05310001640228,1.911105436877039e-05
14,247.07195343261927,1.894213166513879e-05
14,248.09080684883625,1.8681957456875437e-05
14,249.10966026505324,1.83417460201713e-05
14,250.12851368127022,1.8200427625240463e-05
14,251.1473670974872,1.7888120541233867e-05
14,252.1662205137042,1.7558563069726235e-05
14,253.18507392992117,1.7588073291542565e-05
14,254.2039273461382,1.7254338627350225e-05
14,255.22278076235517,1.6940268442143162e-05
14,256.24163417857216,1.6662539918125847e-05
14,257.26048759478914,1.6474687923489002e-05
14,258.2793410110061,1.6221691615210715e-05
14,259.2981944272231,1.603054588953034e-05
14,260.3170478434401,1.583186301260739e-05
14,261.3359012596571,1.5539784359909215e-05
14,262.35475467587406,1.5279357483405576e-05
14,263.37360809209105,1.5090921232323789e-05
14,264.39246150830803,1.4828271559144964e-05
14,265.411314924525,1.4559094724231816e-05
14,266.430168340742,1.4433172842882841e-05
14,267.449021756959,1.4080818347620087e-05
14,268.46787517317597,1.3980554359661227e-05
14,269.48672858939295,1.3745446961139764e-05
14,270.50558200560994,1.3462662082994787e-05
14,271.5244354218269,1.3228151152059823e-05
14,272.5432888380439,1.3038078457786821e-05
14,273.56214225426095,1.2842871653629622e-05
14,274.58099567047793,1.256309781892027e-05
14,275.5998490866949,1.2494233107455494e-05
14,276.6187025029119,1.223923238619294e-05
14,277.6375559191289,1.2106119085976087e-05
14,278.65640933534587,1.1960425967050358e-05
14,279.67526275156285,1.1726866095903223e-05
14,280.69411616777984,1.1577245915973914e-05
14,281.7129695839968,1.1312133884297308e-05
14,282.7318230002138,1.116040350075195e-05
14,283.7506764164308,1.0883077575329523e-05
14,284.7695298326478,1.0717650827784299e-05
14,285.78838324886476,1.0529947562672963e-05
14,286.80723666508175,1.0372521347916542e-05
14,287.82609008129873,1.0122134809016088e-05
14,288.8449434975157,9.951776814725823e-06
14,289.8637969137327,9.829683750709918e-06
14,290.8826503299497,9.685610151476325e-06
14,291.90150374616667,9.455489706892115e-06
14,292.92035716238365,9.303204436591012e-06
14,293.93921057860064,9.160149719835783e-06
14,294.9580639948176,8.979760198697306e-06
14,295.9769174110346,8.806820624075073e-06
14,296.9957708272516,8.65568885957683e-06
14,298.0146242434686,8.446231409557415e-06
14,299.03347765968556,8.33016370894487e-06
14,300.05233107590254,8.164172985811141e-06
14,301.0711844921196,8.012767611387406e-06
14,302.09003790833657,7.798077058375472e-06
14,303.10889132455355,7.617812520152738e-06
14,304.12774474077054,7.486718467221499e-06
14,305.1465981569875,7.323527335713682e-06
14,306.1654515732045,7.1647375636285274e-06
14,307.1843049894215,6.960412296229075e-06
14,308.2031584056385,6.832658945747747e-06
14,309.22201182185546,6.696671234320341e-06
14,310.24086523807244,6.522325449121211e-06
14,311.25971865428943,6.328878327019572e-06
14,312.2785720705064,6.2405815413820354e-06
14,313.2974254867234,6.0571320500919725e-06
14,314.3162789029404,5.901218360604046e-06
14,315.33513231915737,5.754291322047289e-06
14,316.35398573537435,5.606660546452673e-06
14,317.37283915159134,5.4605122115543644e-06
14,318.3916925678083,5.282994303488171e-06
14,319.4105459840253,5.20205479815134e-06
14,320.4293994002423,5.056667244366492e-06
14,321.4482528164593,4.904197073694234e-06
14,322.46710623267626,4.7851561289841486e-06
14,323.48595964889324,4.676832931286122e-06
14,324.5048130651102,4.531120902017005e-06
14,325.5236664813272,4.3770951011606685e-06
14,326.54251989754425,4.282996133024014e-06
14,327.56137331376124,4.150230783247431e-06
14,328.5802267299782,4.003370900995914e-06
14,329.5990801461952,3.885416404002791e-06
14,330.6179335624122,3.7652291749123452e-06
14,331.6367869786292,3.672206815725743e-06
14,332.65564039484616,3.5451499920798234e-06
14,333.67449381106314,3.453601019488375e-06
14,334.6933472272801,3.333068402814345e-06
14,335.7122006434971,3.2342054086808443e-06
14,336.7310540597141,3.1298692626796944e-06
14,337.7499074759311,3.0173153700214972e-06
14,338.76876089214807,2.9172762132408238e-06
14,339.78761430836505,2.833999043460172e-06
14,340.80646772458203,2.736028851939486e-06
14,341.825321140799,2.6662531629746524e-06
14,342.844174557016,2.577637415890527e-06
14,343.863027973233,2.503065526347728e-06
14,344.88188138945,2.4353985885843426e-06
14,345.90073480566696,2.3478065891210455e-06
14,346.91958822188394,2.279055834215953e-06
14,347.9384416381009,2.201215249929401e-06
14,348.9572950543179,2.1287774841938735e-06
14,349.9761484705349,2.0483298945572437e-06
14,350.9950018867519,1.982641514977969e-06
14,352.01385530296886,1.9110948661096933e-06
14,353.0327087191859,1.839436545275373e-06
14,354.0515621354029,1.7735014835603839e-06
14,355.0704155516199,1.717592646590181e-06
14,356.08926896783686,1.6640209852968762e-06
14,357.10812238405384,1.608613716668792e-06
14,358.1269758002708,1.5446165858649224e-06
14,359.1458292164878,1.4966370467169688e-06
14,360.1646826327048,1.4490946899510267e-06
14,361.1835360489218,1.3928225419615386e-06
14,362.20238946513876,1.3402948419100424e-06
14,363.22124288135575,1.2987656972109732e-06
14,364.24009629757273,1.2525010076096406e-06
14,365.2589497137897,1.195579170981291e-06
14,366.2778031300067,1.1544820450710355e-06
14,367.2966565462237,1.1140951650002746e-06
14,368.3155099624407,1.070034281714954e-06
14,369.33436337865766,1.0341737663464025e-06
14,370.35321679487464,9.991897827507364e-07
14,371.3720702110916,9.5377404299044e-07
14,372.3909236273086,9.248226282824945e-07
14,373.4097770435256,8.900354926236782e-07
14,374.4286304597426,8.572146078914999e-07
14,375.44748387595956,8.246433573337647e-07
14,376.46633729217655,7.969727069185201e-07
14,377.48519070839353,7.625602079055938e-07
14,378.5040441246106,7.344819971080677e-07
14,379.52289754082756,7.008706049282613e-07
14,380.54175095704454,6.725857564703487e-07
14,381.5606043732615,6.512002128249577e-07
14,382.5794577894785,6.228322662823566e-07
14,383.5983112056955,5.946949287033112e-07
14,384.6171646219125,5.717838261180842e-07
14,385.63601803812946,5.512519636708866e-07
14,386.65487145434645,5.282062889878578e-07
14,387.67372487056343,5.04078701219239e-07
14,388.6925782867804,4.852115449704869e-07
14,389.7114317029974,4.6029307003506597e-07
14,390.7302851192144,4.435737664980563e-07
14,391.74913853543137,4.244207499491489e-07
14,392.76799195164836,4.0464338999467255e-07
14,393.78684536786534,3.871217465654167e-07
14,394.8056987840823,3.693627859933225e-07
14,395.8245522002993,3.5131579118036045e-07
14,396.8434056165163,3.369741484054477e-07
14,397.8622590327333,3.217525240767541e-07
14,398.88111244895026,3.065228790445535e-07
14,399.89996586516725,2.9367358754812603e-07
14,400.91881928138423,2.8039603813668637e-07
14,401.9376726976012,2.678948510746123e-07
14,402.9565261138182,2.570952617318105e-07
14,403.9753795300352,2.444210622047426e-07
14,404.9942329462522,2.3531056145563745e-07
14,406.0130863624692,2.2256132192169234e-07
14,407.0319397786862,2.1385003590101462e-07
14,408.0507931949032,2.026303357267199e-07
14,409.06964661112016,1.9480100781321015e-07
14,410.08850002733715,1.8473455754191704e-07
14,411.10735344355413,1.7628098935515202e-07
14,412.1262068597711,1.6804848623582066e-07
14,413.1450602759881,1.5999747695517354e-07
14,414.1639136922051,1.5260034222613202e-07
14,415.18276710842207,1.4471493036357983e-07
14,416.20162052463905,1.3851418705431695e-07
14,417.22047394085604,1.3118576873947795e-07
14,418.239327357073,1.258153137219922e-07
14,419.25818077329,1.1883277295169661e-07
14,420.277034189507,1.1264058756457709e-07
14,421.295887605724,1.0691732145046105e-07
14,422.31474102194096,1.0187281778381975e-07
14,423.33359443815795,9.683261352005535e-08
14,424.35244785437493,9.171896213046826e-08
14,425.3713012705919,8.757831146507262e-08
14,426.3901546868089,8.280926488754775e-08
14,427.4090081030259,7.832567288665618e-08
14,428.42786151924287,7.443800392562588e-08
14,429.44671493545985,7.080066125352193e-08
14,430.4655683516769,6.707185552095509e-08
14,431.4844217678939,6.360002981613079e-08
14,432.50327518411086,6.045314146381956e-08
14,433.52212860032785,5.7502517787950934e-08
14,434.54098201654483,5.456027889006313e-08
14,435.5598354327618,5.1783671552391934e-08
14,436.5786888489788,4.912591805213255e-08
14,437.5975422651958,4.6585744231637904e-08
14,438.61639568141277,4.4125555147815635e-08
14,439.63524909762975,4.166414062703013e-08
14,440.65410251384674,3.945614840921787e-08
14,441.6729559300637,3.734875356646063e-08
14,442.6918093462807,3.5265212524749186e-08
14,443.7106627624977,3.334916009161147e-08
14,444.7295161787147,3.151556422154259e-08
14,445.74836959493166,2.9926402398025125e-08
14,446.76722301114864,2.8301674208199037e-08
14,447.78607642736563,2.66761171722965e-08
14,448.8049298435826,2.523991757974786e-08
14,449.8237832597996,2.3690333992411213e-08
14,450.8426366760166,2.2521476210965417e-08
14,451.86149009223357,2.1177271744778583e-08
14,452.88034350845055,1.993102609125179e-08
14,453.89919692466754,1.885157078420274e-08
14,454.9180503408845,1.7750390100298814e-08
14,455.9369037571015,1.6715417997769427e-08
14,456.95575717331855,1.5793407211414446e-08
14,457.97461058953553,1.4893201126219047e-08
14,458.9934640057525,1.408194448703868e-08
14,460.0123174219695,1.3242157230890186e-08
14,461.0311708381865,1.2470144375676655e-08
14,462.05002425440347,1.1712371522328225e-08
14,463.06887767062045,1.1031001081658837e-08
14,464.08773108683744,1.0369828042769432e-08
14,465.1065845030544,9.778344304269235e-09
14,466.1254379192714,9.15703822687698e-09
14,467.1442913354884,8.671770914140404e-09
14,468.1631447517054,8.09952425096318e-09
14,469.18199816792236,7.64174250286705e-09
14,470.20085158413934,7.15600812931248e-09
14,471.2197050003563,6.7627799551817705e-09
14,472.2385584165733,6.318067841476138e-09
14,473.2574118327903,5.929433722484345e-09
14,474.2762652490073,5.559306335757638e-09
14,475.29511866522427,5.209479493952339e-09
14,476.31397208144125,4.8826513589410865e-09
14,477.33282549765823,4.5744952299733965e-09
14,478.3516789138752,4.271086541365075e-09
14,479.3705323300922,3.984630642477522e-09
14,480.3893857463092,3.723523632715972e-09
14,481.4082391625262,3.4938448026978048e-09
14,482.4270925787432,3.273226127678475e-09
14,483.4459459949602,3.070995041809626e-09
14,484.4647994111772,2.8617450048300292e-09
14,485.48365282739417,2.690233931281534e-09
14,486.50250624361115,2.506544912055795e-09
14,487.52135965982814,2.3416133134804487e-09
14,488.5402130760451,2.190178466713829e-09
14,489.5590664922621,2.0409714022996736e-09
14,490.5779199084791,1.914722017849997e-09
14,491.5967733246961,1.778359560198178e-09
14,492.61562674091306,1.669212034825053e-09
14,493.63448015713004,1.5542347349659444e-09
14,494.653333573347,1.4558946036127794e-09
14,495.672186989564,1.3562201553879558e-09
14,496.691040405781,1.2628846605613793e-09
14,497.709893821998,1.1805877600368855e-09
14,498.72874723821496,1.1030654720533415e-09
14,499.74760065443195,1.029054461427232e-09
14,500.76645407064893,9.567318113466094e-10
14,501.7853074868659,8.943245254938285e-10
14,502.8041609030829,8.342803168630687e-10
14,503.8230143192999,7.791270772723426e-10
14,504.84186773551687,7.248547539989894e-10
14,505.86072115173386,6.777079220640197e-10
14,506.87957456795084,6.320812524094705e-10
14,507.8984279841678,5.896119927440516e-10
14,508.9172814003848,5.51118564684044e-10
14,509.93613481660185,5.11595028381606e-10
14,510.95498823281883,4.793967688930353e-10
14,511.9738416490358,4.480976855076732e-10
14,512.9926950652527,4.1634104818665606e-10
14,514.0115484814698,3.88134998451209e-10
14,515.0304018976867,3.595456168400699e-10
14,516.0492553139038,3.3661969743762884e-10
14,517.0681087301207,3.133703246182784e-10
14,518.0869621463378,2.735252893508955e-10
14,519.1058155625547,2.513754351136575e-10
14,520.1246689787718,2.349203759396612e-10
14,521.1435223949886,1.8460494303466466e-10
15,0.5094267081084933,0.03744230733967194
15,1.52828012432548,0.06769083247682013
15,2.5471335405424664,0.0495045476853348
15,3.5659869567594535,0.021872004113750034
15,4.58484037297644,0.01565837505543414
15,5.603693789193427,0.011886918693909641
15,6.622547205410413,0.009728451428370182
15,7.6414006216274,0.009047433901287037
15,8.660254037844386,0.006411946219272761
15,9.679107454061374,0.004366080759153662
15,10.69796087027836,0.0039049641754386557
15,11.716814286495346,0.0034805286290030633
15,12.735667702712334,0.0030900721175101354
15,13.75452111892932,0.0029168254569031378
15,14.773374535146306,0.002714018104174552
15,15.792227951363294,0.0024088348987292333
15,16.81108136758028,0.002247075480870272
15,17.829934783797267,0.0017811334243780774
15,18.848788200014255,0.0017150151328462337
15,19.86764161623124,0.001398587191930886
15,20.886495032448224,0.0012565473482425875
15,21.905348448665215,0.0012186479766060796
15,22.9242018648822,0.0011888127151939295
15,23.943055281099184,0.0010359859709850154
15,24.961908697316176,0.0010279945689123503
15,25.98076211353316,0.0010545526419850132
15,26.999615529750145,0.0009229624264591876
15,28.018468945967136,0.0009299171849772462
15,29.03732236218412,0.0008598795039256825
15,30.056175778401105,0.0007940196472140036
15,31.075029194618093,0.0007159487347610462
15,32.09388261083508,0.0006532241243352374
15,33.112736027052065,0.0005885872073775194
15,34.13158944326905,0.0005199455060636096
15,35.15044285948604,0.0004896998620033125
15,36.169296275703026,0.00042474697551388917
15,37.18814969192002,0.00041058113264013805
15,38.207003108137,0.00036018189877762177
15,39.225856524353986,0.0003314172932485623
15,40.24470994057097,0.00030892035494159366
15,41.263563356787955,0.0003046886669859208
15,42.28241677300495,0.00028850725449013726
15,43.30127018922193,0.00027158720238872964
15,44.32012360543892,0.00027044780796987286
15,45.33897702165591,0.00025537694544824154
15,46.35783043787289,0.00024744230809132687
15,47.376683854089876,0.0002480915547468811
15,48.39553727030687,0.00024577377724884744
15,49.41439068652385,0.00024190170961137933
15,50.433244102740844,0.00023600947375946238
15,51.45209751895783,0.0002360544075538279
15,52.47095093517481,0.00023204101638212037
15,53.4898043513918,0.00022048565111095432
15,54.50865776760879,0.00021470869864535907
15,55.52751118382577,0.00021179054569460764
15,56.546364600042764,0.0002074007352807805
15,57.56521801625975,0.00019541679792259455
15,58.58407143247673,0.0001956636807996558
15,59.60292484869372,0.00018662509468033835
15,60.6217782649107,0.00018820862626936169
15,61.640631681127694,0.00017915232422427018
15,62.65948509734468,0.0001808820745351857
15,63.67833851356167,0.00016958680160092897
15,64.69719192977865,0.00017038305690570573
15,65.71604534599564,0.00016685190425383032
15,66.73489876221262,0.0001628729307587637
15,67.75375217842961,0.00015241712148881287
15,68.77260559464659,0.00014509725055605454
15,69.79145901086359,0.0001447558111634542
15,70.81031242708058,0.00013534006411044809
15,71.82916584329756,0.00012885170151246393
15,72.84801925951454,0.000126868355054975
15,73.86687267573153,0.0001217519303576488
15,74.88572609194853,0.00011758998296180153
15,75.90457950816551,0.00011377926961483376
15,76.9234329243825,0.00011153240480760043
15,77.94228634059948,0.000109001122301251
15,78.96113975681646,0.0001068822410904439
15,79.97999317303345,0.00010325660904907657
15,80.99884658925043,0.00010097476872489793
15,82.01770000546742,9.924053803589709e-05
15,83.03655342168442,9.475428594527962e-05
15,84.0554068379014,9.520658431849037e-05
15,85.07426025411839,8.975348261918236e-05
15,86.09311367033537,9.052017893715855e-05
15,87.11196708655235,8.76098943206334e-05
15,88.13082050276935,8.780018999695543e-05
15,89.14967391898634,8.41355395050308e-05
15,90.16852733520332,8.234325888143234e-05
15,91.1873807514203,8.113345557558522e-05
15,92.20623416763729,7.926120038596489e-05
15,93.22508758385428,7.836792186350647e-05
15,94.24394100007126,7.467232358538834e-05
15,95.26279441628826,7.557940046885484e-05
15,96.28164783250524,7.295578986157337e-05
15,97.30050124872223,7.429675469556043e-05
15,98.31935466493921,7.241428039074471e-05
15,99.3382080811562,7.224180055608925e-05
15,100.35706149737318,7.298428909346883e-05
15,101.37591491359018,7.030876475331535e-05
15,102.39476832980716,7.029464600321891e-05
15,103.41362174602415,7.000656108188676e-05
15,104.43247516224113,6.97498908451241e-05
15,105.45132857845812,7.054056333705684e-05
15,106.4701819946751,7.000329689559777e-05
15,107.48903541089209,6.955532536460725e-05
15,108.50788882710908,6.832301276535146e-05
15,109.52674224332607,6.917683769963831e-05
15,110.54559565954305,6.803577809858381e-05
15,111.56444907576004,6.77551507511726e-05
15,112.58330249197702,6.70511622125506e-05
15,113.60215590819402,6.653013885883493e-05
15,114.621009324411,6.60683393480842e-05
15,115.63986274062799,6.59546761738776e-05
15,116.65871615684497,6.490890843518577e-05
15,117.67756957306196,6.486749066267384e-05
15,118.69642298927894,6.376332987904971e-05
15,119.71527640549593,6.229504518488167e-05
15,120.73412982171291,6.135345190794643e-05
15,121.75298323792991,6.03052806631063e-05
15,122.7718366541469,5.8647167170930916e-05
15,123.79069007036388,5.771387520478337e-05
15,124.80954348658086,5.5808722951658437e-05
15,125.82839690279785,5.547132649241408e-05
15,126.84725031901485,5.3973973927279685e-05
15,127.86610373523183,5.327094229879352e-05
15,128.88495715144882,5.239864909462032e-05
15,129.9038105676658,5.1653164386078556e-05
15,130.92266398388279,5.029674109456955e-05
15,131.94151740009977,4.8870339998904395e-05
15,132.96037081631675,4.8095954631749314e-05
15,133.97922423253374,4.639180188090576e-05
15,134.99807764875072,4.54848695528079e-05
15,136.0169310649677,4.423549519814897e-05
15,137.0357844811847,4.3689067402999836e-05
15,138.0546378974017,4.186398287624863e-05
15,139.0734913136187,4.169233265921927e-05
15,140.09234472983567,3.9598154191153344e-05
15,141.11119814605266,3.8929571383972966e-05
15,142.13005156226964,3.79303585545441e-05
15,143.14890497848663,3.6513806438503094e-05
15,144.1677583947036,3.604604273281965e-05
15,145.1866118109206,3.463591121732829e-05
15,146.20546522713758,3.381912248624507e-05
15,147.22431864335456,3.286984203223839e-05
15,148.24317205957155,3.228640043794497e-05
15,149.26202547578853,3.1210268347016484e-05
15,150.28087889200555,3.042639132978131e-05
15,151.29973230822253,2.9902291530184734e-05
15,152.31858572443952,2.914962731096145e-05
15,153.3374391406565,2.83385204880328e-05
15,154.35629255687348,2.770354649180162e-05
15,155.37514597309047,2.701615279637535e-05
15,156.39399938930745,2.635976490714776e-05
15,157.41285280552444,2.571657322681067e-05
15,158.43170622174142,2.5190210090558094e-05
15,159.4505596379584,2.456841388648141e-05
15,160.4694130541754,2.416790818879178e-05
15,161.48826647039238,2.362703784017161e-05
15,162.50711988660936,2.344205338132828e-05
15,163.52597330282634,2.28502694351266e-05
15,164.54482671904336,2.2306202547683222e-05
15,165.56368013526034,2.194312188893459e-05
15,166.58253355147733,2.1445330136894234e-05
15,167.6013869676943,2.1092624410868087e-05
15,168.6202403839113,2.066185237294753e-05
15,169.63909380012828,2.0511043998362503e-05
15,170.65794721634526,1.9758726891187998e-05
15,171.67680063256225,1.9535301553055467e-05
15,172.69565404877923,1.9204053964748873e-05
15,173.71450746499622,1.9085282321976037e-05
15,174.7333608812132,1.876046280378059e-05
15,175.7522142974302,1.8281592567279675e-05
15,176.7710677136472,1.8093408743874963e-05
15,177.78992112986418,1.803898844367384e-05
15,178.80877454608117,1.778794138214595e-05
15,179.82762796229815,1.7502652674268475e-05
15,180.84648137851514,1.763302138394421e-05
15,181.86533479473212,1.716725456073462e-05
15,182.8841882109491,1.7120429701730004e-05
15,183.9030416271661,1.690295640252084e-05
15,184.92189504338307,1.6817382215809433e-05
15,185.94074845960006,1.6594433403778084e-05
15,186.95960187581704,1.643418277115449e-05
15,187.97845529203403,1.6467321649139998e-05
15,188.997308708251,1.6276957273681986e-05
15,190.01616212446802,1.623484753267398e-05
15,191.035015540685,1.6136181617086224e-05
15,192.053868956902,1.6021368124016257e-05
15,193.07272237311898,1.6110360327892144e-05
15,194.09157578933596,1.6037389380590036e-05
15,195.11042920555295,1.6094409718859455e-05
15,196.12928262176993,1.5934236624345033e-05
15,197.14813603798692,1.5819606721564352e-05
15,198.1669894542039,1.5893895605399865e-05
15,199.18584287042088,1.5992655951240223e-05
15,200.20469628663787,1.5739967300453427e-05
15,201.22354970285485,1.5832271048824363e-05
15,202.24240311907187,1.5794387336374205e-05
15,203.26125653528885,1.583192614718563e-05
15,204.28010995150584,1.5750016713093237e-05
15,205.29896336772282,1.584506948102794e-05
15,206.3178167839398,1.5753993802894917e-05
15,207.3366702001568,1.5647905218329197e-05
15,208.35552361637377,1.5723508239108278e-05
15,209.37437703259076,1.5844393041667087e-05
15,210.39323044880774,1.580394674538438e-05
15,211.41208386502473,1.5759118951320778e-05
15,212.4309372812417,1.557148561897733e-05
15,213.4497906974587,1.5636771902382583e-05
15,214.46864411367568,1.5590963323197475e-05
15,215.48749752989266,1.569271702447054e-05
15,216.50635094610968,1.560916815231655e-05
15,217.52520436232666,1.5701656234020162e-05
15,218.54405777854365,1.558379315950055e-05
15,219.56291119476063,1.549166395010183e-05
15,220.58176461097761,1.536559642664448e-05
15,221.6006180271946,1.5174724880982673e-05
15,222.61947144341158,1.513899867903493e-05
15,223.63832485962857,1.492350502534047e-05
15,224.65717827584555,1.5013315904812802e-05
15,225.67603169206254,1.4824107149412682e-05
15,226.69488510827952,1.4788257392255458e-05
15,227.71373852449653,1.4540190375657035e-05
15,228.73259194071352,1.4622979976930982e-05
15,229.7514453569305,1.4367176900655855e-05
15,230.7702987731475,1.4267251320934488e-05
15,231.78915218936447,1.405520072570964e-05
15,232.80800560558146,1.3959196344956325e-05
15,233.82685902179844,1.3744990931377526e-05
15,234.84571243801543,1.3739730080239769e-05
15,235.8645658542324,1.361543098147615e-05
15,236.8834192704494,1.3617731775159378e-05
15,237.90227268666638,1.3463300290646766e-05
15,238.92112610288336,1.3544744798204794e-05
15,239.93997951910035,1.327903184286908e-05
15,240.95883293531733,1.3278071775768186e-05
15,241.97768635153435,1.301813521088509e-05
15,242.99653976775133,1.3050806082570158e-05
15,244.0153931839683,1.276985862692522e-05
15,245.0342466001853,1.2637173069146253e-05
15,246.05310001640228,1.2321694872802496e-05
15,247.07195343261927,1.2312316644233608e-05
15,248.09080684883625,1.2128722993931401e-05
15,249.10966026505324,1.1872856463619666e-05
15,250.12851368127022,1.1901560874526143e-05
15,251.1473670974872,1.1674092240919967e-05
15,252.1662205137042,1.145791076208515e-05
15,253.18507392992117,1.1469134363019022e-05
15,254.2039273461382,1.1256432630871683e-05
15,255.22278076235517,1.1112923326648703e-05
15,256.24163417857216,1.0907675934097266e-05
15,257.26048759478914,1.0893187062815584e-05
15,258.2793410110061,1.0706406488552979e-05
15,259.2981944272231,1.0624049955518643e-05
15,260.3170478434401,1.0528482296783055e-05
15,261.3359012596571,1.0410339829896306e-05
15,262.35475467587406,1.0251697081585069e-05
15,263.37360809209105,1.0091235988629781e-05
15,264.39246150830803,9.96019654923592e-06
15,265.411314924525,9.799236187104377e-06
15,266.430168340742,9.700609724507344e-06
15,267.449021756959,9.547843143180987e-06
15,268.46787517317597,9.433530324475802e-06
15,269.48672858939295,9.307576312266378e-06
15,270.50558200560994,9.131561884271144e-06
15,271.5244354218269,8.991266938224592e-06
15,272.5432888380439,8.87738655260536e-06
15,273.56214225426095,8.793569395841236e-06
15,274.58099567047793,8.603410525574457e-06
15,275.5998490866949,8.551552673647595e-06
15,276.6187025029119,8.366258007611909e-06
15,277.6375559191289,8.262271167477031e-06
15,278.65640933534587,8.105266314386763e-06
15,279.67526275156285,7.941793682333433e-06
15,280.69411616777984,7.768804384025174e-06
15,281.7129695839968,7.598438443951795e-06
15,282.7318230002138,7.491497132767462e-06
15,283.7506764164308,7.3167126892781355e-06
15,284.7695298326478,7.1908770761181885e-06
15,285.78838324886476,7.072208276320905e-06
15,286.80723666508175,6.903556079295478e-06
15,287.82609008129873,6.728912171738806e-06
15,288.8449434975157,6.61261427103982e-06
15,289.8637969137327,6.494689425986878e-06
15,290.8826503299497,6.384646978810782e-06
15,291.90150374616667,6.191014259469254e-06
15,292.92035716238365,6.043326389969377e-06
15,293.93921057860064,5.955869249707009e-06
15,294.9580639948176,5.812774447451242e-06
15,295.9769174110346,5.664193375640049e-06
15,296.9957708272516,5.5106701093280765e-06
15,298.0146242434686,5.372080348950895e-06
15,299.03347765968556,5.281411995586416e-06
15,300.05233107590254,5.172817994052719e-06
15,301.0711844921196,5.0855982849462165e-06
15,302.09003790833657,4.9428188831983416e-06
15,303.10889132455355,4.831719405881855e-06
15,304.12774474077054,4.743306700653038e-06
15,305.1465981569875,4.651447306437741e-06
15,306.1654515732045,4.5357215432993045e-06
15,307.1843049894215,4.415955487422458e-06
15,308.2031584056385,4.341149135954344e-06
15,309.22201182185546,4.225707851079282e-06
15,310.24086523807244,4.1160217858467735e-06
15,311.25971865428943,3.991642650989495e-06
15,312.2785720705064,3.944095849212495e-06
15,313.2974254867234,3.830158570100109e-06
15,314.3162789029404,3.7458965692750707e-06
15,315.33513231915737,3.6859173872577875e-06
15,316.35398573537435,3.5969305628841367e-06
15,317.37283915159134,3.514719803658178e-06
15,318.3916925678083,3.41058899001112e-06
15,319.4105459840253,3.3564819594323797e-06
15,320.4293994002423,3.27788831909183e-06
15,321.4482528164593,3.183930108237219e-06
15,322.46710623267626,3.1023507971317114e-06
15,323.48595964889324,3.029132302347254e-06
15,324.5048130651102,2.940756344660326e-06
15,325.5236664813272,2.861124631566522e-06
15,326.54251989754425,2.7918213132594333e-06
15,327.56137331376124,2.711871461278003e-06
15,328.5802267299782,2.6194334943718034e-06
15,329.5990801461952,2.5479487727505933e-06
15,330.6179335624122,2.477707662767401e-06
15,331.6367869786292,2.412641295775367e-06
15,332.65564039484616,2.3238966578389556e-06
15,333.67449381106314,2.267811584209596e-06
15,334.6933472272801,2.197469836051653e-06
15,335.7122006434971,2.135033453068266e-06
15,336.7310540597141,2.077929067596037e-06
15,337.7499074759311,2.011897645883032e-06
15,338.76876089214807,1.949488456830349e-06
15,339.78761430836505,1.893876135577807e-06
15,340.80646772458203,1.827913979479009e-06
15,341.825321140799,1.7749509395881278e-06
15,342.844174557016,1.7158707115456215e-06
15,343.863027973233,1.6654802634156374e-06
15,344.88188138945,1.6194584724168722e-06
15,345.90073480566696,1.5642237474092339e-06
15,346.91958822188394,1.5215562432401389e-06
15,347.9384416381009,1.4779598693023241e-06
15,348.9572950543179,1.4288412129151795e-06
15,349.9761484705349,1.3794697600107614e-06
15,350.9950018867519,1.3386556492856815e-06
15,352.01385530296886,1.2985125239096951e-06
15,353.0327087191859,1.253696575490063e-06
15,354.0515621354029,1.2094942715656627e-06
15,355.0704155516199,1.173478322668915e-06
15,356.08926896783686,1.1341043297498575e-06
15,357.10812238405384,1.095574680647728e-06
15,358.1269758002708,1.0562902168719936e-06
15,359.1458292164878,1.0182968422083718e-06
15,360.1646826327048,9.91069097359704e-07
15,361.1835360489218,9.56531780472435e-07
15,362.20238946513876,9.23938599238251e-07
15,363.22124288135575,8.92670484866811e-07
15,364.24009629757273,8.706023873703591e-07
15,365.2589497137897,8.390042158719575e-07
15,366.2778031300067,8.138237565746147e-07
15,367.2966565462237,7.880786039379067e-07
15,368.3155099624407,7.598285501325302e-07
15,369.33436337865766,7.370373812203316e-07
15,370.35321679487464,7.165219594063175e-07
15,371.3720702110916,6.890096910674794e-07
15,372.3909236273086,6.697068562112626e-07
15,373.4097770435256,6.428179095012749e-07
15,374.4286304597426,6.196175498070553e-07
15,375.44748387595956,5.98000575002366e-07
15,376.46633729217655,5.782265118359602e-07
15,377.48519070839353,5.558136256823554e-07
15,378.5040441246106,5.382819409796638e-07
15,379.52289754082756,5.161574550503061e-07
15,380.54175095704454,4.971488270362594e-07
15,381.5606043732615,4.814346901747715e-07
15,382.5794577894785,4.60174434461188e-07
15,383.5983112056955,4.4273340504826093e-07
15,384.6171646219125,4.2704098447755804e-07
15,385.63601803812946,4.1369141519773766e-07
15,386.65487145434645,3.9716842414760396e-07
15,387.67372487056343,3.805837332926526e-07
15,388.6925782867804,3.657301987787061e-07
15,389.7114317029974,3.503731262131516e-07
15,390.7302851192144,3.3814500724500003e-07
15,391.74913853543137,3.240525116085148e-07
15,392.76799195164836,3.1038284691192123e-07
15,393.78684536786534,2.988403554772638e-07
15,394.8056987840823,2.8596281454970743e-07
15,395.8245522002993,2.7263726639824235e-07
15,396.8434056165163,2.638463443902896e-07
15,397.8622590327333,2.5190627656282986e-07
15,398.88111244895026,2.432136836902279e-07
15,399.89996586516725,2.3304537086704998e-07
15,400.91881928138423,2.2339695646573791e-07
15,401.9376726976012,2.1408011924085062e-07
15,402.9565261138182,2.0432142262494336e-07
15,403.9753795300352,1.949153501388439e-07
15,404.9942329462522,1.8612258119887023e-07
15,406.0130863624692,1.765428263284119e-07
15,407.0319397786862,1.6994840311830598e-07
15,408.0507931949032,1.6203304313522103e-07
15,409.06964661112016,1.5454270402208728e-07
15,410.08850002733715,1.472266956850124e-07
15,411.10735344355413,1.4033949300377974e-07
15,412.1262068597711,1.340864698698053e-07
15,413.1450602759881,1.2816143519227804e-07
15,414.1639136922051,1.2193768505001432e-07
15,415.18276710842207,1.1628165869968504e-07
15,416.20162052463905,1.1143829320160795e-07
15,417.22047394085604,1.0534697654203918e-07
15,418.239327357073,1.0061233904928658e-07
15,419.25818077329,9.503999935054999e-08
15,420.277034189507,9.04428815020714e-08
15,421.295887605724,8.583102073428764e-08
15,422.31474102194096,8.148605380324557e-08
15,423.33359443815795,7.758501446197353e-08
15,424.35244785437493,7.344460316249522e-08
15,425.3713012705919,7.043802445396366e-08
15,426.3901546868089,6.651816636499752e-08
15,427.4090081030259,6.295377138573403e-08
15,428.42786151924287,5.954523882369386e-08
15,429.44671493545985,5.6969075401533176e-08
15,430.4655683516769,5.389986318956593e-08
15,431.4844217678939,5.0902312636170516e-08
15,432.50327518411086,4.820258113956209e-08
15,433.52212860032785,4.5961846007678144e-08
15,434.54098201654483,4.34378349891661e-08
15,435.5598354327618,4.1168836325033737e-08
15,436.5786888489788,3.879752140173887e-08
15,437.5975422651958,3.668829867147127e-08
15,438.61639568141277,3.4715590093563266e-08
15,439.63524909762975,3.274928522331841e-08
15,440.65410251384674,3.088274954502504e-08
15,441.6729559300637,2.9309514109326698e-08
15,442.6918093462807,2.765294343185142e-08
15,443.7106627624977,2.6122902775956643e-08
15,444.7295161787147,2.4658410720150777e-08
15,445.74836959493166,2.3317369387796854e-08
15,446.76722301114864,2.199591442371221e-08
15,447.78607642736563,2.064098869938202e-08
15,448.8049298435826,1.9446859895015948e-08
15,449.8237832597996,1.8250822277288916e-08
15,450.8426366760166,1.743339914921537e-08
15,451.86149009223357,1.6370140634164927e-08
15,452.88034350845055,1.5418788354728887e-08
15,453.89919692466754,1.452563019998756e-08
15,454.9180503408845,1.372319674509534e-08
15,455.9369037571015,1.2896821608609919e-08
15,456.95575717331855,1.2168968858313452e-08
15,457.97461058953553,1.1431719160627868e-08
15,458.9934640057525,1.074270112317812e-08
15,460.0123174219695,1.0116302977011463e-08
15,461.0311708381865,9.55038647653762e-09
15,462.05002425440347,8.985140024164358e-09
15,463.06887767062045,8.471757342522182e-09
15,464.08773108683744,8.007903150745628e-09
15,465.1065845030544,7.552070979513542e-09
15,466.1254379192714,7.0702526220013765e-09
15,467.1442913354884,6.6878964747507e-09
15,468.1631447517054,6.273298230752617e-09
15,469.18199816792236,5.956429948087067e-09
15,470.20085158413934,5.566454324128044e-09
15,471.2197050003563,5.25357501663729e-09
15,472.2385584165733,4.945194174418389e-09
15,473.2574118327903,4.643177697486641e-09
15,474.2762652490073,4.341550786136112e-09
15,475.29511866522427,4.077534616867244e-09
15,476.31397208144125,3.812482767639853e-09
15,477.33282549765823,3.5964520948170647e-09
15,478.3516789138752,3.350501729737797e-09
15,479.3705323300922,3.1290427150763136e-09
15,480.3893857463092,2.9438489399275913e-09
15,481.4082391625262,2.763248810702134e-09
15,482.4270925787432,2.5927625997554098e-09
15,483.4459459949602,2.4350357464086942e-09
15,484.4647994111772,2.276514095290058e-09
15,485.48365282739417,2.1475997458938517e-09
15,486.50250624361115,2.0025771745699917e-09
15,487.52135965982814,1.8795616758201903e-09
15,488.5402130760451,1.7544014144185632e-09
15,489.5590664922621,1.640134044369257e-09
15,490.5779199084791,1.5402662013736452e-09
15,491.5967733246961,1.4337540237382141e-09
15,492.61562674091306,1.3451401475753463e-09
15,493.63448015713004,1.2485883219773392e-09
15,494.653333573347,1.1775776922915985e-09
15,495.672186989564,1.0975334137884015e-09
15,496.691040405781,1.0201915046742651e-09
15,497.709893821998,9.577743886943392e-10
15,498.72874723821496,8.96559628243755e-10
15,499.74760065443195,8.415790866187834e-10
15,500.76645407064893,7.799025117509147e-10
15,501.7853074868659,7.301025493092998e-10
15,502.8041609030829,6.815444093277848e-10
15,503.8230143192999,6.353108303407079e-10
15,504.84186773551687,5.876935830469321e-10
15,505.86072115173386,5.473516849944627e-10
15,506.87957456795084,5.074318226837136e-10
15,507.8984279841678,4.726915943120977e-10
15,508.9172814003848,4.4268233191872515e-10
15,509.93613481660185,4.078925573552167e-10
15,510.95498823281883,3.8085775457571305e-10
15,511.9738416490358,3.5547866097338957e-10
15,512.9926950652527,3.2938228672109733e-10
15,514.0115484814698,3.053331270543638e-10
15,515.0304018976867,2.8256321942161156e-10
15,516.0492553139038,2.6221299551918247e-10
15,517.0681087301207,2.4456325028233896e-10
15,518.0869621463378,2.1375726475723755e-10
15,519.1058155625547,1.9676310368713107e-10
15,520.1246689787718,1.8348243278403415e-10
15,521.1435223949886,1.313747535067958e-10
16,0.5094267081084933,0.007594977040016489
16,1.52828012432548,0.07635316840532656
16,2.5471335405424664,0.042700898393200244
16,3.5659869567594535,0.025625272907265587
16,4.58484037297644,0.016990878741809306
16,5.603693789193427,0.01053419538192784
16,6.622547205410413,0.0075654823888400835
16,7.6414006216274,0.005908474915688545
16,8.660254037844386,0.0042895997795940775
16,9.679107454061374,0.0034918411008691185
16,10.69796087027836,0.0027725626260948996
16,11.716814286495346,0.0024613735592274315
16,12.735667702712334,0.002230448848735385
16,13.75452111892932,0.0020939686939712215
16,14.773374535146306,0.002085362616419804
16,15.792227951363294,0.0017840241235298432
16,16.81108136758028,0.0016982639500410844
16,17.829934783797267,0.0013130755015076576
16,18.848788200014255,0.0012184802797973536
16,19.86764161623124,0.0009712000826254973
16,20.886495032448224,0.0008135576976812584
16,21.905348448665215,0.0008028548332112764
16,22.9242018648822,0.0007475973790218518
16,23.943055281099184,0.0006879161231870369
16,24.961908697316176,0.0006658200972402815
16,25.98076211353316,0.0007189261459061045
16,26.999615529750145,0.000695734887830245
16,28.018468945967136,0.0006872078349076831
16,29.03732236218412,0.0006752756447935109
16,30.056175778401105,0.0006507600937846287
16,31.075029194618093,0.000602925124733452
16,32.09388261083508,0.0005991745577893949
16,33.112736027052065,0.0005511507360208265
16,34.13158944326905,0.0004949196387529459
16,35.15044285948604,0.0004783628598550311
16,36.169296275703026,0.00044017162520527584
16,37.18814969192002,0.00042269432507791336
16,38.207003108137,0.00037339275949478434
16,39.225856524353986,0.0003530700665958142
16,40.24470994057097,0.00032376042386787974
16,41.263563356787955,0.0003077307301205677
16,42.28241677300495,0.00029893187784327426
16,43.30127018922193,0.00027731374697948196
16,44.32012360543892,0.0002785547736673575
16,45.33897702165591,0.00026617690297154906
16,46.35783043787289,0.0002634197177499719
16,47.376683854089876,0.0002563490989565376
16,48.39553727030687,0.00025226329914337535
16,49.41439068652385,0.00025335590525967904
16,50.433244102740844,0.0002424501845704062
16,51.45209751895783,0.00024269612108821192
16,52.47095093517481,0.0002456346497962286
16,53.4898043513918,0.00024087897697444116
16,54.50865776760879,0.0002361455336799004
16,55.52751118382577,0.00023748177395431017
16,56.546364600042764,0.00023545771462671894
16,57.56521801625975,0.00022638911551825766
16,58.58407143247673,0.00022151697693869953
16,59.60292484869372,0.00021345074206981124
16,60.6217782649107,0.00021425906071658032
16,61.640631681127694,0.00020132794704855796
16,62.65948509734468,0.0002029796551763624
16,63.67833851356167,0.000189586132571522
16,64.69719192977865,0.00018960669167336852
16,65.71604534599564,0.00018361142056808966
16,66.73489876221262,0.00017836732006081387
16,67.75375217842961,0.00017005909060210982
16,68.77260559464659,0.00016225546408472636
16,69.79145901086359,0.00016331828539519714
16,70.81031242708058,0.00015376899112438423
16,71.82916584329756,0.00014765385414332408
16,72.84801925951454,0.00014728206589028115
16,73.86687267573153,0.00014113690376317192
16,74.88572609194853,0.0001376168646876441
16,75.90457950816551,0.00013140194933838488
16,76.9234329243825,0.00012985273270178823
16,77.94228634059948,0.00012682869297532973
16,78.96113975681646,0.00012351681714273613
16,79.97999317303345,0.0001187889011763603
16,80.99884658925043,0.00011561262602792833
16,82.01770000546742,0.00011316706303585609
16,83.03655342168442,0.00010810887226446518
16,84.0554068379014,0.00011004989131043068
16,85.07426025411839,0.00010503726589274705
16,86.09311367033537,0.00010596931606515499
16,87.11196708655235,0.0001029973251391561
16,88.13082050276935,0.00010228342364488333
16,89.14967391898634,9.924536356971421e-05
16,90.16852733520332,9.75192958124596e-05
16,91.1873807514203,9.705397482257412e-05
16,92.20623416763729,9.591078863904638e-05
16,93.22508758385428,9.609975732942686e-05
16,94.24394100007126,9.358334503036329e-05
16,95.26279441628826,9.443258196131064e-05
16,96.28164783250524,9.166791144593115e-05
16,97.30050124872223,9.142540999273907e-05
16,98.31935466493921,8.960274896740256e-05
16,99.3382080811562,8.897115234755335e-05
16,100.35706149737318,8.859808414096875e-05
16,101.37591491359018,8.620237016145514e-05
16,102.39476832980716,8.69265403995748e-05
16,103.41362174602415,8.490287014975478e-05
16,104.43247516224113,8.580239269869769e-05
16,105.45132857845812,8.538752385663345e-05
16,106.4701819946751,8.3069762357937e-05
16,107.48903541089209,8.246004703365894e-05
16,108.50788882710908,8.171130654337744e-05
16,109.52674224332607,8.230287901312506e-05
16,110.54559565954305,8.042041977881827e-05
16,111.56444907576004,7.853921389916683e-05
16,112.58330249197702,7.757617464916768e-05
16,113.60215590819402,7.819057748256778e-05
16,114.621009324411,7.697052488965107e-05
16,115.63986274062799,7.57317498233405e-05
16,116.65871615684497,7.402942850365326e-05
16,117.67756957306196,7.380456664929278e-05
16,118.69642298927894,7.171032539038304e-05
16,119.71527640549593,6.898275038558151e-05
16,120.73412982171291,6.808181767916442e-05
16,121.75298323792991,6.651541069623578e-05
16,122.7718366541469,6.473404908311826e-05
16,123.79069007036388,6.359351606747714e-05
16,124.80954348658086,6.218299124185198e-05
16,125.82839690279785,6.200982078419407e-05
16,126.84725031901485,5.9905942625993e-05
16,127.86610373523183,5.872144763086588e-05
16,128.88495715144882,5.7938686096935036e-05
16,129.9038105676658,5.673662461971849e-05
16,130.92266398388279,5.521611037197656e-05
16,131.94151740009977,5.349076187974856e-05
16,132.96037081631675,5.2939638746605226e-05
16,133.97922423253374,5.140103196622132e-05
16,134.99807764875072,5.0317128885655024e-05
16,136.0169310649677,4.938658918183726e-05
16,137.0357844811847,4.888319056204819e-05
16,138.0546378974017,4.6870872553525625e-05
16,139.0734913136187,4.671724430232473e-05
16,140.09234472983567,4.5008032257033335e-05
16,141.11119814605266,4.487775064084385e-05
16,142.13005156226964,4.413756134625828e-05
16,143.14890497848663,4.248274764205767e-05
16,144.1677583947036,4.186199401765511e-05
16,145.1866118109206,4.0658451718989785e-05
16,146.20546522713758,3.9759478074896724e-05
16,147.22431864335456,3.860329368953364e-05
16,148.24317205957155,3.787843027970502e-05
16,149.26202547578853,3.6716459779483216e-05
16,150.28087889200555,3.6016306733480285e-05
16,151.29973230822253,3.516911252278431e-05
16,152.31858572443952,3.424534955891519e-05
16,153.3374391406565,3.3813302798612955e-05
16,154.35629255687348,3.316085944240352e-05
16,155.37514597309047,3.241190721140132e-05
16,156.39399938930745,3.155593385255311e-05
16,157.41285280552444,3.103188333487097e-05
16,158.43170622174142,3.030810773869591e-05
16,159.4505596379584,2.9588208781060435e-05
16,160.4694130541754,2.9202291357546236e-05
16,161.48826647039238,2.8434735401991493e-05
16,162.50711988660936,2.8071123035721245e-05
16,163.52597330282634,2.746121481721151e-05
16,164.54482671904336,2.6756439399633726e-05
16,165.56368013526034,2.6377223805057998e-05
16,166.58253355147733,2.5773998850720592e-05
16,167.6013869676943,2.533329702068102e-05
16,168.6202403839113,2.484731460790196e-05
16,169.63909380012828,2.4674140687261338e-05
16,170.65794721634526,2.390800896314937e-05
16,171.67680063256225,2.3661867467869766e-05
16,172.69565404877923,2.332941741654739e-05
16,173.71450746499622,2.312624002854587e-05
16,174.7333608812132,2.2797876102035047e-05
16,175.7522142974302,2.2251123652173178e-05
16,176.7710677136472,2.199863669522492e-05
16,177.78992112986418,2.1719568923063292e-05
16,178.80877454608117,2.1421834401312713e-05
16,179.82762796229815,2.1084646358520556e-05
16,180.84648137851514,2.1207710111441483e-05
16,181.86533479473212,2.0762367298434413e-05
16,182.8841882109491,2.068104727818667e-05
16,183.9030416271661,2.034036914174436e-05
16,184.92189504338307,2.0140886048542097e-05
16,185.94074845960006,1.9979129769348668e-05
16,186.95960187581704,1.9805913513382565e-05
16,187.97845529203403,1.9614364583807692e-05
16,188.997308708251,1.930326216537803e-05
16,190.01616212446802,1.937165889377052e-05
16,191.035015540685,1.9118912216859845e-05
16,192.053868956902,1.8867555800771e-05
16,193.07272237311898,1.891611590823085e-05
16,194.09157578933596,1.8636885871420994e-05
16,195.11042920555295,1.8710224265157994e-05
16,196.12928262176993,1.838214670250715e-05
16,197.14813603798692,1.835146941299042e-05
16,198.1669894542039,1.8323296826489237e-05
16,199.18584287042088,1.8443496849170418e-05
16,200.20469628663787,1.820774551605675e-05
16,201.22354970285485,1.820421061753152e-05
16,202.24240311907187,1.8026827949229572e-05
16,203.26125653528885,1.8038599665501004e-05
16,204.28010995150584,1.793505582385934e-05
16,205.29896336772282,1.787954358038555e-05
16,206.3178167839398,1.766758007402552e-05
16,207.3366702001568,1.7333657152432648e-05
16,208.35552361637377,1.735798346449222e-05
16,209.37437703259076,1.713154205637803e-05
16,210.39323044880774,1.7063903794781097e-05
16,211.41208386502473,1.702716146985568e-05
16,212.4309372812417,1.6794249464874866e-05
16,213.4497906974587,1.6876434680548364e-05
16,214.46864411367568,1.6806069823435507e-05
16,215.48749752989266,1.686601275863391e-05
16,216.50635094610968,1.676153567053368e-05
16,217.52520436232666,1.6931646342676996e-05
16,218.54405777854365,1.6876564819661533e-05
16,219.56291119476063,1.6890555943475706e-05
16,220.58176461097761,1.6933500158576006e-05
16,221.6006180271946,1.6906680941830243e-05
16,222.61947144341158,1.7025207354189327e-05
16,223.63832485962857,1.684752385442456e-05
16,224.65717827584555,1.704740674802108e-05
16,225.67603169206254,1.6806023895074773e-05
16,226.69488510827952,1.6866617656153465e-05
16,227.71373852449653,1.6740059750910036e-05
16,228.73259194071352,1.675929428791215e-05
16,229.7514453569305,1.6690914541816203e-05
16,230.7702987731475,1.6682091956766428e-05
16,231.78915218936447,1.6593885094211683e-05
16,232.80800560558146,1.648725510211759e-05
16,233.82685902179844,1.6389681392019118e-05
16,234.84571243801543,1.6405987093683328e-05
16,235.8645658542324,1.634455085373689e-05
16,236.8834192704494,1.6349679350291593e-05
16,237.90227268666638,1.601223488813772e-05
16,238.92112610288336,1.6001772608326455e-05
16,239.93997951910035,1.5696500633335135e-05
16,240.95883293531733,1.57553955878114e-05
16,241.97768635153435,1.5417531729670685e-05
16,242.99653976775133,1.5403431334411525e-05
16,244.0153931839683,1.5219302806150816e-05
16,245.0342466001853,1.5120000061886144e-05
16,246.05310001640228,1.4813654828263447e-05
16,247.07195343261927,1.462690307817855e-05
16,248.09080684883625,1.4464226965520726e-05
16,249.10966026505324,1.4245301008502427e-05
16,250.12851368127022,1.4141329312639128e-05
16,251.1473670974872,1.3888218601958375e-05
16,252.1662205137042,1.3594182919339635e-05
16,253.18507392992117,1.3569199683704742e-05
16,254.2039273461382,1.3285844173268083e-05
16,255.22278076235517,1.3177707060120832e-05
16,256.24163417857216,1.2872543660965523e-05
16,257.26048759478914,1.2676321279585494e-05
16,258.2793410110061,1.241276257081612e-05
16,259.2981944272231,1.2254468310254349e-05
16,260.3170478434401,1.2059896068445465e-05
16,261.3359012596571,1.1909137495113386e-05
16,262.35475467587406,1.1728402132121016e-05
16,263.37360809209105,1.1490472638926816e-05
16,264.39246150830803,1.132624146410221e-05
16,265.411314924525,1.1083258137548155e-05
16,266.430168340742,1.0943345930577439e-05
16,267.449021756959,1.0685601368810614e-05
16,268.46787517317597,1.0628467415036206e-05
16,269.48672858939295,1.0452013770866924e-05
16,270.50558200560994,1.0269419870478916e-05
16,271.5244354218269,1.0118036736102752e-05
16,272.5432888380439,9.987872206326548e-06
16,273.56214225426095,9.860883887953306e-06
16,274.58099567047793,9.660673431180177e-06
16,275.5998490866949,9.538569602986044e-06
16,276.6187025029119,9.31784518065652e-06
16,277.6375559191289,9.20669281928282e-06
16,278.65640933534587,9.02742614141418e-06
16,279.67526275156285,8.874393252587256e-06
16,280.69411616777984,8.706605444368437e-06
16,281.7129695839968,8.505306594606969e-06
16,282.7318230002138,8.385091661834017e-06
16,283.7506764164308,8.155135921588918e-06
16,284.7695298326478,8.0409667813777e-06
16,285.78838324886476,7.847747740966744e-06
16,286.80723666508175,7.698883407781497e-06
16,287.82609008129873,7.509563277026154e-06
16,288.8449434975157,7.376871582513479e-06
16,289.8637969137327,7.225389417588283e-06
16,290.8826503299497,7.118531226999413e-06
16,291.90150374616667,6.9151531504790225e-06
16,292.92035716238365,6.764747200407811e-06
16,293.93921057860064,6.647167671466763e-06
16,294.9580639948176,6.510842193359667e-06
16,295.9769174110346,6.362669724144213e-06
16,296.9957708272516,6.254611106667169e-06
16,298.0146242434686,6.103275596151261e-06
16,299.03347765968556,6.026183582583151e-06
16,300.05233107590254,5.877876524889847e-06
16,301.0711844921196,5.764597754450633e-06
16,302.09003790833657,5.596930283131725e-06
16,303.10889132455355,5.449177108398598e-06
16,304.12774474077054,5.326950789456666e-06
16,305.1465981569875,5.213890237163516e-06
16,306.1654515732045,5.070794544355528e-06
16,307.1843049894215,4.914864849667809e-06
16,308.2031584056385,4.813772166010076e-06
16,309.22201182185546,4.674495495201938e-06
16,310.24086523807244,4.555978500785704e-06
16,311.25971865428943,4.427362348931538e-06
16,312.2785720705064,4.366663758884031e-06
16,313.2974254867234,4.219036254281951e-06
16,314.3162789029404,4.128498681751244e-06
16,315.33513231915737,4.029792295155998e-06
16,316.35398573537435,3.918846110363283e-06
16,317.37283915159134,3.845935713143818e-06
16,318.3916925678083,3.706526592748946e-06
16,319.4105459840253,3.628526804128301e-06
16,320.4293994002423,3.528875273336496e-06
16,321.4482528164593,3.4313877987419757e-06
16,322.46710623267626,3.3526193303869178e-06
16,323.48595964889324,3.2712879005914315e-06
16,324.5048130651102,3.187914962714596e-06
16,325.5236664813272,3.106484845062402e-06
16,326.54251989754425,3.0391174816853988e-06
16,327.56137331376124,2.947560403587863e-06
16,328.5802267299782,2.855264944419468e-06
16,329.5990801461952,2.7753923043737602e-06
16,330.6179335624122,2.6947731962500414e-06
16,331.6367869786292,2.6414525799252925e-06
16,332.65564039484616,2.5416844919835644e-06
16,333.67449381106314,2.477596592421205e-06
16,334.6933472272801,2.402103808536464e-06
16,335.7122006434971,2.3381983334944175e-06
16,336.7310540597141,2.2737115640770096e-06
16,337.7499074759311,2.2024506369291716e-06
16,338.76876089214807,2.133894184528685e-06
16,339.78761430836505,2.0698531870135e-06
16,340.80646772458203,2.0090784274266646e-06
16,341.825321140799,1.962680354011335e-06
16,342.844174557016,1.895979457246495e-06
16,343.863027973233,1.8388373185825896e-06
16,344.88188138945,1.7922419903550879e-06
16,345.90073480566696,1.7393186096548436e-06
16,346.91958822188394,1.695066822764348e-06
16,347.9384416381009,1.643996600683809e-06
16,348.9572950543179,1.5932024356192487e-06
16,349.9761484705349,1.551067165081745e-06
16,350.9950018867519,1.5083770158590949e-06
16,352.01385530296886,1.4683845364920368e-06
16,353.0327087191859,1.4213079018263954e-06
16,354.0515621354029,1.386108215940047e-06
16,355.0704155516199,1.3484536073341558e-06
16,356.08926896783686,1.3030994193698594e-06
16,357.10812238405384,1.2704943096998681e-06
16,358.1269758002708,1.2189700883460477e-06
16,359.1458292164878,1.185227636036535e-06
16,360.1646826327048,1.153056137313104e-06
16,361.1835360489218,1.1126174748867368e-06
16,362.20238946513876,1.077906826403734e-06
16,363.22124288135575,1.0481376500471098e-06
16,364.24009629757273,1.010191896061999e-06
16,365.2589497137897,9.72608686501742e-07
16,366.2778031300067,9.423780637911739e-07
16,367.2966565462237,9.090381994576217e-07
16,368.3155099624407,8.788167249471273e-07
16,369.33436337865766,8.495770788866298e-07
16,370.35321679487464,8.20669901476831e-07
16,371.3720702110916,7.886914912525317e-07
16,372.3909236273086,7.604672412242164e-07
16,373.4097770435256,7.337500499865355e-07
16,374.4286304597426,7.045503241341761e-07
16,375.44748387595956,6.76521254166749e-07
16,376.46633729217655,6.558764929282681e-07
16,377.48519070839353,6.256788754134878e-07
16,378.5040441246106,5.991085620786873e-07
16,379.52289754082756,5.738195544984714e-07
16,380.54175095704454,5.5137399892688e-07
16,381.5606043732615,5.316104904093222e-07
16,382.5794577894785,5.055331848921791e-07
16,383.5983112056955,4.797332001036591e-07
16,384.6171646219125,4.6247372616022904e-07
16,385.63601803812946,4.4416126147358644e-07
16,386.65487145434645,4.238888953713579e-07
16,387.67372487056343,4.067734065692662e-07
16,388.6925782867804,3.906367405805257e-07
16,389.7114317029974,3.718807529917051e-07
16,390.7302851192144,3.572508512583306e-07
16,391.74913853543137,3.4220390674504675e-07
16,392.76799195164836,3.2645505976198125e-07
16,393.78684536786534,3.1417950505984783e-07
16,394.8056987840823,3.0035341363371925e-07
16,395.8245522002993,2.8710133790426305e-07
16,396.8434056165163,2.7628579030994277e-07
16,397.8622590327333,2.6371786730477026e-07
16,398.88111244895026,2.515000701805461e-07
16,399.89996586516725,2.4121720036497887e-07
16,400.91881928138423,2.310309090039071e-07
16,401.9376726976012,2.2157037097291963e-07
16,402.9565261138182,2.1132163691128066e-07
16,403.9753795300352,2.0167495748314324e-07
16,404.9942329462522,1.9390401944987013e-07
16,406.0130863624692,1.826853807071194e-07
16,407.0319397786862,1.7680010000224447e-07
16,408.0507931949032,1.6804378320354112e-07
16,409.06964661112016,1.6108630875195545e-07
16,410.08850002733715,1.5402109017048072e-07
16,411.10735344355413,1.4688405455352808e-07
16,412.1262068597711,1.406101957810497e-07
16,413.1450602759881,1.3450279892458117e-07
16,414.1639136922051,1.2833989911232398e-07
16,415.18276710842207,1.21946881625141e-07
16,416.20162052463905,1.1657544422370805e-07
16,417.22047394085604,1.099135631265307e-07
16,418.239327357073,1.0494037637549147e-07
16,419.25818077329,9.962773886978151e-08
16,420.277034189507,9.458886385199567e-08
16,421.295887605724,8.945268656000796e-08
16,422.31474102194096,8.495867046964447e-08
16,423.33359443815795,8.0977366311268e-08
16,424.35244785437493,7.642972684332665e-08
16,425.3713012705919,7.291954372264915e-08
16,426.3901546868089,6.891802183062181e-08
16,427.4090081030259,6.534258723121403e-08
16,428.42786151924287,6.175345282204386e-08
16,429.44671493545985,5.8859338063245243e-08
16,430.4655683516769,5.594766997443746e-08
16,431.4844217678939,5.299445476735972e-08
16,432.50327518411086,5.0059899462603276e-08
16,433.52212860032785,4.7612426346906876e-08
16,434.54098201654483,4.4880833894313314e-08
16,435.5598354327618,4.254326423798917e-08
16,436.5786888489788,4.02183972238127e-08
16,437.5975422651958,3.8060782180777156e-08
16,438.61639568141277,3.620450719615706e-08
16,439.63524909762975,3.421011806726501e-08
16,440.65410251384674,3.229092098531285e-08
16,441.6729559300637,3.065664020852296e-08
16,442.6918093462807,2.884648116583788e-08
16,443.7106627624977,2.722081405790318e-08
16,444.7295161787147,2.576417951532317e-08
16,445.74836959493166,2.4417194919917163e-08
16,446.76722301114864,2.3106213472529228e-08
16,447.78607642736563,2.1875154182917382e-08
16,448.8049298435826,2.0694622768887093e-08
16,449.8237832597996,1.9541785966286522e-08
16,450.8426366760166,1.865509497872492e-08
16,451.86149009223357,1.7557524967384925e-08
16,452.88034350845055,1.654163978229913e-08
16,453.89919692466754,1.5668641226293783e-08
16,454.9180503408845,1.4796809613815047e-08
16,455.9369037571015,1.3918596739488778e-08
16,456.95575717331855,1.3105379245994659e-08
16,457.97461058953553,1.2342340883998704e-08
16,458.9934640057525,1.1678355447239517e-08
16,460.0123174219695,1.0869014585669257e-08
16,461.0311708381865,1.0285234435382198e-08
16,462.05002425440347,9.65631885502019e-09
16,463.06887767062045,9.121074533576684e-09
16,464.08773108683744,8.562031690928505e-09
16,465.1065845030544,8.043617881207692e-09
16,466.1254379192714,7.528889671719203e-09
16,467.1442913354884,7.1390440773169435e-09
16,468.1631447517054,6.645043225606029e-09
16,469.18199816792236,6.274386693290609e-09
16,470.20085158413934,5.853820171593241e-09
16,471.2197050003563,5.497002537212972e-09
16,472.2385584165733,5.164116831240043e-09
16,473.2574118327903,4.856765744183408e-09
16,474.2762652490073,4.5527946265667915e-09
16,475.29511866522427,4.265151743625616e-09
16,476.31397208144125,4.001691964882423e-09
16,477.33282549765823,3.765116476381356e-09
16,478.3516789138752,3.519672527251804e-09
16,479.3705323300922,3.2884923695020196e-09
16,480.3893857463092,3.0814022742432377e-09
16,481.4082391625262,2.8855845717451027e-09
16,482.4270925787432,2.712141098395248e-09
16,483.4459459949602,2.5363488698995864e-09
16,484.4647994111772,2.3632015996130337e-09
16,485.48365282739417,2.2226112341513816e-09
16,486.50250624361115,2.0791395813540253e-09
16,487.52135965982814,1.94805462370805e-09
16,488.5402130760451,1.8212256182220012e-09
16,489.5590664922621,1.695291716739717e-09
16,490.5779199084791,1.588065485230983e-09
16,491.5967733246961,1.4776521999066711e-09
16,492.61562674091306,1.39100974305501e-09
16,493.63448015713004,1.296762954433326e-09
16,494.653333573347,1.2194735336415172e-09
16,495.672186989564,1.1377348137820407e-09
16,496.691040405781,1.062290602761941e-09
16,497.709893821998,9.939670854336742e-10
16,498.72874723821496,9.266399751038068e-10
16,499.74760065443195,8.658216932212238e-10
16,500.76645407064893,8.00346668148496e-10
16,501.7853074868659,7.498678846201658e-10
16,502.8041609030829,7.017505404574824e-10
16,503.8230143192999,6.56078892094044e-10
16,504.84186773551687,6.089401712671728e-10
16,505.86072115173386,5.712330591798845e-10
16,506.87957456795084,5.318286087229562e-10
16,507.8984279841678,4.961298422411685e-10
16,508.9172814003848,4.619919651056523e-10
16,509.93613481660185,4.2528299977121774e-10
16,510.95498823281883,3.9849956107947196e-10
16,511.9738416490358,3.7077248410054454e-10
16,512.9926950652527,3.433442827116999e-10
16,514.0115484814698,3.191743543646977e-10
16,515.0304018976867,2.9391114970248736e-10
16,516.0492553139038,2.744772000812383e-10
16,517.0681087301207,2.54021285932225e-10
16,518.0869621463378,2.2152312610867872e-10
16,519.1058155625547,2.0326021309328454e-10
16,520.1246689787718,1.8967566525854045e-10
16,521.1435223949886,1.2293313552871326e-10
17,0.5094267081084933,0.03447210894182355
17,1.52828012432548,0.1136006292666879
17,2.5471335405424664,0.05797573708377935
17,3.5659869567594535,0.0203800045028623
17,4.58484037297644,0.01574159475732388
17,5.603693789193427,0.009390648241824857
17,6.622547205410413,0.008526227090923917
17,7.6414006216274,0.007952191710766028
17,8.660254037844386,0.006171441261324687
17,9.679107454061374,0.004720914260183487
17,10.69796087027836,0.004128324933774497
17,11.716814286495346,0.004083245337322057
17,12.735667702712334,0.003612503626243208
17,13.75452111892932,0.003593732124740802
17,14.773374535146306,0.0030845825974753016
17,15.792227951363294,0.0028177400008932867
17,16.81108136758028,0.0024607536327027895
17,17.829934783797267,0.0017651233299243755
17,18.848788200014255,0.0015993279488080092
17,19.86764161623124,0.0011470964093018257
17,20.886495032448224,0.0009421088827152263
17,21.905348448665215,0.0008786377319738297
17,22.9242018648822,0.0008006373462173162
17,23.943055281099184,0.0007388505929834355
17,24.961908697316176,0.0007318206504413783
17,25.98076211353316,0.000782479476873414
17,26.999615529750145,0.000708878968158305
17,28.018468945967136,0.0007059430853930957
17,29.03732236218412,0.0006813634342657481
17,30.056175778401105,0.0006541596363817233
17,31.075029194618093,0.0006140582773198686
17,32.09388261083508,0.0005827838399034469
17,33.112736027052065,0.0005549513351579828
17,34.13158944326905,0.0004889771547828392
17,35.15044285948604,0.0004634955830153695
17,36.169296275703026,0.00042275280103330916
17,37.18814969192002,0.00039470957539822335
17,38.207003108137,0.0003407549530113097
17,39.225856524353986,0.00031638111708204595
17,40.24470994057097,0.00029665680953893216
17,41.263563356787955,0.00028177025229424364
17,42.28241677300495,0.00027494268037417635
17,43.30127018922193,0.00025396957333082357
17,44.32012360543892,0.0002547210251293646
17,45.33897702165591,0.00024387444273119105
17,46.35783043787289,0.00024011556622087512
17,47.376683854089876,0.00023511053702000845
17,48.39553727030687,0.00023486891768985204
17,49.41439068652385,0.00023973313243764703
17,50.433244102740844,0.00023534822100033248
17,51.45209751895783,0.00023518832962861398
17,52.47095093517481,0.00023608413613238627
17,53.4898043513918,0.00023989459578877117
17,54.50865776760879,0.00023473161891274534
17,55.52751118382577,0.00023490988675333173
17,56.546364600042764,0.0002382262857480739
17,57.56521801625975,0.00022643192786633292
17,58.58407143247673,0.00022579397717610922
17,59.60292484869372,0.0002200884244218781
17,60.6217782649107,0.0002251211170248702
17,61.640631681127694,0.00021496925903439603
17,62.65948509734468,0.0002133424098711406
17,63.67833851356167,0.00019595339727955895
17,64.69719192977865,0.00019045693721383901
17,65.71604534599564,0.0001839498043737868
17,66.73489876221262,0.00017071587796896274
17,67.75375217842961,0.00016332751666947487
17,68.77260559464659,0.00015486960811895688
17,69.79145901086359,0.00015211869996094201
17,70.81031242708058,0.00014024487022038418
17,71.82916584329756,0.00013307224280284446
17,72.84801925951454,0.00013058136864160574
17,73.86687267573153,0.00012099770956837008
17,74.88572609194853,0.00011610578669724406
17,75.90457950816551,0.00011013247558601143
17,76.9234329243825,0.00010681362453335455
17,77.94228634059948,0.00010334631112313327
17,78.96113975681646,9.951434955843318e-05
17,79.97999317303345,9.483016744530899e-05
17,80.99884658925043,9.193280466566842e-05
17,82.01770000546742,8.948396791177454e-05
17,83.03655342168442,8.443224686969913e-05
17,84.0554068379014,8.460672605923596e-05
17,85.07426025411839,8.074544050137154e-05
17,86.09311367033537,8.072742514683393e-05
17,87.11196708655235,7.78793402723677e-05
17,88.13082050276935,7.722855851722803e-05
17,89.14967391898634,7.44074992071609e-05
17,90.16852733520332,7.415210415942591e-05
17,91.1873807514203,7.333694516569533e-05
17,92.20623416763729,7.441178864484473e-05
17,93.22508758385428,7.38860652725999e-05
17,94.24394100007126,7.205429878093082e-05
17,95.26279441628826,7.370730042520388e-05
17,96.28164783250524,7.19067776576268e-05
17,97.30050124872223,7.252587203704656e-05
17,98.31935466493921,7.128769144079387e-05
17,99.3382080811562,7.113970329992788e-05
17,100.35706149737318,7.226322354739579e-05
17,101.37591491359018,7.093588660943337e-05
17,102.39476832980716,7.179106235377086e-05
17,103.41362174602415,7.060210293003126e-05
17,104.43247516224113,7.107281479028156e-05
17,105.45132857845812,7.087791382560834e-05
17,106.4701819946751,6.957406252733876e-05
17,107.48903541089209,6.977874166788736e-05
17,108.50788882710908,6.823952744154527e-05
17,109.52674224332607,6.861392236654251e-05
17,110.54559565954305,6.716192318986443e-05
17,111.56444907576004,6.625930664927646e-05
17,112.58330249197702,6.518949006831987e-05
17,113.60215590819402,6.45963851735007e-05
17,114.621009324411,6.344414834133704e-05
17,115.63986274062799,6.371615812707182e-05
17,116.65871615684497,6.261299236382236e-05
17,117.67756957306196,6.191374951274083e-05
17,118.69642298927894,6.08917057398925e-05
17,119.71527640549593,5.994411773352325e-05
17,120.73412982171291,5.8959498081942074e-05
17,121.75298323792991,5.753412257503635e-05
17,122.7718366541469,5.641829071431147e-05
17,123.79069007036388,5.603178795409185e-05
17,124.80954348658086,5.4605776865870166e-05
17,125.82839690279785,5.39730932083337e-05
17,126.84725031901485,5.258424228573003e-05
17,127.86610373523183,5.1443335331170026e-05
17,128.88495715144882,5.096797512608901e-05
17,129.9038105676658,5.033957903398408e-05
17,130.92266398388279,4.86283391755311e-05
17,131.94151740009977,4.730966417785214e-05
17,132.96037081631675,4.681018845125251e-05
17,133.97922423253374,4.506611622651109e-05
17,134.99807764875072,4.423914780038793e-05
17,136.0169310649677,4.3394410465992194e-05
17,137.0357844811847,4.274692843948334e-05
17,138.0546378974017,4.152176980785804e-05
17,139.0734913136187,4.139646368613882e-05
17,140.09234472983567,3.953469875068066e-05
17,141.11119814605266,3.908073956627159e-05
17,142.13005156226964,3.788742899869728e-05
17,143.14890497848663,3.6857509010485674e-05
17,144.1677583947036,3.662556399036232e-05
17,145.1866118109206,3.570192897679962e-05
17,146.20546522713758,3.500660643777647e-05
17,147.22431864335456,3.393838006653812e-05
17,148.24317205957155,3.3585350999641344e-05
17,149.26202547578853,3.280669894581333e-05
17,150.28087889200555,3.223860446594234e-05
17,151.29973230822253,3.178264991669676e-05
17,152.31858572443952,3.112460053146319e-05
17,153.3374391406565,3.0500341027281602e-05
17,154.35629255687348,3.0048107536171666e-05
17,155.37514597309047,2.9504897605073193e-05
17,156.39399938930745,2.8766397032362786e-05
17,157.41285280552444,2.843277410448398e-05
17,158.43170622174142,2.7872877911049935e-05
17,159.4505596379584,2.7286534409976977e-05
17,160.4694130541754,2.697910812180814e-05
17,161.48826647039238,2.6244642258307963e-05
17,162.50711988660936,2.612229916259611e-05
17,163.52597330282634,2.565163029695195e-05
17,164.54482671904336,2.5250199464443115e-05
17,165.56368013526034,2.4776542708317123e-05
17,166.58253355147733,2.448849075829899e-05
17,167.6013869676943,2.4089784505139324e-05
17,168.6202403839113,2.3720096855024092e-05
17,169.63909380012828,2.3782534565550527e-05
17,170.65794721634526,2.3261793763770824e-05
17,171.67680063256225,2.3146444079435213e-05
17,172.69565404877923,2.270173760637754e-05
17,173.71450746499622,2.269298968339726e-05
17,174.7333608812132,2.2550174886191123e-05
17,175.7522142974302,2.2234459673428855e-05
17,176.7710677136472,2.193131007609295e-05
17,177.78992112986418,2.1818900385244397e-05
17,178.80877454608117,2.171118625822644e-05
17,179.82762796229815,2.1391340406152433e-05
17,180.84648137851514,2.1575878045838412e-05
17,181.86533479473212,2.1313927103891972e-05
17,182.8841882109491,2.121107310925551e-05
17,183.9030416271661,2.0942472122334222e-05
17,184.92189504338307,2.0937151487186405e-05
17,185.94074845960006,2.085485439736132e-05
17,186.95960187581704,2.0661515453439976e-05
17,187.97845529203403,2.0728509110359758e-05
17,188.997308708251,2.0616575104986156e-05
17,190.01616212446802,2.0497262393088645e-05
17,191.035015540685,2.046949405801392e-05
17,192.053868956902,2.0185291781386413e-05
17,193.07272237311898,2.024001800708396e-05
17,194.09157578933596,2.0019216661639007e-05
17,195.11042920555295,1.9940541345521055e-05
17,196.12928262176993,1.970574968005519e-05
17,197.14813603798692,1.9534981321487886e-05
17,198.1669894542039,1.9453209779326903e-05
17,199.18584287042088,1.9534874431184236e-05
17,200.20469628663787,1.930743873074779e-05
17,201.22354970285485,1.9211759808922806e-05
17,202.24240311907187,1.9021495347299203e-05
17,203.26125653528885,1.8821071944680534e-05
17,204.28010995150584,1.868883540337158e-05
17,205.29896336772282,1.86244795783277e-05
17,206.3178167839398,1.8428105729985545e-05
17,207.3366702001568,1.8161182079283746e-05
17,208.35552361637377,1.816759161691719e-05
17,209.37437703259076,1.7948134827089036e-05
17,210.39323044880774,1.7734913048526684e-05
17,211.41208386502473,1.7485912289574216e-05
17,212.4309372812417,1.726473007684341e-05
17,213.4497906974587,1.7111757880164902e-05
17,214.46864411367568,1.6905813191874175e-05
17,215.48749752989266,1.6763009713554646e-05
17,216.50635094610968,1.668355997244641e-05
17,217.52520436232666,1.6616501130514894e-05
17,218.54405777854365,1.646327207389973e-05
17,219.56291119476063,1.6159894999055887e-05
17,220.58176461097761,1.610280042710885e-05
17,221.6006180271946,1.5909811755375046e-05
17,222.61947144341158,1.5868530301028338e-05
17,223.63832485962857,1.5582286301946968e-05
17,224.65717827584555,1.5543819245913994e-05
17,225.67603169206254,1.5304912125068805e-05
17,226.69488510827952,1.5244736306716881e-05
17,227.71373852449653,1.5110791652338011e-05
17,228.73259194071352,1.514394947362168e-05
17,229.7514453569305,1.4966837535531316e-05
17,230.7702987731475,1.4862958101376428e-05
17,231.78915218936447,1.4661332235979782e-05
17,232.80800560558146,1.4499925809564513e-05
17,233.82685902179844,1.4338084667510528e-05
17,234.84571243801543,1.4316800604566512e-05
17,235.8645658542324,1.4073992418203686e-05
17,236.8834192704494,1.4099059728030974e-05
17,237.90227268666638,1.38259604277583e-05
17,238.92112610288336,1.3777406515119186e-05
17,239.93997951910035,1.3531643068539738e-05
17,240.95883293531733,1.34554057093197e-05
17,241.97768635153435,1.3138893401986016e-05
17,242.99653976775133,1.3089793213491963e-05
17,244.0153931839683,1.2889522302493778e-05
17,245.0342466001853,1.280272730355806e-05
17,246.05310001640228,1.2624478576375714e-05
17,247.07195343261927,1.2516494823367153e-05
17,248.09080684883625,1.2428614285000091e-05
17,249.10966026505324,1.2204775869221323e-05
17,250.12851368127022,1.2159881144288632e-05
17,251.1473670974872,1.190116460485529e-05
17,252.1662205137042,1.1628376940506531e-05
17,253.18507392992117,1.1613032368211796e-05
17,254.2039273461382,1.136829380662888e-05
17,255.22278076235517,1.1191717671882893e-05
17,256.24163417857216,1.103620444033614e-05
17,257.26048759478914,1.0942106599136629e-05
17,258.2793410110061,1.0740162037261796e-05
17,259.2981944272231,1.0640417655897629e-05
17,260.3170478434401,1.0562587654029615e-05
17,261.3359012596571,1.0396628578991576e-05
17,262.35475467587406,1.0320751706993163e-05
17,263.37360809209105,1.0151906955604287e-05
17,264.39246150830803,1.010544861412127e-05
17,265.411314924525,9.914688959390608e-06
17,266.430168340742,9.80813615057613e-06
17,267.449021756959,9.600449464647522e-06
17,268.46787517317597,9.509039849449915e-06
17,269.48672858939295,9.404593677570691e-06
17,270.50558200560994,9.198331621533762e-06
17,271.5244354218269,9.073893857749836e-06
17,272.5432888380439,8.951076266203039e-06
17,273.56214225426095,8.846935024884587e-06
17,274.58099567047793,8.613002545426554e-06
17,275.5998490866949,8.439553897944914e-06
17,276.6187025029119,8.254975434689319e-06
17,277.6375559191289,8.093362902627754e-06
17,278.65640933534587,7.975379497720948e-06
17,279.67526275156285,7.791865498158872e-06
17,280.69411616777984,7.692497650770182e-06
17,281.7129695839968,7.506860709986917e-06
17,282.7318230002138,7.4162091866115175e-06
17,283.7506764164308,7.259022598608472e-06
17,284.7695298326478,7.1633249983702025e-06
17,285.78838324886476,7.013908271963795e-06
17,286.80723666508175,6.873250636351535e-06
17,287.82609008129873,6.7153159498301025e-06
17,288.8449434975157,6.5759490404354385e-06
17,289.8637969137327,6.483724481331735e-06
17,290.8826503299497,6.354782762693134e-06
17,291.90150374616667,6.204161210265617e-06
17,292.92035716238365,6.108567705232956e-06
17,293.93921057860064,5.981412652822573e-06
17,294.9580639948176,5.859774221868589e-06
17,295.9769174110346,5.725384005348838e-06
17,296.9957708272516,5.5894879297193454e-06
17,298.0146242434686,5.479221629522261e-06
17,299.03347765968556,5.3538975736833465e-06
17,300.05233107590254,5.252687866692206e-06
17,301.0711844921196,5.159848024889981e-06
17,302.09003790833657,5.004977648819053e-06
17,303.10889132455355,4.878044739630569e-06
17,304.12774474077054,4.783059521396227e-06
17,305.1465981569875,4.68370112941501e-06
17,306.1654515732045,4.571217090698602e-06
17,307.1843049894215,4.438525013262124e-06
17,308.2031584056385,4.351810646944413e-06
17,309.22201182185546,4.260821057873717e-06
17,310.24086523807244,4.155307813237298e-06
17,311.25971865428943,4.044442130953892e-06
17,312.2785720705064,3.967939654591634e-06
17,313.2974254867234,3.85835329029646e-06
17,314.3162789029404,3.737972119510432e-06
17,315.33513231915737,3.65239908826517e-06
17,316.35398573537435,3.5618010791786017e-06
17,317.37283915159134,3.477427705031062e-06
17,318.3916925678083,3.3661418756403885e-06
17,319.4105459840253,3.299797545690139e-06
17,320.4293994002423,3.201823624112783e-06
17,321.4482528164593,3.1039939099833566e-06
17,322.46710623267626,3.00530025254623e-06
17,323.48595964889324,2.9200125013722806e-06
17,324.5048130651102,2.834307881216398e-06
17,325.5236664813272,2.7518238749738444e-06
17,326.54251989754425,2.68825026288866e-06
17,327.56137331376124,2.6087736750502873e-06
17,328.5802267299782,2.5250303629415053e-06
17,329.5990801461952,2.4626404106837163e-06
17,330.6179335624122,2.3818067986043073e-06
17,331.6367869786292,2.321434981137902e-06
17,332.65564039484616,2.2459790643693733e-06
17,333.67449381106314,2.189512242596301e-06
17,334.6933472272801,2.114045059139794e-06
17,335.7122006434971,2.0633525137371537e-06
17,336.7310540597141,2.006008314000007e-06
17,337.7499074759311,1.9490441992643923e-06
17,338.76876089214807,1.8857874035105152e-06
17,339.78761430836505,1.8265339837634847e-06
17,340.80646772458203,1.7632997618183486e-06
17,341.825321140799,1.724663267727361e-06
17,342.844174557016,1.6675688881998584e-06
17,343.863027973233,1.6130895716918307e-06
17,344.88188138945,1.5605034060759312e-06
17,345.90073480566696,1.5093816555785753e-06
17,346.91958822188394,1.4649728505068556e-06
17,347.9384416381009,1.4210752395138325e-06
17,348.9572950543179,1.372761915845103e-06
17,349.9761484705349,1.32892803878531e-06
17,350.9950018867519,1.28729246866257e-06
17,352.01385530296886,1.2496976120375198e-06
17,353.0327087191859,1.2127985837295284e-06
17,354.0515621354029,1.174038399455872e-06
17,355.0704155516199,1.142147799697147e-06
17,356.08926896783686,1.1092923808709388e-06
17,357.10812238405384,1.0731004411643762e-06
17,358.1269758002708,1.0314513800769616e-06
17,359.1458292164878,9.985123083386972e-07
17,360.1646826327048,9.681562331584045e-07
17,361.1835360489218,9.292763554862481e-07
17,362.20238946513876,8.931977552665154e-07
17,363.22124288135575,8.648744495119496e-07
17,364.24009629757273,8.373997212562323e-07
17,365.2589497137897,8.069890546785282e-07
17,366.2778031300067,7.753292809736596e-07
17,367.2966565462237,7.477210838970348e-07
17,368.3155099624407,7.188743864647115e-07
17,369.33436337865766,6.94025311804578e-07
17,370.35321679487464,6.714983037819659e-07
17,371.3720702110916,6.446129126131745e-07
17,372.3909236273086,6.256959859484649e-07
17,373.4097770435256,6.029116879206403e-07
17,374.4286304597426,5.822001532695297e-07
17,375.44748387595956,5.622718648245374e-07
17,376.46633729217655,5.42388637532206e-07
17,377.48519070839353,5.190300919102014e-07
17,378.5040441246106,5.018473041159507e-07
17,379.52289754082756,4.814507930701281e-07
17,380.54175095704454,4.6400443804735965e-07
17,381.5606043732615,4.5037276612337993e-07
17,382.5794577894785,4.2935870895774015e-07
17,383.5983112056955,4.1279937349663865e-07
17,384.6171646219125,3.971301070001701e-07
17,385.63601803812946,3.820016938490318e-07
17,386.65487145434645,3.656755823205997e-07
17,387.67372487056343,3.512116846816931e-07
17,388.6925782867804,3.3605564253486936e-07
17,389.7114317029974,3.214868727014613e-07
17,390.7302851192144,3.0962386161369974e-07
17,391.74913853543137,2.9634229790894035e-07
17,392.76799195164836,2.8341052507491145e-07
17,393.78684536786534,2.7271724492491485e-07
17,394.8056987840823,2.607222620198902e-07
17,395.8245522002993,2.4897111373850325e-07
17,396.8434056165163,2.400813661433641e-07
17,397.8622590327333,2.291021100188363e-07
17,398.88111244895026,2.1976976063936815e-07
17,399.89996586516725,2.1006282010264637e-07
17,400.91881928138423,2.0118667755634138e-07
17,401.9376726976012,1.9306094103365906e-07
17,402.9565261138182,1.8460296218428554e-07
17,403.9753795300352,1.7655121539721802e-07
17,404.9942329462522,1.6957368580518976e-07
17,406.0130863624692,1.6131498673047691e-07
17,407.0319397786862,1.5564739999778844e-07
17,408.0507931949032,1.4799489231982657e-07
17,409.06964661112016,1.4187096891064512e-07
17,410.08850002733715,1.3541417685794395e-07
17,411.10735344355413,1.2931906054915446e-07
17,412.1262068597711,1.2337904689523462e-07
17,413.1450602759881,1.1766951663152793e-07
17,414.1639136922051,1.1182274618143104e-07
17,415.18276710842207,1.0653110878330757e-07
17,416.20162052463905,1.020319573734468e-07
17,417.22047394085604,9.67104765541523e-08
17,418.239327357073,9.224631100815245e-08
17,419.25818077329,8.723130548000567e-08
17,420.277034189507,8.300180552624855e-08
17,421.295887605724,7.88443123048811e-08
17,422.31474102194096,7.520254534417783e-08
17,423.33359443815795,7.151126893849815e-08
17,424.35244785437493,6.779762783294771e-08
17,425.3713012705919,6.444316171783094e-08
17,426.3901546868089,6.108035691490817e-08
17,427.4090081030259,5.82332367286702e-08
17,428.42786151924287,5.5237049274994784e-08
17,429.44671493545985,5.257524396614023e-08
17,430.4655683516769,4.999423094234029e-08
17,431.4844217678939,4.737910081200115e-08
17,432.50327518411086,4.492334272894686e-08
17,433.52212860032785,4.279295940876342e-08
17,434.54098201654483,4.0350886740352845e-08
17,435.5598354327618,3.819220161888274e-08
17,436.5786888489788,3.607568897129711e-08
17,437.5975422651958,3.424584410834409e-08
17,438.61639568141277,3.246662856512506e-08
17,439.63524909762975,3.0626505416376076e-08
17,440.65410251384674,2.9021330286293627e-08
17,441.6729559300637,2.741858593011907e-08
17,442.6918093462807,2.588247562194392e-08
17,443.7106627624977,2.4499291228245174e-08
17,444.7295161787147,2.315742606979741e-08
17,445.74836959493166,2.1973576048485343e-08
17,446.76722301114864,2.0762222239133844e-08
17,447.78607642736563,1.9550139976435674e-08
17,448.8049298435826,1.848718792052264e-08
17,449.8237832597996,1.7376057511046252e-08
17,450.8426366760166,1.650815399207475e-08
17,451.86149009223357,1.5611760608844894e-08
17,452.88034350845055,1.4744584511384706e-08
17,453.89919692466754,1.3926366944104241e-08
17,454.9180503408845,1.3192892298016991e-08
17,455.9369037571015,1.241639664775601e-08
17,456.95575717331855,1.173299531401482e-08
17,457.97461058953553,1.1103696138864347e-08
17,458.9934640057525,1.0510518236680723e-08
17,460.0123174219695,9.899779313459549e-09
17,461.0311708381865,9.324608519358943e-09
17,462.05002425440347,8.797732736257554e-09
17,463.06887767062045,8.286175769769823e-09
17,464.08773108683744,7.804618638509179e-09
17,465.1065845030544,7.366138916167796e-09
17,466.1254379192714,6.898288759116904e-09
17,467.1442913354884,6.5173713516105684e-09
17,468.1631447517054,6.07644651748412e-09
17,469.18199816792236,5.743161178268462e-09
17,470.20085158413934,5.393650563737198e-09
17,471.2197050003563,5.091198212130895e-09
17,472.2385584165733,4.783608772334399e-09
17,473.2574118327903,4.503506050920947e-09
17,474.2762652490073,4.2175519141999585e-09
17,475.29511866522427,3.970693814138552e-09
17,476.31397208144125,3.736217640103917e-09
17,477.33282549765823,3.5404641374140963e-09
17,478.3516789138752,3.3216154200841936e-09
17,479.3705323300922,3.1245504308152204e-09
17,480.3893857463092,2.925710871550413e-09
17,481.4082391625262,2.754935933593547e-09
17,482.4270925787432,2.5723627759458877e-09
17,483.4459459949602,2.3953117305250696e-09
17,484.4647994111772,2.2390002946823804e-09
17,485.48365282739417,2.1081778793225483e-09
17,486.50250624361115,1.9623335347693687e-09
17,487.52135965982814,1.8362409019507518e-09
17,488.5402130760451,1.7127153608599015e-09
17,489.5590664922621,1.5973298496784857e-09
17,490.5779199084791,1.4970748854832609e-09
17,491.5967733246961,1.3889981014371406e-09
17,492.61562674091306,1.3043666264256037e-09
17,493.63448015713004,1.2156252292476473e-09
17,494.653333573347,1.1441384140626873e-09
17,495.672186989564,1.0652128811157418e-09
17,496.691040405781,9.89665887633469e-10
17,497.709893821998,9.225077309868329e-10
17,498.72874723821496,8.637104287567948e-10
17,499.74760065443195,8.044456791732425e-10
17,500.76645407064893,7.453158202839014e-10
17,501.7853074868659,6.97781994538347e-10
17,502.8041609030829,6.547969308692168e-10
17,503.8230143192999,6.143054602286584e-10
17,504.84186773551687,5.718050368195071e-10
17,505.86072115173386,5.345246623988598e-10
17,506.87957456795084,4.963769326367389e-10
17,507.8984279841678,4.627383674408658e-10
17,508.9172814003848,4.3320930311034865e-10
17,509.93613481660185,3.993165988780055e-10
17,510.95498823281883,3.7356097768739866e-10
17,511.9738416490358,3.480477727756943e-10
17,512.9926950652527,3.2422901792995653e-10
17,514.0115484814698,3.0175916898793467e-10
17,515.0304018976867,2.7897265906427057e-10
17,516.0492553139038,2.6013537596555533e-10
17,517.0681087301207,2.430480499413661e-10
17,518.0869621463378,2.1320574667610995e-10
17,519.1058155625547,1.9684914309478647e-10
17,520.1246689787718,1.8334758117889082e-10
17,521.1435223949886,1.0855241673409923e-10
18,0.5094267081084933,0.03900655274123481
18,1.52828012432548,0.06563517529781099
18,2.5471335405424664,0.061922924354476515
18,3.5659869567594535,0.024306636452794607
18,4.58484037297644,0.01637711167504452
18,5.603693789193427,0.01270542924183516
18,6.622547205410413,0.00826807241788106
18,7.6414006216274,0.007625460041835474
18,8.660254037844386,0.00503769691618336
18,9.679107454061374,0.0036985382860044466
18,10.69796087027836,0.002972751295601642
18,11.716814286495346,0.002411174922339707
18,12.735667702712334,0.0022786217780469847
18,13.75452111892932,0.002094421546106037
18,14.773374535146306,0.001753881479958657
18,15.792227951363294,0.0015681232750673257
18,16.81108136758028,0.0014249572917982105
18,17.829934783797267,0.0011200024101925869
18,18.848788200014255,0.001037303373894891
18,19.86764161623124,0.0008512949270839713
18,20.886495032448224,0.0007658435674935151
18,21.905348448665215,0.000735787593314655
18,22.9242018648822,0.0007059262637322104
18,23.943055281099184,0.0006511953509202622
18,24.961908697316176,0.0006298300980551539
18,25.98076211353316,0.0006981124660773952
18,26.999615529750145,0.0006668780261543239
18,28.018468945967136,0.0006474597621752991
18,29.03732236218412,0.0005940509669734558
18,30.056175778401105,0.0005735032690358547
18,31.075029194618093,0.0005434597938125256
18,32.09388261083508,0.0005042418886596089
18,33.112736027052065,0.0004863601262585437
18,34.13158944326905,0.00043436264205897433
18,35.15044285948604,0.00042016345279083253
18,36.169296275703026,0.00037539468721572907
18,37.18814969192002,0.0003684657143701759
18,38.207003108137,0.0003270134443269707
18,39.225856524353986,0.00031140463918400937
18,40.24470994057097,0.0002948579152729355
18,41.263563356787955,0.0002855507087954085
18,42.28241677300495,0.0002876163589528326
18,43.30127018922193,0.00026918404342100253
18,44.32012360543892,0.0002756201558551853
18,45.33897702165591,0.00025888784665649824
18,46.35783043787289,0.00025117100991484175
18,47.376683854089876,0.00024397906127470288
18,48.39553727030687,0.0002465076163959953
18,49.41439068652385,0.00023914571266930957
18,50.433244102740844,0.0002356307656160126
18,51.45209751895783,0.00023742765875928152
18,52.47095093517481,0.0002378641688938483
18,53.4898043513918,0.00023410272891547063
18,54.50865776760879,0.00023636241278604316
18,55.52751118382577,0.0002332037849080468
18,56.546364600042764,0.00022949739271918112
18,57.56521801625975,0.0002173153651367685
18,58.58407143247673,0.00021900495380539195
18,59.60292484869372,0.0002047202228452126
18,60.6217782649107,0.00020686255287494742
18,61.640631681127694,0.00018803542362754783
18,62.65948509734468,0.0001892347507729473
18,63.67833851356167,0.00017351935316499068
18,64.69719192977865,0.00017172558515157873
18,65.71604534599564,0.00016556822691150285
18,66.73489876221262,0.00015605938175950205
18,67.75375217842961,0.00014999077798882445
18,68.77260559464659,0.00014131600978163365
18,69.79145901086359,0.00014073951781847058
18,70.81031242708058,0.00013147859119693375
18,71.82916584329756,0.00012577032299486407
18,72.84801925951454,0.00012483329247504847
18,73.86687267573153,0.00011874958225353042
18,74.88572609194853,0.00011463427188939552
18,75.90457950816551,0.00010837918301529893
18,76.9234329243825,0.00010554441001750525
18,77.94228634059948,0.0001015594612548729
18,78.96113975681646,9.797998238018629e-05
18,79.97999317303345,9.321010293444795e-05
18,80.99884658925043,8.971400678673e-05
18,82.01770000546742,8.668724826830047e-05
18,83.03655342168442,8.27641291571185e-05
18,84.0554068379014,8.215157195072397e-05
18,85.07426025411839,7.76044175578124e-05
18,86.09311367033537,7.72118419184944e-05
18,87.11196708655235,7.297047916331241e-05
18,88.13082050276935,7.249941489998023e-05
18,89.14967391898634,7.029311149150885e-05
18,90.16852733520332,6.927720495724658e-05
18,91.1873807514203,6.814640035576392e-05
18,92.20623416763729,6.706669604671356e-05
18,93.22508758385428,6.732220158650251e-05
18,94.24394100007126,6.488005483831594e-05
18,95.26279441628826,6.600448111016901e-05
18,96.28164783250524,6.396592525798952e-05
18,97.30050124872223,6.55330313730234e-05
18,98.31935466493921,6.45199123102804e-05
18,99.3382080811562,6.497334979802491e-05
18,100.35706149737318,6.498316430912765e-05
18,101.37591491359018,6.322771186143203e-05
18,102.39476832980716,6.335389033465804e-05
18,103.41362174602415,6.311466957647253e-05
18,104.43247516224113,6.322596817647923e-05
18,105.45132857845812,6.330647242450904e-05
18,106.4701819946751,6.207734094813972e-05
18,107.48903541089209,6.145016464595077e-05
18,108.50788882710908,6.026900031305418e-05
18,109.52674224332607,6.125838425283857e-05
18,110.54559565954305,6.009857011848518e-05
18,111.56444907576004,5.903416303826665e-05
18,112.58330249197702,5.858635926336472e-05
18,113.60215590819402,5.8699383105747174e-05
18,114.621009324411,5.755573121010753e-05
18,115.63986274062799,5.79337250420409e-05
18,116.65871615684497,5.677849738955995e-05
18,117.67756957306196,5.740074353337278e-05
18,118.69642298927894,5.667271075754416e-05
18,119.71527640549593,5.573069806222563e-05
18,120.73412982171291,5.522460119091402e-05
18,121.75298323792991,5.4222080752250356e-05
18,122.7718366541469,5.2931624237313755e-05
18,123.79069007036388,5.255794999400725e-05
18,124.80954348658086,5.1121549710667415e-05
18,125.82839690279785,5.08793721186916e-05
18,126.84725031901485,4.908051223602836e-05
18,127.86610373523183,4.81735602329533e-05
18,128.88495715144882,4.834055903177467e-05
18,129.9038105676658,4.7035575319678e-05
18,130.92266398388279,4.631270538755754e-05
18,131.94151740009977,4.6030281662995e-05
18,132.96037081631675,4.545995505638801e-05
18,133.97922423253374,4.4196477311067185e-05
18,134.99807764875072,4.375025865278402e-05
18,136.0169310649677,4.301391783240568e-05
18,137.0357844811847,4.259558006052195e-05
18,138.0546378974017,4.1238587861965426e-05
18,139.0734913136187,4.1318824860776254e-05
18,140.09234472983567,3.964322386417143e-05
18,141.11119814605266,3.905602315825283e-05
18,142.13005156226964,3.842648424558884e-05
18,143.14890497848663,3.7132851306609e-05
18,144.1677583947036,3.67752234771555e-05
18,145.1866118109206,3.5646741543199516e-05
18,146.20546522713758,3.509704198081821e-05
18,147.22431864335456,3.4265649112342414e-05
18,148.24317205957155,3.391208638870123e-05
18,149.26202547578853,3.2924775550590374e-05
18,150.28087889200555,3.2237947047319794e-05
18,151.29973230822253,3.167022561259204e-05
18,152.31858572443952,3.0814000506943676e-05
18,153.3374391406565,3.0313994277643175e-05
18,154.35629255687348,2.974672606947658e-05
18,155.37514597309047,2.916972595589305e-05
18,156.39399938930745,2.872682443851992e-05
18,157.41285280552444,2.8368939649109593e-05
18,158.43170622174142,2.8086430687663462e-05
18,159.4505596379584,2.7469751963887222e-05
18,160.4694130541754,2.692871275786016e-05
18,161.48826647039238,2.6163846215215376e-05
18,162.50711988660936,2.6113316831100945e-05
18,163.52597330282634,2.5457995190613488e-05
18,164.54482671904336,2.5022426473873986e-05
18,165.56368013526034,2.464447265509976e-05
18,166.58253355147733,2.4318607976844782e-05
18,167.6013869676943,2.3931664477229904e-05
18,168.6202403839113,2.3570765617235195e-05
18,169.63909380012828,2.3533703510482305e-05
18,170.65794721634526,2.2870449770093124e-05
18,171.67680063256225,2.2501917502195733e-05
18,172.69565404877923,2.2037708081210838e-05
18,173.71450746499622,2.196178947610529e-05
18,174.7333608812132,2.1737904237054952e-05
18,175.7522142974302,2.122350440047819e-05
18,176.7710677136472,2.1004857529179373e-05
18,177.78992112986418,2.084680469127807e-05
18,178.80877454608117,2.0572438875815307e-05
18,179.82762796229815,2.0086190402789188e-05
18,180.84648137851514,2.0260550239510835e-05
18,181.86533479473212,1.9759384164489745e-05
18,182.8841882109491,1.9562926083001145e-05
18,183.9030416271661,1.9410177661884477e-05
18,184.92189504338307,1.926336965069867e-05
18,185.94074845960006,1.8950944714509485e-05
18,186.95960187581704,1.8643870150413797e-05
18,187.97845529203403,1.855036663403158e-05
18,188.997308708251,1.8317932139728307e-05
18,190.01616212446802,1.8289138788569867e-05
18,191.035015540685,1.803141984822775e-05
18,192.053868956902,1.7926967196267908e-05
18,193.07272237311898,1.7821180993577663e-05
18,194.09157578933596,1.7719033073369263e-05
18,195.11042920555295,1.7666930132118828e-05
18,196.12928262176993,1.7355805343433447e-05
18,197.14813603798692,1.7267573193387844e-05
18,198.1669894542039,1.7213765822392253e-05
18,199.18584287042088,1.7278367979028108e-05
18,200.20469628663787,1.700482108151644e-05
18,201.22354970285485,1.6946346199538082e-05
18,202.24240311907187,1.6822169014591442e-05
18,203.26125653528885,1.67814155002361e-05
18,204.28010995150584,1.6696457940947536e-05
18,205.29896336772282,1.6679354462171143e-05
18,206.3178167839398,1.662114952054967e-05
18,207.3366702001568,1.640708401527052e-05
18,208.35552361637377,1.6423516811980213e-05
18,209.37437703259076,1.6392253307832122e-05
18,210.39323044880774,1.6255545032375924e-05
18,211.41208386502473,1.61822841574459e-05
18,212.4309372812417,1.6023709836741807e-05
18,213.4497906974587,1.6044957857909476e-05
18,214.46864411367568,1.5982915437179854e-05
18,215.48749752989266,1.5943335556212346e-05
18,216.50635094610968,1.5838348349235498e-05
18,217.52520436232666,1.587487003531934e-05
18,218.54405777854365,1.57724104904643e-05
18,219.56291119476063,1.5623221562707657e-05
18,220.58176461097761,1.5587189693471033e-05
18,221.6006180271946,1.5415263056986547e-05
18,222.61947144341158,1.534526900696558e-05
18,223.63832485962857,1.512516470279737e-05
18,224.65717827584555,1.5167633154098853e-05
18,225.67603169206254,1.4900370654012745e-05
18,226.69488510827952,1.4916227358749636e-05
18,227.71373852449653,1.4713316871029235e-05
18,228.73259194071352,1.4667381631308517e-05
18,229.7514453569305,1.4425771645904048e-05
18,230.7702987731475,1.433235396637454e-05
18,231.78915218936447,1.4134891118377355e-05
18,232.80800560558146,1.4025828775978903e-05
18,233.82685902179844,1.381505239156674e-05
18,234.84571243801543,1.380694377873343e-05
18,235.8645658542324,1.3514915809560483e-05
18,236.8834192704494,1.3509332961665823e-05
18,237.90227268666638,1.3223444717149039e-05
18,238.92112610288336,1.3235598326101319e-05
18,239.93997951910035,1.2843180049067232e-05
18,240.95883293531733,1.2803028102103275e-05
18,241.97768635153435,1.2519439850677148e-05
18,242.99653976775133,1.2514792850516828e-05
18,244.0153931839683,1.225694019970387e-05
18,245.0342466001853,1.2176147980350818e-05
18,246.05310001640228,1.1923247624572027e-05
18,247.07195343261927,1.18310378529351e-05
18,248.09080684883625,1.1764089863125375e-05
18,249.10966026505324,1.152210837426456e-05
18,250.12851368127022,1.1503311271504455e-05
18,251.1473670974872,1.1249579401366939e-05
18,252.1662205137042,1.1041388812192281e-05
18,253.18507392992117,1.1046807321261577e-05
18,254.2039273461382,1.0869469924306625e-05
18,255.22278076235517,1.0712994418334781e-05
18,256.24163417857216,1.056547717716997e-05
18,257.26048759478914,1.047193882996919e-05
18,258.2793410110061,1.0244591327810328e-05
18,259.2981944272231,1.0196817372153626e-05
18,260.3170478434401,1.000094853026987e-05
18,261.3359012596571,9.864999997866e-06
18,262.35475467587406,9.736008822797449e-06
18,263.37360809209105,9.592377066352369e-06
18,264.39246150830803,9.500573903839228e-06
18,265.411314924525,9.318836101847882e-06
18,266.430168340742,9.23817816942921e-06
18,267.449021756959,9.050786370747395e-06
18,268.46787517317597,8.93399983317517e-06
18,269.48672858939295,8.805737700460298e-06
18,270.50558200560994,8.730216633636996e-06
18,271.5244354218269,8.575970625393392e-06
18,272.5432888380439,8.484728260532247e-06
18,273.56214225426095,8.294497377129065e-06
18,274.58099567047793,8.177510862070137e-06
18,275.5998490866949,8.092062214828441e-06
18,276.6187025029119,7.919945356003884e-06
18,277.6375559191289,7.858034735011061e-06
18,278.65640933534587,7.761670438242131e-06
18,279.67526275156285,7.5985658162152955e-06
18,280.69411616777984,7.556559997848739e-06
18,281.7129695839968,7.385802695445058e-06
18,282.7318230002138,7.314824444604069e-06
18,283.7506764164308,7.128982134434536e-06
18,284.7695298326478,7.066197408719745e-06
18,285.78838324886476,6.899286617881817e-06
18,286.80723666508175,6.7602189976381515e-06
18,287.82609008129873,6.605898676467563e-06
18,288.8449434975157,6.501269751030049e-06
18,289.8637969137327,6.378345452807976e-06
18,290.8826503299497,6.283203311628028e-06
18,291.90150374616667,6.131909480838075e-06
18,292.92035716238365,6.0069228936375574e-06
18,293.93921057860064,5.889541728709775e-06
18,294.9580639948176,5.748390885832724e-06
18,295.9769174110346,5.6570130148140116e-06
18,296.9957708272516,5.533859960605076e-06
18,298.0146242434686,5.394407140894853e-06
18,299.03347765968556,5.302950739543497e-06
18,300.05233107590254,5.187855226297659e-06
18,301.0711844921196,5.08784146919583e-06
18,302.09003790833657,4.941227496471764e-06
18,303.10889132455355,4.8453158613152e-06
18,304.12774474077054,4.743453313242855e-06
18,305.1465981569875,4.646229911949781e-06
18,306.1654515732045,4.538246336640325e-06
18,307.1843049894215,4.434727997765425e-06
18,308.2031584056385,4.321238295723524e-06
18,309.22201182185546,4.206601381463593e-06
18,310.24086523807244,4.108561984579326e-06
18,311.25971865428943,3.994369562387385e-06
18,312.2785720705064,3.933878600260524e-06
18,313.2974254867234,3.819653580599564e-06
18,314.3162789029404,3.728292175130205e-06
18,315.33513231915737,3.647046773532734e-06
18,316.35398573537435,3.5550829696837377e-06
18,317.37283915159134,3.470796160456402e-06
18,318.3916925678083,3.3500037519164793e-06
18,319.4105459840253,3.2870473846760885e-06
18,320.4293994002423,3.196615720023249e-06
18,321.4482528164593,3.1071048512732767e-06
18,322.46710623267626,3.0231622471505746e-06
18,323.48595964889324,2.9434769619070745e-06
18,324.5048130651102,2.8476017753996694e-06
18,325.5236664813272,2.775810044849057e-06
18,326.54251989754425,2.6966087408161028e-06
18,327.56137331376124,2.6228510754332425e-06
18,328.5802267299782,2.5349088689583365e-06
18,329.5990801461952,2.4676524107734068e-06
18,330.6179335624122,2.387181013570375e-06
18,331.6367869786292,2.3253088310001922e-06
18,332.65564039484616,2.2449543892748704e-06
18,333.67449381106314,2.1836282742445283e-06
18,334.6933472272801,2.113427561363836e-06
18,335.7122006434971,2.050291127994701e-06
18,336.7310540597141,1.987111446162119e-06
18,337.7499074759311,1.926394579987654e-06
18,338.76876089214807,1.8580549483887486e-06
18,339.78761430836505,1.808383995787708e-06
18,340.80646772458203,1.7409213450118508e-06
18,341.825321140799,1.6942628365010751e-06
18,342.844174557016,1.6285826275497675e-06
18,343.863027973233,1.5825224561126925e-06
18,344.88188138945,1.5283234467182642e-06
18,345.90073480566696,1.4729938272728944e-06
18,346.91958822188394,1.4244130242547459e-06
18,347.9384416381009,1.3768523805766568e-06
18,348.9572950543179,1.3285751793907487e-06
18,349.9761484705349,1.282096983133425e-06
18,350.9950018867519,1.2393074365114838e-06
18,352.01385530296886,1.2014683103523516e-06
18,353.0327087191859,1.157836214507866e-06
18,354.0515621354029,1.1196768261258283e-06
18,355.0704155516199,1.084997505027625e-06
18,356.08926896783686,1.0491276327211455e-06
18,357.10812238405384,1.0091743543708795e-06
18,358.1269758002708,9.733025287991029e-07
18,359.1458292164878,9.373831024991371e-07
18,360.1646826327048,9.096602080123796e-07
18,361.1835360489218,8.769022705202427e-07
18,362.20238946513876,8.422316303582927e-07
18,363.22124288135575,8.159971625770303e-07
18,364.24009629757273,7.853719249296414e-07
18,365.2589497137897,7.531378035673553e-07
18,366.2778031300067,7.267141605186657e-07
18,367.2966565462237,7.00897953156168e-07
18,368.3155099624407,6.727688488293581e-07
18,369.33436337865766,6.508842035596171e-07
18,370.35321679487464,6.285652592487416e-07
18,371.3720702110916,6.00885104769622e-07
18,372.3909236273086,5.803645098725093e-07
18,373.4097770435256,5.575660123999788e-07
18,374.4286304597426,5.359031593248127e-07
18,375.44748387595956,5.182695669815526e-07
18,376.46633729217655,5.008201346591496e-07
18,377.48519070839353,4.795561484690702e-07
18,378.5040441246106,4.629490040694438e-07
18,379.52289754082756,4.430323789868103e-07
18,380.54175095704454,4.271821090630123e-07
18,381.5606043732615,4.1328469904542326e-07
18,382.5794577894785,3.947218367277475e-07
18,383.5983112056955,3.7855118753191994e-07
18,384.6171646219125,3.6354941978806977e-07
18,385.63601803812946,3.5079765366766906e-07
18,386.65487145434645,3.364108891745865e-07
18,387.67372487056343,3.2207757601332227e-07
18,388.6925782867804,3.094619160917039e-07
18,389.7114317029974,2.951197186308375e-07
18,390.7302851192144,2.8463328037387824e-07
18,391.74913853543137,2.7195006526317575e-07
18,392.76799195164836,2.5991125710147355e-07
18,393.78684536786534,2.497754840615227e-07
18,394.8056987840823,2.3954020326269444e-07
18,395.8245522002993,2.293411479220621e-07
18,396.8434056165163,2.2083341333169367e-07
18,397.8622590327333,2.1066910705930486e-07
18,398.88111244895026,2.0160920831414022e-07
18,399.89996586516725,1.9244096523416152e-07
18,400.91881928138423,1.8363330053694937e-07
18,401.9376726976012,1.755839298461504e-07
18,402.9565261138182,1.682674336761499e-07
18,403.9753795300352,1.6037870077626724e-07
18,404.9942329462522,1.5443392833089466e-07
18,406.0130863624692,1.469400098419655e-07
18,407.0319397786862,1.4100755720056993e-07
18,408.0507931949032,1.3434064007426847e-07
18,409.06964661112016,1.289055760251593e-07
18,410.08850002733715,1.2297405119313214e-07
18,411.10735344355413,1.1704331412048666e-07
18,412.1262068597711,1.11816829240031e-07
18,413.1450602759881,1.0697019621240967e-07
18,414.1639136922051,1.0193133775278783e-07
18,415.18276710842207,9.693790939242668e-08
18,416.20162052463905,9.279168639923187e-08
18,417.22047394085604,8.758948504799349e-08
18,418.239327357073,8.374335831782505e-08
18,419.25818077329,7.915971217658483e-08
18,420.277034189507,7.535646799034403e-08
18,421.295887605724,7.153806976622551e-08
18,422.31474102194096,6.799663151422307e-08
18,423.33359443815795,6.450477556623967e-08
18,424.35244785437493,6.096482415501553e-08
18,425.3713012705919,5.835493936075082e-08
18,426.3901546868089,5.51736717336912e-08
18,427.4090081030259,5.258239288120092e-08
18,428.42786151924287,4.969360399684586e-08
18,429.44671493545985,4.716185326476898e-08
18,430.4655683516769,4.472439880622099e-08
18,431.4844217678939,4.227907282439382e-08
18,432.50327518411086,3.995832506093817e-08
18,433.52212860032785,3.787121552600602e-08
18,434.54098201654483,3.590294524401866e-08
18,435.5598354327618,3.4028810503359095e-08
18,436.5786888489788,3.213569560336403e-08
18,437.5975422651958,3.0385339674029925e-08
18,438.61639568141277,2.8731913295638584e-08
18,439.63524909762975,2.7115189761545686e-08
18,440.65410251384674,2.559710692855546e-08
18,441.6729559300637,2.421348593944327e-08
18,442.6918093462807,2.278217278473992e-08
18,443.7106627624977,2.157264961056209e-08
18,444.7295161787147,2.034713091613676e-08
18,445.74836959493166,1.926057780939466e-08
18,446.76722301114864,1.8162475029131776e-08
18,447.78607642736563,1.700017824081264e-08
18,448.8049298435826,1.6094833960019052e-08
18,449.8237832597996,1.5076020438534217e-08
18,450.8426366760166,1.426597145085617e-08
18,451.86149009223357,1.3458860548183382e-08
18,452.88034350845055,1.2668171334125481e-08
18,453.89919692466754,1.1920766812968011e-08
18,454.9180503408845,1.1252105745743542e-08
18,455.9369037571015,1.0533052505339306e-08
18,456.95575717331855,9.912505489377312e-09
18,457.97461058953553,9.342518795474818e-09
18,458.9934640057525,8.820892554208347e-09
18,460.0123174219695,8.271560102737885e-09
18,461.0311708381865,7.80109447741269e-09
18,462.05002425440347,7.3219604318585204e-09
18,463.06887767062045,6.907900506025965e-09
18,464.08773108683744,6.501468804699474e-09
18,465.1065845030544,6.110382618269585e-09
18,466.1254379192714,5.748302678446506e-09
18,467.1442913354884,5.408390211227394e-09
18,468.1631447517054,5.0774796758089645e-09
18,469.18199816792236,4.7953852994713585e-09
18,470.20085158413934,4.501106620393647e-09
18,471.2197050003563,4.254593329031661e-09
18,472.2385584165733,3.997964468960453e-09
18,473.2574118327903,3.756974710108778e-09
18,474.2762652490073,3.5278400802058716e-09
18,475.29511866522427,3.302409529315198e-09
18,476.31397208144125,3.108028878618075e-09
18,477.33282549765823,2.9382957816217297e-09
18,478.3516789138752,2.7476127555379356e-09
18,479.3705323300922,2.57826539722657e-09
18,480.3893857463092,2.415990460005351e-09
18,481.4082391625262,2.2774866937060228e-09
18,482.4270925787432,2.137191410330024e-09
18,483.4459459949602,2.0012911070191695e-09
18,484.4647994111772,1.867096566595689e-09
18,485.48365282739417,1.7609408695280788e-09
18,486.50250624361115,1.6470876838734175e-09
18,487.52135965982814,1.53729455373066e-09
18,488.5402130760451,1.4376469503649225e-09
18,489.5590664922621,1.339525721176455e-09
18,490.5779199084791,1.2594673596381844e-09
18,491.5967733246961,1.1704174761029769e-09
18,492.61562674091306,1.0964050644533604e-09
18,493.63448015713004,1.0263919546357909e-09
18,494.653333573347,9.624941343095143e-10
18,495.672186989564,8.998825042613397e-10
18,496.691040405781,8.385595823889967e-10
18,497.709893821998,7.828207192207445e-10
18,498.72874723821496,7.296891904265294e-10
18,499.74760065443195,6.813971091204027e-10
18,500.76645407064893,6.330111108364952e-10
18,501.7853074868659,5.874696978699289e-10
18,502.8041609030829,5.514508170785453e-10
18,503.8230143192999,5.130279940124236e-10
18,504.84186773551687,4.766675316146135e-10
18,505.86072115173386,4.4323002941482065e-10
18,506.87957456795084,4.107196530506465e-10
18,507.8984279841678,3.829818664158172e-10
18,508.9172814003848,3.560836971589201e-10
18,509.93613481660185,3.2974644236750975e-10
18,510.95498823281883,3.0757034794981663e-10
18,511.9738416490358,2.866609383055619e-10
18,512.9926950652527,2.658274169179396e-10
18,514.0115484814698,2.4646244786494344e-10
18,515.0304018976867,2.2754518753992565e-10
18,516.0492553139038,2.1205556505703367e-10
18,517.0681087301207,1.9732754773054978e-10
18,518.0869621463378,1.7093227122553935e-10
18,519.1058155625547,1.578503033816569e-10
18,520.1246689787718,1.466407324253047e-10
18,521.1435223949886,1.0295749363984682e-10
