run_idx,separation,flatness
0,0.0009765625,4.213068550728544
0,0.001953125,4.10321519047667
0,0.0029296875,3.912416334744997
0,0.00390625,3.782963658474748
0,0.0048828125,3.70276302970074
0,0.005859375,3.657884358087044
0,0.0068359375,3.62465183873516
0,0.0078125,3.592167074472421
0,0.0087890625,3.5578469162416937
0,0.009765625,3.527934359368221
0,0.0107421875,3.5042928460328637
0,0.01171875,3.4855218393572
0,0.0126953125,3.468652351520773
0,0.013671875,3.453312478436421
0,0.0146484375,3.437942946696752
0,0.015625,3.419285396195632
0,0.0166015625,3.395710723053831
0,0.017578125,3.371424779397315
0,0.0185546875,3.349770782082112
0,0.01953125,3.3314792118893117
0,0.0205078125,3.3160527546349874
0,0.021484375,3.3035604564785603
0,0.0224609375,3.2931919579639444
0,0.0234375,3.28375736382381
0,0.0244140625,3.2744212633326515
0,0.025390625,3.266244638561464
0,0.0263671875,3.260070253863705
0,0.02734375,3.255999763603767
0,0.0283203125,3.2532916724311187
0,0.029296875,3.251461051623332
0,0.0302734375,3.249526646759497
0,0.03125,3.2456265965437407
0,0.0322265625,3.2384388459992546
0,0.033203125,3.2296514444870965
0,0.0341796875,3.220980777904225
0,0.03515625,3.213026026291453
0,0.0361328125,3.205909240089185
0,0.037109375,3.19994541365599
0,0.0380859375,3.1949123035730973
0,0.0390625,3.190347218337134
0,0.0400390625,3.1858389545738057
0,0.041015625,3.1817534464443207
0,0.0419921875,3.1783727749308173
0,0.04296875,3.175744493294359
0,0.0439453125,3.1736289961568334
0,0.044921875,3.1720268503286184
0,0.0458984375,3.1706659951322025
0,0.046875,3.168889309733129
0,0.0478515625,3.1661537756046
0,0.048828125,3.163090141601693
0,0.0498046875,3.160330138003375
0,0.05078125,3.158090535163125
0,0.0517578125,3.1563502090780147
0,0.052734375,3.155233615182802
0,0.0537109375,3.154593539172679
0,0.0546875,3.1541306442244603
0,0.0556640625,3.153589930722194
0,0.056640625,3.153264096219346
0,0.0576171875,3.153412068392181
0,0.05859375,3.154074109209152
0,0.0595703125,3.154964708155381
0,0.060546875,3.155901799930893
0,0.0615234375,3.1565373663546525
0,0.0625,3.15601884845262
0,0.0634765625,3.153672068762056
0,0.064453125,3.150295487536157
0,0.0654296875,3.146751861317181
0,0.06640625,3.1433763995011783
0,0.0673828125,3.140326519237568
0,0.068359375,3.1377949127747127
0,0.0693359375,3.135681878438647
0,0.0703125,3.133758361942657
0,0.0712890625,3.1318293289360906
0,0.072265625,3.1300656646302527
0,0.0732421875,3.128625622538148
0,0.07421875,3.1275483733034277
0,0.0751953125,3.126700306386096
0,0.076171875,3.126014113224158
0,0.0771484375,3.1253045821742567
0,0.078125,3.124233372686019
0,0.0791015625,3.1225422750708893
0,0.080078125,3.120538799600113
0,0.0810546875,3.1185653139306897
0,0.08203125,3.1167891138013424
0,0.0830078125,3.115245010305047
0,0.083984375,3.1140052075784577
0,0.0849609375,3.113005807966339
0,0.0859375,3.112121254224849
0,0.0869140625,3.111237043874951
0,0.087890625,3.110475914860861
0,0.0888671875,3.109937040674509
0,0.08984375,3.109660995660673
0,0.0908203125,3.1096053318120207
0,0.091796875,3.10976675997012
0,0.0927734375,3.109925136787596
0,0.09375,3.109531718506715
0,0.0947265625,3.108192419084457
0,0.095703125,3.106351911407057
0,0.0966796875,3.104564261570813
0,0.09765625,3.1030425693889447
0,0.0986328125,3.10178210596145
0,0.099609375,3.100797361207273
0,0.1005859375,3.100005018972685
0,0.1015625,3.099288204888936
0,0.1025390625,3.09856006474666
0,0.103515625,3.097928468144709
0,0.1044921875,3.0974837529002945
0,0.10546875,3.097251546528269
0,0.1064453125,3.0971679849018616
0,0.107421875,3.097210255542351
0,0.1083984375,3.097283763485424
0,0.109375,3.097189130307666
0,0.1103515625,3.09676554610678
0,0.111328125,3.0961989151032947
0,0.1123046875,3.0957097317685838
0,0.11328125,3.095407998066197
0,0.1142578125,3.095317515721978
0,0.115234375,3.0954807703524176
0,0.1162109375,3.0958613896115987
0,0.1171875,3.096394805952313
0,0.1181640625,3.0970283530071363
0,0.119140625,3.0978424681198904
0,0.1201171875,3.0988798937130166
0,0.12109375,3.100099314572423
0,0.1220703125,3.101330098571611
0,0.123046875,3.102407914866296
0,0.1240234375,3.1030741932180352
0,0.125,3.102814828001391
0,0.1259765625,3.1012677505961626
0,0.126953125,3.0988823578883995
0,0.1279296875,3.096205882930152
0,0.12890625,3.0934914752214904
0,0.1298828125,3.090888245330666
0,0.130859375,3.0885444504844983
0,0.1318359375,3.086481188348764
0,0.1328125,3.0846356528397822
0,0.1337890625,3.082931444546851
0,0.134765625,3.081419733545101
0,0.1357421875,3.0801573734678374
0,0.13671875,3.0791559428778887
0,0.1376953125,3.0783601417742843
0,0.138671875,3.077733731971934
0,0.1396484375,3.0771728949550226
0,0.140625,3.076476811780388
0,0.1416015625,3.0754906857081026
0,0.142578125,3.074339470829115
0,0.1435546875,3.073196393081656
0,0.14453125,3.072146568260691
0,0.1455078125,3.071206039032875
0,0.146484375,3.070406544801267
0,0.1474609375,3.069722825118249
0,0.1484375,3.069087860194034
0,0.1494140625,3.0684347993227674
0,0.150390625,3.0678074934838384
0,0.1513671875,3.0672643740235594
0,0.15234375,3.0668442193360628
0,0.1533203125,3.0665307662034764
0,0.154296875,3.066315488127461
0,0.1552734375,3.0661211400468664
0,0.15625,3.065742676887958
0,0.1572265625,3.0650163198385303
0,0.158203125,3.064110242930936
0,0.1591796875,3.0632254874623026
0,0.16015625,3.062434344114988
0,0.1611328125,3.061740942925553
0,0.162109375,3.0611551152715277
0,0.1630859375,3.0606221248125887
0,0.1640625,3.060054152084416
0,0.1650390625,3.0593877102625577
0,0.166015625,3.058693338465722
0,0.1669921875,3.0580625753428574
0,0.16796875,3.0575452487470782
0,0.1689453125,3.057123896923808
0,0.169921875,3.056792961537524
0,0.1708984375,3.0565067799969365
0,0.171875,3.0561499092265563
0,0.1728515625,3.055628023372249
0,0.173828125,3.055053954170467
0,0.1748046875,3.0545719813303185
0,0.17578125,3.054249395204055
0,0.1767578125,3.054090942370008
0,0.177734375,3.054108605864484
0,0.1787109375,3.0542697962451584
0,0.1796875,3.0545063858323465
0,0.1806640625,3.054747404688008
0,0.181640625,3.0550127979105506
0,0.1826171875,3.055331764964101
0,0.18359375,3.0557001621962776
0,0.1845703125,3.056056999120122
0,0.185546875,3.0563517654513146
0,0.1865234375,3.0564841855310867
0,0.1875,3.056227135871698
0,0.1884765625,3.0554143155633997
0,0.189453125,3.054240882318267
0,0.1904296875,3.0529316842531977
0,0.19140625,3.0515655267870487
0,0.1923828125,3.050166069208613
0,0.193359375,3.0487728220414265
0,0.1943359375,3.0473877039958186
0,0.1953125,3.0459958569700367
0,0.1962890625,3.0445807259013384
0,0.197265625,3.0431860454244943
0,0.1982421875,3.0418546433516007
0,0.19921875,3.040613585053816
0,0.2001953125,3.0394596375238407
0,0.201171875,3.038406255521053
0,0.2021484375,3.037431574681828
0,0.203125,3.0364479388266177
0,0.2041015625,3.035369224676749
0,0.205078125,3.034253663559452
0,0.2060546875,3.033180195284467
0,0.20703125,3.03218125068972
0,0.2080078125,3.031257075156958
0,0.208984375,3.030423406297684
0,0.2099609375,3.029667205116651
0,0.2109375,3.0289522024272952
0,0.2119140625,3.028236395023235
0,0.212890625,3.027547228836236
0,0.2138671875,3.026930247858369
0,0.21484375,3.0264208135732265
0,0.2158203125,3.026028394705461
0,0.216796875,3.025764380217499
0,0.2177734375,3.0255671677480254
0,0.21875,3.02525053379772
0,0.2197265625,3.024670730271509
0,0.220703125,3.0239527154023733
0,0.2216796875,3.02327781746676
0,0.22265625,3.0227255037382346
0,0.2236328125,3.0223029264906995
0,0.224609375,3.022011629918924
0,0.2255859375,3.0218285059823837
0,0.2265625,3.0217161631004426
0,0.2275390625,3.0216323855569143
0,0.228515625,3.0215929570451645
0,0.2294921875,3.0216263567114217
0,0.23046875,3.021755622348853
0,0.2314453125,3.0219838283977696
0,0.232421875,3.022317937353463
0,0.2333984375,3.022718751785498
0,0.234375,3.023084597402828
0,0.2353515625,3.023338869163648
0,0.236328125,3.0235694036210647
0,0.2373046875,3.023904000211727
0,0.23828125,3.024414158378238
0,0.2392578125,3.025111685344013
0,0.240234375,3.025992970291969
0,0.2412109375,3.0270191901763983
0,0.2421875,3.028135213507268
0,0.2431640625,3.029294312365288
0,0.244140625,3.0305138826980875
0,0.2451171875,3.031819966887526
0,0.24609375,3.0332239919205155
0,0.2470703125,3.0347273137360937
0,0.248046875,3.0362901464492777
0,0.2490234375,3.037583600982285
0,0.25,3.037905398840678
0,0.2509765625,3.0368229890471903
0,0.251953125,3.0347978428470146
0,0.2529296875,3.032517247138155
0,0.25390625,3.0302894611444477
0,0.2548828125,3.028142858340669
0,0.255859375,3.026078264620548
0,0.2568359375,3.02409194395927
0,0.2578125,3.022168894429391
0,0.2587890625,3.020290611338467
0,0.259765625,3.018503796100229
0,0.2607421875,3.016858425634924
0,0.26171875,3.0153775408765218
0,0.2626953125,3.0140459045508385
0,0.263671875,3.01284944576735
0,0.2646484375,3.0117407402800573
0,0.265625,3.010626337189341
0,0.2666015625,3.0094286334017606
0,0.267578125,3.0081932151443254
0,0.2685546875,3.006987839529403
0,0.26953125,3.005842850907761
0,0.2705078125,3.00475375062822
0,0.271484375,3.00372665458942
0,0.2724609375,3.002746705455605
0,0.2734375,3.001786599650048
0,0.2744140625,3.000814876644664
0,0.275390625,2.9998484500545
0,0.2763671875,2.998915681718869
0,0.27734375,2.998038048196788
0,0.2783203125,2.99720883773463
0,0.279296875,2.9964184564911447
0,0.2802734375,2.995612578126227
0,0.28125,2.994669460356454
0,0.2822265625,2.99350101028548
0,0.283203125,2.9922079536574517
0,0.2841796875,2.990922398400684
0,0.28515625,2.9897037105881616
0,0.2861328125,2.9885606295318365
0,0.287109375,2.987502733705764
0,0.2880859375,2.9865108841395767
0,0.2890625,2.9855494512383256
0,0.2900390625,2.9845865391326627
0,0.291015625,2.9836518142557185
0,0.2919921875,2.982789743820628
0,0.29296875,2.982028765984135
0,0.2939453125,2.9813684346941374
0,0.294921875,2.980819593090459
0,0.2958984375,2.9803758102705653
0,0.296875,2.979992313406895
0,0.2978515625,2.979613529211077
0,0.298828125,2.9792612941169057
0,0.2998046875,2.978972106026264
0,0.30078125,2.978768919631439
0,0.3017578125,2.978661979067967
0,0.302734375,2.9786647952148573
0,0.3037109375,2.9787590734756813
0,0.3046875,2.97890459852079
0,0.3056640625,2.979059970520921
0,0.306640625,2.9792389408590454
0,0.3076171875,2.979466314353832
0,0.30859375,2.979736748858312
0,0.3095703125,2.979992621335424
0,0.310546875,2.980187747855557
0,0.3115234375,2.980309873992879
0,0.3125,2.980329855077934
0,0.3134765625,2.9802007519171645
0,0.314453125,2.979964011001005
0,0.3154296875,2.9796466308460983
0,0.31640625,2.979258803798967
0,0.3173828125,2.978846214461242
0,0.318359375,2.978468150010087
0,0.3193359375,2.978138032187574
0,0.3203125,2.977842695606559
0,0.3212890625,2.977569123096204
0,0.322265625,2.977344298545621
0,0.3232421875,2.977197487001052
0,0.32421875,2.977139494862405
0,0.3251953125,2.9771583043191043
0,0.326171875,2.977246484420908
0,0.3271484375,2.9773802687158426
0,0.328125,2.977506443065447
0,0.3291015625,2.9775805216072437
0,0.330078125,2.9776361418537207
0,0.3310546875,2.9777211620600386
0,0.33203125,2.977862638803305
0,0.3330078125,2.978066866706526
0,0.333984375,2.978332471959977
0,0.3349609375,2.978629716720649
0,0.3359375,2.978919293159496
0,0.3369140625,2.97917255271196
0,0.337890625,2.9794013920251787
0,0.3388671875,2.979624002916933
0,0.33984375,2.9798457653359924
0,0.3408203125,2.980047078110518
0,0.341796875,2.9802106281245395
0,0.3427734375,2.980300711748316
0,0.34375,2.980232717219656
0,0.3447265625,2.979942047649701
0,0.345703125,2.979498707169955
0,0.3466796875,2.978996824587685
0,0.34765625,2.9784828901749534
0,0.3486328125,2.977975613885097
0,0.349609375,2.977488814158393
0,0.3505859375,2.9770130304647657
0,0.3515625,2.976530699259433
0,0.3525390625,2.976027020808087
0,0.353515625,2.97552150685422
0,0.3544921875,2.975037348898999
0,0.35546875,2.97459166588554
0,0.3564453125,2.974189075578005
0,0.357421875,2.9738334044492296
0,0.3583984375,2.97348699125015
0,0.359375,2.973061411494301
0,0.3603515625,2.9724919013609274
0,0.361328125,2.971834283653737
0,0.3623046875,2.971171640106148
0,0.36328125,2.970535610793767
0,0.3642578125,2.969913671238694
0,0.365234375,2.9692972981819072
0,0.3662109375,2.968667614939989
0,0.3671875,2.968002428419762
0,0.3681640625,2.9672857327901774
0,0.369140625,2.966535978085018
0,0.3701171875,2.9657747698017607
0,0.37109375,2.9650368359514614
0,0.3720703125,2.964374539437844
0,0.373046875,2.963849793026988
0,0.3740234375,2.9634110807169143
0,0.375,2.962827583669985
0,0.3759765625,2.961934290060099
0,0.376953125,2.96090753623044
0,0.3779296875,2.9599725451298187
0,0.37890625,2.959174304723641
0,0.3798828125,2.9584463759130712
0,0.380859375,2.957731387507565
0,0.3818359375,2.9569818369623944
0,0.3828125,2.956170762012882
0,0.3837890625,2.9552890130742364
0,0.384765625,2.9543671627148083
0,0.3857421875,2.9534296651600074
0,0.38671875,2.95248904619438
0,0.3876953125,2.95154024842556
0,0.388671875,2.9505857082690525
0,0.3896484375,2.9496065620894862
0,0.390625,2.948562273900249
0,0.3916015625,2.9474161820635563
0,0.392578125,2.946200904742473
0,0.3935546875,2.944955761516296
0,0.39453125,2.94370488713366
0,0.3955078125,2.9424563952124982
0,0.396484375,2.9412180360274927
0,0.3974609375,2.939967081587259
0,0.3984375,2.938673963136723
0,0.3994140625,2.9373191629166926
0,0.400390625,2.935931199594815
0,0.4013671875,2.9345414881850727
0,0.40234375,2.933179657556124
0,0.4033203125,2.931861131361306
0,0.404296875,2.930596117933392
0,0.4052734375,2.929330915625921
0,0.40625,2.927940111085792
0,0.4072265625,2.9263459863311936
0,0.408203125,2.9246634180689184
0,0.4091796875,2.923034017951077
0,0.41015625,2.921516576933604
0,0.4111328125,2.920108969121333
0,0.412109375,2.9188096349934267
0,0.4130859375,2.9175990644887144
0,0.4140625,2.916455916496878
0,0.4150390625,2.915362834587129
0,0.416015625,2.9143361749773304
0,0.4169921875,2.913379669993178
0,0.41796875,2.912489297003937
0,0.4189453125,2.911649491972354
0,0.419921875,2.910856748907905
0,0.4208984375,2.9100764953689358
0,0.421875,2.9092425722217183
0,0.4228515625,2.9083077086214533
0,0.423828125,2.907328074892973
0,0.4248046875,2.9063693968855904
0,0.42578125,2.9054618637515883
0,0.4267578125,2.9046032244952658
0,0.427734375,2.9037984122286584
0,0.4287109375,2.903037489005938
0,0.4296875,2.902314139639401
0,0.4306640625,2.901625995995979
0,0.431640625,2.901003160829549
0,0.4326171875,2.9004529070054907
0,0.43359375,2.899950681902538
0,0.4345703125,2.8994203516552117
0,0.435546875,2.898800082445502
0,0.4365234375,2.8980737447709317
0,0.4375,2.8972351771103955
0,0.4384765625,2.89625228303099
0,0.439453125,2.895153109937457
0,0.4404296875,2.893949180458086
0,0.44140625,2.892657223130381
0,0.4423828125,2.8913402634147927
0,0.443359375,2.8900760301065813
0,0.4443359375,2.8888848248165653
0,0.4453125,2.887742290135179
0,0.4462890625,2.886617310334258
0,0.447265625,2.885521187504367
0,0.4482421875,2.8844627806715346
0,0.44921875,2.883436953440103
0,0.4501953125,2.8824229808133968
0,0.451171875,2.881415873418664
0,0.4521484375,2.880397067427353
0,0.453125,2.879327801877659
0,0.4541015625,2.8781846573695336
0,0.455078125,2.877025784971824
0,0.4560546875,2.875916936402751
0,0.45703125,2.8748920939508227
0,0.4580078125,2.8739602127452346
0,0.458984375,2.873128313168636
0,0.4599609375,2.872376470109726
0,0.4609375,2.8716687778125296
0,0.4619140625,2.870982984273517
0,0.462890625,2.8703537020594734
0,0.4638671875,2.8698191413867136
0,0.46484375,2.869397901757865
0,0.4658203125,2.869076615912111
0,0.466796875,2.868832459493732
0,0.4677734375,2.8686183959789573
0,0.46875,2.868353884723513
0,0.4697265625,2.867992952267654
0,0.470703125,2.867621577903233
0,0.4716796875,2.867331237608475
0,0.47265625,2.867155609230127
0,0.4736328125,2.8670986292511325
0,0.474609375,2.8671616593064333
0,0.4755859375,2.867312730335468
0,0.4765625,2.867512001443682
0,0.4775390625,2.8677474849162343
0,0.478515625,2.8680588921553736
0,0.4794921875,2.8684740365901726
0,0.48046875,2.868990284136081
0,0.4814453125,2.8695710528133813
0,0.482421875,2.8701902474439462
0,0.4833984375,2.870807879367589
0,0.484375,2.871368740627942
0,0.4853515625,2.8718457398422963
0,0.486328125,2.872306344225441
0,0.4873046875,2.8728086986552603
0,0.48828125,2.8733588411769917
0,0.4892578125,2.873936670916107
0,0.490234375,2.8745417771052164
0,0.4912109375,2.8751449977785786
0,0.4921875,2.875692471754676
0,0.4931640625,2.876134418298127
0,0.494140625,2.876474691240018
0,0.4951171875,2.876713225720823
0,0.49609375,2.8768239057303027
0,0.4970703125,2.8767109997599154
0,0.498046875,2.876366177992212
0,0.4990234375,2.876056710671551
0,0.5,2.8761850137403164
1,0.0009765625,4.216206583837208
1,0.001953125,4.1316574074850765
1,0.0029296875,3.8942814711071354
1,0.00390625,3.728833738690151
1,0.0048828125,3.6091241171311306
1,0.005859375,3.5454506620145443
1,0.0068359375,3.508184771367884
1,0.0078125,3.472348678710559
1,0.0087890625,3.426494145705552
1,0.009765625,3.3896231455407437
1,0.0107421875,3.367225354002788
1,0.01171875,3.353784032628273
1,0.0126953125,3.341621512787261
1,0.013671875,3.3350242777817884
1,0.0146484375,3.333112722973966
1,0.015625,3.3278054883597625
1,0.0166015625,3.3124972297689936
1,0.017578125,3.296429780915593
1,0.0185546875,3.284861764327322
1,0.01953125,3.2764629098008395
1,0.0205078125,3.268490051507391
1,0.021484375,3.263118639738378
1,0.0224609375,3.260305010191661
1,0.0234375,3.2575997993993946
1,0.0244140625,3.252355920613806
1,0.025390625,3.2473739667064154
1,0.0263671875,3.2442673533441937
1,0.02734375,3.2427271347346203
1,0.0283203125,3.241498003542548
1,0.029296875,3.2420050380739407
1,0.0302734375,3.244161392488886
1,0.03125,3.244556385653788
1,0.0322265625,3.239845711863322
1,0.033203125,3.233891874233641
1,0.0341796875,3.229585914267271
1,0.03515625,3.226684791754061
1,0.0361328125,3.2240106179429917
1,0.037109375,3.2221556607516115
1,0.0380859375,3.2210084646190618
1,0.0390625,3.2197397442575144
1,0.0400390625,3.217347918858169
1,0.041015625,3.215040004680532
1,0.0419921875,3.213587130552641
1,0.04296875,3.212934348104318
1,0.0439453125,3.2124133094145333
1,0.044921875,3.212532800746254
1,0.0458984375,3.21318211318002
1,0.046875,3.213112289038373
1,0.0478515625,3.21104965460701
1,0.048828125,3.208491451905328
1,0.0498046875,3.206596822755601
1,0.05078125,3.2053161453341232
1,0.0517578125,3.204074825232848
1,0.052734375,3.20322775488748
1,0.0537109375,3.2026864615390447
1,0.0546875,3.201932678754536
1,0.0556640625,3.2003705342156845
1,0.056640625,3.1986895749828173
1,0.0576171875,3.1973567742762965
1,0.05859375,3.1964261058146555
1,0.0595703125,3.195603806808386
1,0.060546875,3.1952688198131454
1,0.0615234375,3.195260849859205
1,0.0625,3.1942285167668465
1,0.0634765625,3.190886688434143
1,0.064453125,3.1867642840681687
1,0.0654296875,3.1831706735737493
1,0.06640625,3.1801535727499965
1,0.0673828125,3.177276820681175
1,0.068359375,3.1747123397394987
1,0.0693359375,3.172404867764657
1,0.0703125,3.1700916161574093
1,0.0712890625,3.167403385550218
1,0.072265625,3.16478515451125
1,0.0732421875,3.162521601686067
1,0.07421875,3.160621278594822
1,0.0751953125,3.158800495332479
1,0.076171875,3.1572487316182127
1,0.0771484375,3.1559511604510875
1,0.078125,3.1545509511422587
1,0.0791015625,3.1525685610664627
1,0.080078125,3.150506122049446
1,0.0810546875,3.1486997294236114
1,0.08203125,3.14713304962317
1,0.0830078125,3.145607551794667
1,0.083984375,3.144310895545129
1,0.0849609375,3.1431968069843657
1,0.0859375,3.14206182340599
1,0.0869140625,3.140635213096585
1,0.087890625,3.139234937704642
1,0.0888671875,3.1380462318243727
1,0.08984375,3.1370648853918994
1,0.0908203125,3.1360974108717232
1,0.091796875,3.135323126499543
1,0.0927734375,3.134742775343645
1,0.09375,3.133958043509949
1,0.0947265625,3.1324924967313725
1,0.095703125,3.130896070503248
1,0.0966796875,3.129562386328395
1,0.09765625,3.128477574296864
1,0.0986328125,3.12745606478352
1,0.099609375,3.126622064028066
1,0.1005859375,3.1259142965482765
1,0.1015625,3.1251551967579303
1,0.1025390625,3.124109424334185
1,0.103515625,3.1230221204038915
1,0.1044921875,3.1220626060524213
1,0.10546875,3.1212532590259063
1,0.1064453125,3.12046056219785
1,0.107421875,3.119835125966876
1,0.1083984375,3.1193600246843154
1,0.109375,3.1187702002668143
1,0.1103515625,3.1177571424790225
1,0.111328125,3.116684598029764
1,0.1123046875,3.1158423099948758
1,0.11328125,3.1152602919467225
1,0.1142578125,3.114811839107965
1,0.115234375,3.1146123414756706
1,0.1162109375,3.114629316142393
1,0.1171875,3.1147132027773963
1,0.1181640625,3.114656646482357
1,0.119140625,3.1146362570103503
1,0.1201171875,3.1147600507094912
1,0.12109375,3.1150581919455007
1,0.1220703125,3.1155546970451624
1,0.123046875,3.1165376381217977
1,0.1240234375,3.117771377714981
1,0.125,3.1181380047989515
1,0.1259765625,3.1167585977072045
1,0.126953125,3.114608712380689
1,0.1279296875,3.112777203740505
1,0.12890625,3.1114331472699472
1,0.1298828125,3.1102517049979483
1,0.130859375,3.109194795916048
1,0.1318359375,3.1082351709857408
1,0.1328125,3.1072845297998173
1,0.1337890625,3.1061806199094724
1,0.134765625,3.105087973876852
1,0.1357421875,3.1041283407532534
1,0.13671875,3.1033419964004456
1,0.1376953125,3.102664462990113
1,0.138671875,3.102204807491691
1,0.1396484375,3.101906090014445
1,0.140625,3.101512488021435
1,0.1416015625,3.1007578758061958
1,0.142578125,3.099909162900232
1,0.1435546875,3.099209990705261
1,0.14453125,3.0986944365995583
1,0.1455078125,3.09824207530776
1,0.146484375,3.097895803248988
1,0.1474609375,3.097624558652893
1,0.1484375,3.0973513340116403
1,0.1494140625,3.096961528796745
1,0.150390625,3.0966055601128266
1,0.1513671875,3.096377415383924
1,0.15234375,3.0962910969840776
1,0.1533203125,3.096257565162713
1,0.154296875,3.096348117538597
1,0.1552734375,3.096544602044096
1,0.15625,3.096649626021616
1,0.1572265625,3.096423767899951
1,0.158203125,3.0961148284412574
1,0.1591796875,3.095896993129404
1,0.16015625,3.0957609937304835
1,0.1611328125,3.0956080525289327
1,0.162109375,3.0954950934747045
1,0.1630859375,3.095412952939865
1,0.1640625,3.095321298777632
1,0.1650390625,3.095125444991776
1,0.166015625,3.094924799806428
1,0.1669921875,3.0947686154227343
1,0.16796875,3.094663156382208
1,0.1689453125,3.094537560302291
1,0.169921875,3.094455208724644
1,0.1708984375,3.094403056212165
1,0.171875,3.0942596727801326
1,0.1728515625,3.0938641495781525
1,0.173828125,3.0933749705843385
1,0.1748046875,3.0929184456312706
1,0.17578125,3.0925299275829192
1,0.1767578125,3.0921661167770558
1,0.177734375,3.09189582563927
1,0.1787109375,3.09170771887022
1,0.1796875,3.091544837195604
1,0.1806640625,3.0913089797825664
1,0.181640625,3.0910837386057706
1,0.1826171875,3.0909055717360325
1,0.18359375,3.090785531398763
1,0.1845703125,3.09073094150362
1,0.185546875,3.0908919229270952
1,0.1865234375,3.091164859444563
1,0.1875,3.091058645727794
1,0.1884765625,3.090167618226239
1,0.189453125,3.0889111969856544
1,0.1904296875,3.0877787849170537
1,0.19140625,3.0868659074952585
1,0.1923828125,3.0860105453568663
1,0.193359375,3.085178017660928
1,0.1943359375,3.0843424445603613
1,0.1953125,3.08346911790179
1,0.1962890625,3.0824871359475305
1,0.197265625,3.081494416255811
1,0.1982421875,3.0805558739765395
1,0.19921875,3.079690784290836
1,0.2001953125,3.0788357060371028
1,0.201171875,3.0780272372775195
1,0.2021484375,3.077263178289897
1,0.203125,3.0764840318872406
1,0.2041015625,3.075587434617084
1,0.205078125,3.074684223199483
1,0.2060546875,3.0738361231767115
1,0.20703125,3.073035953277089
1,0.2080078125,3.0722396147044897
1,0.208984375,3.071507209702488
1,0.2099609375,3.0708381395402906
1,0.2109375,3.070183883917142
1,0.2119140625,3.0694614080197224
1,0.212890625,3.068738090009985
1,0.2138671875,3.068054475198138
1,0.21484375,3.0674092922475484
1,0.2158203125,3.066730654802168
1,0.216796875,3.066043301036069
1,0.2177734375,3.065364277851052
1,0.21875,3.064651493772972
1,0.2197265625,3.063810629442794
1,0.220703125,3.0629633274070422
1,0.2216796875,3.062152363567106
1,0.22265625,3.0613415271126216
1,0.2236328125,3.060486768977138
1,0.224609375,3.0596591408810783
1,0.2255859375,3.058878208637298
1,0.2265625,3.058122055735316
1,0.2275390625,3.057328083382441
1,0.228515625,3.056569205381524
1,0.2294921875,3.0558877752952185
1,0.23046875,3.055285965780759
1,0.2314453125,3.0547108687306967
1,0.232421875,3.054199925810537
1,0.2333984375,3.0537544422778424
1,0.234375,3.053313359381828
1,0.2353515625,3.052785324398276
1,0.236328125,3.0522658863226777
1,0.2373046875,3.051813853010963
1,0.23828125,3.05143120309925
1,0.2392578125,3.0510885924629747
1,0.240234375,3.0508414344270904
1,0.2412109375,3.050681801752821
1,0.2421875,3.0505607592585995
1,0.2431640625,3.0504326152674066
1,0.244140625,3.050404636883576
1,0.2451171875,3.0505303440024307
1,0.24609375,3.050811291890429
1,0.2470703125,3.0512797502555444
1,0.248046875,3.0520719500547
1,0.2490234375,3.0529424014506605
1,0.25,3.053054232183415
1,0.2509765625,3.051784536486895
1,0.251953125,3.0497209606781555
1,0.2529296875,3.0477071103041413
1,0.25390625,3.04600121150791
1,0.2548828125,3.0444662834766345
1,0.255859375,3.043058344862855
1,0.2568359375,3.0417804253898315
1,0.2578125,3.0405884370429868
1,0.2587890625,3.03938678376308
1,0.259765625,3.0382091538176934
1,0.2607421875,3.0370975170497614
1,0.26171875,3.0360630345159336
1,0.2626953125,3.0350644983351414
1,0.263671875,3.03411440547024
1,0.2646484375,3.033198385810873
1,0.265625,3.0322597851704143
1,0.2666015625,3.031232517918009
1,0.267578125,3.030204036996821
1,0.2685546875,3.029233300750944
1,0.26953125,3.028318729296494
1,0.2705078125,3.027431113635859
1,0.271484375,3.026609958002336
1,0.2724609375,3.0258531552414736
1,0.2734375,3.025112748680756
1,0.2744140625,3.024327987286483
1,0.275390625,3.023557968673652
1,0.2763671875,3.0228560778989872
1,0.27734375,3.0222347385771884
1,0.2783203125,3.0216585843882933
1,0.279296875,3.021140454656268
1,0.2802734375,3.0206442284406645
1,0.28125,3.020036422612279
1,0.2822265625,3.019189115044589
1,0.283203125,3.0182209246013816
1,0.2841796875,3.017247115389849
1,0.28515625,3.0162854907925136
1,0.2861328125,3.0153115681404574
1,0.287109375,3.014365296434207
1,0.2880859375,3.013447424056571
1,0.2890625,3.0125065931273505
1,0.2900390625,3.0114740855353666
1,0.291015625,3.0103932454569087
1,0.2919921875,3.0093045654829127
1,0.29296875,3.0082102494434624
1,0.2939453125,3.007070272265625
1,0.294921875,3.0059017675121256
1,0.2958984375,3.0047143376069623
1,0.296875,3.003475558830042
1,0.2978515625,3.0021244822060824
1,0.298828125,3.0007112984054123
1,0.2998046875,2.9992645293322893
1,0.30078125,2.997772580111574
1,0.3017578125,2.996212941829901
1,0.302734375,2.994620865253585
1,0.3037109375,2.992995730554815
1,0.3046875,2.9912993772033416
1,0.3056640625,2.9894978438997564
1,0.306640625,2.987674295193434
1,0.3076171875,2.9858982531181435
1,0.30859375,2.9841837033503893
1,0.3095703125,2.982505535062108
1,0.310546875,2.9809026735119204
1,0.3115234375,2.979363198370669
1,0.3125,2.977740534166965
1,0.3134765625,2.975885903327652
1,0.314453125,2.9739351860712016
1,0.3154296875,2.97203707171536
1,0.31640625,2.970215201204498
1,0.3173828125,2.968435334323435
1,0.318359375,2.9667160621997604
1,0.3193359375,2.9650439765547327
1,0.3203125,2.963369164158329
1,0.3212890625,2.961633123929262
1,0.322265625,2.9598704049751987
1,0.3232421875,2.958107602991309
1,0.32421875,2.95634250134105
1,0.3251953125,2.954535014558036
1,0.326171875,2.9526985928019576
1,0.3271484375,2.950852495457523
1,0.328125,2.9490021447841124
1,0.3291015625,2.9471194279876936
1,0.330078125,2.9452422507009293
1,0.3310546875,2.943380437008266
1,0.33203125,2.9415271240882315
1,0.3330078125,2.9396750549543853
1,0.333984375,2.937858546010834
1,0.3349609375,2.936071870363945
1,0.3359375,2.9342816087291
1,0.3369140625,2.9324432968644096
1,0.337890625,2.930592418597784
1,0.3388671875,2.9287571221022106
1,0.33984375,2.926945050066788
1,0.3408203125,2.925144346214644
1,0.341796875,2.9233901436302
1,0.3427734375,2.921691651163921
1,0.34375,2.919995112482151
1,0.3447265625,2.918228053915052
1,0.345703125,2.9164565168404484
1,0.3466796875,2.9147208900317083
1,0.34765625,2.912998969310437
1,0.3486328125,2.911262025312789
1,0.349609375,2.909538421393493
1,0.3505859375,2.907833472097196
1,0.3515625,2.906129048921851
1,0.3525390625,2.904405969249916
1,0.353515625,2.9027180282750837
1,0.3544921875,2.9010848093669925
1,0.35546875,2.899473334711364
1,0.3564453125,2.8978304162874218
1,0.357421875,2.8961715099436547
1,0.3583984375,2.894520903400541
1,0.359375,2.8928773525841067
1,0.3603515625,2.891216897543257
1,0.361328125,2.889583802760829
1,0.3623046875,2.887986053815333
1,0.36328125,2.886396298414331
1,0.3642578125,2.88478946758598
1,0.365234375,2.883190859286356
1,0.3662109375,2.881592356302792
1,0.3671875,2.8799509253063373
1,0.3681640625,2.878210146873065
1,0.369140625,2.876389480456609
1,0.3701171875,2.874512886070976
1,0.37109375,2.872550501466751
1,0.3720703125,2.870359130767581
1,0.373046875,2.86786996486759
1,0.3740234375,2.8653426525893995
1,0.375,2.8632830525658326
1,0.3759765625,2.8619236250782274
1,0.376953125,2.861035672480927
1,0.3779296875,2.8601192103181257
1,0.37890625,2.858932346869863
1,0.3798828125,2.857552747293072
1,0.380859375,2.8561151153425217
1,0.3818359375,2.8546376380769862
1,0.3828125,2.8531055598996757
1,0.3837890625,2.85151079360863
1,0.384765625,2.849906784187332
1,0.3857421875,2.8483205277969006
1,0.38671875,2.846738387946854
1,0.3876953125,2.845120809385516
1,0.388671875,2.8434878251201683
1,0.3896484375,2.8418784839115925
1,0.390625,2.8403147493318666
1,0.3916015625,2.838773490441409
1,0.392578125,2.8372657523695493
1,0.3935546875,2.835772549935997
1,0.39453125,2.8342670106702044
1,0.3955078125,2.8327384789396737
1,0.396484375,2.831221780289385
1,0.3974609375,2.829730912134887
1,0.3984375,2.828258526921363
1,0.3994140625,2.8267848096761643
1,0.400390625,2.8253469725271736
1,0.4013671875,2.8239637176748174
1,0.40234375,2.822616445041295
1,0.4033203125,2.821269131206896
1,0.404296875,2.819935321185832
1,0.4052734375,2.818627669337054
1,0.40625,2.8173140616225343
1,0.4072265625,2.815943539182208
1,0.408203125,2.814571303364243
1,0.4091796875,2.8132322519178663
1,0.41015625,2.8119209925132096
1,0.4111328125,2.810612156081606
1,0.412109375,2.809312073850595
1,0.4130859375,2.808014562838577
1,0.4140625,2.8067139355305764
1,0.4150390625,2.805395774331956
1,0.416015625,2.80409478013054
1,0.4169921875,2.8028315670495063
1,0.41796875,2.8016085376352087
1,0.4189453125,2.8004086661158856
1,0.419921875,2.7992473425727336
1,0.4208984375,2.7981241586709107
1,0.421875,2.7970140487235446
1,0.4228515625,2.795881062880461
1,0.423828125,2.7947685600052297
1,0.4248046875,2.7937041770563726
1,0.42578125,2.7926832381983107
1,0.4267578125,2.791686353693047
1,0.427734375,2.7907298970362007
1,0.4287109375,2.789817900651268
1,0.4296875,2.7889462224679717
1,0.4306640625,2.78810275268768
1,0.431640625,2.7873278020626384
1,0.4326171875,2.7866398838059303
1,0.43359375,2.786020437806053
1,0.4345703125,2.7854324374147
1,0.435546875,2.7848844131344057
1,0.4365234375,2.784356835739532
1,0.4375,2.7837505896725943
1,0.4384765625,2.7829748587288656
1,0.439453125,2.7821231750937447
1,0.4404296875,2.781293894179232
1,0.44140625,2.7805141845638177
1,0.4423828125,2.779774150820672
1,0.443359375,2.7790890438736184
1,0.4443359375,2.778453547159642
1,0.4453125,2.777854717931275
1,0.4462890625,2.7772742081951023
1,0.447265625,2.776745954182801
1,0.4482421875,2.7762862929770447
1,0.44921875,2.77588863385638
1,0.4501953125,2.775535806880288
1,0.451171875,2.775248765915288
1,0.4521484375,2.775014920825276
1,0.453125,2.774773487008682
1,0.4541015625,2.774465408571529
1,0.455078125,2.7741502581662143
1,0.4560546875,2.773886756676138
1,0.45703125,2.773679829853855
1,0.4580078125,2.773502919005974
1,0.458984375,2.7733656576733905
1,0.4599609375,2.773264184734808
1,0.4609375,2.7731802166008115
1,0.4619140625,2.773089536501108
1,0.462890625,2.77303399591656
1,0.4638671875,2.773044953265124
1,0.46484375,2.773116362645647
1,0.4658203125,2.773219745038497
1,0.466796875,2.7733615840771866
1,0.4677734375,2.7735213472346287
1,0.46875,2.7736218274507944
1,0.4697265625,2.773595347430028
1,0.470703125,2.773529542915536
1,0.4716796875,2.773514354399365
1,0.47265625,2.773571638104573
1,0.4736328125,2.773680821974768
1,0.474609375,2.773848038061091
1,0.4755859375,2.7740606495802727
1,0.4765625,2.7742982851782942
1,0.4775390625,2.774534913632281
1,0.478515625,2.774797977096556
1,0.4794921875,2.7751051692340623
1,0.48046875,2.775454645069253
1,0.4814453125,2.7758215000361983
1,0.482421875,2.7762049159095343
1,0.4833984375,2.776598051556273
1,0.484375,2.776988661752706
1,0.4853515625,2.7773617971039086
1,0.486328125,2.7777665357997328
1,0.4873046875,2.77822194435483
1,0.48828125,2.778702606851801
1,0.4892578125,2.779177728233926
1,0.490234375,2.779671911996411
1,0.4912109375,2.780221332275658
1,0.4921875,2.7808625656900845
1,0.4931640625,2.781619250230287
1,0.494140625,2.782569270330033
1,0.4951171875,2.7837870266075204
1,0.49609375,2.785193400718281
1,0.4970703125,2.786352237343349
1,0.498046875,2.786752299103356
1,0.4990234375,2.7865269011665954
1,0.5,2.7864985944143936
2,0.0009765625,4.329624045018818
2,0.001953125,4.241601383529061
2,0.0029296875,4.069747553703415
2,0.00390625,3.9449585000878353
2,0.0048828125,3.856627432234488
2,0.005859375,3.803386278242872
2,0.0068359375,3.7613200092273487
2,0.0078125,3.710879277830109
2,0.0087890625,3.650195185590887
2,0.009765625,3.594657223464106
2,0.0107421875,3.550278850771456
2,0.01171875,3.514514314137363
2,0.0126953125,3.4840853271222527
2,0.013671875,3.460000836979521
2,0.0146484375,3.440912462989445
2,0.015625,3.422356885308381
2,0.0166015625,3.4016222572013137
2,0.017578125,3.38243784811133
2,0.0185546875,3.3672280231563803
2,0.01953125,3.3553197056617696
2,0.0205078125,3.345538033219044
2,0.021484375,3.338307418817906
2,0.0224609375,3.333304691377221
2,0.0234375,3.329202646865029
2,0.0244140625,3.3249965245803543
2,0.025390625,3.3217220492965582
2,0.0263671875,3.3199756290405054
2,0.02734375,3.31930069234185
2,0.0283203125,3.318961610874801
2,0.029296875,3.3190980413803897
2,0.0302734375,3.319289137788619
2,0.03125,3.317959423300709
2,0.0322265625,3.314051058824289
2,0.033203125,3.3091303042423483
2,0.0341796875,3.304672070316374
2,0.03515625,3.300925218451325
2,0.0361328125,3.297723611093299
2,0.037109375,3.295322617486264
2,0.0380859375,3.293682652404496
2,0.0390625,3.2923609094391346
2,0.0400390625,3.2909444235318754
2,0.041015625,3.289790362752393
2,0.0419921875,3.2891535312515185
2,0.04296875,3.2889523356027235
2,0.0439453125,3.289008519967381
2,0.044921875,3.28946313108328
2,0.0458984375,3.2902222265686096
2,0.046875,3.290797692429304
2,0.0478515625,3.2907753370477213
2,0.048828125,3.29057634312674
2,0.0498046875,3.2905812800044645
2,0.05078125,3.290781727470562
2,0.0517578125,3.2910407722430453
2,0.052734375,3.291481200592788
2,0.0537109375,3.292085624193094
2,0.0546875,3.2926031991353244
2,0.0556640625,3.292790358930625
2,0.056640625,3.292877186252124
2,0.0576171875,3.2930510329516625
2,0.05859375,3.2932421206115547
2,0.0595703125,3.2932256722871123
2,0.060546875,3.292980756702226
2,0.0615234375,3.292388480018744
2,0.0625,3.290970765902713
2,0.0634765625,3.2883454066385407
2,0.064453125,3.285041485983912
2,0.0654296875,3.281558957565646
2,0.06640625,3.277990228597151
2,0.0673828125,3.274338434630559
2,0.068359375,3.270778204323191
2,0.0693359375,3.2673703118597586
2,0.0703125,3.264020429956704
2,0.0712890625,3.260602720141236
2,0.072265625,3.2572569789522774
2,0.0732421875,3.2540865657643763
2,0.07421875,3.251103270060475
2,0.0751953125,3.248284207860787
2,0.076171875,3.245732334656446
2,0.0771484375,3.2434180028516586
2,0.078125,3.241123040002396
2,0.0791015625,3.238667163606386
2,0.080078125,3.236283539157529
2,0.0810546875,3.234194230759526
2,0.08203125,3.2324228615537813
2,0.0830078125,3.2308910146172845
2,0.083984375,3.229627153475259
2,0.0849609375,3.228597665617526
2,0.0859375,3.227676028740628
2,0.0869140625,3.2267442138750706
2,0.087890625,3.225917808930898
2,0.0888671875,3.225289610327218
2,0.08984375,3.2248398950662325
2,0.0908203125,3.224459121254073
2,0.091796875,3.22412086012786
2,0.0927734375,3.223747181276853
2,0.09375,3.223129675149844
2,0.0947265625,3.2220920978502683
2,0.095703125,3.220831365079344
2,0.0966796875,3.2195252187230428
2,0.09765625,3.21820805922892
2,0.0986328125,3.216893125936209
2,0.099609375,3.215695231267841
2,0.1005859375,3.214647987367132
2,0.1015625,3.2136801497353424
2,0.1025390625,3.212703919483371
2,0.103515625,3.211804008083797
2,0.1044921875,3.2110353182766245
2,0.10546875,3.210375748168646
2,0.1064453125,3.209777228852148
2,0.107421875,3.2092921450785354
2,0.1083984375,3.208913496766729
2,0.109375,3.20851445560922
2,0.1103515625,3.2079599003576966
2,0.111328125,3.2073611959017496
2,0.1123046875,3.2068314425572964
2,0.11328125,3.206378846281634
2,0.1142578125,3.2059561486665147
2,0.115234375,3.205587823131389
2,0.1162109375,3.2052490360985124
2,0.1171875,3.204847013512824
2,0.1181640625,3.2042919013983764
2,0.119140625,3.2036565272974005
2,0.1201171875,3.202989153343436
2,0.12109375,3.202242090879661
2,0.1220703125,3.201301914145086
2,0.123046875,3.2001688280042906
2,0.1240234375,3.1988768629542736
2,0.125,3.1973277186713003
2,0.1259765625,3.195390217953405
2,0.126953125,3.193250220698709
2,0.1279296875,3.1910275556671635
2,0.12890625,3.188698441561811
2,0.1298828125,3.1862646496729607
2,0.130859375,3.183821079706676
2,0.1318359375,3.1813848871112778
2,0.1328125,3.178898490660335
2,0.1337890625,3.176311421961726
2,0.134765625,3.173728350078983
2,0.1357421875,3.171234237782656
2,0.13671875,3.16884746726465
2,0.1376953125,3.166544906957349
2,0.138671875,3.1643614918912104
2,0.1396484375,3.16229419633484
2,0.140625,3.1602801545756667
2,0.1416015625,3.158250727297095
2,0.142578125,3.156294942964204
2,0.1435546875,3.154483562838762
2,0.14453125,3.1528166466003085
2,0.1455078125,3.15127320554646
2,0.146484375,3.1498954082386232
2,0.1474609375,3.1486831638112838
2,0.1484375,3.147577138089299
2,0.1494140625,3.1465151813973407
2,0.150390625,3.145554268720241
2,0.1513671875,3.1447366006083954
2,0.15234375,3.1440528910567647
2,0.1533203125,3.143473794807293
2,0.154296875,3.1430205022037474
2,0.1552734375,3.14262725151196
2,0.15625,3.142092078857363
2,0.1572265625,3.141260014262058
2,0.158203125,3.1402903012237324
2,0.1591796875,3.139383588436119
2,0.16015625,3.138604180573865
2,0.1611328125,3.137932624169477
2,0.162109375,3.13738404315135
2,0.1630859375,3.136949239301472
2,0.1640625,3.1365813803978595
2,0.1650390625,3.1362335765318936
2,0.166015625,3.135955663173294
2,0.1669921875,3.135782020592083
2,0.16796875,3.1357064332282003
2,0.1689453125,3.135707583144785
2,0.169921875,3.135811427528765
2,0.1708984375,3.136002225744473
2,0.171875,3.136184062316905
2,0.1728515625,3.136263333205064
2,0.173828125,3.136299542079484
2,0.1748046875,3.136349707771922
2,0.17578125,3.1363946017725453
2,0.1767578125,3.1364008755798527
2,0.177734375,3.136402727797623
2,0.1787109375,3.136412750241535
2,0.1796875,3.136386264653096
2,0.1806640625,3.136278008809224
2,0.181640625,3.136144524170541
2,0.1826171875,3.1360282334844887
2,0.18359375,3.135905867168625
2,0.1845703125,3.135725993897448
2,0.185546875,3.1354996420275247
2,0.1865234375,3.135207939892358
2,0.1875,3.1346964394810573
2,0.1884765625,3.1338204763977093
2,0.189453125,3.1327161120920093
2,0.1904296875,3.131551317651553
2,0.19140625,3.1303756216071905
2,0.1923828125,3.1292008944138634
2,0.193359375,3.128077889800527
2,0.1943359375,3.127012003622699
2,0.1953125,3.1259513890245683
2,0.1962890625,3.12484452514018
2,0.197265625,3.1237387798419656
2,0.1982421875,3.1226732047037795
2,0.19921875,3.121634733203616
2,0.2001953125,3.120587963383151
2,0.201171875,3.1195467213891184
2,0.2021484375,3.118500214310166
2,0.203125,3.117378449485881
2,0.2041015625,3.1161264324348217
2,0.205078125,3.1148310838426068
2,0.2060546875,3.1135815778802134
2,0.20703125,3.112396805066151
2,0.2080078125,3.111267228587975
2,0.208984375,3.1102193990623963
2,0.2099609375,3.1092468162041333
2,0.2109375,3.108290848845382
2,0.2119140625,3.107298586480239
2,0.212890625,3.1063205591562038
2,0.2138671875,3.105413752237564
2,0.21484375,3.1045879976590527
2,0.2158203125,3.103824837527217
2,0.216796875,3.103132669366599
2,0.2177734375,3.102466430634742
2,0.21875,3.1016843890102197
2,0.2197265625,3.1006814660448905
2,0.220703125,3.099572792838837
2,0.2216796875,3.098488889668273
2,0.22265625,3.0974553335027064
2,0.2236328125,3.096460376033849
2,0.224609375,3.0955429205688403
2,0.2255859375,3.0947275082309678
2,0.2265625,3.093995182117956
2,0.2275390625,3.093317866670787
2,0.228515625,3.0927398870194724
2,0.2294921875,3.092289079097497
2,0.23046875,3.0919438219283903
2,0.2314453125,3.091665297784882
2,0.232421875,3.0914612285306493
2,0.2333984375,3.091322201702201
2,0.234375,3.091183411411618
2,0.2353515625,3.0909816423434258
2,0.236328125,3.090762781471254
2,0.2373046875,3.090561787623014
2,0.23828125,3.0903482373478144
2,0.2392578125,3.090079009508457
2,0.240234375,3.08975839311764
2,0.2412109375,3.0893641292544127
2,0.2421875,3.0888195567260217
2,0.2431640625,3.088057305130129
2,0.244140625,3.087120085644291
2,0.2451171875,3.0860528477772458
2,0.24609375,3.084828825544459
2,0.2470703125,3.083395308259917
2,0.248046875,3.081835367314132
2,0.2490234375,3.0803906430028967
2,0.25,3.079274695987108
2,0.2509765625,3.0785331781710275
2,0.251953125,3.0781345213184026
2,0.2529296875,3.077862127463912
2,0.25390625,3.077459436563041
2,0.2548828125,3.076835123573648
2,0.255859375,3.07603940488987
2,0.2568359375,3.0750983549526096
2,0.2578125,3.073968740251429
2,0.2587890625,3.072611848074801
2,0.259765625,3.0710979464448
2,0.2607421875,3.069511124358074
2,0.26171875,3.067882490493033
2,0.2626953125,3.066217000473966
2,0.263671875,3.064556774848334
2,0.2646484375,3.06292314130206
2,0.265625,3.0612610836194403
2,0.2666015625,3.0595102827372203
2,0.267578125,3.0577233859248296
2,0.2685546875,3.055963994098484
2,0.26953125,3.05423285496737
2,0.2705078125,3.052510524787699
2,0.271484375,3.050816726922781
2,0.2724609375,3.0491671807841176
2,0.2734375,3.0475451385348955
2,0.2744140625,3.0459324233244662
2,0.275390625,3.044366391139858
2,0.2763671875,3.0428720883062232
2,0.27734375,3.0414326087650783
2,0.2783203125,3.040034060705393
2,0.279296875,3.038704520957137
2,0.2802734375,3.0374287487161813
2,0.28125,3.0360838873665834
2,0.2822265625,3.034575168768617
2,0.283203125,3.03300370214788
2,0.2841796875,3.0315038709863087
2,0.28515625,3.030108380174494
2,0.2861328125,3.028812360073416
2,0.287109375,3.0276396514298374
2,0.2880859375,3.026592629723479
2,0.2890625,3.025617676325965
2,0.2900390625,3.024662182020959
2,0.291015625,3.023751828412838
2,0.2919921875,3.02292628090508
2,0.29296875,3.0221698410130746
2,0.2939453125,3.0214466499924386
2,0.294921875,3.020762692501642
2,0.2958984375,3.0201316934677167
2,0.296875,3.0195058841918785
2,0.2978515625,3.018832832538408
2,0.298828125,3.0181377164961174
2,0.2998046875,3.0174508519848064
2,0.30078125,3.0167479994250086
2,0.3017578125,3.0160126737837856
2,0.302734375,3.015278324367225
2,0.3037109375,3.0145828285134906
2,0.3046875,3.0139190724844096
2,0.3056640625,3.013267062110793
2,0.306640625,3.012653858292549
2,0.3076171875,3.012107268662519
2,0.30859375,3.0116186610852176
2,0.3095703125,3.011185417142152
2,0.310546875,3.0108181954078272
2,0.3115234375,3.0104218274134893
2,0.3125,3.0097228985213933
2,0.3134765625,3.008543583619802
2,0.314453125,3.007072569215161
2,0.3154296875,3.005591365215978
2,0.31640625,3.0041825083909472
2,0.3173828125,3.0028184821955644
2,0.318359375,3.001501633503896
2,0.3193359375,3.0002478254295952
2,0.3203125,2.999034226658077
2,0.3212890625,2.997834256747128
2,0.322265625,2.996680012935991
2,0.3232421875,2.99560865902718
2,0.32421875,2.994602864846487
2,0.3251953125,2.9936344643065094
2,0.326171875,2.9927170672526717
2,0.3271484375,2.991858543321076
2,0.328125,2.990993499392381
2,0.3291015625,2.9900731089437262
2,0.330078125,2.9891515697152866
2,0.3310546875,2.9882871293778948
2,0.33203125,2.987464451577201
2,0.3330078125,2.9866571336298264
2,0.333984375,2.985881137003998
2,0.3349609375,2.9851479047923286
2,0.3359375,2.984423131473679
2,0.3369140625,2.983675445194286
2,0.337890625,2.9829436891225862
2,0.3388671875,2.9822757228132675
2,0.33984375,2.9816703617189795
2,0.3408203125,2.9811070941845323
2,0.341796875,2.980590051305246
2,0.3427734375,2.98010329641188
2,0.34375,2.979551221036162
2,0.3447265625,2.978863065003251
2,0.345703125,2.978119175702333
2,0.3466796875,2.9774146608710232
2,0.34765625,2.976748615550834
2,0.3486328125,2.976099939047321
2,0.349609375,2.9754865669672657
2,0.3505859375,2.9749254167739503
2,0.3515625,2.9743902676802088
2,0.3525390625,2.973857656041321
2,0.353515625,2.9733693559621006
2,0.3544921875,2.972969888731998
2,0.35546875,2.972643095541432
2,0.3564453125,2.9723527873725506
2,0.357421875,2.972106533721514
2,0.3583984375,2.971928585087161
2,0.359375,2.9717896915486928
2,0.3603515625,2.9716564543365025
2,0.361328125,2.971555958052377
2,0.3623046875,2.9715138384732183
2,0.36328125,2.9715034210495954
2,0.3642578125,2.971507012726646
2,0.365234375,2.9715473172697595
2,0.3662109375,2.971634604077091
2,0.3671875,2.97172579502628
2,0.3681640625,2.97178100108959
2,0.369140625,2.9718295501513854
2,0.3701171875,2.9718991902556207
2,0.37109375,2.971937132306565
2,0.3720703125,2.971853523697597
2,0.373046875,2.97160511020947
2,0.3740234375,2.971166040538016
2,0.375,2.970422602778102
2,0.3759765625,2.9692699801433613
2,0.376953125,2.967792702463107
2,0.3779296875,2.966114581714119
2,0.37890625,2.964293637197564
2,0.3798828125,2.962391617803585
2,0.380859375,2.960493064857999
2,0.3818359375,2.958642123977092
2,0.3828125,2.956821614214177
2,0.3837890625,2.955013970033895
2,0.384765625,2.9532685609153027
2,0.3857421875,2.951634018281358
2,0.38671875,2.950106525442277
2,0.3876953125,2.948663752253566
2,0.388671875,2.9473186431224945
2,0.3896484375,2.9460787284253005
2,0.390625,2.944893762933755
2,0.3916015625,2.9437179556998623
2,0.392578125,2.942590071326954
2,0.3935546875,2.9415527030766397
2,0.39453125,2.940600198923218
2,0.3955078125,2.9397176049758853
2,0.396484375,2.9389270451523823
2,0.3974609375,2.9382415390570724
2,0.3984375,2.9376413592003625
2,0.3994140625,2.937105998487279
2,0.400390625,2.9366699445391933
2,0.4013671875,2.9363560914377937
2,0.40234375,2.9361350495298435
2,0.4033203125,2.935955356288329
2,0.404296875,2.935802607727146
2,0.4052734375,2.935667919696161
2,0.40625,2.9354972617368573
2,0.4072265625,2.93523524159679
2,0.408203125,2.9349269838344374
2,0.4091796875,2.934624654464097
2,0.41015625,2.934336475894829
2,0.4111328125,2.9340848716146475
2,0.412109375,2.933929560116248
2,0.4130859375,2.93389787463326
2,0.4140625,2.93395594792578
2,0.4150390625,2.934052392536312
2,0.416015625,2.934196115068466
2,0.4169921875,2.934413549431914
2,0.41796875,2.9347040339696147
2,0.4189453125,2.935051607362476
2,0.419921875,2.9354585159374067
2,0.4208984375,2.9359130962704256
2,0.421875,2.936362841576291
2,0.4228515625,2.9367680321930747
2,0.423828125,2.937170588087883
2,0.4248046875,2.9376170451006782
2,0.42578125,2.938105075400869
2,0.4267578125,2.938621977403101
2,0.427734375,2.9391802479193694
2,0.4287109375,2.9397851952737266
2,0.4296875,2.940420882753657
2,0.4306640625,2.9410786608516664
2,0.431640625,2.9417984193617905
2,0.4326171875,2.942602035677558
2,0.43359375,2.9434582013972044
2,0.4345703125,2.9443196469771373
2,0.435546875,2.945169347471292
2,0.4365234375,2.945963609621609
2,0.4375,2.946581149025125
2,0.4384765625,2.946942184673134
2,0.439453125,2.947158956322565
2,0.4404296875,2.9473728371101684
2,0.44140625,2.9476512143429376
2,0.4423828125,2.948020698433625
2,0.443359375,2.948512070800416
2,0.4443359375,2.94912539164661
2,0.4453125,2.9498329539075026
2,0.4462890625,2.9506103190501234
2,0.447265625,2.9514855644886278
2,0.4482421875,2.952473055766595
2,0.44921875,2.953553956694282
2,0.4501953125,2.954695870164038
2,0.451171875,2.9559043773497544
2,0.4521484375,2.957192572048516
2,0.453125,2.958559436543914
2,0.4541015625,2.959997095241216
2,0.455078125,2.961536763854633
2,0.4560546875,2.963192988388953
2,0.45703125,2.9649683358714847
2,0.4580078125,2.966873706769108
2,0.458984375,2.9689416738892884
2,0.4599609375,2.971172759975484
2,0.4609375,2.9735340293812547
2,0.4619140625,2.975993870270194
2,0.462890625,2.978574027154552
2,0.4638671875,2.981286804507244
2,0.46484375,2.9841100185505782
2,0.4658203125,2.986995186021076
2,0.466796875,2.989919124230336
2,0.4677734375,2.992871221905051
2,0.46875,2.99582928833139
2,0.4697265625,2.99876340774458
2,0.470703125,3.0016952006946016
2,0.4716796875,3.004631449111151
2,0.47265625,3.007577870324857
2,0.4736328125,3.0105623488835587
2,0.474609375,3.0136363015408936
2,0.4755859375,3.0168169755577003
2,0.4765625,3.0200803587841683
2,0.4775390625,3.023395886552505
2,0.478515625,3.0267842740749358
2,0.4794921875,3.030261683663678
2,0.48046875,3.033826244838199
2,0.4814453125,3.037467546026972
2,0.482421875,3.041190739571836
2,0.4833984375,3.044969234174486
2,0.484375,3.0487367709984605
2,0.4853515625,3.052440683218648
2,0.486328125,3.0561180054435124
2,0.4873046875,3.0598127758055504
2,0.48828125,3.0635308810314417
2,0.4892578125,3.0672604837853905
2,0.490234375,3.071004634937866
2,0.4912109375,3.0747438060203818
2,0.4921875,3.0784268335191003
2,0.4931640625,3.082008590322004
2,0.494140625,3.08550292660788
2,0.4951171875,3.08892503446237
2,0.49609375,3.092262887891286
2,0.4970703125,3.0954921907293325
2,0.498046875,3.098635160965641
2,0.4990234375,3.101723548148465
2,0.5,3.10470310123014
3,0.0009765625,5.039996032776327
3,0.001953125,4.884754675505551
3,0.0029296875,4.572472856665495
3,0.00390625,4.302557167883736
3,0.0048828125,4.083491275757341
3,0.005859375,3.941184691145499
3,0.0068359375,3.854364765932048
3,0.0078125,3.789881739716885
3,0.0087890625,3.729729411731005
3,0.009765625,3.6872100242239902
3,0.0107421875,3.662709541678953
3,0.01171875,3.6446245935849846
3,0.0126953125,3.625378131268797
3,0.013671875,3.6110008792964727
3,0.0146484375,3.6018228858682018
3,0.015625,3.5879600950670123
3,0.0166015625,3.563213293505779
3,0.017578125,3.538202768411752
3,0.0185546875,3.519884603364609
3,0.01953125,3.50593138721952
3,0.0205078125,3.4927422850692587
3,0.021484375,3.4819785043922926
3,0.0224609375,3.4741036649862744
3,0.0234375,3.4663547349341046
3,0.0244140625,3.456120447043245
3,0.025390625,3.4459259221627287
3,0.0263671875,3.437472702433632
3,0.02734375,3.429910724873932
3,0.0283203125,3.42202704198012
3,0.029296875,3.415305597009677
3,0.0302734375,3.409906910850247
3,0.03125,3.4023354466645466
3,0.0322265625,3.389750300479157
3,0.033203125,3.375842146049372
3,0.0341796875,3.363789732795583
3,0.03515625,3.353203039212541
3,0.0361328125,3.3429112403825587
3,0.037109375,3.3337043684218144
3,0.0380859375,3.325970914538232
3,0.0390625,3.318691780068474
3,0.0400390625,3.31072441728826
3,0.041015625,3.303237176967482
3,0.0419921875,3.297103353395018
3,0.04296875,3.291944946020272
3,0.0439453125,3.287156683799344
3,0.044921875,3.2834933225846923
3,0.0458984375,3.281109590961387
3,0.046875,3.2784657542717897
3,0.0478515625,3.274080488158553
3,0.048828125,3.2694092869566087
3,0.0498046875,3.26581342792757
3,0.05078125,3.263042079255562
3,0.0517578125,3.2603523602613014
3,0.052734375,3.258076240220777
3,0.0537109375,3.256361387966181
3,0.0546875,3.254583277824767
3,0.0556640625,3.252048951804109
3,0.056640625,3.249470051608756
3,0.0576171875,3.247369761981355
3,0.05859375,3.245533290404065
3,0.0595703125,3.243616475729587
3,0.060546875,3.242253575847748
3,0.0615234375,3.2415805699756217
3,0.0625,3.239943344081269
3,0.0634765625,3.235807125679467
3,0.064453125,3.230813403142623
3,0.0654296875,3.22652066485902
3,0.06640625,3.222763920000764
3,0.0673828125,3.2190204978835366
3,0.068359375,3.215606751729932
3,0.0693359375,3.212688904628996
3,0.0703125,3.2098798248683766
3,0.0712890625,3.2067190993377657
3,0.072265625,3.203693799637075
3,0.0732421875,3.201163529471344
3,0.07421875,3.198962763938173
3,0.0751953125,3.1968182362631663
3,0.076171875,3.195047389511998
3,0.0771484375,3.193701382089386
3,0.078125,3.192096282930728
3,0.0791015625,3.189595445406655
3,0.080078125,3.186919468518796
3,0.0810546875,3.184732346552706
3,0.08203125,3.182955904536889
3,0.0830078125,3.1812895150648286
3,0.083984375,3.17994673220858
3,0.0849609375,3.1789996567865666
3,0.0859375,3.1780924146597225
3,0.0869140625,3.176836466728245
3,0.087890625,3.1756082137865915
3,0.0888671875,3.1747196022730906
3,0.08984375,3.174082600146576
3,0.0908203125,3.173492464338044
3,0.091796875,3.173203344779121
3,0.0927734375,3.173214963958363
3,0.09375,3.172770599426358
3,0.0947265625,3.1711891915470334
3,0.095703125,3.169216337811825
3,0.0966796875,3.1675815319728637
3,0.09765625,3.166256507155872
3,0.0986328125,3.164979862554141
3,0.099609375,3.1639288243535764
3,0.1005859375,3.163213423343274
3,0.1015625,3.162640367156797
3,0.1025390625,3.161953882091993
3,0.103515625,3.1614427818947397
3,0.1044921875,3.161293757421204
3,0.10546875,3.161363278728244
3,0.1064453125,3.1614329864994968
3,0.107421875,3.1616857794741584
3,0.1083984375,3.1621875459322504
3,0.109375,3.162563605211651
3,0.1103515625,3.1624071521120243
3,0.111328125,3.1621208316604834
3,0.1123046875,3.1620489154366083
3,0.11328125,3.1620968155988
3,0.1142578125,3.162059239083572
3,0.115234375,3.162108748646928
3,0.1162109375,3.162345995090158
3,0.1171875,3.162588308115573
3,0.1181640625,3.162565729162931
3,0.119140625,3.1624694221041088
3,0.1201171875,3.1624280407005574
3,0.12109375,3.162323037442466
3,0.1220703125,3.1619644793286303
3,0.123046875,3.1615663957706848
3,0.1240234375,3.1612225871742137
3,0.125,3.160287896475697
3,0.1259765625,3.158108494189276
3,0.126953125,3.1554126734549595
3,0.1279296875,3.152863256712031
3,0.12890625,3.1503657807545715
3,0.1298828125,3.1477037329935267
3,0.130859375,3.145036276135122
3,0.1318359375,3.1424608789260504
3,0.1328125,3.139862958148738
3,0.1337890625,3.137091655819385
3,0.134765625,3.1343970715735368
3,0.1357421875,3.1319517788584936
3,0.13671875,3.12968774483917
3,0.1376953125,3.127472447932982
3,0.138671875,3.125453247479108
3,0.1396484375,3.123678945298652
3,0.140625,3.121872177896067
3,0.1416015625,3.1197250804247174
3,0.142578125,3.117523034763476
3,0.1435546875,3.115520151475203
3,0.14453125,3.1136636871715315
3,0.1455078125,3.111819671041854
3,0.146484375,3.1101175180731584
3,0.1474609375,3.1086136648497438
3,0.1484375,3.107160182307445
3,0.1494140625,3.10557227628428
3,0.150390625,3.1040380742016787
3,0.1513671875,3.102696863325418
3,0.15234375,3.101498630182101
3,0.1533203125,3.1003437834796044
3,0.154296875,3.099378379406789
3,0.1552734375,3.0986047770526457
3,0.15625,3.097627584397036
3,0.1572265625,3.096084451241909
3,0.158203125,3.094373793121962
3,0.1591796875,3.09287915273489
3,0.16015625,3.091573870802998
3,0.1611328125,3.0902997025849643
3,0.162109375,3.089144302014667
3,0.1630859375,3.088147510688497
3,0.1640625,3.087177646436678
3,0.1650390625,3.0860716991402404
3,0.166015625,3.084996569457356
3,0.1669921875,3.0840726825382245
3,0.16796875,3.083241977832934
3,0.1689453125,3.082399555032122
3,0.169921875,3.0816653647252576
3,0.1708984375,3.081073405830897
3,0.171875,3.0803954049662567
3,0.1728515625,3.0793906665686626
3,0.173828125,3.0783191742622606
3,0.1748046875,3.077422086403029
3,0.17578125,3.0766802021031268
3,0.1767578125,3.0759833536427816
3,0.177734375,3.0754327682330582
3,0.1787109375,3.075077481849868
3,0.1796875,3.0747963397844025
3,0.1806640625,3.074425399723728
3,0.181640625,3.0740967543287505
3,0.1826171875,3.0739017059907976
3,0.18359375,3.073775807965302
3,0.1845703125,3.073613027836544
3,0.185546875,3.073542168937078
3,0.1865234375,3.073582741048238
3,0.1875,3.073334446864597
3,0.1884765625,3.072413835500943
3,0.189453125,3.071227749415639
3,0.1904296875,3.0701784441766145
3,0.19140625,3.069227110683628
3,0.1923828125,3.068223923112656
3,0.193359375,3.067258363320944
3,0.1943359375,3.066401445842081
3,0.1953125,3.06558024734767
3,0.1962890625,3.0646814971805494
3,0.197265625,3.0638392536350745
3,0.1982421875,3.063142816923233
3,0.19921875,3.0625405572147515
3,0.2001953125,3.0619512472575545
3,0.201171875,3.0614818494851312
3,0.2021484375,3.061163586828624
3,0.203125,3.060792051721721
3,0.2041015625,3.060148911759281
3,0.205078125,3.059439985423733
3,0.2060546875,3.058866502613767
3,0.20703125,3.058414246349036
3,0.2080078125,3.0579832516955925
3,0.208984375,3.057634293139885
3,0.2099609375,3.057389534486124
3,0.2109375,3.0571497049930945
3,0.2119140625,3.056797016576273
3,0.212890625,3.056462240155416
3,0.2138671875,3.0562428002318787
3,0.21484375,3.0561114218569965
3,0.2158203125,3.055993733764151
3,0.216796875,3.055974985133898
3,0.2177734375,3.0560550988047046
3,0.21875,3.055972259284832
3,0.2197265625,3.0554741215952115
3,0.220703125,3.0548235790758573
3,0.2216796875,3.0542875231205606
3,0.22265625,3.0538651877972307
3,0.2236328125,3.053460186571349
3,0.224609375,3.053147970880241
3,0.2255859375,3.05296857475972
3,0.2265625,3.052834833122785
3,0.2275390625,3.052636415352041
3,0.228515625,3.052497168849321
3,0.2294921875,3.052509270950223
3,0.23046875,3.0526387778481654
3,0.2314453125,3.0528085757804835
3,0.232421875,3.053097882969427
3,0.2333984375,3.05352694197524
3,0.234375,3.053924728866695
3,0.2353515625,3.054099913774136
3,0.236328125,3.0542178656921126
3,0.2373046875,3.054438509079642
3,0.23828125,3.054751401765894
3,0.2392578125,3.0550891083132923
3,0.240234375,3.0555419179703
3,0.2412109375,3.056156966585321
3,0.2421875,3.0568607757298145
3,0.2431640625,3.05755831498286
3,0.244140625,3.058385178188441
3,0.2451171875,3.059443459701292
3,0.24609375,3.060720717146128
3,0.2470703125,3.062182637489624
3,0.248046875,3.0639666906020318
3,0.2490234375,3.0659836674610554
3,0.25,3.067566603108528
3,0.2509765625,3.068160441061776
3,0.251953125,3.0683221435014465
3,0.2529296875,3.0687101795758447
3,0.25390625,3.069420472123297
3,0.2548828125,3.070304727297564
3,0.255859375,3.071381638558769
3,0.2568359375,3.072647085486073
3,0.2578125,3.073991350666176
3,0.2587890625,3.075277197781619
3,0.259765625,3.07659808040993
3,0.2607421875,3.078015539628807
3,0.26171875,3.079480771110122
3,0.2626953125,3.08090190755748
3,0.263671875,3.082339666740357
3,0.2646484375,3.083817877566178
3,0.265625,3.085218339123879
3,0.2666015625,3.086392181367164
3,0.267578125,3.0874954402441417
3,0.2685546875,3.088649038550376
3,0.26953125,3.08982237724175
3,0.2705078125,3.0909340031459527
3,0.271484375,3.0920545705079
3,0.2724609375,3.093224706745436
3,0.2734375,3.094384092985329
3,0.2744140625,3.095440434895224
3,0.275390625,3.0965031970138783
3,0.2763671875,3.097636942480475
3,0.27734375,3.0988018453864994
3,0.2783203125,3.0999319024681875
3,0.279296875,3.1011201019361323
3,0.2802734375,3.10238048222582
3,0.28125,3.103486698082849
3,0.2822265625,3.104205178231509
3,0.283203125,3.10474788109236
3,0.2841796875,3.1053470484351897
3,0.28515625,3.106017675474799
3,0.2861328125,3.10668895711408
3,0.287109375,3.1074245590357106
3,0.2880859375,3.108251814942148
3,0.2890625,3.10909351853392
3,0.2900390625,3.109846253453479
3,0.291015625,3.110601252743024
3,0.2919921875,3.1114332925925514
3,0.29296875,3.1123241317109485
3,0.2939453125,3.113220327083096
3,0.294921875,3.114197783892695
3,0.2958984375,3.115285798471312
3,0.296875,3.1163631363076703
3,0.2978515625,3.11728058117643
3,0.298828125,3.1181704599052504
3,0.2998046875,3.1191498111514444
3,0.30078125,3.1201908265600915
3,0.3017578125,3.121222308019
3,0.302734375,3.122317336617592
3,0.3037109375,3.1235225330319167
3,0.3046875,3.1247783830489206
3,0.3056640625,3.125980790165221
3,0.306640625,3.1271930081174477
3,0.3076171875,3.1284482916285
3,0.30859375,3.12969048968329
3,0.3095703125,3.1308337963651507
3,0.310546875,3.131958014196545
3,0.3115234375,3.133133668905491
3,0.3125,3.134215849549272
3,0.3134765625,3.1350177636059446
3,0.314453125,3.1357492125061066
3,0.3154296875,3.136570889455202
3,0.31640625,3.137414121897221
3,0.3173828125,3.138180555047318
3,0.318359375,3.138934026424914
3,0.3193359375,3.1397060945057533
3,0.3203125,3.140428400260164
3,0.3212890625,3.141013035178026
3,0.322265625,3.141558881375557
3,0.3232421875,3.142140339633657
3,0.32421875,3.1427299708085563
3,0.3251953125,3.1432713962081467
3,0.326171875,3.143837076748801
3,0.3271484375,3.1444378583381587
3,0.328125,3.1449216064469776
3,0.3291015625,3.1451307989729536
3,0.330078125,3.1452207979170024
3,0.3310546875,3.145350180650371
3,0.33203125,3.145521917197367
3,0.3330078125,3.145676500950334
3,0.333984375,3.145880674794161
3,0.3349609375,3.1461645164261225
3,0.3359375,3.146454920321329
3,0.3369140625,3.1466598521975264
3,0.337890625,3.146884184749843
3,0.3388671875,3.147212805070238
3,0.33984375,3.1476275432992864
3,0.3408203125,3.1480678220232288
3,0.341796875,3.148601285312057
3,0.3427734375,3.1492501021608805
3,0.34375,3.1498533258048798
3,0.3447265625,3.150232674692779
3,0.345703125,3.150550637866416
3,0.3466796875,3.1509626915461424
3,0.34765625,3.1514502769735
3,0.3486328125,3.151937425397037
3,0.349609375,3.1524777331010534
3,0.3505859375,3.153094474111031
3,0.3515625,3.1537182796485097
3,0.3525390625,3.1542644614198334
3,0.353515625,3.154838872689305
3,0.3544921875,3.1555289244939906
3,0.35546875,3.15631752814676
3,0.3564453125,3.1571377484273
3,0.357421875,3.15803126081037
3,0.3583984375,3.1589965477318787
3,0.359375,3.15989526203571
3,0.3603515625,3.160577745336083
3,0.361328125,3.161172003864817
3,0.3623046875,3.1618012405190017
3,0.36328125,3.162462348112024
3,0.3642578125,3.1631047349859904
3,0.365234375,3.163794879126656
3,0.3662109375,3.164568107413817
3,0.3671875,3.1653656250337843
3,0.3681640625,3.166094391431678
3,0.369140625,3.166822747963914
3,0.3701171875,3.167580518791245
3,0.37109375,3.168274396083953
3,0.3720703125,3.1687273887241854
3,0.373046875,3.1689339834959407
3,0.3740234375,3.1690329361989287
3,0.375,3.16909995767027
3,0.3759765625,3.169074173072912
3,0.376953125,3.169025129698862
3,0.3779296875,3.1688908140500995
3,0.37890625,3.168521721705
3,0.3798828125,3.167910918535027
3,0.380859375,3.167210520781415
3,0.3818359375,3.1665057373313146
3,0.3828125,3.165770435583187
3,0.3837890625,3.164953212056964
3,0.384765625,3.164142560754354
3,0.3857421875,3.1634099491691603
3,0.38671875,3.1627378635665258
3,0.3876953125,3.1620852678923947
3,0.388671875,3.161507875176684
3,0.3896484375,3.161020420668165
3,0.390625,3.1605048891147387
3,0.3916015625,3.159837250560208
3,0.392578125,3.159126598610968
3,0.3935546875,3.1584726797731832
3,0.39453125,3.157838422660152
3,0.3955078125,3.157161314409306
3,0.396484375,3.156487134692233
3,0.3974609375,3.1558338917926263
3,0.3984375,3.15513372195266
3,0.3994140625,3.1543086510528884
3,0.400390625,3.1534285726465696
3,0.4013671875,3.152554081215268
3,0.40234375,3.1516575549121497
3,0.4033203125,3.1507024809468653
3,0.404296875,3.1497761218006346
3,0.4052734375,3.148937657138034
3,0.40625,3.1480745380832214
3,0.4072265625,3.147049606527894
3,0.408203125,3.145992278467363
3,0.4091796875,3.1450139351575537
3,0.41015625,3.1440663176993198
3,0.4111328125,3.143078270455474
3,0.412109375,3.142093865838512
3,0.4130859375,3.1411459385043616
3,0.4140625,3.1401944419116803
3,0.4150390625,3.139186177350491
3,0.416015625,3.1381962931154974
3,0.4169921875,3.137278494095549
3,0.41796875,3.136391894624445
3,0.4189453125,3.135478529861082
3,0.419921875,3.134598022704995
3,0.4208984375,3.133804333429901
3,0.421875,3.133041437620244
3,0.4228515625,3.132219010910658
3,0.423828125,3.1314141003082687
3,0.4248046875,3.130679876949236
3,0.42578125,3.1299572610483373
3,0.4267578125,3.129184153624228
3,0.427734375,3.1284171186133625
3,0.4287109375,3.127688879633614
3,0.4296875,3.126941490962527
3,0.4306640625,3.126096969759941
3,0.431640625,3.12522204952017
3,0.4326171875,3.124380464713155
3,0.43359375,3.123543463376989
3,0.4345703125,3.1226545132964256
3,0.435546875,3.1217682703530105
3,0.4365234375,3.1208913693502374
3,0.4375,3.119808719632081
3,0.4384765625,3.118315161609551
3,0.439453125,3.116602622780172
3,0.4404296875,3.11487813251178
3,0.44140625,3.113138145614496
3,0.4423828125,3.111338433451456
3,0.443359375,3.1095427687965485
3,0.4443359375,3.1077793431223317
3,0.4453125,3.105978369886001
3,0.4462890625,3.104060056242162
3,0.447265625,3.10209136569751
3,0.4482421875,3.1001418618519785
3,0.44921875,3.098199776436492
3,0.4501953125,3.0962304946904045
3,0.451171875,3.0942860066826348
3,0.4521484375,3.0923632951304487
3,0.453125,3.090307584177566
3,0.4541015625,3.08797909533608
3,0.455078125,3.0854975031471747
3,0.4560546875,3.082995363092051
3,0.45703125,3.080449100763349
3,0.4580078125,3.077796008736604
3,0.458984375,3.0750953592967982
3,0.4599609375,3.072396031280304
3,0.4609375,3.069653592481627
3,0.4619140625,3.066799408886086
3,0.462890625,3.063893884722478
3,0.4638671875,3.0609777686610804
3,0.46484375,3.058001477758696
3,0.4658203125,3.054910844879565
3,0.466796875,3.051793090832411
3,0.4677734375,3.0487258438910616
3,0.46875,3.0456178108617413
3,0.4697265625,3.042352269212085
3,0.470703125,3.039080117292564
3,0.4716796875,3.0359309764689315
3,0.47265625,3.0328553754901764
3,0.4736328125,3.029768281511922
3,0.474609375,3.0267067741181752
3,0.4755859375,3.0236939953996846
3,0.4765625,3.020674117356748
3,0.4775390625,3.0175901002044325
3,0.478515625,3.014530116899119
3,0.4794921875,3.011570229522003
3,0.48046875,3.008699112570867
3,0.4814453125,3.0058915666603303
3,0.482421875,3.003226309657641
3,0.4833984375,3.0007212690194125
3,0.484375,2.9982247389885703
3,0.4853515625,2.9955947291768283
3,0.486328125,2.992975748073885
3,0.4873046875,2.990539667819892
3,0.48828125,2.988301126128121
3,0.4892578125,2.9862061304010514
3,0.490234375,2.9843207052174483
3,0.4912109375,2.982716766596916
3,0.4921875,2.9813787755401284
3,0.4931640625,2.980237183644748
3,0.494140625,2.9793374040051863
3,0.4951171875,2.9786964733996744
3,0.49609375,2.978202238523977
3,0.4970703125,2.9776332256624305
3,0.498046875,2.976907051130637
3,0.4990234375,2.9760437750189506
3,0.5,2.9748654397205865
4,0.0009765625,4.7211519288141846
4,0.001953125,4.582161385307186
4,0.0029296875,4.290316312618358
4,0.00390625,4.038972630258123
4,0.0048828125,3.840592995618136
4,0.005859375,3.714578062583057
4,0.0068359375,3.631650683612049
4,0.0078125,3.5620859262253477
4,0.0087890625,3.493509903966724
4,0.009765625,3.439385198419314
4,0.0107421875,3.403465546600997
4,0.01171875,3.3793271716080726
4,0.0126953125,3.359450339854692
4,0.013671875,3.345490635184829
4,0.0146484375,3.336631121729828
4,0.015625,3.326611932277481
4,0.0166015625,3.31046601474869
4,0.017578125,3.294317714292648
4,0.0185546875,3.2821639082404603
4,0.01953125,3.273067817128385
4,0.0205078125,3.265145747508293
4,0.021484375,3.259567512625104
4,0.0224609375,3.256085981022204
4,0.0234375,3.2526669853234678
4,0.0244140625,3.247405316784758
4,0.025390625,3.242301346352425
4,0.0263671875,3.238820947924372
4,0.02734375,3.2366630975373494
4,0.0283203125,3.23473882754056
4,0.029296875,3.2338739932448157
4,0.0302734375,3.233843851396827
4,0.03125,3.231566452535826
4,0.0322265625,3.2245366065250782
4,0.033203125,3.216002845082948
4,0.0341796875,3.208813112810672
4,0.03515625,3.202884754826377
4,0.0361328125,3.197394130730603
4,0.037109375,3.192856139971541
4,0.0380859375,3.189273422629108
4,0.0390625,3.1857972269310526
4,0.0400390625,3.1815465896712567
4,0.041015625,3.177366157655952
4,0.0419921875,3.173921443001257
4,0.04296875,3.171148871151074
4,0.0439453125,3.1686392451369567
4,0.044921875,3.1668069761826887
4,0.0458984375,3.16559264666379
4,0.046875,3.163934240477956
4,0.0478515625,3.1608496901644045
4,0.048828125,3.1574571102374964
4,0.0498046875,3.154745988627944
4,0.05078125,3.152683794163209
4,0.0517578125,3.150842427098503
4,0.052734375,3.1494561688775264
4,0.0537109375,3.148505637545173
4,0.0546875,3.14758323604544
4,0.0556640625,3.146258729415934
4,0.056640625,3.1450793822814203
4,0.0576171875,3.14445207244822
4,0.05859375,3.1443132174120185
4,0.0595703125,3.144404219506278
4,0.060546875,3.145150367183295
4,0.0615234375,3.146357608778397
4,0.0625,3.146062583293657
4,0.0634765625,3.142646023665851
4,0.064453125,3.1379574999457747
4,0.0654296875,3.133925624992736
4,0.06640625,3.1306980891263136
4,0.0673828125,3.127859090988306
4,0.068359375,3.12556181300944
4,0.0693359375,3.123801121297458
4,0.0703125,3.122259756865948
4,0.0712890625,3.120566466083788
4,0.072265625,3.118999764184564
4,0.0732421875,3.117784318740967
4,0.07421875,3.1169119600617834
4,0.0751953125,3.116233473849888
4,0.076171875,3.115948752357749
4,0.0771484375,3.116015990702048
4,0.078125,3.11590708958402
4,0.0791015625,3.115119708838312
4,0.080078125,3.1141648473284027
4,0.0810546875,3.113531839507066
4,0.08203125,3.113224396416596
4,0.0830078125,3.1130427933056253
4,0.083984375,3.1131110956907904
4,0.0849609375,3.113433494449404
4,0.0859375,3.1138065085589126
4,0.0869140625,3.114003084529195
4,0.087890625,3.1142974100982035
4,0.0888671875,3.114897967634589
4,0.08984375,3.115766852875315
4,0.0908203125,3.1167516527917045
4,0.091796875,3.118029161081865
4,0.0927734375,3.1195724648082592
4,0.09375,3.120770348156505
4,0.0947265625,3.121066599317549
4,0.095703125,3.121048487552672
4,0.0966796875,3.121289584540519
4,0.09765625,3.121790852682591
4,0.0986328125,3.122386879677718
4,0.099609375,3.123192405320941
4,0.1005859375,3.124204437241496
4,0.1015625,3.1252304185528152
4,0.1025390625,3.1260602189861757
4,0.103515625,3.126882421335463
4,0.1044921875,3.127867715017117
4,0.10546875,3.1290271634239906
4,0.1064453125,3.1302761049672463
4,0.107421875,3.131721824700888
4,0.1083984375,3.133337660844773
4,0.109375,3.134820517401496
4,0.1103515625,3.1358810380704405
4,0.111328125,3.13681245695631
4,0.1123046875,3.137898512754984
4,0.11328125,3.1391632650304087
4,0.1142578125,3.140508888022739
4,0.115234375,3.142008236305122
4,0.1162109375,3.1436532061785982
4,0.1171875,3.1453316339262143
4,0.1181640625,3.146913036960671
4,0.119140625,3.148571710781913
4,0.1201171875,3.15046564914444
4,0.12109375,3.152657045275187
4,0.1220703125,3.155190069028526
4,0.123046875,3.158260098419369
4,0.1240234375,3.161489501616776
4,0.125,3.1634948604369573
4,0.1259765625,3.163250044540793
4,0.126953125,3.161755063437605
4,0.1279296875,3.160366008429113
4,0.12890625,3.159487968520196
4,0.1298828125,3.1589649885028384
4,0.130859375,3.158750977571517
4,0.1318359375,3.158767899932487
4,0.1328125,3.1588597900014475
4,0.1337890625,3.158867363104031
4,0.134765625,3.1589101242587287
4,0.1357421875,3.1591031048650167
4,0.13671875,3.159468891539021
4,0.1376953125,3.159940196845008
4,0.138671875,3.160566804595731
4,0.1396484375,3.1612979653286866
4,0.140625,3.1619003198507087
4,0.1416015625,3.162162152444888
4,0.142578125,3.162317372234751
4,0.1435546875,3.1625973524349966
4,0.14453125,3.1630329631838703
4,0.1455078125,3.163558835700892
4,0.146484375,3.164243707962026
4,0.1474609375,3.165073516091067
4,0.1484375,3.165912379636742
4,0.1494140625,3.166614222201735
4,0.150390625,3.1673080576713906
4,0.1513671875,3.1681162831584704
4,0.15234375,3.1690281516029857
4,0.1533203125,3.1699227761828905
4,0.154296875,3.170827323326956
4,0.1552734375,3.1717463290418544
4,0.15625,3.1724860737398006
4,0.1572265625,3.172840128720692
4,0.158203125,3.173057473042132
4,0.1591796875,3.1733416565710155
4,0.16015625,3.173676983428344
4,0.1611328125,3.174018856239309
4,0.162109375,3.1744705112084537
4,0.1630859375,3.175038745030547
4,0.1640625,3.1755998123510505
4,0.1650390625,3.176029623270252
4,0.166015625,3.1764633571789544
4,0.1669921875,3.1770354202918845
4,0.16796875,3.177769216145756
4,0.1689453125,3.178610765391087
4,0.169921875,3.17961913271608
4,0.1708984375,3.180756556106373
4,0.171875,3.181798618750169
4,0.1728515625,3.182544855430589
4,0.173828125,3.183211544538208
4,0.1748046875,3.184041978924301
4,0.17578125,3.1850729335261256
4,0.1767578125,3.1862153157149598
4,0.177734375,3.1874758719661616
4,0.1787109375,3.188826874531871
4,0.1796875,3.1901848312755168
4,0.1806640625,3.1914646259067125
4,0.181640625,3.192778125873559
4,0.1826171875,3.1942256190104934
4,0.18359375,3.1958176432050487
4,0.1845703125,3.19749762932206
4,0.185546875,3.1993255212990896
4,0.1865234375,3.201230320072077
4,0.1875,3.2027679438337144
4,0.1884765625,3.203557258151489
4,0.189453125,3.203983856145038
4,0.1904296875,3.2044749439684246
4,0.19140625,3.205079975591808
4,0.1923828125,3.2057111639244127
4,0.193359375,3.2064029348584384
4,0.1943359375,3.2071397522138487
4,0.1953125,3.207828207563645
4,0.1962890625,3.208375283723901
4,0.197265625,3.208882503635279
4,0.1982421875,3.209443888651556
4,0.19921875,3.210066389982882
4,0.2001953125,3.2106795740954177
4,0.201171875,3.2113152531491265
4,0.2021484375,3.211988844320628
4,0.203125,3.212626400029743
4,0.2041015625,3.213124390134442
4,0.205078125,3.213604511671481
4,0.2060546875,3.2141699652270703
4,0.20703125,3.2148248510284243
4,0.2080078125,3.215520328320181
4,0.208984375,3.216286151809633
4,0.2099609375,3.2171017322594238
4,0.2109375,3.217890556878026
4,0.2119140625,3.2185737621266224
4,0.212890625,3.219246026130766
4,0.2138671875,3.2199854512032147
4,0.21484375,3.2207986843216294
4,0.2158203125,3.221637359207829
4,0.216796875,3.222551485925325
4,0.2177734375,3.223503991272963
4,0.21875,3.224256488198616
4,0.2197265625,3.2245931050832044
4,0.220703125,3.224732931889666
4,0.2216796875,3.224915025351638
4,0.22265625,3.225181653315119
4,0.2236328125,3.2254867492813326
4,0.224609375,3.2258775622135327
4,0.2255859375,3.2263579861345235
4,0.2265625,3.2268628661841614
4,0.2275390625,3.227300734736674
4,0.228515625,3.227733326634737
4,0.2294921875,3.2282166831007584
4,0.23046875,3.2287617856515927
4,0.2314453125,3.22933834540814
4,0.232421875,3.229986400855987
4,0.2333984375,3.230662531589622
4,0.234375,3.2312041435935206
4,0.2353515625,3.231458743014867
4,0.236328125,3.2315504428844446
4,0.2373046875,3.2316031740154347
4,0.23828125,3.231621817635632
4,0.2392578125,3.2315582988272222
4,0.240234375,3.231469575796935
4,0.2412109375,3.231368935235881
4,0.2421875,3.231178350839889
4,0.2431640625,3.230768706303728
4,0.244140625,3.2301594398934665
4,0.2451171875,3.2293640330689195
4,0.24609375,3.2283285278507567
4,0.2470703125,3.2269634200176824
4,0.248046875,3.2254234724942754
4,0.2490234375,3.2239868410312646
4,0.25,3.2226716133987963
4,0.2509765625,3.2213221763095663
4,0.251953125,3.22014458721863
4,0.2529296875,3.2191373966109724
4,0.25390625,3.218005009792997
4,0.2548828125,3.216552884829568
4,0.255859375,3.214847718897839
4,0.2568359375,3.212951028761755
4,0.2578125,3.21085361632598
4,0.2587890625,3.2085155733830963
4,0.259765625,3.206035250621543
4,0.2607421875,3.203489103434345
4,0.26171875,3.200891918433678
4,0.2626953125,3.198197668392673
4,0.263671875,3.1954534025422645
4,0.2646484375,3.19269998248599
4,0.265625,3.1899183685292414
4,0.2666015625,3.1870378329961166
4,0.267578125,3.184131469622838
4,0.2685546875,3.1812298804613985
4,0.26953125,3.1783047404510163
4,0.2705078125,3.175317621946263
4,0.271484375,3.1723351865443297
4,0.2724609375,3.1693951877136843
4,0.2734375,3.1664856225187554
4,0.2744140625,3.163555608232264
4,0.275390625,3.160674037982943
4,0.2763671875,3.1578880648005274
4,0.27734375,3.1551955336942195
4,0.2783203125,3.152529347028475
4,0.279296875,3.1499107912980446
4,0.2802734375,3.147335098369313
4,0.28125,3.144687170821747
4,0.2822265625,3.1418245300830754
4,0.283203125,3.138866593864932
4,0.2841796875,3.135916380504012
4,0.28515625,3.1329821331468057
4,0.2861328125,3.130040745673388
4,0.287109375,3.12714899580004
4,0.2880859375,3.124291552428919
4,0.2890625,3.1213795542702174
4,0.2900390625,3.1183157728942987
4,0.291015625,3.1151816408403867
4,0.2919921875,3.112072424545584
4,0.29296875,3.10902790958917
4,0.2939453125,3.1060120419010437
4,0.294921875,3.103052549305344
4,0.2958984375,3.100123883806744
4,0.296875,3.097120847585741
4,0.2978515625,3.093921735890504
4,0.298828125,3.0906242801406214
4,0.2998046875,3.0873312617156725
4,0.30078125,3.0840733336571367
4,0.3017578125,3.080835694771119
4,0.302734375,3.0776776719835954
4,0.3037109375,3.0745981175849546
4,0.3046875,3.0715259797601555
4,0.3056640625,3.068377881374472
4,0.306640625,3.0652397180277173
4,0.3076171875,3.0621987533288326
4,0.30859375,3.059278392926147
4,0.3095703125,3.056421785711697
4,0.310546875,3.0536668367828117
4,0.3115234375,3.051016622274888
4,0.3125,3.0482901049891065
4,0.3134765625,3.045280279474436
4,0.314453125,3.042168062415355
4,0.3154296875,3.039131099224599
4,0.31640625,3.036189379660372
4,0.3173828125,3.033302640647926
4,0.318359375,3.0305159214991506
4,0.3193359375,3.0278167590921115
4,0.3203125,3.025134528538436
4,0.3212890625,3.0223810412780203
4,0.322265625,3.0196222352901727
4,0.3232421875,3.0169170105365946
4,0.32421875,3.0142720047785336
4,0.3251953125,3.011642696709337
4,0.326171875,3.009080316515509
4,0.3271484375,3.006596033944428
4,0.328125,3.0041092989076974
4,0.3291015625,3.001495008088651
4,0.330078125,2.9988273255978046
4,0.3310546875,2.9961916433008127
4,0.33203125,2.993607204634646
4,0.3330078125,2.9910479237634098
4,0.333984375,2.9885672639259893
4,0.3349609375,2.9861733214123256
4,0.3359375,2.9838148779202744
4,0.3369140625,2.9814145095360245
4,0.337890625,2.979035093423231
4,0.3388671875,2.9767348570848005
4,0.33984375,2.974529507456166
4,0.3408203125,2.972394896690719
4,0.341796875,2.970400413595584
4,0.3427734375,2.968522466127268
4,0.34375,2.966554976040309
4,0.3447265625,2.964315323386352
4,0.345703125,2.96199581535411
4,0.3466796875,2.9598121064283127
4,0.34765625,2.9577979603922877
4,0.3486328125,2.9558755657189493
4,0.349609375,2.954059482142593
4,0.3505859375,2.952350187673694
4,0.3515625,2.9506988269845533
4,0.3525390625,2.949023012182488
4,0.353515625,2.947366633809279
4,0.3544921875,2.945774191369854
4,0.35546875,2.9442547103929813
4,0.3564453125,2.942765080111623
4,0.357421875,2.941343059411951
4,0.3583984375,2.9400162093721245
4,0.359375,2.938760872941244
4,0.3603515625,2.9375103376956453
4,0.361328125,2.936328255509151
4,0.3623046875,2.935235643762265
4,0.36328125,2.934191423713283
4,0.3642578125,2.933145588351006
4,0.365234375,2.932153076684957
4,0.3662109375,2.9312356873265046
4,0.3671875,2.930340751350524
4,0.3681640625,2.929367600630833
4,0.369140625,2.9283322956344238
4,0.3701171875,2.9272449637222167
4,0.37109375,2.9260583503195106
4,0.3720703125,2.9246589804115835
4,0.373046875,2.9230999928733565
4,0.3740234375,2.921607649746821
4,0.375,2.920372623560003
4,0.3759765625,2.919385364300242
4,0.376953125,2.918620074115992
4,0.3779296875,2.917868819438369
4,0.37890625,2.916913126207181
4,0.3798828125,2.9156999161712225
4,0.380859375,2.914338250475056
4,0.3818359375,2.9128867766862383
4,0.3828125,2.9113320042495983
4,0.3837890625,2.909635835676656
4,0.384765625,2.9078812607641016
4,0.3857421875,2.9061369795678664
4,0.38671875,2.904409531647804
4,0.3876953125,2.90264782514422
4,0.388671875,2.9008818543575927
4,0.3896484375,2.899139807601496
4,0.390625,2.8973976098571117
4,0.3916015625,2.895589073697076
4,0.392578125,2.893771840249503
4,0.3935546875,2.891989077634177
4,0.39453125,2.890238134709361
4,0.3955078125,2.8884935563081973
4,0.396484375,2.886793493877018
4,0.3974609375,2.8851546216131925
4,0.3984375,2.883561705345622
4,0.3994140625,2.881972043686926
4,0.400390625,2.8804271199902245
4,0.4013671875,2.8789544939731533
4,0.40234375,2.877558836943857
4,0.4033203125,2.876225062885413
4,0.404296875,2.8750136474940686
4,0.4052734375,2.873925096842792
4,0.40625,2.8728121181734063
4,0.4072265625,2.871523897447972
4,0.408203125,2.8701803104009027
4,0.4091796875,2.868923246762547
4,0.41015625,2.8677726456151738
4,0.4111328125,2.8666822214955423
4,0.412109375,2.865671687626922
4,0.4130859375,2.864753322712456
4,0.4140625,2.8638991726910845
4,0.4150390625,2.8630487151580444
4,0.416015625,2.862218829503856
4,0.4169921875,2.8614251771745858
4,0.41796875,2.8606614874937057
4,0.4189453125,2.859896787548572
4,0.419921875,2.859161953671446
4,0.4208984375,2.858474719665064
4,0.421875,2.8577970465682485
4,0.4228515625,2.857065927105558
4,0.423828125,2.856338156875029
4,0.4248046875,2.8556623883739287
4,0.42578125,2.855030922661011
4,0.4267578125,2.8544035181649865
4,0.427734375,2.8537904108553565
4,0.4287109375,2.853196642521497
4,0.4296875,2.852608681778515
4,0.4306640625,2.851989996439761
4,0.431640625,2.8513692445244114
4,0.4326171875,2.8507708929169806
4,0.43359375,2.8502127824223096
4,0.4345703125,2.8497145307491434
4,0.435546875,2.849355944114271
4,0.4365234375,2.849094910306948
4,0.4375,2.848636289969246
4,0.4384765625,2.84773015068796
4,0.439453125,2.846598985643137
4,0.4404296875,2.845539128664353
4,0.44140625,2.8446042708300667
4,0.4423828125,2.843714518240514
4,0.443359375,2.8428459844448013
4,0.4443359375,2.84198351178289
4,0.4453125,2.8410948176763817
4,0.4462890625,2.8401410589317013
4,0.447265625,2.839154086670556
4,0.4482421875,2.8381598398161065
4,0.44921875,2.837165519850916
4,0.4501953125,2.8361677343532734
4,0.451171875,2.83521082152276
4,0.4521484375,2.8342957430876177
4,0.453125,2.833339046668641
4,0.4541015625,2.832261049462541
4,0.455078125,2.831144314321522
4,0.4560546875,2.8300841352123247
4,0.45703125,2.829091155036759
4,0.4580078125,2.8281347195244204
4,0.458984375,2.8272380667527104
4,0.4599609375,2.8264130179277185
4,0.4609375,2.8256302699359828
4,0.4619140625,2.824847338735914
4,0.462890625,2.8240951994507366
4,0.4638671875,2.8233985039077445
4,0.46484375,2.822745642862752
4,0.4658203125,2.822105629127793
4,0.466796875,2.8215164981649656
4,0.4677734375,2.821007235097449
4,0.46875,2.8205154918496533
4,0.4697265625,2.819962792166907
4,0.470703125,2.819425068065436
4,0.4716796875,2.8189581943553206
4,0.47265625,2.81853728979094
4,0.4736328125,2.81813933796031
4,0.474609375,2.8178145725373773
4,0.4755859375,2.8175925598760108
4,0.4765625,2.817458048982399
4,0.4775390625,2.817383437630644
4,0.478515625,2.817415275473976
4,0.4794921875,2.8175857662068258
4,0.48046875,2.8178853612385284
4,0.4814453125,2.8182865280302924
4,0.482421875,2.8188235185537245
4,0.4833984375,2.819520740810362
4,0.484375,2.820345774310184
4,0.4853515625,2.8212601115077347
4,0.486328125,2.822336916917658
4,0.4873046875,2.823607708886916
4,0.48828125,2.825016638661567
4,0.4892578125,2.826514899856001
4,0.490234375,2.828155552081855
4,0.4912109375,2.829969891965947
4,0.4921875,2.8319061803050443
4,0.4931640625,2.8338711278888145
4,0.494140625,2.8358446403205884
4,0.4951171875,2.837766453438124
4,0.49609375,2.8394674388766097
4,0.4970703125,2.840731150688588
4,0.498046875,2.8415732864378542
4,0.4990234375,2.8422968579381167
4,0.5,2.8431542384425605
5,0.0009765625,4.865300390918068
5,0.001953125,4.704624245429019
5,0.0029296875,4.37997117395001
5,0.00390625,4.116802385679799
5,0.0048828125,3.926063670341129
5,0.005859375,3.8136668516465
5,0.0068359375,3.7426579940409086
5,0.0078125,3.6864187679182328
5,0.0087890625,3.633185306720189
5,0.009765625,3.592860402513622
5,0.0107421875,3.5659532688866995
5,0.01171875,3.5468543799090613
5,0.0126953125,3.529477541540034
5,0.013671875,3.5156458366732357
5,0.0146484375,3.5049960515452967
5,0.015625,3.492023792249055
5,0.0166015625,3.4717560559470297
5,0.017578125,3.450452812976949
5,0.0185546875,3.4322744647918157
5,0.01953125,3.416763666667609
5,0.0205078125,3.4023972670863776
5,0.021484375,3.3901714697113974
5,0.0224609375,3.3797731081514835
5,0.0234375,3.369922929161878
5,0.0244140625,3.359205026705657
5,0.025390625,3.349314450058255
5,0.0263671875,3.3410616176968557
5,0.02734375,3.334277549553495
5,0.0283203125,3.328148186679082
5,0.029296875,3.323363187655868
5,0.0302734375,3.319365096886824
5,0.03125,3.3126509564563995
5,0.0322265625,3.300291865467302
5,0.033203125,3.286058433553041
5,0.0341796875,3.273330376859297
5,0.03515625,3.2624805425541745
5,0.0361328125,3.2529549789733805
5,0.037109375,3.245177557907823
5,0.0380859375,3.2389418165612454
5,0.0390625,3.2335129633216684
5,0.0400390625,3.227978070798057
5,0.041015625,3.2230720170498706
5,0.0419921875,3.219305064145113
5,0.04296875,3.216622412445261
5,0.0439453125,3.21447608952154
5,0.044921875,3.213098276688715
5,0.0458984375,3.212380175312059
5,0.046875,3.2113228377947878
5,0.0478515625,3.2088792507383306
5,0.048828125,3.206236735093773
5,0.0498046875,3.2042256421817403
5,0.05078125,3.202700564793658
5,0.0517578125,3.201284201345323
5,0.052734375,3.2002774156535287
5,0.0537109375,3.199614468794301
5,0.0546875,3.198903884453388
5,0.0556640625,3.1976923660468284
5,0.056640625,3.196545432424581
5,0.0576171875,3.1957827618912487
5,0.05859375,3.1953526589046235
5,0.0595703125,3.194872120427262
5,0.060546875,3.1945964924423094
5,0.0615234375,3.194498147307361
5,0.0625,3.193194695715214
5,0.0634765625,3.1893170530676525
5,0.064453125,3.184469038947765
5,0.0654296875,3.18001081698832
5,0.06640625,3.1759501211372654
5,0.0673828125,3.1720585669413746
5,0.068359375,3.168591082503899
5,0.0693359375,3.1655178064277
5,0.0703125,3.162623387435434
5,0.0712890625,3.159592006943312
5,0.072265625,3.156742065609258
5,0.0732421875,3.1542406938280068
5,0.07421875,3.152059762132424
5,0.0751953125,3.149998138322345
5,0.076171875,3.1482366024434096
5,0.0771484375,3.146786824212683
5,0.078125,3.145208688100622
5,0.0791015625,3.1429973710194634
5,0.080078125,3.1407081154017944
5,0.0810546875,3.138758051195272
5,0.08203125,3.137138067352086
5,0.0830078125,3.135716687047485
5,0.083984375,3.1346853373661445
5,0.0849609375,3.134008651188169
5,0.0859375,3.1334341481887806
5,0.0869140625,3.1326532689961524
5,0.087890625,3.131921739735509
5,0.0888671875,3.131398709755246
5,0.08984375,3.1310983203759744
5,0.0908203125,3.130888250884957
5,0.091796875,3.130931489147
5,0.0927734375,3.1312187072462865
5,0.09375,3.131193986131484
5,0.0947265625,3.130262845942963
5,0.095703125,3.129073134042436
5,0.0966796875,3.1281677454540104
5,0.09765625,3.127560876947598
5,0.0986328125,3.1271236272831184
5,0.099609375,3.126976080418056
5,0.1005859375,3.127084275090965
5,0.1015625,3.127305180049193
5,0.1025390625,3.1274465749131664
5,0.103515625,3.1277273643873933
5,0.1044921875,3.1282601271925423
5,0.10546875,3.129020442310627
5,0.1064453125,3.129828878922725
5,0.107421875,3.1307302917642907
5,0.1083984375,3.1317246968841617
5,0.109375,3.1326350558064435
5,0.1103515625,3.133200088829608
5,0.111328125,3.1336814666970385
5,0.1123046875,3.134199768892953
5,0.11328125,3.134706279596952
5,0.1142578125,3.13513659745678
5,0.115234375,3.135639140572293
5,0.1162109375,3.136221794282968
5,0.1171875,3.1367932525148965
5,0.1181640625,3.1372217191307525
5,0.119140625,3.1377124267357304
5,0.1201171875,3.138376887850685
5,0.12109375,3.1392510943887104
5,0.1220703125,3.140266439260704
5,0.123046875,3.141556807919583
5,0.1240234375,3.142925823183491
5,0.125,3.143349776862394
5,0.1259765625,3.141961066992176
5,0.126953125,3.1397102002965824
5,0.1279296875,3.13761336951989
5,0.12890625,3.135845740454433
5,0.1298828125,3.1342774370763404
5,0.130859375,3.132948015813957
5,0.1318359375,3.1317853908632567
5,0.1328125,3.1306453856517504
5,0.1337890625,3.129364019624622
5,0.134765625,3.1280755482628515
5,0.1357421875,3.126850121494184
5,0.13671875,3.125685311658504
5,0.1376953125,3.1244743449194305
5,0.138671875,3.123264267881763
5,0.1396484375,3.122065075577622
5,0.140625,3.1207388048195317
5,0.1416015625,3.1191158063465023
5,0.142578125,3.117462850103316
5,0.1435546875,3.115949974734856
5,0.14453125,3.114584684721434
5,0.1455078125,3.113317552308399
5,0.146484375,3.112236542985332
5,0.1474609375,3.111326871106696
5,0.1484375,3.1104905016223
5,0.1494140625,3.109601153653553
5,0.150390625,3.1087822872252246
5,0.1513671875,3.1080758218529514
5,0.15234375,3.107460737124464
5,0.1533203125,3.106870575947866
5,0.154296875,3.1064122065785478
5,0.1552734375,3.1060619047785005
5,0.15625,3.105452415629274
5,0.1572265625,3.1042148384385904
5,0.158203125,3.1027160367816147
5,0.1591796875,3.1013049317812853
5,0.16015625,3.1000227378480862
5,0.1611328125,3.0987962729497096
5,0.162109375,3.097683661711579
5,0.1630859375,3.096660040495465
5,0.1640625,3.095627898440816
5,0.1650390625,3.0944563306877946
5,0.166015625,3.093256576201001
5,0.1669921875,3.0921074859776896
5,0.16796875,3.091029304789508
5,0.1689453125,3.089970580493291
5,0.169921875,3.088991303344073
5,0.1708984375,3.0880796740289225
5,0.171875,3.0870705150764883
5,0.1728515625,3.085776038805212
5,0.173828125,3.084392131873245
5,0.1748046875,3.083070520840186
5,0.17578125,3.0818363982670167
5,0.1767578125,3.0806603954955083
5,0.177734375,3.079617408230624
5,0.1787109375,3.078694685995591
5,0.1796875,3.077812196528595
5,0.1806640625,3.0768681668054083
5,0.181640625,3.07597124598717
5,0.1826171875,3.075189141668141
5,0.18359375,3.074552615605719
5,0.1845703125,3.074036998733604
5,0.185546875,3.073721654944156
5,0.1865234375,3.0734967490216314
5,0.1875,3.0728433434382505
5,0.1884765625,3.0713348912084477
5,0.189453125,3.0694584690403266
5,0.1904296875,3.0677196737490706
5,0.19140625,3.066203475650004
5,0.1923828125,3.0648341148506177
5,0.193359375,3.063635242818234
5,0.1943359375,3.062576530765243
5,0.1953125,3.0615884329784864
5,0.1962890625,3.0605830666369416
5,0.197265625,3.059636714954236
5,0.1982421875,3.0587866971058704
5,0.19921875,3.0580340347184976
5,0.2001953125,3.057324935632421
5,0.201171875,3.0566934532206167
5,0.2021484375,3.056130083321826
5,0.203125,3.055504620001434
5,0.2041015625,3.0546770808764445
5,0.205078125,3.053802509318249
5,0.2060546875,3.052990486731321
5,0.20703125,3.0522406842089653
5,0.2080078125,3.051531865021779
5,0.208984375,3.050943452607624
5,0.2099609375,3.05047411141022
5,0.2109375,3.050040720720961
5,0.2119140625,3.049560677778872
5,0.212890625,3.049146323721502
5,0.2138671875,3.048855539763611
5,0.21484375,3.0486491317343347
5,0.2158203125,3.0484244547805788
5,0.216796875,3.048226298482452
5,0.2177734375,3.0481207680729234
5,0.21875,3.048002123320233
5,0.2197265625,3.047682770701792
5,0.220703125,3.047310378153685
5,0.2216796875,3.046964093296422
5,0.22265625,3.046584332080692
5,0.2236328125,3.046148454326062
5,0.224609375,3.0457563766211173
5,0.2255859375,3.0454369809379696
5,0.2265625,3.045137572818007
5,0.2275390625,3.0447793779831747
5,0.228515625,3.0444341937596784
5,0.2294921875,3.044138518199781
5,0.23046875,3.04387280763579
5,0.2314453125,3.0435955980538982
5,0.232421875,3.043376541472766
5,0.2333984375,3.043238767435718
5,0.234375,3.0430548231273438
5,0.2353515625,3.04267495679862
5,0.236328125,3.042228036857773
5,0.2373046875,3.041813882256313
5,0.23828125,3.0414154023877376
5,0.2392578125,3.040989323893869
5,0.240234375,3.0405930704705635
5,0.2412109375,3.0402461895165973
5,0.2421875,3.039914188023684
5,0.2431640625,3.039553659743919
5,0.244140625,3.0392778854759173
5,0.2451171875,3.03915821617008
5,0.24609375,3.0392052027904928
5,0.2470703125,3.0394288976421198
5,0.248046875,3.039934510775413
5,0.2490234375,3.0404333424309637
5,0.25,3.039864078369999
5,0.2509765625,3.037440410322428
5,0.251953125,3.033974184437427
5,0.2529296875,3.0305204787886604
5,0.25390625,3.027363352257825
5,0.2548828125,3.024423399616753
5,0.255859375,3.021709482076014
5,0.2568359375,3.0192152336897204
5,0.2578125,3.0168455853455503
5,0.2587890625,3.0144961270794783
5,0.259765625,3.0122141028552782
5,0.2607421875,3.0100246628169867
5,0.26171875,3.0078942372260213
5,0.2626953125,3.0057756486892733
5,0.263671875,3.003732287161503
5,0.2646484375,3.0017848826593188
5,0.265625,2.9997789500636878
5,0.2666015625,2.997577026060474
5,0.267578125,2.995334650030484
5,0.2685546875,2.9931869844751806
5,0.26953125,2.9911285904484446
5,0.2705078125,2.989110641582382
5,0.271484375,2.987185689114235
5,0.2724609375,2.985374217486604
5,0.2734375,2.983608334264087
5,0.2744140625,2.9818136326913374
5,0.275390625,2.980058969519987
5,0.2763671875,2.9783887772586093
5,0.27734375,2.976781859137665
5,0.2783203125,2.975193285427283
5,0.279296875,2.9737048232163947
5,0.2802734375,2.972370723324747
5,0.28125,2.9710210235577272
5,0.2822265625,2.969478598858952
5,0.283203125,2.9679290659587165
5,0.2841796875,2.966501434055876
5,0.28515625,2.96513031184978
5,0.2861328125,2.9637507737029134
5,0.287109375,2.9624308442566765
5,0.2880859375,2.96120070398145
5,0.2890625,2.9599897953349474
5,0.2900390625,2.95871985333942
5,0.291015625,2.9574647834889918
5,0.2919921875,2.9562882922315974
5,0.29296875,2.955186724578886
5,0.2939453125,2.95411362111198
5,0.294921875,2.9531094647114418
5,0.2958984375,2.9521943528077297
5,0.296875,2.951258009734969
5,0.2978515625,2.950196445315531
5,0.298828125,2.9491435765025806
5,0.2998046875,2.948195118175024
5,0.30078125,2.9473315135092792
5,0.3017578125,2.94650555499116
5,0.302734375,2.9457519054310985
5,0.3037109375,2.945059844757985
5,0.3046875,2.9443445436642195
5,0.3056640625,2.9435321769508502
5,0.306640625,2.942691499887028
5,0.3076171875,2.9418633339454363
5,0.30859375,2.9410256888381574
5,0.3095703125,2.940110687331817
5,0.310546875,2.939173232611184
5,0.3115234375,2.9383074480255016
5,0.3125,2.9374155126857264
5,0.3134765625,2.936331467534904
5,0.314453125,2.935220831356022
5,0.3154296875,2.93415203526295
5,0.31640625,2.933021908416652
5,0.3173828125,2.9318087952637946
5,0.318359375,2.9306161055313407
5,0.3193359375,2.929485661102864
5,0.3203125,2.9283523910419205
5,0.3212890625,2.927147059342939
5,0.322265625,2.925914696288176
5,0.3232421875,2.9246853037056244
5,0.32421875,2.923430280451333
5,0.3251953125,2.922095377892428
5,0.326171875,2.920712917356782
5,0.3271484375,2.919323390245448
5,0.328125,2.9178497154168523
5,0.3291015625,2.916222262531464
5,0.330078125,2.914559782510439
5,0.3310546875,2.9129455044377024
5,0.33203125,2.9113716548951154
5,0.3330078125,2.909831449542164
5,0.333984375,2.908396541200611
5,0.3349609375,2.9070857719895358
5,0.3359375,2.905827307492936
5,0.3369140625,2.904548958767516
5,0.337890625,2.9033036931403604
5,0.3388671875,2.9021295352527234
5,0.33984375,2.9010072793285686
5,0.3408203125,2.8998935356652176
5,0.341796875,2.898833032380359
5,0.3427734375,2.897843641927183
5,0.34375,2.896759827414239
5,0.3447265625,2.8954287744600453
5,0.345703125,2.8940191829315274
5,0.3466796875,2.892666531755582
5,0.34765625,2.891356996930217
5,0.3486328125,2.890069526029822
5,0.349609375,2.888857425495005
5,0.3505859375,2.88773008465844
5,0.3515625,2.8866255262572484
5,0.3525390625,2.8854807086428687
5,0.353515625,2.8843412377542896
5,0.3544921875,2.883240482328064
5,0.35546875,2.882173917710728
5,0.3564453125,2.8811205161085875
5,0.357421875,2.880129860496103
5,0.3583984375,2.879210726535264
5,0.359375,2.878229084998718
5,0.3603515625,2.877079971035762
5,0.361328125,2.8759139204973976
5,0.3623046875,2.874873162860475
5,0.36328125,2.8739938426566907
5,0.3642578125,2.8732735856891254
5,0.365234375,2.872769373071216
5,0.3662109375,2.8724964645335187
5,0.3671875,2.872396698146211
5,0.3681640625,2.8724133780783068
5,0.369140625,2.8725915385729293
5,0.3701171875,2.872918072577406
5,0.37109375,2.8733254433996573
5,0.3720703125,2.873786738522755
5,0.373046875,2.874412292664798
5,0.3740234375,2.875124779050024
5,0.375,2.8753619189602526
5,0.3759765625,2.874689296170244
5,0.376953125,2.8735625409718
5,0.3779296875,2.872513812871501
5,0.37890625,2.8715901987026227
5,0.3798828125,2.8706856251517303
5,0.380859375,2.8698433863670667
5,0.3818359375,2.869132140116096
5,0.3828125,2.868518308951075
5,0.3837890625,2.8679310705341923
5,0.384765625,2.8674085990511395
5,0.3857421875,2.866989983204625
5,0.38671875,2.8666691177532466
5,0.3876953125,2.8664254254346835
5,0.388671875,2.866314820531715
5,0.3896484375,2.8663593802483134
5,0.390625,2.8664283553174728
5,0.3916015625,2.8663923623911667
5,0.392578125,2.866341958134999
5,0.3935546875,2.866367216398242
5,0.39453125,2.866467973517786
5,0.3955078125,2.866620047400563
5,0.396484375,2.866866471479688
5,0.3974609375,2.8672151996211053
5,0.3984375,2.867606150141552
5,0.3994140625,2.8679740268473544
5,0.400390625,2.868350782035792
5,0.4013671875,2.868749036097271
5,0.40234375,2.869153011627873
5,0.4033203125,2.8695279340851103
5,0.404296875,2.8699099132504373
5,0.4052734375,2.8703228012274096
5,0.40625,2.8706489131904367
5,0.4072265625,2.870757165694469
5,0.408203125,2.870789665819549
5,0.4091796875,2.8708493923001512
5,0.41015625,2.870918751581281
5,0.4111328125,2.8709909993264318
5,0.412109375,2.87113000677158
5,0.4130859375,2.871352918261917
5,0.4140625,2.871595806717224
5,0.4150390625,2.871797533479344
5,0.416015625,2.8720247561423378
5,0.4169921875,2.8723270963550003
5,0.41796875,2.872684577205272
5,0.4189453125,2.873041938066752
5,0.419921875,2.873427046317563
5,0.4208984375,2.873855428329286
5,0.421875,2.8742357883616987
5,0.4228515625,2.874474163372038
5,0.423828125,2.8746683108383224
5,0.4248046875,2.8749000111785894
5,0.42578125,2.8751841644927927
5,0.4267578125,2.8755214083769887
5,0.427734375,2.8759691601502104
5,0.4287109375,2.8765418222610406
5,0.4296875,2.8771822715579725
5,0.4306640625,2.8778285557342658
5,0.431640625,2.8785363409754123
5,0.4326171875,2.879325835585566
5,0.43359375,2.8801521010091733
5,0.4345703125,2.88092333213875
5,0.435546875,2.881647242485705
5,0.4365234375,2.882349584363087
5,0.4375,2.882888434568678
5,0.4384765625,2.88311261140381
5,0.439453125,2.8832162111832336
5,0.4404296875,2.8833221156140825
5,0.44140625,2.883393952950833
5,0.4423828125,2.883434596783786
5,0.443359375,2.883555935481384
5,0.4443359375,2.8838091441206006
5,0.4453125,2.8841358582793832
5,0.4462890625,2.884461994862616
5,0.447265625,2.8848468142177675
5,0.4482421875,2.8853285106397712
5,0.44921875,2.88589519157606
5,0.4501953125,2.8865105037309355
5,0.451171875,2.8872118436020933
5,0.4521484375,2.888017955450821
5,0.453125,2.888820942937984
5,0.4541015625,2.8895229501916275
5,0.455078125,2.890230994482368
5,0.4560546875,2.8910191667853296
5,0.45703125,2.891879598410502
5,0.4580078125,2.8927804112040323
5,0.458984375,2.893764187333017
5,0.4599609375,2.8948384992421268
5,0.4609375,2.89593720020795
5,0.4619140625,2.8969819617765773
5,0.462890625,2.8980233033561977
5,0.4638671875,2.89908735242106
5,0.46484375,2.9001543562280663
5,0.4658203125,2.901179119404117
5,0.466796875,2.9022072211238634
5,0.4677734375,2.903245701480827
5,0.46875,2.904137303702281
5,0.4697265625,2.904738517807081
5,0.470703125,2.905242131902076
5,0.4716796875,2.9058149033088325
5,0.47265625,2.90645939969214
5,0.4736328125,2.9071288607995056
5,0.474609375,2.9078621140427208
5,0.4755859375,2.90868507620253
5,0.4765625,2.9095787965827222
5,0.4775390625,2.910494173478446
5,0.478515625,2.911478616570523
5,0.4794921875,2.9125469495618166
5,0.48046875,2.913686867300845
5,0.4814453125,2.914867272320304
5,0.482421875,2.9161142946705616
5,0.4833984375,2.9174010132063173
5,0.484375,2.9186118734822104
5,0.4853515625,2.9196618440450224
5,0.486328125,2.9206875123175124
5,0.4873046875,2.921791055745644
5,0.48828125,2.922971902894893
5,0.4892578125,2.9241822183232897
5,0.490234375,2.9254506047143254
5,0.4912109375,2.9267843320856373
5,0.4921875,2.9281412558191318
5,0.4931640625,2.9294680122628933
5,0.494140625,2.930819057822433
5,0.4951171875,2.9321834177730244
5,0.49609375,2.933500407400231
5,0.4970703125,2.934780230927005
5,0.498046875,2.9362138454807
5,0.4990234375,2.937748548458213
5,0.5,2.9387389650482225
6,0.0009765625,4.560327948646097
6,0.001953125,4.441975033347427
6,0.0029296875,4.162524758868273
6,0.00390625,3.947511163249797
6,0.0048828125,3.788995441111501
6,0.005859375,3.709555598316101
6,0.0068359375,3.6759269133645502
6,0.0078125,3.644583463869904
6,0.0087890625,3.5974374295172646
6,0.009765625,3.556718173079316
6,0.0107421875,3.530368248700994
6,0.01171875,3.511281809987577
6,0.0126953125,3.4914180571611126
6,0.013671875,3.4748242824879623
6,0.0146484375,3.4613753077497456
6,0.015625,3.443813909221102
6,0.0166015625,3.417036455881293
6,0.017578125,3.3907096176814107
6,0.0185546875,3.370674820671052
6,0.01953125,3.3551653969089537
6,0.0205078125,3.341149109700688
6,0.021484375,3.3307909303425065
6,0.0224609375,3.324156395706201
6,0.0234375,3.3178050006065507
6,0.0244140625,3.308680017126887
6,0.025390625,3.300368335119182
6,0.0263671875,3.2951336768862274
6,0.02734375,3.2916324241049635
6,0.0283203125,3.2875029592779432
6,0.029296875,3.283822089100036
6,0.0302734375,3.280762453452794
6,0.03125,3.274851842652249
6,0.0322265625,3.262861618140626
6,0.033203125,3.249020169130646
6,0.0341796875,3.2366814737955534
6,0.03515625,3.22560311556156
6,0.0361328125,3.2149279029568785
6,0.037109375,3.2060498153408465
6,0.0380859375,3.199369938987667
6,0.0390625,3.1935009867038064
6,0.0400390625,3.186904436886334
6,0.041015625,3.1810493843152368
6,0.0419921875,3.176896410271409
6,0.04296875,3.173893689881942
6,0.0439453125,3.1710356961624453
6,0.044921875,3.168938215604008
6,0.0458984375,3.1676480038111974
6,0.046875,3.165758580338623
6,0.0478515625,3.1619151232495804
6,0.048828125,3.1577793102540164
6,0.0498046875,3.1546068835873
6,0.05078125,3.1521630012943804
6,0.0517578125,3.149868077287821
6,0.052734375,3.148393617548839
6,0.0537109375,3.1479390951433905
6,0.0546875,3.147737397696644
6,0.0556640625,3.146918610777995
6,0.056640625,3.146380107400365
6,0.0576171875,3.14675743384766
6,0.05859375,3.1477251140405604
6,0.0595703125,3.148539083893062
6,0.060546875,3.149481206178936
6,0.0615234375,3.1504637745645256
6,0.0625,3.149811142165857
6,0.0634765625,3.146014784088171
6,0.064453125,3.1410053414385737
6,0.0654296875,3.136419800669697
6,0.06640625,3.132225904400233
6,0.0673828125,3.128119407021372
6,0.068359375,3.124661891228725
6,0.0693359375,3.1219976515378294
6,0.0703125,3.119579458325088
6,0.0712890625,3.1167945625135114
6,0.072265625,3.11424511225426
6,0.0732421875,3.1123490182501
6,0.07421875,3.1109116853559207
6,0.0751953125,3.1095312184349293
6,0.076171875,3.108485783964257
6,0.0771484375,3.107801149389253
6,0.078125,3.106846522949098
6,0.0791015625,3.1049819181596616
6,0.080078125,3.1029343180438578
6,0.0810546875,3.101285356100685
6,0.08203125,3.099939496158433
6,0.0830078125,3.098620502843478
6,0.083984375,3.097655111810374
6,0.0849609375,3.097157439129273
6,0.0859375,3.0967508804801462
6,0.0869140625,3.095985305628401
6,0.087890625,3.095294126995756
6,0.0888671875,3.0950033901426206
6,0.08984375,3.09497250314612
6,0.0908203125,3.094876190714128
6,0.091796875,3.094915993321863
6,0.0927734375,3.0951076622923037
6,0.09375,3.094802515643026
6,0.0947265625,3.093348254365024
6,0.095703125,3.091464489179865
6,0.0966796875,3.0897882149014237
6,0.09765625,3.088298697558021
6,0.0986328125,3.0868179477116984
6,0.099609375,3.0856071233157256
6,0.1005859375,3.0847349413083798
6,0.1015625,3.0839063409698566
6,0.1025390625,3.082774829341908
6,0.103515625,3.081672908151928
6,0.1044921875,3.0808666000890046
6,0.10546875,3.0802944591328605
6,0.1064453125,3.079759771574029
6,0.107421875,3.0794331888018025
6,0.1083984375,3.0793361690650904
6,0.109375,3.0790916396695547
6,0.1103515625,3.078295393991636
6,0.111328125,3.077351922750809
6,0.1123046875,3.076613566773238
6,0.11328125,3.076052028070879
6,0.1142578125,3.0755130238262365
6,0.115234375,3.0751786392024463
6,0.1162109375,3.0751146404870062
6,0.1171875,3.075122808373048
6,0.1181640625,3.0749455102502776
6,0.119140625,3.0748369531602697
6,0.1201171875,3.0749805533829004
6,0.12109375,3.075266164029404
6,0.1220703125,3.075441460611158
6,0.123046875,3.07561368571686
6,0.1240234375,3.075808626151184
6,0.125,3.0754135283089945
6,0.1259765625,3.0737965971702192
6,0.126953125,3.0716768285492755
6,0.1279296875,3.069670652538929
6,0.12890625,3.067729447392753
6,0.1298828125,3.065751714626309
6,0.130859375,3.063975608529357
6,0.1318359375,3.062481275495989
6,0.1328125,3.0610577483994748
6,0.1337890625,3.059455981660782
6,0.134765625,3.057911185346525
6,0.1357421875,3.0566196046627256
6,0.13671875,3.055536743068356
6,0.1376953125,3.054511316965755
6,0.138671875,3.053633598808995
6,0.1396484375,3.052903554925182
6,0.140625,3.0520607079065014
6,0.1416015625,3.050841441433095
6,0.142578125,3.049546276810513
6,0.1435546875,3.0484227861542954
6,0.14453125,3.047417447964726
6,0.1455078125,3.046393835857401
6,0.146484375,3.045481117559892
6,0.1474609375,3.0447335766376167
6,0.1484375,3.0439835585091752
6,0.1494140625,3.043037079368697
6,0.150390625,3.0421119601901223
6,0.1513671875,3.041395495635565
6,0.15234375,3.040836813265738
6,0.1533203125,3.040260147262016
6,0.154296875,3.0397130266300656
6,0.1552734375,3.0391993220905453
6,0.15625,3.0384499985213003
6,0.1572265625,3.037191800540986
6,0.158203125,3.0357557892642704
6,0.1591796875,3.0344175593872644
6,0.16015625,3.033150303859534
6,0.1611328125,3.0318720057254165
6,0.162109375,3.0307193084832065
6,0.1630859375,3.029740563754062
6,0.1640625,3.0287985505119206
6,0.1650390625,3.027726307907465
6,0.166015625,3.026679562726716
6,0.1669921875,3.025774484469241
6,0.16796875,3.024967014638525
6,0.1689453125,3.024161386160181
6,0.169921875,3.0234527151768944
6,0.1708984375,3.02285383151765
6,0.171875,3.0221694718520915
6,0.1728515625,3.021212347856962
6,0.173828125,3.020230915092908
6,0.1748046875,3.019436715578496
6,0.17578125,3.0187935766059266
6,0.1767578125,3.0181894671071143
6,0.177734375,3.0177058644861976
6,0.1787109375,3.017383572668383
6,0.1796875,3.017110396521093
6,0.1806640625,3.016747936840631
6,0.181640625,3.016439829192961
6,0.1826171875,3.016310769691514
6,0.18359375,3.016329264322046
6,0.1845703125,3.0163609222463066
6,0.185546875,3.0164297415550774
6,0.1865234375,3.0165701123680098
6,0.1875,3.0165894787558685
6,0.1884765625,3.0162523891829776
6,0.189453125,3.01582068389866
6,0.1904296875,3.0154633825881265
6,0.19140625,3.01510627063698
6,0.1923828125,3.0147117646576187
6,0.193359375,3.01443081821469
6,0.1943359375,3.0143065478208624
6,0.1953125,3.014208983573409
6,0.1962890625,3.013996462353698
6,0.197265625,3.0137849603879685
6,0.1982421875,3.013651767289892
6,0.19921875,3.013543476820722
6,0.2001953125,3.013370230897009
6,0.201171875,3.013202879722176
6,0.2021484375,3.01306449896756
6,0.203125,3.0128174733740205
6,0.2041015625,3.012317645254208
6,0.205078125,3.011756257946778
6,0.2060546875,3.011291274140932
6,0.20703125,3.0108924518213582
6,0.2080078125,3.0104886428361803
6,0.208984375,3.010174701507406
6,0.2099609375,3.009991704589522
6,0.2109375,3.009842054771906
6,0.2119140625,3.00962558664797
6,0.212890625,3.0094721266220947
6,0.2138671875,3.009455127184064
6,0.21484375,3.009495453736474
6,0.2158203125,3.009466635686912
6,0.216796875,3.0094042083377244
6,0.2177734375,3.0093014170261525
6,0.21875,3.0089415518656635
6,0.2197265625,3.0081254715452603
6,0.220703125,3.0071114102772376
6,0.2216796875,3.006134326676213
6,0.22265625,3.0052041304823773
6,0.2236328125,3.0042872227236868
6,0.224609375,3.0034992623035306
6,0.2255859375,3.002877829606005
6,0.2265625,3.002313495483488
6,0.2275390625,3.001693273632937
6,0.228515625,3.0011325501895394
6,0.2294921875,3.0007097119244115
6,0.23046875,3.0003812965871464
6,0.2314453125,3.000077413700062
6,0.232421875,2.999871428779599
6,0.2333984375,2.999775981704768
6,0.234375,2.999640703890144
6,0.2353515625,2.999317903900555
6,0.236328125,2.99898061574514
6,0.2373046875,2.9987827534701466
6,0.23828125,2.998707871472612
6,0.2392578125,2.9987027049689674
6,0.240234375,2.998857738113009
6,0.2412109375,2.9992110992767405
6,0.2421875,2.999675570225301
6,0.2431640625,3.000185637349113
6,0.244140625,3.0009224731978703
6,0.2451171875,3.001984528318535
6,0.24609375,3.0031869187558278
6,0.2470703125,3.004129052775357
6,0.248046875,3.0045958745588197
6,0.2490234375,3.004681752593168
6,0.25,3.0044692575769028
6,0.2509765625,3.003878008240034
6,0.251953125,3.0030433668070757
6,0.2529296875,3.001888390293447
6,0.25390625,3.000307536577774
6,0.2548828125,2.9985103471507606
6,0.255859375,2.996887567076691
6,0.2568359375,2.995592809661103
6,0.2578125,2.994510041319245
6,0.2587890625,2.993473586812509
6,0.259765625,2.992553050549491
6,0.2607421875,2.9918051626921454
6,0.26171875,2.991166753533692
6,0.2626953125,2.9905324070193555
6,0.263671875,2.9899346413970864
6,0.2646484375,2.989396624184124
6,0.265625,2.988835100623974
6,0.2666015625,2.988157626034681
6,0.267578125,2.98750477807518
6,0.2685546875,2.986960266463527
6,0.26953125,2.9864648905225897
6,0.2705078125,2.9859475054006257
6,0.271484375,2.9854897853194107
6,0.2724609375,2.9851396660118583
6,0.2734375,2.984834025123948
6,0.2744140625,2.984490342949333
6,0.275390625,2.984213994650749
6,0.2763671875,2.9840635119419723
6,0.27734375,2.983976216255356
6,0.2783203125,2.9838683788299885
6,0.279296875,2.9838027756078622
6,0.2802734375,2.983793499280437
6,0.28125,2.983648147029996
6,0.2822265625,2.9831834779450785
6,0.283203125,2.9826233463215384
6,0.2841796875,2.982163407165662
6,0.28515625,2.9817838893082254
6,0.2861328125,2.9814175695381904
6,0.287109375,2.9811438157057277
6,0.2880859375,2.981012091455653
6,0.2890625,2.980976007867611
6,0.2900390625,2.9809644975828444
6,0.291015625,2.981066003336585
6,0.2919921875,2.9813130091699023
6,0.29296875,2.9816477887063213
6,0.2939453125,2.982017690933461
6,0.294921875,2.982511777872505
6,0.2958984375,2.98313272030078
6,0.296875,2.9837043112028154
6,0.2978515625,2.9840636708591566
6,0.298828125,2.984383142803308
6,0.2998046875,2.984845027348149
6,0.30078125,2.9854603876851757
6,0.3017578125,2.9861611854639167
6,0.302734375,2.986992210116723
6,0.3037109375,2.987973032281756
6,0.3046875,2.9890361925818945
6,0.3056640625,2.990102358640736
6,0.306640625,2.99127173845754
6,0.3076171875,2.992593556008603
6,0.30859375,2.9940023985873245
6,0.3095703125,2.995418669191994
6,0.310546875,2.9969084910605117
6,0.3115234375,2.998437536979224
6,0.3125,2.9996762900680416
6,0.3134765625,3.000347075955433
6,0.314453125,3.0007866495173583
6,0.3154296875,3.001358372733812
6,0.31640625,3.002107856980636
6,0.3173828125,3.002949458584165
6,0.318359375,3.0039225495960022
6,0.3193359375,3.005036262851556
6,0.3203125,3.006213215732426
6,0.3212890625,3.0073684485310124
6,0.322265625,3.008598968886461
6,0.3232421875,3.009949317053081
6,0.32421875,3.0113643604151457
6,0.3251953125,3.0127728057847407
6,0.326171875,3.0142451551489158
6,0.3271484375,3.015814796646447
6,0.328125,3.01738153867023
6,0.3291015625,3.018816934121737
6,0.330078125,3.020244405507352
6,0.3310546875,3.021779060434236
6,0.33203125,3.0234300131449623
6,0.3330078125,3.025171230489044
6,0.333984375,3.0270735587842075
6,0.3349609375,3.0291403281750653
6,0.3359375,3.0312690525724437
6,0.3369140625,3.0333633590540394
6,0.337890625,3.035542490780776
6,0.3388671875,3.03789292326441
6,0.33984375,3.0403813102972825
6,0.3408203125,3.042926226694121
6,0.341796875,3.0455803246891238
6,0.3427734375,3.0483563277578
6,0.34375,3.051087129487674
6,0.3447265625,3.0535949713152992
6,0.345703125,3.056077882101206
6,0.3466796875,3.0587241179842164
6,0.34765625,3.061545866263583
6,0.3486328125,3.064503878262441
6,0.349609375,3.0676839360929926
6,0.3505859375,3.0710923235322456
6,0.3515625,3.074607482776935
6,0.3525390625,3.078107552409867
6,0.353515625,3.081717300636808
6,0.3544921875,3.085536319065852
6,0.35546875,3.089521904196928
6,0.3564453125,3.093553898260056
6,0.357421875,3.097649048019522
6,0.3583984375,3.101815810437983
6,0.359375,3.105967840040265
6,0.3603515625,3.109992276540964
6,0.361328125,3.114024598374788
6,0.3623046875,3.1181610494137804
6,0.36328125,3.1223814234743683
6,0.3642578125,3.126649097428278
6,0.365234375,3.131067456711936
6,0.3662109375,3.135647413311006
6,0.3671875,3.140244522632293
6,0.3681640625,3.1447020077375165
6,0.369140625,3.149135668813602
6,0.3701171875,3.153666103803905
6,0.37109375,3.1582934334421564
6,0.3720703125,3.162924512679837
6,0.373046875,3.167590394506992
6,0.3740234375,3.172287875222266
6,0.375,3.176782149083225
6,0.3759765625,3.180836547941647
6,0.376953125,3.184762407163545
6,0.3779296875,3.1888006941073668
6,0.37890625,3.192923077598077
6,0.3798828125,3.197072643681221
6,0.380859375,3.2013385963991787
6,0.3818359375,3.2057054478996587
6,0.3828125,3.2100373617988227
6,0.3837890625,3.214194748262109
6,0.384765625,3.218300335206807
6,0.3857421875,3.222449034445378
6,0.38671875,3.226623343009022
6,0.3876953125,3.2307416127147977
6,0.388671875,3.234848260920501
6,0.3896484375,3.238934761752517
6,0.390625,3.2428789159205267
6,0.3916015625,3.246556364256664
6,0.392578125,3.2501350941919305
6,0.3935546875,3.2537357890591183
6,0.39453125,3.2573396179741017
6,0.3955078125,3.260890429019085
6,0.396484375,3.2644889317925845
6,0.3974609375,3.2681692348516824
6,0.3984375,3.2718477957216847
6,0.3994140625,3.2754112601459178
6,0.400390625,3.278983330874976
6,0.4013671875,3.2826577263850423
6,0.40234375,3.286416048660549
6,0.4033203125,3.290161581402942
6,0.404296875,3.293930404532781
6,0.4052734375,3.2977310808984326
6,0.40625,3.301428739106555
6,0.4072265625,3.304846883205582
6,0.408203125,3.308142882928753
6,0.4091796875,3.3114407919049067
6,0.41015625,3.314737620467445
6,0.4111328125,3.318005152865369
6,0.412109375,3.321349304633689
6,0.4130859375,3.3247879491583827
6,0.4140625,3.3282340103805743
6,0.4150390625,3.3315616179021323
6,0.416015625,3.3348656278655486
6,0.4169921875,3.3382110487942813
6,0.41796875,3.341579119692088
6,0.4189453125,3.344895330648868
6,0.419921875,3.3482138527174468
6,0.4208984375,3.35154653167517
6,0.421875,3.354809206850089
6,0.4228515625,3.3578865540656277
6,0.423828125,3.3609059886315165
6,0.4248046875,3.3639384870004707
6,0.42578125,3.366951081705088
6,0.4267578125,3.369875618213743
6,0.427734375,3.3727893218786065
6,0.4287109375,3.3757117222363755
6,0.4296875,3.3785804330165115
6,0.4306640625,3.381305361902849
6,0.431640625,3.384026552868424
6,0.4326171875,3.38684083045764
6,0.43359375,3.3897243309902847
6,0.4345703125,3.392548684153332
6,0.435546875,3.395308805857547
6,0.4365234375,3.3979873581162034
6,0.4375,3.4004282819741354
6,0.4384765625,3.402439892702772
6,0.439453125,3.40421788968341
6,0.4404296875,3.4059266110927218
6,0.44140625,3.407616470539081
6,0.4423828125,3.409314660252825
6,0.443359375,3.4111327370636264
6,0.4443359375,3.4130529087833184
6,0.4453125,3.4149634436750023
6,0.4462890625,3.416747879004841
6,0.447265625,3.4185238306299284
6,0.4482421875,3.420365210015547
6,0.44921875,3.422252224458328
6,0.4501953125,3.42410185160826
6,0.451171875,3.4259490594099065
6,0.4521484375,3.4277773129468043
6,0.453125,3.4294746267561
6,0.4541015625,3.4309163684114177
6,0.455078125,3.4322465093064305
6,0.4560546875,3.433558134366583
6,0.45703125,3.4348377075684278
6,0.4580078125,3.436037934675764
6,0.458984375,3.437253688177036
6,0.4599609375,3.438505247963958
6,0.4609375,3.4397223135213264
6,0.4619140625,3.4408164331933397
6,0.462890625,3.441915587269882
6,0.4638671875,3.443089072501538
6,0.46484375,3.4443101968425704
6,0.4658203125,3.445516176561139
6,0.466796875,3.4467836408685746
6,0.4677734375,3.448090222500501
6,0.46875,3.449216175228277
6,0.4697265625,3.4499652824000133
6,0.470703125,3.450591707803865
6,0.4716796875,3.4513475094425123
6,0.47265625,3.4522809710458837
6,0.4736328125,3.453332564494072
6,0.474609375,3.454557443454257
6,0.4755859375,3.455930181390644
6,0.4765625,3.4573362945631056
6,0.4775390625,3.458663404726697
6,0.478515625,3.460046242428001
6,0.4794921875,3.461566669166806
6,0.48046875,3.463169924564511
6,0.4814453125,3.464739839867517
6,0.482421875,3.466325136234811
6,0.4833984375,3.467956629012868
6,0.484375,3.4695545116268374
6,0.4853515625,3.4709820109598226
6,0.486328125,3.472348084325398
6,0.4873046875,3.4737449985599427
6,0.48828125,3.475202870297048
6,0.4892578125,3.476729502036691
6,0.490234375,3.478422053069232
6,0.4912109375,3.480266245359707
6,0.4921875,3.482148991504652
6,0.4931640625,3.4839792405502576
6,0.494140625,3.485946674546124
6,0.4951171875,3.488207605013205
6,0.49609375,3.490625259909651
6,0.4970703125,3.492625987475947
6,0.498046875,3.493746505284117
6,0.4990234375,3.494206784536567
6,0.5,3.4946168476591133
7,0.0009765625,4.145608851623406
7,0.001953125,4.067118723989743
7,0.0029296875,3.899854124539372
7,0.00390625,3.773189715870681
7,0.0048828125,3.680147609581301
7,0.005859375,3.6257396415414966
7,0.0068359375,3.5942973328490746
7,0.0078125,3.5697157963500805
7,0.0087890625,3.5439180573860853
7,0.009765625,3.52518930484248
7,0.0107421875,3.515091681115767
7,0.01171875,3.508990982447935
7,0.0126953125,3.502014317805376
7,0.013671875,3.495150874921708
7,0.0146484375,3.4878324946771846
7,0.015625,3.4758349730705698
7,0.0166015625,3.456775644695395
7,0.017578125,3.436819679734147
7,0.0185546875,3.4201467653033437
7,0.01953125,3.4065112785741003
7,0.0205078125,3.394825868593784
7,0.021484375,3.3861573970187138
7,0.0224609375,3.3805625904346406
7,0.0234375,3.376515488230388
7,0.0244140625,3.3723080990819447
7,0.025390625,3.3688975728268216
7,0.0263671875,3.366722258897608
7,0.02734375,3.364934416525685
7,0.0283203125,3.3622858265029407
7,0.029296875,3.358979612677452
7,0.0302734375,3.354626463932598
7,0.03125,3.3469715056427334
7,0.0322265625,3.334336912246344
7,0.033203125,3.319381780704851
7,0.0341796875,3.304632055745996
7,0.03515625,3.290531239332845
7,0.0361328125,3.276957126855573
7,0.037109375,3.264707146285062
7,0.0380859375,3.254155283516021
7,0.0390625,3.244921364494045
7,0.0400390625,3.2364425036012645
7,0.041015625,3.229338251959247
7,0.0419921875,3.223906316276805
7,0.04296875,3.219749087996933
7,0.0439453125,3.216248779928897
7,0.044921875,3.213518775070886
7,0.0458984375,3.2113664393126515
7,0.046875,3.208755806713534
7,0.0478515625,3.204732487085316
7,0.048828125,3.200166611008009
7,0.0498046875,3.19595524258828
7,0.05078125,3.192238876429128
7,0.0517578125,3.188922698243732
7,0.052734375,3.1864282962281467
7,0.0537109375,3.1848852129515977
7,0.0546875,3.1839480437819403
7,0.0556640625,3.1831730715853466
7,0.056640625,3.1829057355912136
7,0.0576171875,3.183308343954793
7,0.05859375,3.184083063110045
7,0.0595703125,3.1847260060491043
7,0.060546875,3.185254377946392
7,0.0615234375,3.185458238936992
7,0.0625,3.1842089302043832
7,0.0634765625,3.180584635628605
7,0.064453125,3.175760674072934
7,0.0654296875,3.170855433734097
7,0.06640625,3.1660134371575643
7,0.0673828125,3.1612194576113346
7,0.068359375,3.15692288714616
7,0.0693359375,3.1533423303589387
7,0.0703125,3.1502965544733117
7,0.0712890625,3.147457358448416
7,0.072265625,3.14503662817095
7,0.0732421875,3.143144370530525
7,0.07421875,3.1416341010022166
7,0.0751953125,3.140256228010112
7,0.076171875,3.1390931843046763
7,0.0771484375,3.1380474417779407
7,0.078125,3.1365977595378163
7,0.0791015625,3.134271947012485
7,0.080078125,3.1315620593405056
7,0.0810546875,3.1289573165574285
7,0.08203125,3.126525080548278
7,0.0830078125,3.1241935676769934
7,0.083984375,3.122197690066596
7,0.0849609375,3.120629268057538
7,0.0859375,3.1193224185496065
7,0.0869140625,3.118054099307248
7,0.087890625,3.117051848000086
7,0.0888671875,3.1164403439339234
7,0.08984375,3.116083161814042
7,0.0908203125,3.115725765561342
7,0.091796875,3.1154058122736803
7,0.0927734375,3.1150510514628835
7,0.09375,3.114192193261929
7,0.0947265625,3.112403009178977
7,0.095703125,3.1101487001996717
7,0.0966796875,3.107902481727645
7,0.09765625,3.1057394108322023
7,0.0986328125,3.1036375584175744
7,0.099609375,3.101822040648805
7,0.1005859375,3.1004047345481687
7,0.1015625,3.099285227785905
7,0.1025390625,3.098288059051766
7,0.103515625,3.0975529464529425
7,0.1044921875,3.0971359422458105
7,0.10546875,3.0969016818925423
7,0.1064453125,3.096661934348441
7,0.107421875,3.0964799225381605
7,0.1083984375,3.0963454205532206
7,0.109375,3.095979692857709
7,0.1103515625,3.095108985989647
7,0.111328125,3.094024585807042
7,0.1123046875,3.0930242526286014
7,0.11328125,3.0921496422544297
7,0.1142578125,3.0913586185648643
7,0.115234375,3.0907981982629016
7,0.1162109375,3.0905377705094788
7,0.1171875,3.0904950986750226
7,0.1181640625,3.090543107384993
7,0.119140625,3.090810828478117
7,0.1201171875,3.091353060634193
7,0.12109375,3.092067452071909
7,0.1220703125,3.0927810637645905
7,0.123046875,3.09346390709238
7,0.1240234375,3.093794564311293
7,0.125,3.092864381189912
7,0.1259765625,3.0900263864154
7,0.126953125,3.086020507446081
7,0.1279296875,3.081773452911096
7,0.12890625,3.0776000342163017
7,0.1298828125,3.0735420217768614
7,0.130859375,3.069771504675335
7,0.1318359375,3.0663820416047143
7,0.1328125,3.063316388536329
7,0.1337890625,3.0604493698843767
7,0.134765625,3.057879694753788
7,0.1357421875,3.055659403014092
7,0.13671875,3.053716806565312
7,0.1376953125,3.051936333558709
7,0.138671875,3.050359414420757
7,0.1396484375,3.048936570102455
7,0.140625,3.0473967516913176
7,0.1416015625,3.0455026179555125
7,0.142578125,3.043494797204313
7,0.1435546875,3.0416234840288023
7,0.14453125,3.0399199142110778
7,0.1455078125,3.03833003860254
7,0.146484375,3.0369464425933264
7,0.1474609375,3.035805081358594
7,0.1484375,3.03482515477824
7,0.1494140625,3.033895315009606
7,0.150390625,3.033126154740021
7,0.1513671875,3.032582579084197
7,0.15234375,3.0321945941119166
7,0.1533203125,3.03181801997336
7,0.154296875,3.031452112568899
7,0.1552734375,3.03105271556688
7,0.15625,3.030384785768863
7,0.1572265625,3.029233990196274
7,0.158203125,3.027848199684503
7,0.1591796875,3.026456489656593
7,0.16015625,3.025065891768587
7,0.1611328125,3.0236405292514466
7,0.162109375,3.0223104205046534
7,0.1630859375,3.0211665145460875
7,0.1640625,3.020185810908405
7,0.1650390625,3.0192863991566976
7,0.166015625,3.018545836073758
7,0.1669921875,3.0179921430012966
7,0.16796875,3.0175519383124785
7,0.1689453125,3.0171190678158943
7,0.169921875,3.016726053825357
7,0.1708984375,3.016365702304015
7,0.171875,3.015893800425804
7,0.1728515625,3.0151765069205423
7,0.173828125,3.014401212168398
7,0.1748046875,3.013738923737095
7,0.17578125,3.013201133537266
7,0.1767578125,3.012746882127696
7,0.177734375,3.012455749829261
7,0.1787109375,3.012369908398525
7,0.1796875,3.012442833683492
7,0.1806640625,3.01258940931107
7,0.181640625,3.0128753666208303
7,0.1826171875,3.013323439539224
7,0.18359375,3.0138744903820878
7,0.1845703125,3.01443928752261
7,0.185546875,3.01503753911182
7,0.1865234375,3.0155470500384918
7,0.1875,3.015528442640584
7,0.1884765625,3.014645523644346
7,0.189453125,3.01326762812749
7,0.1904296875,3.011825565936833
7,0.19140625,3.010433188603054
7,0.1923828125,3.009065745899523
7,0.193359375,3.0078057895641024
7,0.1943359375,3.006699098947836
7,0.1953125,3.0057198372971445
7,0.1962890625,3.0048185536905505
7,0.197265625,3.00410733060741
7,0.1982421875,3.003640709547055
7,0.19921875,3.003361551823237
7,0.2001953125,3.003153007797064
7,0.201171875,3.0030276788949224
7,0.2021484375,3.0029827638558264
7,0.203125,3.002907862113392
7,0.2041015625,3.00266907040332
7,0.205078125,3.0023889505688928
7,0.2060546875,3.0021663032738544
7,0.20703125,3.001996486372947
7,0.2080078125,3.0018490250952943
7,0.208984375,3.0018128953559184
7,0.2099609375,3.001932582746296
7,0.2109375,3.002178279376241
7,0.2119140625,3.0024794071795844
7,0.212890625,3.00290331915664
7,0.2138671875,3.003458538682008
7,0.21484375,3.004063933467801
7,0.2158203125,3.0045895870194066
7,0.216796875,3.0050394603686663
7,0.2177734375,3.0054300643409517
7,0.21875,3.0056889051796043
7,0.2197265625,3.005707953402897
7,0.220703125,3.005626731331795
7,0.2216796875,3.005533331499172
7,0.22265625,3.005423048129664
7,0.2236328125,3.005299562855897
7,0.224609375,3.005283413760119
7,0.2255859375,3.0054201392863376
7,0.2265625,3.0056605736647763
7,0.2275390625,3.005928416986281
7,0.228515625,3.006325681577854
7,0.2294921875,3.0069161128568425
7,0.23046875,3.007666735179622
7,0.2314453125,3.008486084157665
7,0.232421875,3.0093940274917776
7,0.2333984375,3.010368057438705
7,0.234375,3.011271335231235
7,0.2353515625,3.0119546336358027
7,0.236328125,3.0125517367133696
7,0.2373046875,3.013184433733836
7,0.23828125,3.013861944914714
7,0.2392578125,3.014559139338968
7,0.240234375,3.015381095132402
7,0.2412109375,3.01640115721652
7,0.2421875,3.017615300958265
7,0.2431640625,3.0189636808708804
7,0.244140625,3.0205217426399797
7,0.2451171875,3.022282491405209
7,0.24609375,3.024052509984997
7,0.2470703125,3.0254425747171427
7,0.248046875,3.026231966067861
7,0.2490234375,3.0265325608040943
7,0.25,3.026569840810845
7,0.2509765625,3.0263548284509936
7,0.251953125,3.0258870528527977
7,0.2529296875,3.024965819000966
7,0.25390625,3.023485748514396
7,0.2548828125,3.0216736582661854
7,0.255859375,3.0199081234366574
7,0.2568359375,3.018366689238193
7,0.2578125,3.0170300248644573
7,0.2587890625,3.015808643996719
7,0.259765625,3.014753194864671
7,0.2607421875,3.0138831631708984
7,0.26171875,3.013129933360456
7,0.2626953125,3.012386606182716
7,0.263671875,3.011661744782092
7,0.2646484375,3.0109458025124067
7,0.265625,3.0101385220864447
7,0.2666015625,3.0091328818638376
7,0.267578125,3.0080569112198363
7,0.2685546875,3.007029566051322
7,0.26953125,3.0060731566224588
7,0.2705078125,3.0051785023709505
7,0.271484375,3.004430804831365
7,0.2724609375,3.003861378848314
7,0.2734375,3.003428679170976
7,0.2744140625,3.003067642507927
7,0.275390625,3.0028382383774868
7,0.2763671875,3.0027541555803072
7,0.27734375,3.002751498322404
7,0.2783203125,3.002726497335653
7,0.279296875,3.0026899491973342
7,0.2802734375,3.0026516189702885
7,0.28125,3.0025334610629644
7,0.2822265625,3.002226648988965
7,0.283203125,3.001845421738881
7,0.2841796875,3.001473159352666
7,0.28515625,3.001098623034703
7,0.2861328125,3.000707510081261
7,0.287109375,3.0003937776725182
7,0.2880859375,3.000201127229284
7,0.2890625,3.0000971016840072
7,0.2900390625,3.0000069026530083
7,0.291015625,2.9999733382919422
7,0.2919921875,3.000015358123848
7,0.29296875,3.000097670501731
7,0.2939453125,3.0001527857233152
7,0.294921875,3.000204478966476
7,0.2958984375,3.000246745599382
7,0.296875,3.0001961196837867
7,0.2978515625,2.9999642670706907
7,0.298828125,2.999676780646314
7,0.2998046875,2.999441386295425
7,0.30078125,2.9992722934595286
7,0.3017578125,2.9991600272871657
7,0.302734375,2.999193642535688
7,0.3037109375,2.9994070486670266
7,0.3046875,2.999749419177044
7,0.3056640625,3.000139363237481
7,0.306640625,3.0006341360655044
7,0.3076171875,3.001253754171288
7,0.30859375,3.0019170098916104
7,0.3095703125,3.0024641695373937
7,0.310546875,3.0028537986247894
7,0.3115234375,3.003111361311815
7,0.3125,3.003217701879712
7,0.3134765625,3.003095241593116
7,0.314453125,3.0028461038712377
7,0.3154296875,3.002494046627449
7,0.31640625,3.0019894776373097
7,0.3173828125,3.00134405643908
7,0.318359375,3.0007014861639
7,0.3193359375,3.000138114094117
7,0.3203125,2.9996302562840955
7,0.3212890625,2.9991016909795665
7,0.322265625,2.9985999224174886
7,0.3232421875,2.9981478633127248
7,0.32421875,2.997718767436534
7,0.3251953125,2.9972560298519326
7,0.326171875,2.9967926095295288
7,0.3271484375,2.996321157049498
7,0.328125,2.995748573257138
7,0.3291015625,2.994971632701764
7,0.330078125,2.994117888390391
7,0.3310546875,2.993303352760474
7,0.33203125,2.992545573984445
7,0.3330078125,2.991820267135206
7,0.333984375,2.9912030686977573
7,0.3349609375,2.990727825717283
7,0.3359375,2.990365011019882
7,0.3369140625,2.99005220209243
7,0.337890625,2.989849376939078
7,0.3388671875,2.989779861885364
7,0.33984375,2.989812177505072
7,0.3408203125,2.989876557749294
7,0.341796875,2.989988055475954
7,0.3427734375,2.990097438979371
7,0.34375,2.9900334165541587
7,0.3447265625,2.989641524173711
7,0.345703125,2.989083350604853
7,0.3466796875,2.9885322282421685
7,0.34765625,2.988029657838593
7,0.3486328125,2.987558615900637
7,0.349609375,2.987194990319617
7,0.3505859375,2.9869803636156163
7,0.3515625,2.9868900235666653
7,0.3525390625,2.986860770893139
7,0.353515625,2.986943295729997
7,0.3544921875,2.987151063737817
7,0.35546875,2.987438631461861
7,0.3564453125,2.9877381743842277
7,0.357421875,2.988086815096642
7,0.3583984375,2.988492831289032
7,0.359375,2.9888735861151905
7,0.3603515625,2.9891272455325835
7,0.361328125,2.98936613136748
7,0.3623046875,2.989694557018725
7,0.36328125,2.9901214251379065
7,0.3642578125,2.990610159844522
7,0.365234375,2.991213837094836
7,0.3662109375,2.9919509134860243
7,0.3671875,2.992781038489493
7,0.3681640625,2.9936337146285013
7,0.369140625,2.994556137531821
7,0.3701171875,2.995562859261772
7,0.37109375,2.996613335578882
7,0.3720703125,2.997627569299057
7,0.373046875,2.99858763010713
7,0.3740234375,2.9993389032110307
7,0.375,2.999480942031032
7,0.3759765625,2.99872169993636
7,0.376953125,2.997387126462649
7,0.3779296875,2.995864954763691
7,0.37890625,2.994278023871737
7,0.3798828125,2.992614702820588
7,0.380859375,2.990957205833153
7,0.3818359375,2.9893466269080253
7,0.3828125,2.987766024775309
7,0.3837890625,2.986166417410089
7,0.384765625,2.9846278566994875
7,0.3857421875,2.983186069489128
7,0.38671875,2.981814072636478
7,0.3876953125,2.9804594185674085
7,0.388671875,2.9791792584617403
7,0.3896484375,2.9779709457387646
7,0.390625,2.9767130361753287
7,0.3916015625,2.975274339329928
7,0.392578125,2.973791176233027
7,0.3935546875,2.9723917365631163
7,0.39453125,2.971096588288104
7,0.3955078125,2.969870396675002
7,0.396484375,2.968780325771875
7,0.3974609375,2.967846780884136
7,0.3984375,2.9670290731848707
7,0.3994140625,2.966265616577498
7,0.400390625,2.965642140560331
7,0.4013671875,2.9652013928556347
7,0.40234375,2.9649068976769337
7,0.4033203125,2.964668274935589
7,0.404296875,2.964498686662275
7,0.4052734375,2.9643567660048844
7,0.40625,2.964095237639099
7,0.4072265625,2.963575147591883
7,0.408203125,2.9629594864137347
7,0.4091796875,2.96240332202728
7,0.41015625,2.9619369731692164
7,0.4111328125,2.9615378707635043
7,0.412109375,2.961287469712771
7,0.4130859375,2.9612111359571704
7,0.4140625,2.9612595850826744
7,0.4150390625,2.9613487451171414
7,0.416015625,2.9615337272077062
7,0.4169921875,2.9618431118885584
7,0.41796875,2.9622452267426542
7,0.4189453125,2.9626745736249007
7,0.419921875,2.9631656171780767
7,0.4208984375,2.9637087982888324
7,0.421875,2.9642045984183434
7,0.4228515625,2.9645383977816837
7,0.423828125,2.9648254627282085
7,0.4248046875,2.9651722869244983
7,0.42578125,2.965596495455311
7,0.4267578125,2.96606565657208
7,0.427734375,2.966633324653256
7,0.4287109375,2.967313487149825
7,0.4296875,2.9680756111409616
7,0.4306640625,2.968861391247501
7,0.431640625,2.9697335001174303
7,0.4326171875,2.9707224636462906
7,0.43359375,2.9718089491465074
7,0.4345703125,2.9729415384604243
7,0.435546875,2.974168607094768
7,0.4365234375,2.975450129426356
7,0.4375,2.976564136558136
7,0.4384765625,2.97730672479083
7,0.439453125,2.9778806515361067
7,0.4404296875,2.978506155652028
7,0.44140625,2.9792248692124472
7,0.4423828125,2.979998886452839
7,0.443359375,2.9808724406915834
7,0.4443359375,2.98185117825026
7,0.4453125,2.98288940689376
7,0.4462890625,2.983927092181247
7,0.447265625,2.9850376340094864
7,0.4482421875,2.9862596779487105
7,0.44921875,2.9875553026941297
7,0.4501953125,2.988846306082253
7,0.451171875,2.9901573168175486
7,0.4521484375,2.991499424398487
7,0.453125,2.9928170723790446
7,0.4541015625,2.9940287498220264
7,0.455078125,2.995211806657721
7,0.4560546875,2.996406572204027
7,0.45703125,2.997594265608805
7,0.4580078125,2.9987559171275358
7,0.458984375,2.999977324700469
7,0.4599609375,3.0012923802875755
7,0.4609375,3.002664443284504
7,0.4619140625,3.0040344840633275
7,0.462890625,3.005468334807207
7,0.4638671875,3.007002167814364
7,0.46484375,3.0086116797310294
7,0.4658203125,3.0102403606354398
7,0.466796875,3.0119190817936783
7,0.4677734375,3.013611217166899
7,0.46875,3.015142707658332
7,0.4697265625,3.016365209445825
7,0.470703125,3.0174452237738745
7,0.4716796875,3.018554139689429
7,0.47265625,3.019722166623744
7,0.4736328125,3.02091023602622
7,0.474609375,3.0221688135346763
7,0.4755859375,3.023506305489237
7,0.4765625,3.0248604269509007
7,0.4775390625,3.0261485598153883
7,0.478515625,3.0274354324447525
7,0.4794921875,3.0287813736407734
7,0.48046875,3.030180947051117
7,0.4814453125,3.0315904923260395
7,0.482421875,3.033054001272195
7,0.4833984375,3.034554750283855
7,0.484375,3.0359602098428278
7,0.4853515625,3.03716899239644
7,0.486328125,3.038344293895315
7,0.4873046875,3.039635930506925
7,0.48828125,3.0410480493012493
7,0.4892578125,3.0425393033687653
7,0.490234375,3.044200086881017
7,0.4912109375,3.0461025115002798
7,0.4921875,3.048225045997822
7,0.4931640625,3.050493291508237
7,0.494140625,3.052929005581003
7,0.4951171875,3.05545200463459
7,0.49609375,3.057717560790693
7,0.4970703125,3.0591130685505648
7,0.498046875,3.059307915277335
7,0.4990234375,3.0588591112531023
7,0.5,3.0589358592486797
8,0.0009765625,4.521487866617332
8,0.001953125,4.446440177629976
8,0.0029296875,4.29914178194723
8,0.00390625,4.211948042062044
8,0.0048828125,4.14766768854563
8,0.005859375,4.087702895168376
8,0.0068359375,4.014294459857465
8,0.0078125,3.9243595923638206
8,0.0087890625,3.8259824700031895
8,0.009765625,3.740377345315154
8,0.0107421875,3.67653300694272
8,0.01171875,3.632040328484836
8,0.0126953125,3.599913122908158
8,0.013671875,3.5759162504041577
8,0.0146484375,3.553755990940457
8,0.015625,3.5256873345096
8,0.0166015625,3.488073644493197
8,0.017578125,3.447996516987437
8,0.0185546875,3.411877961865132
8,0.01953125,3.381816736025017
8,0.0205078125,3.3573704510005453
8,0.021484375,3.3384588090540688
8,0.0224609375,3.323409876347274
8,0.0234375,3.309677198272141
8,0.0244140625,3.295560019255291
8,0.025390625,3.282956998777466
8,0.0263671875,3.2734881265570155
8,0.02734375,3.267480221185114
8,0.0283203125,3.26417631671914
8,0.029296875,3.263048503748275
8,0.0302734375,3.262127921476704
8,0.03125,3.257820187373741
8,0.0322265625,3.2479424337748872
8,0.033203125,3.2355780948902515
8,0.0341796875,3.2239968451526413
8,0.03515625,3.214367695356491
8,0.0361328125,3.206636670180281
8,0.037109375,3.2008120727544607
8,0.0380859375,3.196243311816235
8,0.0390625,3.1919304328420983
8,0.0400390625,3.187121496119275
8,0.041015625,3.182626317049551
8,0.0419921875,3.179184504895618
8,0.04296875,3.176961088794831
8,0.0439453125,3.175574221753557
8,0.044921875,3.1747669802088
8,0.0458984375,3.173813466976797
8,0.046875,3.171558348159617
8,0.0478515625,3.167232012451404
8,0.048828125,3.1619481125690942
8,0.0498046875,3.156932071091953
8,0.05078125,3.1527622154350565
8,0.0517578125,3.149458676991951
8,0.052734375,3.1470337064902747
8,0.0537109375,3.145119013845191
8,0.0546875,3.14316716565238
8,0.0556640625,3.140755829914536
8,0.056640625,3.138369101851093
8,0.0576171875,3.136517184988304
8,0.05859375,3.1354560940598413
8,0.0595703125,3.1350554444017744
8,0.060546875,3.1351577164969364
8,0.0615234375,3.135084597811601
8,0.0625,3.133435800726845
8,0.0634765625,3.129246750110974
8,0.064453125,3.1237548538053312
8,0.0654296875,3.118399829665496
8,0.06640625,3.113762576518988
8,0.0673828125,3.109891801645502
8,0.068359375,3.1067769896610384
8,0.0693359375,3.104114457669798
8,0.0703125,3.1014809750606007
8,0.0712890625,3.098552142046035
8,0.072265625,3.0956381868249583
8,0.0732421875,3.0930739197785195
8,0.07421875,3.0910202055373635
8,0.0751953125,3.0894288602121924
8,0.076171875,3.088297357033276
8,0.0771484375,3.08737675010724
8,0.078125,3.0861608767617144
8,0.0791015625,3.0842295822496824
8,0.080078125,3.0819630205524566
8,0.0810546875,3.0797969003564054
8,0.08203125,3.077913976346688
8,0.0830078125,3.076303831046006
8,0.083984375,3.0750319946205087
8,0.0849609375,3.0740084107942005
8,0.0859375,3.0730223211021648
8,0.0869140625,3.0718868483606667
8,0.087890625,3.070869930505032
8,0.0888671875,3.0702407745331133
8,0.08984375,3.070120655452679
8,0.0908203125,3.070450230426825
8,0.091796875,3.0711699762229747
8,0.0927734375,3.0719200140849723
8,0.09375,3.071983778960438
8,0.0947265625,3.070867688278792
8,0.095703125,3.069153771636626
8,0.0966796875,3.067582697489056
8,0.09765625,3.0664834235782954
8,0.0986328125,3.0658646986111147
8,0.099609375,3.0657084778420964
8,0.1005859375,3.0658480837665287
8,0.1015625,3.0660273082921417
8,0.1025390625,3.066021359990826
8,0.103515625,3.065978437548917
8,0.1044921875,3.0660899171455416
8,0.10546875,3.066457431702328
8,0.1064453125,3.067052224116426
8,0.107421875,3.0678475120296955
8,0.1083984375,3.068644123155759
8,0.109375,3.069077211788562
8,0.1103515625,3.068876537833773
8,0.111328125,3.068328804777377
8,0.1123046875,3.0677879038998284
8,0.11328125,3.067426399399221
8,0.1142578125,3.067256769593436
8,0.115234375,3.0673088145109784
8,0.1162109375,3.067496473327496
8,0.1171875,3.067630559339173
8,0.1181640625,3.067530135123917
8,0.119140625,3.0673321619625544
8,0.1201171875,3.067239056963042
8,0.12109375,3.0673808250332795
8,0.1220703125,3.0677409535712465
8,0.123046875,3.068277568117413
8,0.1240234375,3.068727991479116
8,0.125,3.0684379673670086
8,0.1259765625,3.066911689632026
8,0.126953125,3.0646708545331744
8,0.1279296875,3.062358561841857
8,0.12890625,3.06024183522508
8,0.1298828125,3.058381755049937
8,0.130859375,3.0567978478373647
8,0.1318359375,3.0553647318258883
8,0.1328125,3.0539162919733545
8,0.1337890625,3.0523470879923
8,0.134765625,3.05082103719959
8,0.1357421875,3.0495107577465244
8,0.13671875,3.048496071016481
8,0.1376953125,3.04774356210443
8,0.138671875,3.0472188460233407
8,0.1396484375,3.046783829271253
8,0.140625,3.0462040542004494
8,0.1416015625,3.045298324851309
8,0.142578125,3.04424516673226
8,0.1435546875,3.0432558741406206
8,0.14453125,3.04243269550567
8,0.1455078125,3.04178875655504
8,0.146484375,3.0413439123098924
8,0.1474609375,3.0410312636309875
8,0.1484375,3.040730832241337
8,0.1494140625,3.0403535269934
8,0.150390625,3.040033280703279
8,0.1513671875,3.039916563787956
8,0.15234375,3.040082903945847
8,0.1533203125,3.040520517566337
8,0.154296875,3.04120316791909
8,0.1552734375,3.0419686849574425
8,0.15625,3.0424836481207205
8,0.1572265625,3.0424955958714897
8,0.158203125,3.042243813230552
8,0.1591796875,3.0420397576556844
8,0.16015625,3.0420143049643737
8,0.1611328125,3.042187225101918
8,0.162109375,3.0425802801192345
8,0.1630859375,3.04313654244486
8,0.1640625,3.0437389916531794
8,0.1650390625,3.0442864595430623
8,0.166015625,3.04485659821426
8,0.1669921875,3.0455310794953347
8,0.16796875,3.046332907026137
8,0.1689453125,3.0472268355171503
8,0.169921875,3.0481929653573783
8,0.1708984375,3.0491386538958176
8,0.171875,3.0498959613811967
8,0.1728515625,3.0503466751049158
8,0.173828125,3.050663939613166
8,0.1748046875,3.0510407090877445
8,0.17578125,3.051548051110085
8,0.1767578125,3.052174335252797
8,0.177734375,3.0529218914978338
8,0.1787109375,3.0537387340344258
8,0.1796875,3.054527508114811
8,0.1806640625,3.05522163126952
8,0.181640625,3.0559376749534124
8,0.1826171875,3.0568038847775867
8,0.18359375,3.0578913611737177
8,0.1845703125,3.0592212615173664
8,0.185546875,3.060785066859174
8,0.1865234375,3.0623028646194284
8,0.1875,3.063158813293423
8,0.1884765625,3.06294174773006
8,0.189453125,3.0620623849067226
8,0.1904296875,3.0611320588270146
8,0.19140625,3.060425540057913
8,0.1923828125,3.0599534897272167
8,0.193359375,3.059688568045801
8,0.1943359375,3.0595564941014266
8,0.1953125,3.059444894468026
8,0.1962890625,3.0592646407620463
8,0.197265625,3.059093478514749
8,0.1982421875,3.0590275470264907
8,0.19921875,3.0590996467017377
8,0.2001953125,3.059287638456951
8,0.201171875,3.0595832081961825
8,0.2021484375,3.059913314329772
8,0.203125,3.0601189913733453
8,0.2041015625,3.060065607963804
8,0.205078125,3.059860761355875
8,0.2060546875,3.059658257965317
8,0.20703125,3.059536393529418
8,0.2080078125,3.059509573917625
8,0.208984375,3.0595998930612387
8,0.2099609375,3.0597785447266133
8,0.2109375,3.059961095582876
8,0.2119140625,3.0600670215174097
8,0.212890625,3.060152470495214
8,0.2138671875,3.0602959659082822
8,0.21484375,3.0605388720760907
8,0.2158203125,3.0608738386208603
8,0.216796875,3.0612990775438096
8,0.2177734375,3.0617608928545
8,0.21875,3.062113689172391
8,0.2197265625,3.062238442546637
8,0.220703125,3.0622699357221426
8,0.2216796875,3.062363280792046
8,0.22265625,3.062567681379975
8,0.2236328125,3.062882200234983
8,0.224609375,3.0633033143123805
8,0.2255859375,3.0637806644267056
8,0.2265625,3.064230007283185
8,0.2275390625,3.0645909909657694
8,0.228515625,3.064934964693797
8,0.2294921875,3.0653525279966747
8,0.23046875,3.065875626471486
8,0.2314453125,3.066483905200319
8,0.232421875,3.0671573588999435
8,0.2333984375,3.0678149111459203
8,0.234375,3.0683012061086616
8,0.2353515625,3.0685168060066315
8,0.236328125,3.068611636609096
8,0.2373046875,3.06878257233338
8,0.23828125,3.069118220337498
8,0.2392578125,3.069612945219377
8,0.240234375,3.0702461459850987
8,0.2412109375,3.070948015015582
8,0.2421875,3.0715892823428765
8,0.2431640625,3.0720349096648496
8,0.244140625,3.072273751512618
8,0.2451171875,3.0723554007742924
8,0.24609375,3.072359697712953
8,0.2470703125,3.0724072146537726
8,0.248046875,3.072645663599796
8,0.2490234375,3.0729937140238253
8,0.25,3.0729738226258294
8,0.2509765625,3.072217814253158
8,0.251953125,3.0710866858982144
8,0.2529296875,3.0700559157394918
8,0.25390625,3.069227048181732
8,0.2548828125,3.068466680424417
8,0.255859375,3.067654341572836
8,0.2568359375,3.0667076417766737
8,0.2578125,3.065604399512878
8,0.2587890625,3.064370581715471
8,0.259765625,3.063134710617712
8,0.2607421875,3.062007578570856
8,0.26171875,3.061051470400294
8,0.2626953125,3.06029215304019
8,0.263671875,3.059743935833736
8,0.2646484375,3.05930649883315
8,0.265625,3.0587768632998587
8,0.2666015625,3.058011569287702
8,0.267578125,3.057132259762981
8,0.2685546875,3.056307100076483
8,0.26953125,3.0555940017842107
8,0.2705078125,3.054971734736561
8,0.271484375,3.0544393051592227
8,0.2724609375,3.053966539635279
8,0.2734375,3.0534912013828595
8,0.2744140625,3.0529648713574598
8,0.275390625,3.0524507757501005
8,0.2763671875,3.0520195244911887
8,0.27734375,3.051709482849939
8,0.2783203125,3.0515372983841003
8,0.279296875,3.051524399089373
8,0.2802734375,3.0515724033371248
8,0.28125,3.051442631627656
8,0.2822265625,3.0509669242108823
8,0.283203125,3.050310942074109
8,0.2841796875,3.049701119913192
8,0.28515625,3.0492164850405667
8,0.2861328125,3.04884294662583
8,0.287109375,3.0485701469829936
8,0.2880859375,3.0483568155962883
8,0.2890625,3.04813210017104
8,0.2900390625,3.0478467255898325
8,0.291015625,3.0475681276905906
8,0.2919921875,3.047367754761018
8,0.29296875,3.047267526525404
8,0.2939453125,3.0472583774518145
8,0.294921875,3.047337478495625
8,0.2958984375,3.047413795758648
8,0.296875,3.047305490190136
8,0.2978515625,3.046889908491896
8,0.298828125,3.046301024338177
8,0.2998046875,3.0457312633315388
8,0.30078125,3.045272773086951
8,0.3017578125,3.044939833584435
8,0.302734375,3.044742520719796
8,0.3037109375,3.0446356767102096
8,0.3046875,3.044522908863328
8,0.3056640625,3.044326915257118
8,0.306640625,3.044110264927654
8,0.3076171875,3.043960709606144
8,0.30859375,3.043923311074216
8,0.3095703125,3.044020641516792
8,0.310546875,3.044277281087155
8,0.3115234375,3.0445616101466424
8,0.3125,3.0445321483962298
8,0.3134765625,3.0439379062336003
8,0.314453125,3.0429957431069057
8,0.3154296875,3.0420443609866883
8,0.31640625,3.041231297974254
8,0.3173828125,3.040569049143872
8,0.318359375,3.0400454747951504
8,0.3193359375,3.03961006108398
8,0.3203125,3.0391848703348194
8,0.3212890625,3.03870348443692
8,0.322265625,3.0382060386666714
8,0.3232421875,3.0377583587388632
8,0.32421875,3.0373849619188737
8,0.3251953125,3.037066601118932
8,0.326171875,3.0367765066326067
8,0.3271484375,3.036438984824646
8,0.328125,3.0359420989413013
8,0.3291015625,3.0352143580513262
8,0.330078125,3.034363213887468
8,0.3310546875,3.033530836132855
8,0.33203125,3.032783885575097
8,0.3330078125,3.032136504115805
8,0.333984375,3.0316113580721864
8,0.3349609375,3.03118634167997
8,0.3359375,3.030788658840605
8,0.3369140625,3.0303527786604887
8,0.337890625,3.0299305690537155
8,0.3388671875,3.029588845451696
8,0.33984375,3.0293359682686565
8,0.3408203125,3.029142902985495
8,0.341796875,3.0290044288354734
8,0.3427734375,3.0288743581072914
8,0.34375,3.028631400624303
8,0.3447265625,3.028168163643354
8,0.345703125,3.027570215484757
8,0.3466796875,3.0269487773589483
8,0.34765625,3.0263463047340364
8,0.3486328125,3.025784921077609
8,0.349609375,3.025301481064927
8,0.3505859375,3.024879865425645
8,0.3515625,3.024461423265934
8,0.3525390625,3.0239916392664834
8,0.353515625,3.023522122858456
8,0.3544921875,3.023118129917252
8,0.35546875,3.022794725162037
8,0.3564453125,3.022534527029077
8,0.357421875,3.0223418267398263
8,0.3583984375,3.022167591579461
8,0.359375,3.021897816356034
8,0.3603515625,3.0214289199710502
8,0.361328125,3.020832436704586
8,0.3623046875,3.020219567615673
8,0.36328125,3.0196468102554275
8,0.3642578125,3.0191338327464883
8,0.365234375,3.018705498152084
8,0.3662109375,3.0183322784815623
8,0.3671875,3.0179343587405687
8,0.3681640625,3.0174231375068006
8,0.369140625,3.016817328197292
8,0.3701171875,3.016163457792885
8,0.37109375,3.0154799356809456
8,0.3720703125,3.01475344344159
8,0.373046875,3.014015878047196
8,0.3740234375,3.013285424366116
8,0.375,3.012466898314578
8,0.3759765625,3.011430671251312
8,0.376953125,3.0102741098683428
8,0.3779296875,3.0090669334290165
8,0.37890625,3.0077891698353487
8,0.3798828125,3.0064396169521763
8,0.380859375,3.0050380283327054
8,0.3818359375,3.003553589476715
8,0.3828125,3.001959543153605
8,0.3837890625,3.000248137651282
8,0.384765625,2.9985053308665406
8,0.3857421875,2.996805218049112
8,0.38671875,2.995176944265904
8,0.3876953125,2.993605882220405
8,0.388671875,2.9920745096856725
8,0.3896484375,2.990510544456236
8,0.390625,2.9888171750370414
8,0.3916015625,2.986927973481327
8,0.392578125,2.984946215458889
8,0.3935546875,2.982994186182361
8,0.39453125,2.981139870655713
8,0.3955078125,2.9794115052639847
8,0.396484375,2.9778373125981945
8,0.3974609375,2.9763859496930016
8,0.3984375,2.974990919000084
8,0.3994140625,2.97357680984574
8,0.400390625,2.9721790081084665
8,0.4013671875,2.9708489029544496
8,0.40234375,2.969622844664052
8,0.4033203125,2.9685089155173205
8,0.404296875,2.967518825171239
8,0.4052734375,2.9665791313790293
8,0.40625,2.965534024470293
8,0.4072265625,2.964251536412485
8,0.408203125,2.9628514291121246
8,0.4091796875,2.961506981299808
8,0.41015625,2.9602914285809057
8,0.4111328125,2.959220012858072
8,0.412109375,2.9582983175254376
8,0.4130859375,2.9574955041534565
8,0.4140625,2.956768537411473
8,0.4150390625,2.9560818508736757
8,0.416015625,2.9554817551383863
8,0.4169921875,2.9550251052983665
8,0.41796875,2.9547463247493666
8,0.4189453125,2.954648801536668
8,0.419921875,2.954717754575012
8,0.4208984375,2.954867401103761
8,0.421875,2.9549644139080558
8,0.4228515625,2.954908025837482
8,0.423828125,2.954785495136161
8,0.4248046875,2.9547273643316885
8,0.42578125,2.954804443914848
8,0.4267578125,2.955033506144875
8,0.427734375,2.955420225743846
8,0.4287109375,2.955922142521005
8,0.4296875,2.956462739231673
8,0.4306640625,2.95696362930224
8,0.431640625,2.957454700753104
8,0.4326171875,2.9579969418997445
8,0.43359375,2.958643190171521
8,0.4345703125,2.9594399824620568
8,0.435546875,2.9604262381815696
8,0.4365234375,2.9614635369092377
8,0.4375,2.962189273796992
8,0.4384765625,2.9623434408195592
8,0.439453125,2.962156517590893
8,0.4404296875,2.961975775487062
8,0.44140625,2.961927852534637
8,0.4423828125,2.961982190780164
8,0.443359375,2.9620975089244745
8,0.4443359375,2.962224007082217
8,0.4453125,2.962313509147103
8,0.4462890625,2.9623384406319144
8,0.447265625,2.962365653018981
8,0.4482421875,2.962470759348008
8,0.44921875,2.962693305784308
8,0.4501953125,2.963034407974481
8,0.451171875,2.9634851811045784
8,0.4521484375,2.9639933619144387
8,0.453125,2.964473414798463
8,0.4541015625,2.964861024819784
8,0.455078125,2.965228342352864
8,0.4560546875,2.9656613804603853
8,0.45703125,2.96620445658276
8,0.4580078125,2.9668704151297263
8,0.458984375,2.96767046522019
8,0.4599609375,2.968572270522813
8,0.4609375,2.969513056705233
8,0.4619140625,2.9704352775244973
8,0.462890625,2.971381214368799
8,0.4638671875,2.972409414744746
8,0.46484375,2.973545578497309
8,0.4658203125,2.974758139958059
8,0.466796875,2.9759966130254303
8,0.4677734375,2.9771675811658334
8,0.46875,2.9781340211737226
8,0.4697265625,2.9788059372476305
8,0.470703125,2.979305552960484
8,0.4716796875,2.979781436712924
8,0.47265625,2.980305457556537
8,0.4736328125,2.9809177416887858
8,0.474609375,2.9816597419190245
8,0.4755859375,2.982525523944687
8,0.4765625,2.983473287880571
8,0.4775390625,2.984459245379565
8,0.478515625,2.985523839413801
8,0.4794921875,2.986715176541171
8,0.48046875,2.9880382584932383
8,0.4814453125,2.989454426054745
8,0.482421875,2.990935099022676
8,0.4833984375,2.9924256205323507
8,0.484375,2.993839650273846
8,0.4853515625,2.995109511929141
8,0.486328125,2.996313349309024
8,0.4873046875,2.997540885288373
8,0.48828125,2.998827112747282
8,0.4892578125,3.000182923643726
8,0.490234375,3.0016470121063024
8,0.4912109375,3.003241117968356
8,0.4921875,3.004974579902773
8,0.4931640625,3.006867835499879
8,0.494140625,3.009031976736473
8,0.4951171875,3.011562835304904
8,0.49609375,3.0144240231663897
8,0.4970703125,3.0173489984605486
8,0.498046875,3.020016998276295
8,0.4990234375,3.022292387878981
8,0.5,3.024169145895034
0,0.0009765625,4.751691604439579
0,0.001953125,4.616935036423875
0,0.0029296875,4.135137447354622
0,0.00390625,3.887494613825004
0,0.0048828125,3.730741555893737
0,0.005859375,3.643084094918687
0,0.0068359375,3.5810026557596486
0,0.0078125,3.5364800471110613
0,0.0087890625,3.479388716617586
0,0.009765625,3.4325038880292267
0,0.0107421875,3.398443210061433
0,0.01171875,3.376920252246556
0,0.0126953125,3.3565666497345306
0,0.013671875,3.343810450405553
0,0.0146484375,3.3362792826074377
0,0.015625,3.329794476705504
0,0.0166015625,3.311177831749004
0,0.017578125,3.295344828985446
0,0.0185546875,3.284363564724728
0,0.01953125,3.2764709022448177
0,0.0205078125,3.266976318423953
0,0.021484375,3.260193184918935
0,0.0224609375,3.2557520276285907
0,0.0234375,3.2526126940921687
0,0.0244140625,3.245636379418216
0,0.025390625,3.240127113036153
0,0.0263671875,3.236382592061769
0,0.02734375,3.2342704357566427
0,0.0283203125,3.231420606292087
0,0.029296875,3.2303397922881434
0,0.0302734375,3.2312512804912426
0,0.03125,3.231800052267308
0,0.0322265625,3.2258087237358635
0,0.033203125,3.220091655705783
0,0.0341796875,3.21654080734838
0,0.03515625,3.214437965339732
0,0.0361328125,3.211814591662762
0,0.037109375,3.2102859617141317
0,0.0380859375,3.209791954086906
0,0.0390625,3.21004210282096
0,0.0400390625,3.208640458492237
0,0.041015625,3.207769316067172
0,0.0419921875,3.2075423180323908
0,0.04296875,3.20774562973624
0,0.0439453125,3.2071141873293514
0,0.044921875,3.2072847896155023
0,0.0458984375,3.208551673734099
0,0.046875,3.209808940854793
0,0.0478515625,3.207994906041432
0,0.048828125,3.2063966298104774
0,0.0498046875,3.2061037123681726
0,0.05078125,3.2067427132672317
0,0.0517578125,3.206948528359644
0,0.052734375,3.207730537164401
0,0.0537109375,3.2091345033007763
0,0.0546875,3.2109176157563053
0,0.0556640625,3.2115794124829797
0,0.056640625,3.212655124934473
0,0.0576171875,3.214274363783963
0,0.05859375,3.216444069614196
0,0.0595703125,3.2184296350627024
0,0.060546875,3.221353721173666
0,0.0615234375,3.2252362916027884
0,0.0625,3.227696098045733
0,0.0634765625,3.2246702231407425
0,0.064453125,3.2203138341737656
0,0.0654296875,3.2169408491970555
0,0.06640625,3.214606676187563
0,0.0673828125,3.212407372899895
0,0.068359375,3.210920310904839
0,0.0693359375,3.2099824288025225
0,0.0703125,3.2093576351756137
0,0.0712890625,3.2078831299117225
0,0.072265625,3.206720693391936
0,0.0732421875,3.20613057863633
0,0.07421875,3.2060810760120377
0,0.0751953125,3.205875338355787
0,0.076171875,3.206218069446773
0,0.0771484375,3.2071662874793763
0,0.078125,3.208169086680182
0,0.0791015625,3.207657898961199
0,0.080078125,3.2071849169438096
0,0.0810546875,3.207195667332176
0,0.08203125,3.207579784629959
0,0.0830078125,3.207743867694726
0,0.083984375,3.2082640832959624
0,0.0849609375,3.209146806762782
0,0.0859375,3.2102710377486985
0,0.0869140625,3.210794941939828
0,0.087890625,3.2116531974111564
0,0.0888671875,3.212980362455247
0,0.08984375,3.2147145046178736
0,0.0908203125,3.216276494827282
0,0.091796875,3.218173272429839
0,0.0927734375,3.220507520861825
0,0.09375,3.2226364793406237
0,0.0947265625,3.222907499529023
0,0.095703125,3.223106192388565
0,0.0966796875,3.223890327033973
0,0.09765625,3.225040291623525
0,0.0986328125,3.2259209234404644
0,0.099609375,3.2270030903046494
0,0.1005859375,3.228315229782833
0,0.1015625,3.2297159442356134
0,0.1025390625,3.2304387149288893
0,0.103515625,3.231241735447512
0,0.1044921875,3.2322730169206983
0,0.10546875,3.2334905189299428
0,0.1064453125,3.234468445873233
0,0.107421875,3.235776644112302
0,0.1083984375,3.2375372926438533
0,0.109375,3.239433076858046
0,0.1103515625,3.240447576269612
0,0.111328125,3.2416639779083587
0,0.1123046875,3.2433020164728434
0,0.11328125,3.245145075777084
0,0.1142578125,3.2467097196017183
0,0.115234375,3.248482955078252
0,0.1162109375,3.250523163125351
0,0.1171875,3.2527349304456243
0,0.1181640625,3.2545195656342525
0,0.119140625,3.256503322678856
0,0.1201171875,3.258641061801241
0,0.12109375,3.2608338904457503
0,0.1220703125,3.2625417303728748
0,0.123046875,3.264000640564814
0,0.1240234375,3.2656090449005277
0,0.125,3.2672166224007078
0,0.1259765625,3.267267248816936
0,0.126953125,3.26748475139555
0,0.1279296875,3.2680077264875504
0,0.12890625,3.2683704729991065
0,0.1298828125,3.268382944192079
0,0.130859375,3.2685676130991235
0,0.1318359375,3.2689490930635583
0,0.1328125,3.269514708882705
0,0.1337890625,3.2697748665214466
0,0.134765625,3.270241824590945
0,0.1357421875,3.270914793207354
0,0.13671875,3.2716471689365063
0,0.1376953125,3.272075033629661
0,0.138671875,3.2726147824830547
0,0.1396484375,3.2733618272160774
0,0.140625,3.2740735783158943
0,0.1416015625,3.273974329248002
0,0.142578125,3.273867699912526
0,0.1435546875,3.2739855055685294
0,0.14453125,3.2742301128064777
0,0.1455078125,3.2742958730100344
0,0.146484375,3.2745554636046434
0,0.1474609375,3.2750300368025207
0,0.1484375,3.275576174195005
0,0.1494140625,3.275689300918176
0,0.150390625,3.275853290880967
0,0.1513671875,3.2761248686417965
0,0.15234375,3.2764403491298504
0,0.1533203125,3.276495731804202
0,0.154296875,3.276610485234549
0,0.1552734375,3.276904443234635
0,0.15625,3.2771386603420427
0,0.1572265625,3.2765197858181234
0,0.158203125,3.276030964775043
0,0.1591796875,3.275921022840412
0,0.16015625,3.2760163088312284
0,0.1611328125,3.2760034543453664
0,0.162109375,3.2761501012508307
0,0.1630859375,3.2764442592840086
0,0.1640625,3.276843660063186
0,0.1650390625,3.2769721131921874
0,0.166015625,3.2772587232245893
0,0.1669921875,3.277717403792959
0,0.16796875,3.278270451515365
0,0.1689453125,3.278644175481396
0,0.169921875,3.2791293093144844
0,0.1708984375,3.279756099461769
0,0.171875,3.2803317668984597
0,0.1728515625,3.280250806921237
0,0.173828125,3.280170825692331
0,0.1748046875,3.2802461075651466
0,0.17578125,3.2803568562662715
0,0.1767578125,3.2802109101006467
0,0.177734375,3.280068516387198
0,0.1787109375,3.27995523904168
0,0.1796875,3.279868217488718
0,0.1806640625,3.279504930920334
0,0.181640625,3.279266809651622
0,0.1826171875,3.279156908486616
0,0.18359375,3.27919245099484
0,0.1845703125,3.279208018818084
0,0.185546875,3.2794309313893053
0,0.1865234375,3.2798576219097586
0,0.1875,3.280069326007032
0,0.1884765625,3.2790803079093185
0,0.189453125,3.2779664167213887
0,0.1904296875,3.2771635125847984
0,0.19140625,3.2766786287597705
0,0.1923828125,3.2763343720516542
0,0.193359375,3.2762828666950727
0,0.1943359375,3.2763589211912225
0,0.1953125,3.276449534598217
0,0.1962890625,3.276209930074492
0,0.197265625,3.276020414725502
0,0.1982421875,3.275908201069364
0,0.19921875,3.275820550723367
0,0.2001953125,3.2755546287246844
0,0.201171875,3.275406731046677
0,0.2021484375,3.275425485704442
0,0.203125,3.275416446557263
0,0.2041015625,3.274829457158442
0,0.205078125,3.2742861218778976
0,0.2060546875,3.27400654085691
0,0.20703125,3.273956375869594
0,0.2080078125,3.273925566092166
0,0.208984375,3.27416588466722
0,0.2099609375,3.2746828945121758
0,0.2109375,3.275347250831805
0,0.2119140625,3.275772707806993
0,0.212890625,3.2763719363126858
0,0.2138671875,3.277263153141283
0,0.21484375,3.2784136091266376
0,0.2158203125,3.2796147817929056
0,0.216796875,3.2811650051347447
0,0.2177734375,3.2830273937317163
0,0.21875,3.284593380819607
0,0.2197265625,3.28493919039905
0,0.220703125,3.2849653601287137
0,0.2216796875,3.285217622980105
0,0.22265625,3.2857049477363645
0,0.2236328125,3.286178371354623
0,0.224609375,3.2868390625210555
0,0.2255859375,3.2876788816517943
0,0.2265625,3.288602098985445
0,0.2275390625,3.289267885262481
0,0.228515625,3.2900482633857777
0,0.2294921875,3.291015633813332
0,0.23046875,3.292082827767884
0,0.2314453125,3.29300897678484
0,0.232421875,3.294068712640056
0,0.2333984375,3.2953884734836705
0,0.234375,3.296884960903659
0,0.2353515625,3.298103089735056
0,0.236328125,3.299511275497576
0,0.2373046875,3.301133730286543
0,0.23828125,3.3027853569445598
0,0.2392578125,3.304171139550893
0,0.240234375,3.3054546046151465
0,0.2412109375,3.3065528232635977
0,0.2421875,3.3072698029647585
0,0.2431640625,3.3071824539138506
0,0.244140625,3.3064778989643724
0,0.2451171875,3.3050317757634446
0,0.24609375,3.302829403252984
0,0.2470703125,3.299918424874752
0,0.248046875,3.297007193155202
0,0.2490234375,3.2951630238736924
0,0.25,3.295109746450151
0,0.2509765625,3.2961538163902624
0,0.251953125,3.2990162967650525
0,0.2529296875,3.3029225382344807
0,0.25390625,3.306733372421277
0,0.2548828125,3.3097728020923087
0,0.255859375,3.312043562136961
0,0.2568359375,3.313591697855514
0,0.2578125,3.3146035593806102
0,0.2587890625,3.314999422137169
0,0.259765625,3.315155954451946
0,0.2607421875,3.315141549376008
0,0.26171875,3.3149246710135576
0,0.2626953125,3.314349570954529
0,0.263671875,3.313720901977035
0,0.2646484375,3.3132207070491035
0,0.265625,3.312818728117123
0,0.2666015625,3.312125821163714
0,0.267578125,3.311615697852744
0,0.2685546875,3.311409556587529
0,0.26953125,3.3113808529642745
0,0.2705078125,3.3112801025247527
0,0.271484375,3.31129670897527
0,0.2724609375,3.3115508448775195
0,0.2734375,3.3120493278915424
0,0.2744140625,3.312530790843184
0,0.275390625,3.313235851674669
0,0.2763671875,3.3141631679260417
0,0.27734375,3.31521729565376
0,0.2783203125,3.316220405895808
0,0.279296875,3.317377708132068
0,0.2802734375,3.318726484061844
0,0.28125,3.3198934135279394
0,0.2822265625,3.3202266641031626
0,0.283203125,3.320410553256804
0,0.2841796875,3.3208352905195198
0,0.28515625,3.321482884575913
0,0.2861328125,3.3222177533709174
0,0.287109375,3.3232419304566165
0,0.2880859375,3.324617288678382
0,0.2890625,3.326215947570732
0,0.2900390625,3.327694061348756
0,0.291015625,3.3292755060826424
0,0.2919921875,3.331070853749175
0,0.29296875,3.333076977057928
0,0.2939453125,3.335070176140791
0,0.294921875,3.3371423261422835
0,0.2958984375,3.339387141780518
0,0.296875,3.3417979412805168
0,0.2978515625,3.3440369176231477
0,0.298828125,3.3464288176665
0,0.2998046875,3.3490218202699458
0,0.30078125,3.351758031660665
0,0.3017578125,3.354438955514897
0,0.302734375,3.357156452608972
0,0.3037109375,3.35992271558438
0,0.3046875,3.362685272299992
0,0.3056640625,3.365170653226132
0,0.306640625,3.367634292309827
0,0.3076171875,3.370165001334042
0,0.30859375,3.372768378407658
0,0.3095703125,3.375352161958781
0,0.310546875,3.378141292991618
0,0.3115234375,3.3809957833140403
0,0.3125,3.383011975859471
0,0.3134765625,3.3830508418595424
0,0.314453125,3.3822089745832558
0,0.3154296875,3.38138802742176
0,0.31640625,3.380746995239267
0,0.3173828125,3.3800762379799965
0,0.318359375,3.379519004335472
0,0.3193359375,3.3791098608574828
0,0.3203125,3.3787891846876863
0,0.3212890625,3.3782174605067303
0,0.322265625,3.377606487372085
0,0.3232421875,3.3770219447866827
0,0.32421875,3.376476738068358
0,0.3251953125,3.3758343438346725
0,0.326171875,3.3752849577623776
0,0.3271484375,3.374841757683656
0,0.328125,3.3743265621113667
0,0.3291015625,3.373305520598279
0,0.330078125,3.372226510546932
0,0.3310546875,3.3712656767747364
0,0.33203125,3.3704368793786403
0,0.3330078125,3.369637404668236
0,0.333984375,3.3690494030143454
0,0.3349609375,3.368672513989235
0,0.3359375,3.3684412645942463
0,0.3369140625,3.368088150712227
0,0.337890625,3.367853207105453
0,0.3388671875,3.36776172641472
0,0.33984375,3.3677665230827314
0,0.3408203125,3.3676491198217104
0,0.341796875,3.36745246571094
0,0.3427734375,3.367148233747807
0,0.34375,3.366572232121427
0,0.3447265625,3.3652132126606467
0,0.345703125,3.363575711293911
0,0.3466796875,3.361872169048264
0,0.34765625,3.3601759543839043
0,0.3486328125,3.358491402708544
0,0.349609375,3.357049979460849
0,0.3505859375,3.3558396120077094
0,0.3515625,3.354735466721704
0,0.3525390625,3.353424966942393
0,0.353515625,3.352188486011548
0,0.3544921875,3.351132079299715
0,0.35546875,3.350220429731597
0,0.3564453125,3.3492974396564508
0,0.357421875,3.3486264571894973
0,0.3583984375,3.3482557364227308
0,0.359375,3.347909406339894
0,0.3603515625,3.3470647360204606
0,0.361328125,3.3461894190369814
0,0.3623046875,3.3454923693726
0,0.36328125,3.344861944283949
0,0.3642578125,3.34404848810276
0,0.365234375,3.3432467170607767
0,0.3662109375,3.342540728538409
0,0.3671875,3.3419154829778
0,0.3681640625,3.341186563120454
0,0.369140625,3.3407406218454
0,0.3701171875,3.340756975073882
0,0.37109375,3.3412737212314294
0,0.3720703125,3.341715408931314
0,0.373046875,3.341429841945861
0,0.3740234375,3.340457079459646
0,0.375,3.339687330224271
0,0.3759765625,3.339098068375071
0,0.376953125,3.33872525515408
0,0.3779296875,3.337721396480561
0,0.37890625,3.3360697256842693
0,0.3798828125,3.3344348856940584
0,0.380859375,3.3333725529922336
0,0.3818359375,3.3327587194766344
0,0.3828125,3.332354456312595
0,0.3837890625,3.331785714325848
0,0.384765625,3.331253813070276
0,0.3857421875,3.330777454537237
0,0.38671875,3.330289595402061
0,0.3876953125,3.3296230460777747
0,0.388671875,3.3289888330306106
0,0.3896484375,3.328453615398736
0,0.390625,3.3279485246766973
0,0.3916015625,3.327144004017523
0,0.392578125,3.326469981196229
0,0.3935546875,3.3260156754525325
0,0.39453125,3.3256702173823247
0,0.3955078125,3.325238322725751
0,0.396484375,3.3248855898806497
0,0.3974609375,3.324625400824767
0,0.3984375,3.3243793284094703
0,0.3994140625,3.323877061506879
0,0.400390625,3.3233949227937107
0,0.4013671875,3.323000431437074
0,0.40234375,3.322681035992219
0,0.4033203125,3.3222800669523727
0,0.404296875,3.321930496939029
0,0.4052734375,3.3216149114248337
0,0.40625,3.321093677551804
0,0.4072265625,3.319843182770823
0,0.408203125,3.318412552137316
0,0.4091796875,3.31698110183879
0,0.41015625,3.315507469850977
0,0.4111328125,3.31388880576429
0,0.412109375,3.312336300237176
0,0.4130859375,3.3108552998934377
0,0.4140625,3.309405628117269
0,0.4150390625,3.3077327000159094
0,0.416015625,3.3060538681937905
0,0.4169921875,3.3043566655217567
0,0.41796875,3.3026113371561965
0,0.4189453125,3.3006893346580903
0,0.419921875,3.298797260804601
0,0.4208984375,3.296926579544625
0,0.421875,3.29487680807635
0,0.4228515625,3.292215583852968
0,0.423828125,3.28939953895079
0,0.4248046875,3.2865885681518834
0,0.42578125,3.283714466773977
0,0.4267578125,3.2806170833534574
0,0.427734375,3.2775225828254877
0,0.4287109375,3.274461876824481
0,0.4296875,3.271374000964238
0,0.4306640625,3.2680167760051737
0,0.431640625,3.2646569335706825
0,0.4326171875,3.261356745543283
0,0.43359375,3.258205909523542
0,0.4345703125,3.2551599584396635
0,0.435546875,3.2523329649796686
0,0.4365234375,3.2495737818717587
0,0.4375,3.246370625045892
0,0.4384765625,3.241911177579636
0,0.439453125,3.2369975253320296
0,0.4404296875,3.2321252930840445
0,0.44140625,3.227437656421853
0,0.4423828125,3.222910056807304
0,0.443359375,3.2186681644214947
0,0.4443359375,3.2145948764638628
0,0.4453125,3.210571894667168
0,0.4462890625,3.206316363509652
0,0.447265625,3.2020696574748504
0,0.4482421875,3.197913302201378
0,0.44921875,3.1938697341660034
0,0.4501953125,3.1898007094491683
0,0.451171875,3.185840608256869
0,0.4521484375,3.181953856998473
0,0.453125,3.177982047004994
0,0.4541015625,3.173562726461741
0,0.455078125,3.169158680548906
0,0.4560546875,3.1649038588132594
0,0.45703125,3.1607303421386312
0,0.4580078125,3.156501419678138
0,0.458984375,3.152448143820189
0,0.4599609375,3.1485918893895986
0,0.4609375,3.1448309075388816
0,0.4619140625,3.1408493453176267
0,0.462890625,3.136880329779053
0,0.4638671875,3.132939672115713
0,0.46484375,3.129036302640644
0,0.4658203125,3.125119567188037
0,0.466796875,3.121493109124171
0,0.4677734375,3.118165384099814
0,0.46875,3.114686350812
0,0.4697265625,3.110352714348186
0,0.470703125,3.105893906986834
0,0.4716796875,3.1017811705132647
0,0.47265625,3.0980235442857165
0,0.4736328125,3.094353140189449
0,0.474609375,3.090854995685268
0,0.4755859375,3.08744181699186
0,0.4765625,3.0840063400980733
0,0.4775390625,3.0802888051762523
0,0.478515625,3.0766203007433885
0,0.4794921875,3.073045297585048
0,0.48046875,3.0694807230414125
0,0.4814453125,3.065732270728556
0,0.482421875,3.0620681946102946
0,0.4833984375,3.058563103256443
0,0.484375,3.0550903251344663
0,0.4853515625,3.051240244874505
0,0.486328125,3.047508348742674
0,0.4873046875,3.044024103508539
0,0.48828125,3.040663013485845
0,0.4892578125,3.0371793754125043
0,0.490234375,3.033849286191097
0,0.4912109375,3.0307903912762453
0,0.4921875,3.028010519055444
0,0.4931640625,3.0252286941714206
0,0.494140625,3.022677644732828
0,0.4951171875,3.0201936793019937
0,0.49609375,3.0174991964978446
0,0.4970703125,3.0140418868299066
0,0.498046875,3.009885878549992
0,0.4990234375,3.0058850690642487
0,0.5,3.0029705203466994
1,0.0009765625,4.709147019331531
1,0.001953125,4.65359905582018
1,0.0029296875,4.089785273230904
1,0.00390625,3.8870147102994577
1,0.0048828125,3.738368810689309
1,0.005859375,3.639911580797698
1,0.0068359375,3.5525438102794573
1,0.0078125,3.50179525609564
1,0.0087890625,3.4466705204654664
1,0.009765625,3.416209106232354
1,0.0107421875,3.3934551299816014
1,0.01171875,3.382303603351319
1,0.0126953125,3.3651075504130703
1,0.013671875,3.3570835143755877
1,0.0146484375,3.352060238223354
1,0.015625,3.351725497723921
1,0.0166015625,3.3394397271627327
1,0.017578125,3.331325824987587
1,0.0185546875,3.3248270460797453
1,0.01953125,3.321747017026534
1,0.0205078125,3.3167061960317192
1,0.021484375,3.316543949986081
1,0.0224609375,3.318095148139848
1,0.0234375,3.321445041967114
1,0.0244140625,3.3205630552616827
1,0.025390625,3.321051712210838
1,0.0263671875,3.321958739458852
1,0.02734375,3.3250649465868127
1,0.0283203125,3.326849376870178
1,0.029296875,3.330066343365022
1,0.0302734375,3.333332504787977
1,0.03125,3.3365429830931093
1,0.0322265625,3.333913381296849
1,0.033203125,3.3313258429723382
1,0.0341796875,3.328696561858033
1,0.03515625,3.326832456800436
1,0.0361328125,3.3240469559015637
1,0.037109375,3.3225001069966806
1,0.0380859375,3.3210919827345333
1,0.0390625,3.320238352534295
1,0.0400390625,3.317780568574189
1,0.041015625,3.3160406254005594
1,0.0419921875,3.3145992322243267
1,0.04296875,3.314059372042504
1,0.0439453125,3.3127631962601134
1,0.044921875,3.312453712601027
1,0.0458984375,3.312619563574688
1,0.046875,3.3129858083538246
1,0.0478515625,3.310788210199142
1,0.048828125,3.308753107994011
1,0.0498046875,3.306986264309108
1,0.05078125,3.3058053763095
1,0.0517578125,3.303825756455157
1,0.052734375,3.302355454408635
1,0.0537109375,3.3008808157560403
1,0.0546875,3.299683936062605
1,0.0556640625,3.2973166114050327
1,0.056640625,3.2950568642397604
1,0.0576171875,3.292454368654887
1,0.05859375,3.2900465594645087
1,0.0595703125,3.286940304763569
1,0.060546875,3.284039759943555
1,0.0615234375,3.28104551711491
1,0.0625,3.2782552873227533
1,0.0634765625,3.2735365916949166
1,0.064453125,3.269317427339258
1,0.0654296875,3.265266971464609
1,0.06640625,3.261427754156354
1,0.0673828125,3.2571219476283724
1,0.068359375,3.253291513131032
1,0.0693359375,3.2495229907344125
1,0.0703125,3.246024180297928
1,0.0712890625,3.2418572279802413
1,0.072265625,3.238113225609123
1,0.0732421875,3.2346233314200536
1,0.07421875,3.231649834472714
1,0.0751953125,3.228314348129599
1,0.076171875,3.225372461928331
1,0.0771484375,3.22264491173895
1,0.078125,3.220201060299911
1,0.0791015625,3.2167859535940058
1,0.080078125,3.2136969315799235
1,0.0810546875,3.210899219098438
1,0.08203125,3.2086325180638986
1,0.0830078125,3.206303095251596
1,0.083984375,3.2045925740400243
1,0.0849609375,3.203113211674861
1,0.0859375,3.2019531330064037
1,0.0869140625,3.200331569708612
1,0.087890625,3.199036277957154
1,0.0888671875,3.1978771033304163
1,0.08984375,3.1971505298696106
1,0.0908203125,3.1962218967530034
1,0.091796875,3.195533247456911
1,0.0927734375,3.1948409844265675
1,0.09375,3.194244302467443
1,0.0947265625,3.1925112707901837
1,0.095703125,3.190921051758773
1,0.0966796875,3.1894398917121345
1,0.09765625,3.188219680660944
1,0.0986328125,3.18672204317781
1,0.099609375,3.1855071525799743
1,0.1005859375,3.1842865296339373
1,0.1015625,3.1831280509651907
1,0.1025390625,3.1813428226916702
1,0.103515625,3.1796803348149423
1,0.1044921875,3.1780973067439486
1,0.10546875,3.176876232501615
1,0.1064453125,3.175447034838178
1,0.107421875,3.174214237221065
1,0.1083984375,3.172980474158605
1,0.109375,3.17194755598454
1,0.1103515625,3.170332219421636
1,0.111328125,3.1689429106655296
1,0.1123046875,3.167567502818879
1,0.11328125,3.166409433505762
1,0.1142578125,3.1651613290478493
1,0.115234375,3.1644244822204364
1,0.1162109375,3.1639285541967745
1,0.1171875,3.163732980902751
1,0.1181640625,3.1632565222276
1,0.119140625,3.1631100156352265
1,0.1201171875,3.1630992683155714
1,0.12109375,3.163365907918445
1,0.1220703125,3.163389067262824
1,0.123046875,3.1635563547545598
1,0.1240234375,3.1638558674030755
1,0.125,3.164341754179494
1,0.1259765625,3.163496211378217
1,0.126953125,3.1627869877542976
1,0.1279296875,3.16214028469117
1,0.12890625,3.161596189793836
1,0.1298828125,3.1608626623917795
1,0.130859375,3.160444036120858
1,0.1318359375,3.160103269500107
1,0.1328125,3.159954586194362
1,0.1337890625,3.159532577453395
1,0.134765625,3.159429691789419
1,0.1357421875,3.1595278100106743
1,0.13671875,3.1599593273347697
1,0.1376953125,3.160304666863793
1,0.138671875,3.16099533496229
1,0.1396484375,3.1618402073038125
1,0.140625,3.162758662257498
1,0.1416015625,3.1630135155914454
1,0.142578125,3.1633988186431483
1,0.1435546875,3.1639801539982138
1,0.14453125,3.1648809390458887
1,0.1455078125,3.165684203246941
1,0.146484375,3.166788039197825
1,0.1474609375,3.168001332879068
1,0.1484375,3.169335162580825
1,0.1494140625,3.170318976111018
1,0.150390625,3.1714686188823373
1,0.1513671875,3.1726371222881937
1,0.15234375,3.173891597761497
1,0.1533203125,3.174904115733417
1,0.154296875,3.176249591863262
1,0.1552734375,3.1778919591718067
1,0.15625,3.1795824539853155
1,0.1572265625,3.180306960565077
1,0.158203125,3.181041884784442
1,0.1591796875,3.1819494655654017
1,0.16015625,3.1830588082157525
1,0.1611328125,3.1839076461341795
1,0.162109375,3.1848485993089377
1,0.1630859375,3.18573377891504
1,0.1640625,3.186694318596943
1,0.1650390625,3.187364382072225
1,0.166015625,3.1882290974727363
1,0.1669921875,3.1891533906785545
1,0.16796875,3.1902080293421142
1,0.1689453125,3.191008617816063
1,0.169921875,3.191907461137015
1,0.1708984375,3.192738747784913
1,0.171875,3.193444774464553
1,0.1728515625,3.1934195486153976
1,0.173828125,3.193376734770299
1,0.1748046875,3.193383777885881
1,0.17578125,3.193586112186618
1,0.1767578125,3.193663528312122
1,0.177734375,3.193970216950646
1,0.1787109375,3.1942812662496776
1,0.1796875,3.1945646241772296
1,0.1806640625,3.194380504629579
1,0.181640625,3.194227337686205
1,0.1826171875,3.194031225085865
1,0.18359375,3.193879515108018
1,0.1845703125,3.193488155090132
1,0.185546875,3.1933370299684354
1,0.1865234375,3.193279804220314
1,0.1875,3.192904761812405
1,0.1884765625,3.1910929830948658
1,0.189453125,3.188983368896734
1,0.1904296875,3.186970042044896
1,0.19140625,3.185193882130981
1,0.1923828125,3.1832351694797
1,0.193359375,3.181360515677009
1,0.1943359375,3.1794130594964534
1,0.1953125,3.177518860879503
1,0.1962890625,3.1753495849142213
1,0.197265625,3.1733725782831925
1,0.1982421875,3.171522361219148
1,0.19921875,3.169943143969122
1,0.2001953125,3.168319114862508
1,0.201171875,3.166940851556211
1,0.2021484375,3.1656249825767437
1,0.203125,3.164315205914837
1,0.2041015625,3.162433622735888
1,0.205078125,3.1605580089783483
1,0.2060546875,3.158693008870703
1,0.20703125,3.156966531026439
1,0.2080078125,3.1551281576721646
1,0.208984375,3.153525619775208
1,0.2099609375,3.1520083464830857
1,0.2109375,3.1506455028938465
1,0.2119140625,3.1490829869134678
1,0.212890625,3.147670226648948
1,0.2138671875,3.1462301802781862
1,0.21484375,3.1448196963744524
1,0.2158203125,3.1431397492039155
1,0.216796875,3.1415244852407374
1,0.2177734375,3.1399445543955795
1,0.21875,3.1384718173398007
1,0.2197265625,3.1365284954333665
1,0.220703125,3.134796082278528
1,0.2216796875,3.133209696061751
1,0.22265625,3.131755875040865
1,0.2236328125,3.130115887093976
1,0.224609375,3.1286261606184578
1,0.2255859375,3.127186446587796
1,0.2265625,3.125865835285066
1,0.2275390625,3.124286327372114
1,0.228515625,3.122785306282573
1,0.2294921875,3.1212512471103144
1,0.23046875,3.1197644642152853
1,0.2314453125,3.118054559229765
1,0.232421875,3.116448503293999
1,0.2333984375,3.114869108916735
1,0.234375,3.113320842688938
1,0.2353515625,3.1112932277895213
1,0.236328125,3.1092828435274265
1,0.2373046875,3.10722417883411
1,0.23828125,3.1051798640025825
1,0.2392578125,3.102890658136212
1,0.240234375,3.100708715596197
1,0.2412109375,3.098574478171246
1,0.2421875,3.096649853402445
1,0.2431640625,3.094632575647779
1,0.244140625,3.092764785025335
1,0.2451171875,3.090769311335174
1,0.24609375,3.0886928725329312
1,0.2470703125,3.086299307229694
1,0.248046875,3.083824765117272
1,0.2490234375,3.081303083651742
1,0.25,3.0789896226308118
1,0.2509765625,3.075974896533117
1,0.251953125,3.0733117624705923
1,0.2529296875,3.070768127227355
1,0.25390625,3.0682335829946403
1,0.2548828125,3.06550657348727
1,0.255859375,3.0628364798063874
1,0.2568359375,3.060124779977005
1,0.2578125,3.0575352402396803
1,0.2587890625,3.054911765486868
1,0.259765625,3.052644469020413
1,0.2607421875,3.0506264616105865
1,0.26171875,3.0488965419896967
1,0.2626953125,3.04717005282511
1,0.263671875,3.0456011234524265
1,0.2646484375,3.0440570169957253
1,0.265625,3.0426098863030515
1,0.2666015625,3.040956199225904
1,0.267578125,3.0394906037103646
1,0.2685546875,3.0381147421304844
1,0.26953125,3.0368708739756727
1,0.2705078125,3.0355659112084754
1,0.271484375,3.0343787402539157
1,0.2724609375,3.0331875852143355
1,0.2734375,3.032108665771136
1,0.2744140625,3.030981238847947
1,0.275390625,3.0300635653876555
1,0.2763671875,3.029207306525483
1,0.27734375,3.0284160311220414
1,0.2783203125,3.027497742610409
1,0.279296875,3.026737144308367
1,0.2802734375,3.0261454869455813
1,0.28125,3.025680463731036
1,0.2822265625,3.02485195717785
1,0.283203125,3.024187716812794
1,0.2841796875,3.023688409918113
1,0.28515625,3.023285748230072
1,0.2861328125,3.022690097109116
1,0.287109375,3.022108717144554
1,0.2880859375,3.021534421390659
1,0.2890625,3.021079540262161
1,0.2900390625,3.0205200533387586
1,0.291015625,3.0200658357455223
1,0.2919921875,3.019622231139757
1,0.29296875,3.0192428598899763
1,0.2939453125,3.0187531190134838
1,0.294921875,3.018373029737115
1,0.2958984375,3.0180026105534234
1,0.296875,3.0175277109129084
1,0.2978515625,3.0165686655379296
1,0.298828125,3.015582969602402
1,0.2998046875,3.014701866376226
1,0.30078125,3.013978052326678
1,0.3017578125,3.0131603895301
1,0.302734375,3.0123905601069203
1,0.3037109375,3.011601024074994
1,0.3046875,3.0108322716495306
1,0.3056640625,3.0098493932575514
1,0.306640625,3.0088780834018043
1,0.3076171875,3.007892917262636
1,0.30859375,3.00698110181084
1,0.3095703125,3.0059372746421986
1,0.310546875,3.004779118969529
1,0.3115234375,3.003439861764952
1,0.3125,3.0021568649234824
1,0.3134765625,3.0006674982044195
1,0.314453125,2.9992641427885736
1,0.3154296875,2.99762949846572
1,0.31640625,2.9958079367140837
1,0.3173828125,2.993851913930673
1,0.318359375,2.991987235230068
1,0.3193359375,2.990096392821238
1,0.3203125,2.9882399526373784
1,0.3212890625,2.986275448109409
1,0.322265625,2.984420590079483
1,0.3232421875,2.982591949689008
1,0.32421875,2.9808203696445976
1,0.3251953125,2.9789253445184185
1,0.326171875,2.9770705532634643
1,0.3271484375,2.9752440899214068
1,0.328125,2.973505479725615
1,0.3291015625,2.9716156618158887
1,0.330078125,2.9698649131845736
1,0.3310546875,2.9681956243822207
1,0.33203125,2.966624451213542
1,0.3330078125,2.9650001995014588
1,0.333984375,2.963515561421795
1,0.3349609375,2.9621259898956898
1,0.3359375,2.960891767906641
1,0.3369140625,2.9596586408686463
1,0.337890625,2.958655972410874
1,0.3388671875,2.9578039490444
1,0.33984375,2.9570743171879297
1,0.3408203125,2.956309221994622
1,0.341796875,2.955808448143093
1,0.3427734375,2.9555396366021114
1,0.34375,2.955258855595384
1,0.3447265625,2.9544259197957525
1,0.345703125,2.9535712704344186
1,0.3466796875,2.952920970905109
1,0.34765625,2.9525035154681927
1,0.3486328125,2.9520494929709544
1,0.349609375,2.951685394958397
1,0.3505859375,2.9513553242439183
1,0.3515625,2.951070519038773
1,0.3525390625,2.950606754015832
1,0.353515625,2.950201454327938
1,0.3544921875,2.9498816873903837
1,0.35546875,2.949748418539264
1,0.3564453125,2.9496305903258184
1,0.357421875,2.949613679851477
1,0.3583984375,2.949588100544486
1,0.359375,2.9495882412834025
1,0.3603515625,2.949388993822623
1,0.361328125,2.9492242388125662
1,0.3623046875,2.948980291845157
1,0.36328125,2.948705384172431
1,0.3642578125,2.94834042107087
1,0.365234375,2.948129429743988
1,0.3662109375,2.9480285836689726
1,0.3671875,2.9480261432359463
1,0.3681640625,2.9478564471124544
1,0.369140625,2.947598106821931
1,0.3701171875,2.9470632843710067
1,0.37109375,2.946251683257421
1,0.3720703125,2.9452318045478534
1,0.373046875,2.94455201271767
1,0.3740234375,2.9443153806837024
1,0.375,2.9440610459686303
1,0.3759765625,2.9429161380674707
1,0.376953125,2.9417732460446397
1,0.3779296875,2.9410668439564662
1,0.37890625,2.940666086701421
1,0.3798828125,2.940025739016777
1,0.380859375,2.9391306091377394
1,0.3818359375,2.9379807571003265
1,0.3828125,2.9367290524038463
1,0.3837890625,2.935306300053495
1,0.384765625,2.934000264443692
1,0.3857421875,2.932811110951831
1,0.38671875,2.9317905791042635
1,0.3876953125,2.9307619984362367
1,0.388671875,2.929836992875982
1,0.3896484375,2.928926909836937
1,0.390625,2.928005765034208
1,0.3916015625,2.9268348801585766
1,0.392578125,2.925722788124144
1,0.3935546875,2.9246669645701906
1,0.39453125,2.9236868268583085
1,0.3955078125,2.922650213330771
1,0.396484375,2.921756764749433
1,0.3974609375,2.9209649763775865
1,0.3984375,2.920238763161868
1,0.3994140625,2.9193190484998115
1,0.400390625,2.9183539024233878
1,0.4013671875,2.917273176737055
1,0.40234375,2.916108138262801
1,0.4033203125,2.9148215677877
1,0.404296875,2.913797273925879
1,0.4052734375,2.9130717928664818
1,0.40625,2.91238472838718
1,0.4072265625,2.9111909927085486
1,0.408203125,2.910037101569993
1,0.4091796875,2.9091811922029085
1,0.41015625,2.908589135906467
1,0.4111328125,2.9078893970609245
1,0.412109375,2.907148244122671
1,0.4130859375,2.9063583016340853
1,0.4140625,2.905639001518753
1,0.4150390625,2.904838431298204
1,0.416015625,2.904134716488593
1,0.4169921875,2.9034985329547878
1,0.41796875,2.9030344552367247
1,0.4189453125,2.902569744233468
1,0.419921875,2.902178708382829
1,0.4208984375,2.901786825947372
1,0.421875,2.901492525448192
1,0.4228515625,2.901091631199952
1,0.423828125,2.900837495337747
1,0.4248046875,2.900655443589791
1,0.42578125,2.9005898888776334
1,0.4267578125,2.900498293545003
1,0.427734375,2.900521213067755
1,0.4287109375,2.900566805468637
1,0.4296875,2.900693917261353
1,0.4306640625,2.900748668359219
1,0.431640625,2.9009393281842417
1,0.4326171875,2.901152480895328
1,0.43359375,2.9013996214085616
1,0.4345703125,2.9016602336632364
1,0.435546875,2.902356195393236
1,0.4365234375,2.9033614516760737
1,0.4375,2.904057982281201
1,0.4384765625,2.9036165890477665
1,0.439453125,2.902842047595486
1,0.4404296875,2.902310494991368
1,0.44140625,2.902127332465322
1,0.4423828125,2.901911730530322
1,0.443359375,2.9016888553416607
1,0.4443359375,2.9014141886173728
1,0.4453125,2.9011939547393983
1,0.4462890625,2.900882607547508
1,0.447265625,2.900646811770387
1,0.4482421875,2.9003682721336
1,0.44921875,2.9000789582946567
1,0.4501953125,2.899677907008825
1,0.451171875,2.899390922985685
1,0.4521484375,2.899192423879652
1,0.453125,2.899066225799483
1,0.4541015625,2.8987279292472103
1,0.455078125,2.898454790857356
1,0.4560546875,2.898242084061321
1,0.45703125,2.898168533222774
1,0.4580078125,2.898109684298
1,0.458984375,2.898158283273094
1,0.4599609375,2.8981218726882867
1,0.4609375,2.897989920258172
1,0.4619140625,2.897636819633512
1,0.462890625,2.897318228599768
1,0.4638671875,2.896975047513465
1,0.46484375,2.896632455227908
1,0.4658203125,2.896206141680985
1,0.466796875,2.895979294720348
1,0.4677734375,2.895893110320689
1,0.46875,2.895700230519718
1,0.4697265625,2.8948922376886133
1,0.470703125,2.893984608972028
1,0.4716796875,2.89320052418114
1,0.47265625,2.8925746480438077
1,0.4736328125,2.891861952994738
1,0.474609375,2.8912092434907857
1,0.4755859375,2.890617815133388
1,0.4765625,2.890195830153577
1,0.4775390625,2.889783674697129
1,0.478515625,2.889512865779688
1,0.4794921875,2.8892593323944644
1,0.48046875,2.889097031897051
1,0.4814453125,2.888932643613673
1,0.482421875,2.8888795294991585
1,0.4833984375,2.888808734342102
1,0.484375,2.888778874777432
1,0.4853515625,2.8886438732278057
1,0.486328125,2.8887216446013726
1,0.4873046875,2.8889259320661997
1,0.48828125,2.8892504152153786
1,0.4892578125,2.889570662310714
1,0.490234375,2.890105439749996
1,0.4912109375,2.890715314287245
1,0.4921875,2.8913023275832512
1,0.4931640625,2.891733623459997
1,0.494140625,2.8926110769903355
1,0.4951171875,2.8943675682859222
1,0.49609375,2.8972546989709227
1,0.4970703125,2.9006030076903726
1,0.498046875,2.903421317505825
1,0.4990234375,2.9050038943622387
1,0.5,2.9057429911972323
2,0.0009765625,4.50433838871056
2,0.001953125,4.404852725959215
2,0.0029296875,4.160110799215103
2,0.00390625,4.007454850315385
2,0.0048828125,3.883251834838168
2,0.005859375,3.778880423661559
2,0.0068359375,3.690812413178591
2,0.0078125,3.6204596872737858
2,0.0087890625,3.559271495984394
2,0.009765625,3.513041912296155
2,0.0107421875,3.479609839296456
2,0.01171875,3.4561337157737086
2,0.0126953125,3.4385068707580637
2,0.013671875,3.4272814474887787
2,0.0146484375,3.421049906043645
2,0.015625,3.416402400806697
2,0.0166015625,3.4091625254366367
2,0.017578125,3.4030231727892204
2,0.0185546875,3.39851679826176
2,0.01953125,3.3943989133406
2,0.0205078125,3.3896198187046043
2,0.021484375,3.385037623980769
2,0.0224609375,3.380468467978053
2,0.0234375,3.375429295984209
2,0.0244140625,3.3689944015763995
2,0.025390625,3.362505124987506
2,0.0263671875,3.356521724583589
2,0.02734375,3.3512816134788
2,0.0283203125,3.3463571729499413
2,0.029296875,3.34195545960229
2,0.0302734375,3.338041753283636
2,0.03125,3.333660504028039
2,0.0322265625,3.327321809634476
2,0.033203125,3.320759309322823
2,0.0341796875,3.3147318548925067
2,0.03515625,3.309188719271096
2,0.0361328125,3.3040934758471945
2,0.037109375,3.2997958983921127
2,0.0380859375,3.296137643133956
2,0.0390625,3.2927387473664345
2,0.0400390625,3.28896049050086
2,0.041015625,3.28514063323388
2,0.0419921875,3.281436866085731
2,0.04296875,3.277867952333088
2,0.0439453125,3.2742409279362072
2,0.044921875,3.2707565303740287
2,0.0458984375,3.267547942504222
2,0.046875,3.2644291659961486
2,0.0478515625,3.2608422518019062
2,0.048828125,3.257200871637828
2,0.0498046875,3.2536122237186977
2,0.05078125,3.2500188143307542
2,0.0517578125,3.2463413681615827
2,0.052734375,3.242732927124318
2,0.0537109375,3.239165246059066
2,0.0546875,3.235539584122097
2,0.0556640625,3.231639130921286
2,0.056640625,3.2277189815593808
2,0.0576171875,3.223845124222146
2,0.05859375,3.220006492087557
2,0.0595703125,3.2161279072332176
2,0.060546875,3.2124039578709644
2,0.0615234375,3.208931108719943
2,0.0625,3.205182262549873
2,0.0634765625,3.20041934538488
2,0.064453125,3.195552509468506
2,0.0654296875,3.191112681509369
2,0.06640625,3.18697881810364
2,0.0673828125,3.182960764316968
2,0.068359375,3.179102496574312
2,0.0693359375,3.175381182416395
2,0.0703125,3.171721343071942
2,0.0712890625,3.1679222895820494
2,0.072265625,3.164139037037496
2,0.0732421875,3.160458983263098
2,0.07421875,3.1569296082273
2,0.0751953125,3.1535301778602944
2,0.076171875,3.150419865564953
2,0.0771484375,3.147673248717867
2,0.078125,3.145131746931946
2,0.0791015625,3.142507550557571
2,0.080078125,3.1400889011107216
2,0.0810546875,3.1380114478458063
2,0.08203125,3.1361847222615347
2,0.0830078125,3.1344647789703792
2,0.083984375,3.1328786444289243
2,0.0849609375,3.131384329449762
2,0.0859375,3.129883814034447
2,0.0869140625,3.128221737829611
2,0.087890625,3.126508538775852
2,0.0888671875,3.1248003179751045
2,0.08984375,3.12313824124848
2,0.0908203125,3.121482165889231
2,0.091796875,3.119877586070341
2,0.0927734375,3.118403430254836
2,0.09375,3.117013690501434
2,0.0947265625,3.1154796119789645
2,0.095703125,3.114068514138577
2,0.0966796875,3.1128478422147445
2,0.09765625,3.111742676119038
2,0.0986328125,3.110709816802947
2,0.099609375,3.1097885958420988
2,0.1005859375,3.1089379214389523
2,0.1015625,3.1081008578367166
2,0.1025390625,3.1071752702211364
2,0.103515625,3.1062577087454164
2,0.1044921875,3.105394440408215
2,0.10546875,3.1046179741311057
2,0.1064453125,3.103947614670155
2,0.107421875,3.1035065331876948
2,0.1083984375,3.103320029323099
2,0.109375,3.103229514731667
2,0.1103515625,3.103027875079757
2,0.111328125,3.102929287587034
2,0.1123046875,3.103058353608907
2,0.11328125,3.1033739605965502
2,0.1142578125,3.103779419376807
2,0.115234375,3.10426779622026
2,0.1162109375,3.104778993205622
2,0.1171875,3.1052189081913952
2,0.1181640625,3.1054492506957856
2,0.119140625,3.105513373876313
2,0.1201171875,3.105399490844917
2,0.12109375,3.1050451155104426
2,0.1220703125,3.104339524338487
2,0.123046875,3.103367302667961
2,0.1240234375,3.102420817475867
2,0.125,3.101598565245429
2,0.1259765625,3.1006772000090788
2,0.126953125,3.099925579375227
2,0.1279296875,3.0992726394093992
2,0.12890625,3.09846516308658
2,0.1298828125,3.0974249645144734
2,0.130859375,3.096256782876947
2,0.1318359375,3.0950442546005865
2,0.1328125,3.093872676334631
2,0.1337890625,3.09274955290786
2,0.134765625,3.091791394439782
2,0.1357421875,3.0910286329507453
2,0.13671875,3.0904693056347288
2,0.1376953125,3.090107191666712
2,0.138671875,3.0900244553745098
2,0.1396484375,3.09023492954958
2,0.140625,3.090623449207838
2,0.1416015625,3.0909996247409044
2,0.142578125,3.091495149714943
2,0.1435546875,3.092189700266964
2,0.14453125,3.093051345859261
2,0.1455078125,3.0940008973919406
2,0.146484375,3.095037680522956
2,0.1474609375,3.0961185034661005
2,0.1484375,3.097186488083348
2,0.1494140625,3.0981535929207333
2,0.150390625,3.0991039365370354
2,0.1513671875,3.100085929863289
2,0.15234375,3.1010995890766004
2,0.1533203125,3.1020360791099195
2,0.154296875,3.1028150479995293
2,0.1552734375,3.103451282100672
2,0.15625,3.1040268476927824
2,0.1572265625,3.1044792505781995
2,0.158203125,3.1048888227664984
2,0.1591796875,3.10519338835349
2,0.16015625,3.10539910293082
2,0.1611328125,3.1056274981105103
2,0.162109375,3.106020493573416
2,0.1630859375,3.1065774106746677
2,0.1640625,3.107241191978805
2,0.1650390625,3.1079017435907867
2,0.166015625,3.1085849508647088
2,0.1669921875,3.109306870730809
2,0.16796875,3.110084007682346
2,0.1689453125,3.1109016477933764
2,0.169921875,3.111801638761392
2,0.1708984375,3.1128009770792207
2,0.171875,3.1138614008170262
2,0.1728515625,3.114888892188308
2,0.173828125,3.116014558381876
2,0.1748046875,3.117293762939763
2,0.17578125,3.118693158695389
2,0.1767578125,3.120146581981088
2,0.177734375,3.1216702293715453
2,0.1787109375,3.123256545933006
2,0.1796875,3.1248816839846407
2,0.1806640625,3.126462527444668
2,0.181640625,3.1280144358806408
2,0.1826171875,3.1295096212244777
2,0.18359375,3.130922676406092
2,0.1845703125,3.13219320125206
2,0.185546875,3.133325460942167
2,0.1865234375,3.134416873703684
2,0.1875,3.1355597022248807
2,0.1884765625,3.1366483513429184
2,0.189453125,3.137776035051118
2,0.1904296875,3.138882790822779
2,0.19140625,3.139911019077178
2,0.1923828125,3.14087330896065
2,0.193359375,3.141795504003999
2,0.1943359375,3.1426482957251443
2,0.1953125,3.143425718913677
2,0.1962890625,3.1440877675094936
2,0.197265625,3.1446960572964624
2,0.1982421875,3.1452793749940646
2,0.19921875,3.1458554622418475
2,0.2001953125,3.146416520259167
2,0.201171875,3.1470114801297955
2,0.2021484375,3.1476598426762403
2,0.203125,3.148304773578105
2,0.2041015625,3.14882558114175
2,0.205078125,3.1493294668758125
2,0.2060546875,3.149898969949047
2,0.20703125,3.1505552078851164
2,0.2080078125,3.1512732815339355
2,0.208984375,3.1520510988738684
2,0.2099609375,3.1528566869126813
2,0.2109375,3.1536756936891543
2,0.2119140625,3.154439572204081
2,0.212890625,3.1551357517310405
2,0.2138671875,3.15571864178208
2,0.21484375,3.15617521665312
2,0.2158203125,3.15648759682841
2,0.216796875,3.15668118784852
2,0.2177734375,3.1567778293226563
2,0.21875,3.1567292485952145
2,0.2197265625,3.1564101540982774
2,0.220703125,3.155979341765829
2,0.2216796875,3.155522817138704
2,0.22265625,3.155011160995917
2,0.2236328125,3.1544120248550773
2,0.224609375,3.1537608684561933
2,0.2255859375,3.153079958181524
2,0.2265625,3.1523914179536323
2,0.2275390625,3.151666126202367
2,0.228515625,3.150954600831409
2,0.2294921875,3.1502829248634203
2,0.23046875,3.149662963180211
2,0.2314453125,3.149083674516016
2,0.232421875,3.148580710746798
2,0.2333984375,3.148180850333055
2,0.234375,3.1478478159267893
2,0.2353515625,3.147486711124553
2,0.236328125,3.1471737527479617
2,0.2373046875,3.146940792185388
2,0.23828125,3.1467753158162104
2,0.2392578125,3.1466739010311304
2,0.240234375,3.14667566011059
2,0.2412109375,3.146756883404239
2,0.2421875,3.146815743443625
2,0.2431640625,3.146629971005602
2,0.244140625,3.1460264805444
2,0.2451171875,3.1448604415363475
2,0.24609375,3.1431923182428902
2,0.2470703125,3.141472258917521
2,0.248046875,3.140418763039213
2,0.2490234375,3.140166931828315
2,0.25,3.1397300213528725
2,0.2509765625,3.138216087087824
2,0.251953125,3.1365011003149847
2,0.2529296875,3.135616737592911
2,0.25390625,3.135474680988863
2,0.2548828125,3.1353301807990035
2,0.255859375,3.134687104366152
2,0.2568359375,3.133468789422615
2,0.2578125,3.131827360404457
2,0.2587890625,3.129918689573689
2,0.259765625,3.127955592411493
2,0.2607421875,3.1260699862296537
2,0.26171875,3.1243044302690977
2,0.2626953125,3.12262739694848
2,0.263671875,3.1210236621317518
2,0.2646484375,3.1194968960530445
2,0.265625,3.1180414169530524
2,0.2666015625,3.1166022159449
2,0.267578125,3.1152478238282346
2,0.2685546875,3.114014484672643
2,0.26953125,3.112908624289617
2,0.2705078125,3.111931239918494
2,0.271484375,3.11108819346035
2,0.2724609375,3.1103622888911486
2,0.2734375,3.10974258876335
2,0.2744140625,3.1091851102955115
2,0.275390625,3.108699122426323
2,0.2763671875,3.1082750936064625
2,0.27734375,3.107910709607171
2,0.2783203125,3.1076097821855577
2,0.279296875,3.1074100081081037
2,0.2802734375,3.107327862004011
2,0.28125,3.107257024390337
2,0.2822265625,3.1070417551134937
2,0.283203125,3.106825427076514
2,0.2841796875,3.106731707429986
2,0.28515625,3.106765328412207
2,0.2861328125,3.10689193004297
2,0.287109375,3.107124465289766
2,0.2880859375,3.107484060317141
2,0.2890625,3.1079864930100243
2,0.2900390625,3.1085954093238213
2,0.291015625,3.109334853578853
2,0.2919921875,3.1102203508069355
2,0.29296875,3.1112555647937934
2,0.2939453125,3.112411147917688
2,0.294921875,3.113678594928657
2,0.2958984375,3.115063250730973
2,0.296875,3.1165425931778405
2,0.2978515625,3.118059132017696
2,0.298828125,3.119687980950087
2,0.2998046875,3.121462078869968
2,0.30078125,3.123340757496973
2,0.3017578125,3.125272100988239
2,0.302734375,3.127239846867517
2,0.3037109375,3.129259174210976
2,0.3046875,3.131361290015978
2,0.3056640625,3.1334942485120494
2,0.306640625,3.1356016002620675
2,0.3076171875,3.1376233295841027
2,0.30859375,3.13955479430572
2,0.3095703125,3.1414716572370933
2,0.310546875,3.143521271029053
2,0.3115234375,3.1457510969889504
2,0.3125,3.1479084343057187
2,0.3134765625,3.14970989839035
2,0.314453125,3.151441212652337
2,0.3154296875,3.153421633905326
2,0.31640625,3.155677273602601
2,0.3173828125,3.1580712134383773
2,0.318359375,3.160510603370619
2,0.3193359375,3.1629644836924227
2,0.3203125,3.1654466195673487
2,0.3212890625,3.167920513307184
2,0.322265625,3.1703869275135927
2,0.3232421875,3.1728396863760557
2,0.32421875,3.175265392810425
2,0.3251953125,3.1776503324647773
2,0.326171875,3.180020987778563
2,0.3271484375,3.182412269938921
2,0.328125,3.1848019002819035
2,0.3291015625,3.18710883065738
2,0.330078125,3.189403858298225
2,0.3310546875,3.191750071729336
2,0.33203125,3.1941355696779725
2,0.3330078125,3.196502605405484
2,0.333984375,3.198813348588486
2,0.3349609375,3.201059461575098
2,0.3359375,3.2032668296910844
2,0.3369140625,3.2054062944006296
2,0.337890625,3.20746496858036
2,0.3388671875,3.209439076569135
2,0.33984375,3.2113699341537925
2,0.3408203125,3.2133082270721784
2,0.341796875,3.2152923499878896
2,0.3427734375,3.2172740167304794
2,0.34375,3.219034756637541
2,0.3447265625,3.2203552837143965
2,0.345703125,3.2214434207514118
2,0.3466796875,3.2225541324678613
2,0.34765625,3.223744284288699
2,0.3486328125,3.224958633076728
2,0.349609375,3.226152369501903
2,0.3505859375,3.227304999774173
2,0.3515625,3.2284482419471305
2,0.3525390625,3.2295766120215554
2,0.353515625,3.2307045106708845
2,0.3544921875,3.2318400102838933
2,0.35546875,3.2329955610598486
2,0.3564453125,3.234157202915156
2,0.357421875,3.23531005979413
2,0.3583984375,3.236483167180022
2,0.359375,3.23772154725596
2,0.3603515625,3.239009795835276
2,0.361328125,3.240372519532159
2,0.3623046875,3.24177069692123
2,0.36328125,3.2431285765416478
2,0.3642578125,3.2443986189703207
2,0.365234375,3.2455608665278906
2,0.3662109375,3.246607945828224
2,0.3671875,3.2475597926214728
2,0.3681640625,3.2483899641303133
2,0.369140625,3.249078114713289
2,0.3701171875,3.2495951066513733
2,0.37109375,3.249915109699625
2,0.3720703125,3.250076911312154
2,0.373046875,3.250180780760023
2,0.3740234375,3.2501766718492626
2,0.375,3.249584130903275
2,0.3759765625,3.247974325518982
2,0.376953125,3.2458404955157865
2,0.3779296875,3.2437295544353124
2,0.37890625,3.241738441925213
2,0.3798828125,3.239735648346108
2,0.380859375,3.237663782519661
2,0.3818359375,3.2355325133649746
2,0.3828125,3.2333881790900048
2,0.3837890625,3.231214447449229
2,0.384765625,3.2290670753665616
2,0.3857421875,3.2270048762010006
2,0.38671875,3.2250793482187934
2,0.3876953125,3.223303317140655
2,0.388671875,3.221699916962262
2,0.3896484375,3.220297229359141
2,0.390625,3.219089032360285
2,0.3916015625,3.2179997544497367
2,0.392578125,3.217092475439798
2,0.3935546875,3.2163966838789904
2,0.39453125,3.2158788070149296
2,0.3955078125,3.215477722025744
2,0.396484375,3.215168842432394
2,0.3974609375,3.214923609037567
2,0.3984375,3.2147203315558723
2,0.3994140625,3.2145035781273896
2,0.400390625,3.2142997419365678
2,0.4013671875,3.2141311390784724
2,0.40234375,3.2140227336126435
2,0.4033203125,3.2139830508975384
2,0.404296875,3.214028133892616
2,0.4052734375,3.214129164161038
2,0.40625,3.2141354650097336
2,0.4072265625,3.2138775651454976
2,0.408203125,3.2135573957000285
2,0.4091796875,3.213353761860693
2,0.41015625,3.2132720640371044
2,0.4111328125,3.213258174310657
2,0.412109375,3.2132939062267045
2,0.4130859375,3.213343085112016
2,0.4140625,3.213387501126625
2,0.4150390625,3.213396622567528
2,0.416015625,3.213427242747268
2,0.4169921875,3.213527161245951
2,0.41796875,3.213726598121226
2,0.4189453125,3.214019391360047
2,0.419921875,3.2144014333858406
2,0.4208984375,3.214833220167629
2,0.421875,3.2152094729405465
2,0.4228515625,3.2154003179311217
2,0.423828125,3.215494580875719
2,0.4248046875,3.2155642056024814
2,0.42578125,3.2156086210827173
2,0.4267578125,3.2155951924605146
2,0.427734375,3.215524317677676
2,0.4287109375,3.2154040990813124
2,0.4296875,3.215276083973842
2,0.4306640625,3.2151479946163883
2,0.431640625,3.2150817697220644
2,0.4326171875,3.2150822264374583
2,0.43359375,3.2151060252128016
2,0.4345703125,3.215081589328709
2,0.435546875,3.215007056763734
2,0.4365234375,3.2148920688371683
2,0.4375,3.2145911028275718
2,0.4384765625,3.213875305356915
2,0.439453125,3.2129732806842584
2,0.4404296875,3.2120424666872047
2,0.44140625,3.211091441085418
2,0.4423828125,3.21012880953612
2,0.443359375,3.209264618596816
2,0.4443359375,3.208573157861191
2,0.4453125,3.2080936349982854
2,0.4462890625,3.2077486430551176
2,0.447265625,3.2075468152135684
2,0.4482421875,3.207490697041167
2,0.44921875,3.2075914332494886
2,0.4501953125,3.2078374415618707
2,0.451171875,3.208263614682975
2,0.4521484375,3.208852159313636
2,0.453125,3.20953281397677
2,0.4541015625,3.2101714210788463
2,0.455078125,3.2108458350928326
2,0.4560546875,3.2115893702856995
2,0.45703125,3.2123902536499918
2,0.4580078125,3.213205468113937
2,0.458984375,3.2140508681690303
2,0.4599609375,3.2149186254288957
2,0.4609375,3.2158213482040248
2,0.4619140625,3.21671484798519
2,0.462890625,3.217653460964289
2,0.4638671875,3.218679333438795
2,0.46484375,3.2198342951819767
2,0.4658203125,3.221088048898515
2,0.466796875,3.222386089066668
2,0.4677734375,3.223632595394554
2,0.46875,3.224697107213785
2,0.4697265625,3.225420732787129
2,0.470703125,3.2259805556698047
2,0.4716796875,3.2265474712093813
2,0.47265625,3.2272170209579083
2,0.4736328125,3.22803427799287
2,0.474609375,3.229063424622354
2,0.4755859375,3.230296056685324
2,0.4765625,3.231703304065356
2,0.4775390625,3.233198266087938
2,0.478515625,3.2348250106972416
2,0.4794921875,3.2366379907652587
2,0.48046875,3.2386625274431524
2,0.4814453125,3.240863046245145
2,0.482421875,3.2432353780886265
2,0.4833984375,3.2457367634878365
2,0.484375,3.248267959776442
2,0.4853515625,3.2507014746775567
2,0.486328125,3.2531500857422078
2,0.4873046875,3.255719415465164
2,0.48828125,3.258421389705213
2,0.4892578125,3.2611887799212047
2,0.490234375,3.263989966118667
2,0.4912109375,3.266799966880326
2,0.4921875,3.2696409094473977
2,0.4931640625,3.272492262783772
2,0.494140625,3.275408309419645
2,0.4951171875,3.278431640548822
2,0.49609375,3.281522491823324
2,0.4970703125,3.2843646906444666
2,0.498046875,3.28650716883656
2,0.4990234375,3.288015348796346
2,0.5,3.28954849247946
3,0.0009765625,4.8048835903583695
3,0.001953125,4.678760081398852
3,0.0029296875,4.287530333955499
3,0.00390625,4.078093207344506
3,0.0048828125,3.9220390975869024
3,0.005859375,3.816882923327445
3,0.0068359375,3.7448591974507086
3,0.0078125,3.695111107010238
3,0.0087890625,3.641780112036469
3,0.009765625,3.603237346594932
3,0.0107421875,3.5769663829297174
3,0.01171875,3.557916112964849
3,0.0126953125,3.53716358655917
3,0.013671875,3.522401203881233
3,0.0146484375,3.5125446849839346
3,0.015625,3.501725695467877
3,0.0166015625,3.481087577850848
3,0.017578125,3.4619556544865637
3,0.0185546875,3.4476568270315777
3,0.01953125,3.4366700260826497
3,0.0205078125,3.424654653653322
3,0.021484375,3.4137838333637816
3,0.0224609375,3.403664569736001
3,0.0234375,3.393455725945912
3,0.0244140625,3.380190495959367
3,0.025390625,3.367568421293297
3,0.0263671875,3.356221871341014
3,0.02734375,3.346031810503247
3,0.0283203125,3.335698855979598
3,0.029296875,3.3275641519519468
3,0.0302734375,3.321607850613286
3,0.03125,3.3153262529714915
3,0.0322265625,3.3043521826070394
3,0.033203125,3.2931552051151303
3,0.0341796875,3.2837704222775024
3,0.03515625,3.276002338500988
3,0.0361328125,3.2681026874078003
3,0.037109375,3.261004525094825
3,0.0380859375,3.254733280764019
3,0.0390625,3.249014377470089
3,0.0400390625,3.2422557186885683
3,0.041015625,3.23616565541368
3,0.0419921875,3.2309180010096443
3,0.04296875,3.2262548886814777
3,0.0439453125,3.221062522386231
3,0.044921875,3.2163762126045707
3,0.0458984375,3.212463280315073
3,0.046875,3.2089394845336456
3,0.0478515625,3.20410640978224
3,0.048828125,3.199724369104563
3,0.0498046875,3.1961184630366684
3,0.05078125,3.1930588142395906
3,0.0517578125,3.1897173864254724
3,0.052734375,3.1869134232485763
3,0.0537109375,3.1846801951978088
3,0.0546875,3.1827866376878142
3,0.0556640625,3.1801161248891208
3,0.056640625,3.177649603322259
3,0.0576171875,3.1754077522437747
3,0.05859375,3.173276739028265
3,0.0595703125,3.170843268136131
3,0.060546875,3.169110222661103
3,0.0615234375,3.1681324687385755
3,0.0625,3.1664483025395507
3,0.0634765625,3.161629021716532
3,0.064453125,3.1562549683154875
3,0.0654296875,3.1516407410594782
3,0.06640625,3.147692843745277
3,0.0673828125,3.143618884898517
3,0.068359375,3.139827634242571
3,0.0693359375,3.1364031520473907
3,0.0703125,3.133359172425189
3,0.0712890625,3.1300233591692184
3,0.072265625,3.1271241811650605
3,0.0732421875,3.1246917408718
3,0.07421875,3.1226296550853574
3,0.0751953125,3.120427447853764
3,0.076171875,3.1186403577872617
3,0.0771484375,3.117315995797384
3,0.078125,3.1160222883003383
3,0.0791015625,3.113742781549543
3,0.080078125,3.111457340444907
3,0.0810546875,3.109464291083292
3,0.08203125,3.1076447300160703
3,0.0830078125,3.1055188173163275
3,0.083984375,3.1035880036246013
3,0.0849609375,3.1019567500353165
3,0.0859375,3.100570096009324
3,0.0869140625,3.0988806811886365
3,0.087890625,3.097524589095628
3,0.0888671875,3.0965580304860687
3,0.08984375,3.0959146105452
3,0.0908203125,3.0953152635942383
3,0.091796875,3.0952924737835787
3,0.0927734375,3.095759105402585
3,0.09375,3.095900904166427
3,0.0947265625,3.0944900286567494
3,0.095703125,3.0927963553906364
3,0.0966796875,3.0915212580369533
3,0.09765625,3.0906336853671177
3,0.0986328125,3.0896018359755724
3,0.099609375,3.0886773768487994
3,0.1005859375,3.087891443670065
3,0.1015625,3.0871803399982927
3,0.1025390625,3.0860599873216814
3,0.103515625,3.0849988476328174
3,0.1044921875,3.084021522981929
3,0.10546875,3.0830593044851424
3,0.1064453125,3.0818222929085697
3,0.107421875,3.080714528248924
3,0.1083984375,3.079788158071778
3,0.109375,3.078780910261508
3,0.1103515625,3.077030539226617
3,0.111328125,3.075213654163211
3,0.1123046875,3.073557056904044
3,0.11328125,3.072007002461392
3,0.1142578125,3.070248528054987
3,0.115234375,3.0685976449948567
3,0.1162109375,3.067101359029146
3,0.1171875,3.065741550113714
3,0.1181640625,3.064181996231479
3,0.119140625,3.0628330758750817
3,0.1201171875,3.061668700574295
3,0.12109375,3.0606390969501804
3,0.1220703125,3.0596848251728948
3,0.123046875,3.0593328795181374
3,0.1240234375,3.059509978335861
3,0.125,3.059045367581113
3,0.1259765625,3.056391301498711
3,0.126953125,3.0531723347859794
3,0.1279296875,3.050548090442259
3,0.12890625,3.048585680873661
3,0.1298828125,3.046802616621598
3,0.130859375,3.0452402226929
3,0.1318359375,3.043881657316452
3,0.1328125,3.042708280520195
3,0.1337890625,3.0413963311869536
3,0.134765625,3.040284442551608
3,0.1357421875,3.039392141697599
3,0.13671875,3.0386664585518286
3,0.1376953125,3.0379019716503173
3,0.138671875,3.0374048508255957
3,0.1396484375,3.0372331313088186
3,0.140625,3.0371785071648083
3,0.1416015625,3.0367156646145568
3,0.142578125,3.0363086337383813
3,0.1435546875,3.036098530129298
3,0.14453125,3.035987533485177
3,0.1455078125,3.035698093870024
3,0.146484375,3.0354623257883606
3,0.1474609375,3.035325160756459
3,0.1484375,3.0352294999635423
3,0.1494140625,3.034878155910607
3,0.150390625,3.0346061390770083
3,0.1513671875,3.0344484069403523
3,0.15234375,3.034351518685036
3,0.1533203125,3.0342448022163007
3,0.154296875,3.0345739396049973
3,0.1552734375,3.035293631562503
3,0.15625,3.0356271479079253
3,0.1572265625,3.0346823111176557
3,0.158203125,3.0334081296966424
3,0.1591796875,3.032575321586348
3,0.16015625,3.032216934251871
3,0.1611328125,3.0318966848501714
3,0.162109375,3.031664158033956
3,0.1630859375,3.031533339169201
3,0.1640625,3.031447031554952
3,0.1650390625,3.0311065557952803
3,0.166015625,3.0307819265328915
3,0.1669921875,3.030503391195947
3,0.16796875,3.0302121742386467
3,0.1689453125,3.029719680148387
3,0.169921875,3.029237833202998
3,0.1708984375,3.028823462548522
3,0.171875,3.028393723450672
3,0.1728515625,3.027599043191022
3,0.173828125,3.0268097957204203
3,0.1748046875,3.0260995522857765
3,0.17578125,3.0253948641815795
3,0.1767578125,3.0245281736998346
3,0.177734375,3.0237118673939944
3,0.1787109375,3.022973691909479
3,0.1796875,3.022246426550262
3,0.1806640625,3.0213023618773622
3,0.181640625,3.020488638884592
3,0.1826171875,3.0199417308831378
3,0.18359375,3.019666936799318
3,0.1845703125,3.019517215335789
3,0.185546875,3.019631531028234
3,0.1865234375,3.01992786972229
3,0.1875,3.0199130740609337
3,0.1884765625,3.018841745591541
3,0.189453125,3.017508404897024
3,0.1904296875,3.016353860181902
3,0.19140625,3.015416023802433
3,0.1923828125,3.0145810884283697
3,0.193359375,3.014048547099073
3,0.1943359375,3.01381554852917
3,0.1953125,3.01373646982258
3,0.1962890625,3.0134557899661742
3,0.197265625,3.013188205208132
3,0.1982421875,3.0129919798337648
3,0.19921875,3.012842563715331
3,0.2001953125,3.0125822515887983
3,0.201171875,3.012417464564737
3,0.2021484375,3.012389122227331
3,0.203125,3.0123358129284616
3,0.2041015625,3.011865178652308
3,0.205078125,3.0113397356455494
3,0.2060546875,3.010879375751877
3,0.20703125,3.010422503639953
3,0.2080078125,3.009810101786412
3,0.208984375,3.009257031904329
3,0.2099609375,3.008797370266021
3,0.2109375,3.008336253387251
3,0.2119140625,3.007612901452738
3,0.212890625,3.0069198780651165
3,0.2138671875,3.006347865150133
3,0.21484375,3.0058743412747844
3,0.2158203125,3.005407025446862
3,0.216796875,3.0052191819298564
3,0.2177734375,3.0052657972277728
3,0.21875,3.005038370461675
3,0.2197265625,3.0038782734908267
3,0.220703125,3.0024206328232923
3,0.2216796875,3.001147358089781
3,0.22265625,3.0001166016648884
3,0.2236328125,2.9991110472605693
3,0.224609375,2.998229027698778
3,0.2255859375,2.997460123690161
3,0.2265625,2.996716630635869
3,0.2275390625,2.995746539347984
3,0.228515625,2.9947693609688373
3,0.2294921875,2.99382304829026
3,0.23046875,2.9929066946675147
3,0.2314453125,2.99194648609526
3,0.232421875,2.9911745876192857
3,0.2333984375,2.9906363890712244
3,0.234375,2.9902147451274086
3,0.2353515625,2.989612003019257
3,0.236328125,2.9891797504313007
3,0.2373046875,2.9890297055743105
3,0.23828125,2.989147856231856
3,0.2392578125,2.989428072251875
3,0.240234375,2.990056706490876
3,0.2412109375,2.991027911162856
3,0.2421875,2.99225169444812
3,0.2431640625,2.9934968525433656
3,0.244140625,2.994996587434915
3,0.2451171875,2.9967339345711244
3,0.24609375,2.998685932603797
3,0.2470703125,3.000982391898002
3,0.248046875,3.004112464202556
3,0.2490234375,3.0076470638826867
3,0.25,3.009644044844359
3,0.2509765625,3.008276908354501
3,0.251953125,3.0053482237059783
3,0.2529296875,3.00270417412284
3,0.25390625,3.0006837108981443
3,0.2548828125,2.9988015346891896
3,0.255859375,2.996970938645257
3,0.2568359375,2.9952365586471363
3,0.2578125,2.9936538440399034
3,0.2587890625,2.992033635737891
3,0.259765625,2.9905805674897303
3,0.2607421875,2.9892798321191765
3,0.26171875,2.9880731355912986
3,0.2626953125,2.9868131876977158
3,0.263671875,2.985674783164831
3,0.2646484375,2.9846698996889627
3,0.265625,2.9836884310329483
3,0.2666015625,2.9824187610438715
3,0.267578125,2.9811552224425717
3,0.2685546875,2.9799303845446024
3,0.26953125,2.9786945127060167
3,0.2705078125,2.9773407175506805
3,0.271484375,2.9760769492981094
3,0.2724609375,2.9749225811180424
3,0.2734375,2.973830022972177
3,0.2744140625,2.9726092466703453
3,0.275390625,2.9715533362007407
3,0.2763671875,2.970721895584062
3,0.27734375,2.970088772248878
3,0.2783203125,2.9695081951953552
3,0.279296875,2.969151156123627
3,0.2802734375,2.9690667208500416
3,0.28125,2.9691430361612032
3,0.2822265625,2.969003749253227
3,0.283203125,2.969034635848697
3,0.2841796875,2.969281939035331
3,0.28515625,2.9696410376479228
3,0.2861328125,2.969945232363587
3,0.287109375,2.970362525819742
3,0.2880859375,2.9709062471499936
3,0.2890625,2.971543930263423
3,0.2900390625,2.9720822844770205
3,0.291015625,2.9727732553131725
3,0.2919921875,2.973614221744721
3,0.29296875,2.9745272585372025
3,0.2939453125,2.9753316650899584
3,0.294921875,2.9762059969261405
3,0.2958984375,2.977179842377136
3,0.296875,2.9781564406018237
3,0.2978515625,2.978850749834253
3,0.298828125,2.979601966292719
3,0.2998046875,2.9804474403888497
3,0.30078125,2.981311745890762
3,0.3017578125,2.98206736176341
3,0.302734375,2.9829432982854764
3,0.3037109375,2.983957032687452
3,0.3046875,2.98502069463094
3,0.3056640625,2.985876674178932
3,0.306640625,2.986723174898012
3,0.3076171875,2.987519853478914
3,0.30859375,2.9881886241067104
3,0.3095703125,2.988629218041604
3,0.310546875,2.9890920169393724
3,0.3115234375,2.989672516336028
3,0.3125,2.9901802620818505
3,0.3134765625,2.9901166963509858
3,0.314453125,2.9900469405829355
3,0.3154296875,2.9900797629601
3,0.31640625,2.99005807597595
3,0.3173828125,2.9898122506006954
3,0.318359375,2.989534338852992
3,0.3193359375,2.989283738490879
3,0.3203125,2.9890971844336662
3,0.3212890625,2.988853549538923
3,0.322265625,2.9888015872155784
3,0.3232421875,2.9888594649979017
3,0.32421875,2.9888604200299667
3,0.3251953125,2.9886427061889864
3,0.326171875,2.988491409690593
3,0.3271484375,2.9884655644858062
3,0.328125,2.988374685485073
3,0.3291015625,2.9879027108637874
3,0.330078125,2.9874958935471554
3,0.3310546875,2.98729639980358
3,0.33203125,2.987188878808384
3,0.3330078125,2.9869572606422947
3,0.333984375,2.98679349844421
3,0.3349609375,2.986726339158147
3,0.3359375,2.986691008691615
3,0.3369140625,2.986482129716619
3,0.337890625,2.9863803117985777
3,0.3388671875,2.9863882339833228
3,0.33984375,2.986370270361309
3,0.3408203125,2.9861849080686027
3,0.341796875,2.98616005726348
3,0.3427734375,2.986359320815897
3,0.34375,2.9863872161346103
3,0.3447265625,2.9856627819767083
3,0.345703125,2.9847578467487708
3,0.3466796875,2.9840527691686067
3,0.34765625,2.9835393821574643
3,0.3486328125,2.982987562625776
3,0.349609375,2.982535795274871
3,0.3505859375,2.982188944162694
3,0.3515625,2.9818634445410086
3,0.3525390625,2.9813255189444283
3,0.353515625,2.98080917946459
3,0.3544921875,2.980318724471795
3,0.35546875,2.979779564654244
3,0.3564453125,2.979061533948524
3,0.357421875,2.9784222527813835
3,0.3583984375,2.9779314362602376
3,0.359375,2.9774642384717502
3,0.3603515625,2.976731658387211
3,0.361328125,2.976115608104088
3,0.3623046875,2.9756983295066264
3,0.36328125,2.97534165059407
3,0.3642578125,2.9747867562953023
3,0.365234375,2.974186657640004
3,0.3662109375,2.9735719774096627
3,0.3671875,2.972945658597184
3,0.3681640625,2.9721829896275573
3,0.369140625,2.9716135070776866
3,0.3701171875,2.971269836007094
3,0.37109375,2.971128587568157
3,0.3720703125,2.9711947411351387
3,0.373046875,2.9718047078574323
3,0.3740234375,2.9726217411432736
3,0.375,2.972424230271943
3,0.3759765625,2.9700793942992982
3,0.376953125,2.966815723196496
3,0.3779296875,2.9638262143041376
3,0.37890625,2.9614021433969566
3,0.3798828125,2.9592559782048635
3,0.380859375,2.957388868081933
3,0.3818359375,2.955730101850905
3,0.3828125,2.9541906331458354
3,0.3837890625,2.952507639412307
3,0.384765625,2.950869459085861
3,0.3857421875,2.9492717857529582
3,0.38671875,2.947696041602958
3,0.3876953125,2.9460341375476014
3,0.388671875,2.9445212116484867
3,0.3896484375,2.9432106404728664
3,0.390625,2.942008600416274
3,0.3916015625,2.940621274643176
3,0.392578125,2.9393846046191663
3,0.3935546875,2.9383805219671477
3,0.39453125,2.9375721661717566
3,0.3955078125,2.93683367233593
3,0.396484375,2.9363537007474747
3,0.3974609375,2.936101886464382
3,0.3984375,2.9359780494320544
3,0.3994140625,2.935773300832929
3,0.400390625,2.935746200526821
3,0.4013671875,2.9359143640088607
3,0.40234375,2.936207398703983
3,0.4033203125,2.936432997140267
3,0.404296875,2.936719009094244
3,0.4052734375,2.9370952960767847
3,0.40625,2.9374965679934237
3,0.4072265625,2.937629294184503
3,0.408203125,2.937838527032721
3,0.4091796875,2.938141433500896
3,0.41015625,2.938423863488887
3,0.4111328125,2.9385180522024643
3,0.412109375,2.9385992242198724
3,0.4130859375,2.9387177746699704
3,0.4140625,2.9388488260617684
3,0.4150390625,2.9387814149128038
3,0.416015625,2.938729280340529
3,0.4169921875,2.938724097141458
3,0.41796875,2.938751501803799
3,0.4189453125,2.938684741761839
3,0.419921875,2.93871123735163
3,0.4208984375,2.938879111065073
3,0.421875,2.9391208341836434
3,0.4228515625,2.939169906996524
3,0.423828125,2.939297207470523
3,0.4248046875,2.939517200652606
3,0.42578125,2.939731610864857
3,0.4267578125,2.939766764017773
3,0.427734375,2.9397968487881
3,0.4287109375,2.9398626538024364
3,0.4296875,2.9399739217122667
3,0.4306640625,2.939994753873992
3,0.431640625,2.940166338422616
3,0.4326171875,2.9404566481812866
3,0.43359375,2.9407607789792247
3,0.4345703125,2.9410089686966345
3,0.435546875,2.9415327304663865
3,0.4365234375,2.94224802089104
3,0.4375,2.9424143905265394
3,0.4384765625,2.941227823458853
3,0.439453125,2.939503952078316
3,0.4404296875,2.937913586741904
3,0.44140625,2.93651673348162
3,0.4423828125,2.935053478753788
3,0.443359375,2.933644019273186
3,0.4443359375,2.9323704773166352
3,0.4453125,2.9312636164430157
3,0.4462890625,2.9301473759498213
3,0.447265625,2.929195599286696
3,0.4482421875,2.928381439078504
3,0.44921875,2.927635988146162
3,0.4501953125,2.9268237925589875
3,0.451171875,2.926145078506234
3,0.4521484375,2.9256528952065484
3,0.453125,2.9252236327933385
3,0.4541015625,2.92455291869878
3,0.455078125,2.92394194229246
3,0.4560546875,2.9235048014417937
3,0.45703125,2.923202940054077
3,0.4580078125,2.9228693232906355
3,0.458984375,2.922622939022857
3,0.4599609375,2.9224840095200944
3,0.4609375,2.9224143357637336
3,0.4619140625,2.922262853348712
3,0.462890625,2.922294460912428
3,0.4638671875,2.92257572023177
3,0.46484375,2.923039484491074
3,0.4658203125,2.923534589087009
3,0.466796875,2.9242033175043334
3,0.4677734375,2.9250933084462822
3,0.46875,2.926089842002342
3,0.4697265625,2.9268859314488145
3,0.470703125,2.927806276235229
3,0.4716796875,2.928893457497421
3,0.47265625,2.930046348754815
3,0.4736328125,2.9311562588325857
3,0.474609375,2.93235253801492
3,0.4755859375,2.933627752769553
3,0.4765625,2.934900237321058
3,0.4775390625,2.935991310054812
3,0.478515625,2.937090054459832
3,0.4794921875,2.938191489280295
3,0.48046875,2.939182174481527
3,0.4814453125,2.939916464704826
3,0.482421875,2.94059947504001
3,0.4833984375,2.941361110630266
3,0.484375,2.942146693039227
3,0.4853515625,2.9426981806483314
3,0.486328125,2.9432434192738715
3,0.4873046875,2.9438074176299995
3,0.48828125,2.944305953129545
3,0.4892578125,2.944706684788174
3,0.490234375,2.9453067238967474
3,0.4912109375,2.946248808072624
3,0.4921875,2.947518294631057
3,0.4931640625,2.948926964624231
3,0.494140625,2.950594252112411
3,0.4951171875,2.952427028291
3,0.49609375,2.954435274230529
3,0.4970703125,2.95718928874696
3,0.498046875,2.96171282778901
3,0.4990234375,2.967334874179284
3,0.5,2.970829893167859
4,0.0009765625,4.997518941140797
4,0.001953125,4.845522027506613
4,0.0029296875,4.206495236406198
4,0.00390625,3.92952995905592
4,0.0048828125,3.779904826040464
4,0.005859375,3.694201054418351
4,0.0068359375,3.621447218496436
4,0.0078125,3.580800215875836
4,0.0087890625,3.541253369081447
4,0.009765625,3.524645111040395
4,0.0107421875,3.514708864625539
4,0.01171875,3.5117120158736586
4,0.0126953125,3.505362475009865
4,0.013671875,3.503338412908583
4,0.0146484375,3.5015221608772307
4,0.015625,3.500090408768475
4,0.0166015625,3.487161449851345
4,0.017578125,3.474958740388577
4,0.0185546875,3.463000155675524
4,0.01953125,3.4529124268507387
4,0.0205078125,3.440866891333967
4,0.021484375,3.429611749611025
4,0.0224609375,3.417486099464762
4,0.0234375,3.406686124956532
4,0.0244140625,3.3932320415685107
4,0.025390625,3.381486834297123
4,0.0263671875,3.370245057038304
4,0.02734375,3.360764698352897
4,0.0283203125,3.3513216489103748
4,0.029296875,3.3439374620724744
4,0.0302734375,3.3376228349024286
4,0.03125,3.331843401267493
4,0.0322265625,3.3212735165857348
4,0.033203125,3.3114000578174854
4,0.0341796875,3.3025517909369047
4,0.03515625,3.295415572897309
4,0.0361328125,3.2885998320377428
4,0.037109375,3.2833108181753867
4,0.0380859375,3.278699130127333
4,0.0390625,3.2754007326008043
4,0.0400390625,3.271311087605004
4,0.041015625,3.2683679405489143
4,0.0419921875,3.26575603934865
4,0.04296875,3.264037156033029
4,0.0439453125,3.2621153845723807
4,0.044921875,3.2608312012772704
4,0.0458984375,3.2597165040022578
4,0.046875,3.259117482228333
4,0.0478515625,3.2570317622941425
4,0.048828125,3.2555235814530805
4,0.0498046875,3.254260594443409
4,0.05078125,3.2537237073339518
4,0.0517578125,3.2533127269014632
4,0.052734375,3.253698223418859
4,0.0537109375,3.254204124127264
4,0.0546875,3.2551525515148696
4,0.0556640625,3.255386242973172
4,0.056640625,3.256114126520718
4,0.0576171875,3.25714301832949
4,0.05859375,3.2590460741031224
4,0.0595703125,3.2606497469733826
4,0.060546875,3.261149610885556
4,0.0615234375,3.260426811470264
4,0.0625,3.260208217127825
4,0.0634765625,3.2591668087650354
4,0.064453125,3.2587412754533256
4,0.0654296875,3.257149996919316
4,0.06640625,3.2543542126991847
4,0.0673828125,3.251156765400704
4,0.068359375,3.2486254093011184
4,0.0693359375,3.2463199631101443
4,0.0703125,3.244304643169363
4,0.0712890625,3.241680645135469
4,0.072265625,3.2392612170618347
4,0.0732421875,3.2369350644518664
4,0.07421875,3.2350647993086983
4,0.0751953125,3.2332313453492523
4,0.076171875,3.231740838968401
4,0.0771484375,3.230310455170013
4,0.078125,3.2290469233325183
4,0.0791015625,3.22702763647982
4,0.080078125,3.225217246666736
4,0.0810546875,3.2234873436988534
4,0.08203125,3.221983875635356
4,0.0830078125,3.22036630215694
4,0.083984375,3.218959537113076
4,0.0849609375,3.217492983466132
4,0.0859375,3.216157595824937
4,0.0869140625,3.214347989882448
4,0.087890625,3.2126144141977933
4,0.0888671875,3.2108134549209035
4,0.08984375,3.2091406219427614
4,0.0908203125,3.2072481910511947
4,0.091796875,3.2053312063982435
4,0.0927734375,3.2033311944957403
4,0.09375,3.2015129927130386
4,0.0947265625,3.199102616293685
4,0.095703125,3.1968954574137416
4,0.0966796875,3.194648804986485
4,0.09765625,3.192411466455717
4,0.0986328125,3.1900583372661497
4,0.099609375,3.187895116375594
4,0.1005859375,3.185727549583311
4,0.1015625,3.1837566096380816
4,0.1025390625,3.1816362223943515
4,0.103515625,3.179834773278952
4,0.1044921875,3.17818202484247
4,0.10546875,3.176746155215509
4,0.1064453125,3.175227635309602
4,0.107421875,3.173877254433501
4,0.1083984375,3.1726495869250075
4,0.109375,3.17161936602522
4,0.1103515625,3.170203994767845
4,0.111328125,3.168959696907838
4,0.1123046875,3.16783954341598
4,0.11328125,3.1669524582501416
4,0.1142578125,3.166054481391201
4,0.115234375,3.1652946550455856
4,0.1162109375,3.1644824889525927
4,0.1171875,3.1637731856430875
4,0.1181640625,3.1628420313123518
4,0.119140625,3.162066047250816
4,0.1201171875,3.1613145252788475
4,0.12109375,3.160755169245013
4,0.1220703125,3.1602648026921574
4,0.123046875,3.159953548605566
4,0.1240234375,3.1595356222308304
4,0.125,3.158522232683652
4,0.1259765625,3.155679546527684
4,0.126953125,3.1522949754464955
4,0.1279296875,3.148866247631583
4,0.12890625,3.1455625433422827
4,0.1298828125,3.142229694228293
4,0.130859375,3.139013894383817
4,0.1318359375,3.135825841192296
4,0.1328125,3.1328270009471084
4,0.1337890625,3.129744596176855
4,0.134765625,3.1268593902077098
4,0.1357421875,3.1240386761875234
4,0.13671875,3.1213937847563926
4,0.1376953125,3.118776551306301
4,0.138671875,3.116340754536332
4,0.1396484375,3.1140409080753035
4,0.140625,3.1119743631481342
4,0.1416015625,3.109718582859212
4,0.142578125,3.1076016835110347
4,0.1435546875,3.10555172748002
4,0.14453125,3.1036830591127944
4,0.1455078125,3.1019089699663063
4,0.146484375,3.1004127611997987
4,0.1474609375,3.0991077438733448
4,0.1484375,3.0980998818303727
4,0.1494140625,3.097107350525503
4,0.150390625,3.0963206586213783
4,0.1513671875,3.09561047910437
4,0.15234375,3.0950724569889605
4,0.1533203125,3.094588489460433
4,0.154296875,3.094288988824561
4,0.1552734375,3.094131364623543
4,0.15625,3.094131843764217
4,0.1572265625,3.09382136139012
4,0.158203125,3.093651417182511
4,0.1591796875,3.0936300362756177
4,0.16015625,3.093813073076007
4,0.1611328125,3.0940448104246063
4,0.162109375,3.0943514747715857
4,0.1630859375,3.09457439289581
4,0.1640625,3.09481377460272
4,0.1650390625,3.0948987579270435
4,0.166015625,3.095030292099918
4,0.1669921875,3.095082557225056
4,0.16796875,3.095145761209371
4,0.1689453125,3.095118435964503
4,0.169921875,3.095111730421394
4,0.1708984375,3.0950680934496324
4,0.171875,3.0950619179341268
4,0.1728515625,3.0947912488459712
4,0.173828125,3.094491473741318
4,0.1748046875,3.0940618511880147
4,0.17578125,3.093585338052402
4,0.1767578125,3.093009775243877
4,0.177734375,3.0924747439304467
4,0.1787109375,3.091898638592029
4,0.1796875,3.0913629640148126
4,0.1806640625,3.0906344264546965
4,0.181640625,3.0898381786111773
4,0.1826171875,3.088863290441488
4,0.18359375,3.087788348598307
4,0.1845703125,3.086470215368313
4,0.185546875,3.0849471383074927
4,0.1865234375,3.083375819482754
4,0.1875,3.082144381670409
4,0.1884765625,3.0809618346519487
4,0.189453125,3.080157951120466
4,0.1904296875,3.0793739652913663
4,0.19140625,3.0784314663622885
4,0.1923828125,3.0772697590265845
4,0.193359375,3.0760397396002865
4,0.1943359375,3.074709747273156
4,0.1953125,3.0733836640902528
4,0.1962890625,3.0719197071814897
4,0.197265625,3.0705496551233638
4,0.1982421875,3.0692597034658577
4,0.19921875,3.068106266269406
4,0.2001953125,3.066966487549893
4,0.201171875,3.0659376496542423
4,0.2021484375,3.0649727077700333
4,0.203125,3.0640619249593226
4,0.2041015625,3.062914641423096
4,0.205078125,3.061780729440458
4,0.2060546875,3.0606890709878387
4,0.20703125,3.059734641584358
4,0.2080078125,3.058820823086068
4,0.208984375,3.0579993326669968
4,0.2099609375,3.057201205686242
4,0.2109375,3.0565426986808184
4,0.2119140625,3.05587727204619
4,0.212890625,3.0552993125427235
4,0.2138671875,3.054702268805765
4,0.21484375,3.054150304110094
4,0.2158203125,3.053619234818348
4,0.216796875,3.053259839150212
4,0.2177734375,3.0530103576093213
4,0.21875,3.0527241415054003
4,0.2197265625,3.051988476545417
4,0.220703125,3.05117397687337
4,0.2216796875,3.050408047678731
4,0.22265625,3.0497508917264744
4,0.2236328125,3.0491064446539258
4,0.224609375,3.048558797378191
4,0.2255859375,3.048056962226903
4,0.2265625,3.047688724787932
4,0.2275390625,3.0473355134764684
4,0.228515625,3.047135674787208
4,0.2294921875,3.047002537390408
4,0.23046875,3.046992251930533
4,0.2314453125,3.047070500981147
4,0.232421875,3.047377021753536
4,0.2333984375,3.0478593098311944
4,0.234375,3.0484531033415347
4,0.2353515625,3.0488727805946785
4,0.236328125,3.0493844409945585
4,0.2373046875,3.0500401374991037
4,0.23828125,3.050872394198646
4,0.2392578125,3.051709206002709
4,0.240234375,3.05255983698801
4,0.2412109375,3.053327301965992
4,0.2421875,3.054098166902653
4,0.2431640625,3.0547630734292697
4,0.244140625,3.055511190766953
4,0.2451171875,3.056295499360259
4,0.24609375,3.0572021507229183
4,0.2470703125,3.058289866902613
4,0.248046875,3.059802990412502
4,0.2490234375,3.0614393050020667
4,0.25,3.0621581718508284
4,0.2509765625,3.060748245506602
4,0.251953125,3.0584024750859213
4,0.2529296875,3.056200516105726
4,0.25390625,3.0544786301238576
4,0.2548828125,3.053002768907651
4,0.255859375,3.0516863455439265
4,0.2568359375,3.0504231945036824
4,0.2578125,3.049250580208576
4,0.2587890625,3.0479479069086417
4,0.259765625,3.0465770888088146
4,0.2607421875,3.0450624539348845
4,0.26171875,3.0435192345807427
4,0.2626953125,3.041973180455831
4,0.263671875,3.0405965770933907
4,0.2646484375,3.039354271091212
4,0.265625,3.038173010870876
4,0.2666015625,3.036774425014241
4,0.267578125,3.0354214613838124
4,0.2685546875,3.034185492446523
4,0.26953125,3.0331141063912965
4,0.2705078125,3.0320718734406475
4,0.271484375,3.03108627151228
4,0.2724609375,3.0300771475521144
4,0.2734375,3.029103437949744
4,0.2744140625,3.028035151223774
4,0.275390625,3.0269988383088267
4,0.2763671875,3.0259269867531158
4,0.27734375,3.024858684463345
4,0.2783203125,3.0237355975980247
4,0.279296875,3.0226492633360804
4,0.2802734375,3.0215416415254643
4,0.28125,3.02035628501695
4,0.2822265625,3.0188057523156853
4,0.283203125,3.017167295263413
4,0.2841796875,3.015471544972638
4,0.28515625,3.013758842511513
4,0.2861328125,3.011958314524452
4,0.287109375,3.010152335073262
4,0.2880859375,3.008313159843054
4,0.2890625,3.0065143647862267
4,0.2900390625,3.004638363963478
4,0.291015625,3.002810864036221
4,0.2919921875,3.0009856351308604
4,0.29296875,2.999256459876797
4,0.2939453125,2.9975835689186345
4,0.294921875,2.9960327782307474
4,0.2958984375,2.994523529073656
4,0.296875,2.993038370246996
4,0.2978515625,2.991367825492448
4,0.298828125,2.989739058912886
4,0.2998046875,2.9881809385804416
4,0.30078125,2.9867294024453184
4,0.3017578125,2.985277578650943
4,0.302734375,2.9839089894202724
4,0.3037109375,2.9825817503916703
4,0.3046875,2.981313499466603
4,0.3056640625,2.9799273980933942
4,0.306640625,2.9785589027861707
4,0.3076171875,2.9772004181998684
4,0.30859375,2.9759406927893584
4,0.3095703125,2.974628930169952
4,0.310546875,2.9731645704563623
4,0.3115234375,2.971561683282516
4,0.3125,2.970140474109225
4,0.3134765625,2.968760503474601
4,0.314453125,2.967547866490229
4,0.3154296875,2.966164675645361
4,0.31640625,2.964620092556079
4,0.3173828125,2.963013442067827
4,0.318359375,2.9614816223288774
4,0.3193359375,2.9599326093102065
4,0.3203125,2.958381388620077
4,0.3212890625,2.9566915855156584
4,0.322265625,2.9550368345745546
4,0.3232421875,2.953407980227961
4,0.32421875,2.951885743468141
4,0.3251953125,2.9503752158166927
4,0.326171875,2.9489120731993674
4,0.3271484375,2.947413591735258
4,0.328125,2.9458842075895766
4,0.3291015625,2.944126428097003
4,0.330078125,2.94234726796058
4,0.3310546875,2.9405535254097623
4,0.33203125,2.9388367042928545
4,0.3330078125,2.93714632007807
4,0.333984375,2.93556402257911
4,0.3349609375,2.934031135137899
4,0.3359375,2.932615539171573
4,0.3369140625,2.931189796178701
4,0.337890625,2.929852208379577
4,0.3388671875,2.9284908468209734
4,0.33984375,2.927137077746205
4,0.3408203125,2.925731621789184
4,0.341796875,2.924373212515521
4,0.3427734375,2.9230465352386474
4,0.34375,2.921795297201008
4,0.3447265625,2.920399090044832
4,0.345703125,2.91909597972054
4,0.3466796875,2.9178270155190678
4,0.34765625,2.9165777285056
4,0.3486328125,2.9152387006942417
4,0.349609375,2.91390187926147
4,0.3505859375,2.912583513619943
4,0.3515625,2.911388970512775
4,0.3525390625,2.9102016944283733
4,0.353515625,2.9091385593651693
4,0.3544921875,2.90811591520748
4,0.35546875,2.9071755623179443
4,0.3564453125,2.9062301595044606
4,0.357421875,2.905333037301899
4,0.3583984375,2.904435858125131
4,0.359375,2.903589664770066
4,0.3603515625,2.90261423310988
4,0.361328125,2.9016697194870886
4,0.3623046875,2.900711358118542
4,0.36328125,2.89977666204854
4,0.3642578125,2.898799334684003
4,0.365234375,2.8978808893373
4,0.3662109375,2.8969902493471764
4,0.3671875,2.8961724736427983
4,0.3681640625,2.8952450227646187
4,0.369140625,2.8942202587669263
4,0.3701171875,2.8928796553307783
4,0.37109375,2.891152433108246
4,0.3720703125,2.8889829620725966
4,0.373046875,2.886660522164229
4,0.3740234375,2.884560921426713
4,0.375,2.8830246785901803
4,0.3759765625,2.8818022108704406
4,0.376953125,2.881099819876156
4,0.3779296875,2.880591857730497
4,0.37890625,2.879975645560477
4,0.3798828125,2.8789741424513062
4,0.380859375,2.8776008765852303
4,0.3818359375,2.8758739226806758
4,0.3828125,2.8739939371934016
4,0.3837890625,2.8719536626645854
4,0.384765625,2.8699528872947635
4,0.3857421875,2.8679619722402574
4,0.38671875,2.866050368747173
4,0.3876953125,2.8641152790359543
4,0.388671875,2.8622086713363366
4,0.3896484375,2.860265693622745
4,0.390625,2.858334197325539
4,0.3916015625,2.8562683908639714
4,0.392578125,2.854292784533465
4,0.3935546875,2.85239243448207
4,0.39453125,2.850602952939244
4,0.3955078125,2.8487880824215326
4,0.396484375,2.8470084928876305
4,0.3974609375,2.8452472593861677
4,0.3984375,2.8435781370430617
4,0.3994140625,2.841864001217217
4,0.400390625,2.840236077956769
4,0.4013671875,2.838575303894346
4,0.40234375,2.836865642381212
4,0.4033203125,2.835096722662274
4,0.404296875,2.8335892331814274
4,0.4052734375,2.832330646331218
4,0.40625,2.83094177295462
4,0.4072265625,2.8288686093111024
4,0.408203125,2.8266365354170078
4,0.4091796875,2.8246271380018038
4,0.41015625,2.8229286168779515
4,0.4111328125,2.8211967330909222
4,0.412109375,2.819331554709481
4,0.4130859375,2.8173312610748646
4,0.4140625,2.815415020161934
4,0.4150390625,2.8134987038504664
4,0.416015625,2.8116753913522894
4,0.4169921875,2.809822711418937
4,0.41796875,2.808045565768511
4,0.4189453125,2.8062830408598107
4,0.419921875,2.804602793254932
4,0.4208984375,2.802914724504551
4,0.421875,2.8012554453042857
4,0.4228515625,2.7994328847120986
4,0.423828125,2.797688252789561
4,0.4248046875,2.79599445596648
4,0.42578125,2.7943987962342205
4,0.4267578125,2.79279199956469
4,0.427734375,2.7912416927871506
4,0.4287109375,2.7896914848636203
4,0.4296875,2.788187994035717
4,0.4306640625,2.7865654490271408
4,0.431640625,2.784997565690705
4,0.4326171875,2.783508762732513
4,0.43359375,2.782268285067752
4,0.4345703125,2.781017050676058
4,0.435546875,2.7793943079443144
4,0.4365234375,2.777353628880385
4,0.4375,2.7756940078452126
4,0.4384765625,2.774621729360939
4,0.439453125,2.773967630070827
4,0.4404296875,2.7729335451178807
4,0.44140625,2.77155777474742
4,0.4423828125,2.770186658984521
4,0.443359375,2.769050422899788
4,0.4443359375,2.7679809021435786
4,0.4453125,2.766925390164224
4,0.4462890625,2.765704254242505
4,0.447265625,2.764540719698062
4,0.4482421875,2.763430872899597
4,0.44921875,2.762431922783808
4,0.4501953125,2.7613772193989115
4,0.451171875,2.7602705329393102
4,0.4521484375,2.7590609028672697
4,0.453125,2.7579225812682377
4,0.4541015625,2.756771018606168
4,0.455078125,2.7557580143891927
4,0.4560546875,2.754715208869987
4,0.45703125,2.7536779091840504
4,0.4580078125,2.752624688157649
4,0.458984375,2.7516853234245517
4,0.4599609375,2.7508007696644343
4,0.4609375,2.750014907434179
4,0.4619140625,2.7491840482741696
4,0.462890625,2.748469052316503
4,0.4638671875,2.7478047486768538
4,0.46484375,2.747278462159352
4,0.4658203125,2.746827009955911
4,0.466796875,2.7465328283826964
4,0.4677734375,2.74632845748468
4,0.46875,2.746179733260829
4,0.4697265625,2.7457935548108154
4,0.470703125,2.7454576176178387
4,0.4716796875,2.7452354495846065
4,0.47265625,2.7452423673396598
4,0.4736328125,2.745395906852272
4,0.474609375,2.74573625114582
4,0.4755859375,2.7461857095911766
4,0.4765625,2.746800178669423
4,0.4775390625,2.747457518420189
4,0.478515625,2.748289321754993
4,0.4794921875,2.7492001896596565
4,0.48046875,2.7502531409721183
4,0.4814453125,2.751382911377782
4,0.482421875,2.752696188207721
4,0.4833984375,2.7541564376358783
4,0.484375,2.755771261267072
4,0.4853515625,2.757338309862521
4,0.486328125,2.759101836146518
4,0.4873046875,2.7610629289554867
4,0.48828125,2.7632273540597287
4,0.4892578125,2.765399395746924
4,0.490234375,2.767538014032666
4,0.4912109375,2.769585867240114
4,0.4921875,2.771748434848345
4,0.4931640625,2.7740154254296057
4,0.494140625,2.776446197914353
4,0.4951171875,2.778711973615809
4,0.49609375,2.780731950807043
4,0.4970703125,2.7828542021441844
4,0.498046875,2.786007707241556
4,0.4990234375,2.790108051568914
4,0.5,2.7932236739245813
5,0.0009765625,5.004818685137867
5,0.001953125,4.945431764508892
5,0.0029296875,4.379029488334118
5,0.00390625,4.222469594190149
5,0.0048828125,4.130484314675931
5,0.005859375,4.050023546787145
5,0.0068359375,3.96975146204171
5,0.0078125,3.9198743408210968
5,0.0087890625,3.8598017532716415
5,0.009765625,3.8082706782440088
5,0.0107421875,3.753276574403997
5,0.01171875,3.703300577336495
5,0.0126953125,3.651732030110233
5,0.013671875,3.611073784940982
5,0.0146484375,3.576164345173183
5,0.015625,3.5486394163760933
5,0.0166015625,3.51440967942541
5,0.017578125,3.48554340468561
5,0.0185546875,3.459320744392852
5,0.01953125,3.4384905400456685
5,0.0205078125,3.4168279074379053
5,0.021484375,3.3987021427457345
5,0.0224609375,3.381500380057654
5,0.0234375,3.3670570596410863
5,0.0244140625,3.350202814064857
5,0.025390625,3.336208258056539
5,0.0263671875,3.322718764908095
5,0.02734375,3.3116041121643462
5,0.0283203125,3.3007152737332026
5,0.029296875,3.293480259682172
5,0.0302734375,3.2876221653930715
5,0.03125,3.281510472272621
5,0.0322265625,3.267242860489693
5,0.033203125,3.2532748682794748
5,0.0341796875,3.2410992815198805
5,0.03515625,3.232353323416335
5,0.0361328125,3.224377472473406
5,0.037109375,3.2181933458039103
5,0.0380859375,3.2124822215086244
5,0.0390625,3.2081828846947773
5,0.0400390625,3.203013590377948
5,0.041015625,3.199015665477654
5,0.0419921875,3.1951858728308022
5,0.04296875,3.192349428195944
5,0.0439453125,3.189213829455813
5,0.044921875,3.187158931504636
5,0.0458984375,3.185300117141786
5,0.046875,3.183780515361613
5,0.0478515625,3.1801473122654857
5,0.048828125,3.1770268973944704
5,0.0498046875,3.174284704845412
5,0.05078125,3.1724931745601523
5,0.0517578125,3.170474331338561
5,0.052734375,3.1692289764555595
5,0.0537109375,3.1681431488720118
5,0.0546875,3.167624727197768
5,0.0556640625,3.166342929411205
5,0.056640625,3.1656143274587376
5,0.0576171875,3.164920814904893
5,0.05859375,3.164782188953764
5,0.0595703125,3.164486967458405
5,0.060546875,3.164647301924754
5,0.0615234375,3.1647111363858973
5,0.0625,3.164750654426035
5,0.0634765625,3.1620204693001024
5,0.064453125,3.1593983194629764
5,0.0654296875,3.1568821332402632
5,0.06640625,3.154996461425085
5,0.0673828125,3.1531918521383084
5,0.068359375,3.1519403628918927
5,0.0693359375,3.150755746227446
5,0.0703125,3.1499358050862685
5,0.0712890625,3.1485446598926514
5,0.072265625,3.1474606002722463
5,0.0732421875,3.146478081137559
5,0.07421875,3.1460130244735023
5,0.0751953125,3.1455290998857874
5,0.076171875,3.1455726909767607
5,0.0771484375,3.145753278851584
5,0.078125,3.1461446420239523
5,0.0791015625,3.1456267235512065
5,0.080078125,3.145172840309238
5,0.0810546875,3.1445905414572413
5,0.08203125,3.1441648784474
5,0.0830078125,3.1434260597011887
5,0.083984375,3.142821074655728
5,0.0849609375,3.1420558116279365
5,0.0859375,3.1413500332749518
5,0.0869140625,3.140149811206189
5,0.087890625,3.139227835978489
5,0.0888671875,3.138402596096069
5,0.08984375,3.1378822895960905
5,0.0908203125,3.1372295417467524
5,0.091796875,3.1368197638403017
5,0.0927734375,3.1363492331479987
5,0.09375,3.1358166907183125
5,0.0947265625,3.1340218386503835
5,0.095703125,3.132116808817475
5,0.0966796875,3.130137570223174
5,0.09765625,3.1284055980694765
5,0.0986328125,3.126562790584676
5,0.099609375,3.124837954774068
5,0.1005859375,3.1229618958757825
5,0.1015625,3.121162929166005
5,0.1025390625,3.118961745835387
5,0.103515625,3.1168061956898905
5,0.1044921875,3.1145360643802174
5,0.10546875,3.112393765747762
5,0.1064453125,3.11014893839034
5,0.107421875,3.1081888016210177
5,0.1083984375,3.106316410529064
5,0.109375,3.10456867172735
5,0.1103515625,3.1022759709734715
5,0.111328125,3.100087078165373
5,0.1123046875,3.0979772537681405
5,0.11328125,3.096162577241633
5,0.1142578125,3.094347035022064
5,0.115234375,3.0928288106450403
5,0.1162109375,3.091477347819155
5,0.1171875,3.0903718046643824
5,0.1181640625,3.088959493258942
5,0.119140625,3.087626206648109
5,0.1201171875,3.0864290695655363
5,0.12109375,3.085828806367908
5,0.1220703125,3.0854039202211805
5,0.123046875,3.084489522801001
5,0.1240234375,3.082527125223088
5,0.125,3.080330924497108
5,0.1259765625,3.077415256267608
5,0.126953125,3.07434858718644
5,0.1279296875,3.070311383508695
5,0.12890625,3.0658341872774013
5,0.1298828125,3.0615173833266267
5,0.130859375,3.057681633098297
5,0.1318359375,3.053900749178406
5,0.1328125,3.0502228970403173
5,0.1337890625,3.0463517077679154
5,0.134765625,3.042663960029252
5,0.1357421875,3.039047105452496
5,0.13671875,3.0356754534212054
5,0.1376953125,3.032347465015139
5,0.138671875,3.029269278237632
5,0.1396484375,3.0262936134458576
5,0.140625,3.02351741117186
5,0.1416015625,3.0205005151633944
5,0.142578125,3.0176397180349666
5,0.1435546875,3.014833594461098
5,0.14453125,3.012255632843501
5,0.1455078125,3.0097154705895925
5,0.146484375,3.0073947862583923
5,0.1474609375,3.0051482305449984
5,0.1484375,3.003078756702869
5,0.1494140625,3.0008928879759904
5,0.150390625,2.998885240506099
5,0.1513671875,2.9969600038935176
5,0.15234375,2.995282356834253
5,0.1533203125,2.9936966950606347
5,0.154296875,2.992407228500789
5,0.1552734375,2.991242449994916
5,0.15625,2.9900754513443744
5,0.1572265625,2.988182875511866
5,0.158203125,2.9861949977693256
5,0.1591796875,2.984231374957505
5,0.16015625,2.982524193498293
5,0.1611328125,2.980890806988046
5,0.162109375,2.9794623162195046
5,0.1630859375,2.978119916900387
5,0.1640625,2.977031346792953
5,0.1650390625,2.975972105558865
5,0.166015625,2.9751550762166667
5,0.1669921875,2.9743977949470537
5,0.16796875,2.9737681050675064
5,0.1689453125,2.9731311201881354
5,0.169921875,2.9727613205693624
5,0.1708984375,2.97255957794056
5,0.171875,2.972447916074276
5,0.1728515625,2.971964618604404
5,0.173828125,2.9715525267524403
5,0.1748046875,2.971278758266698
5,0.17578125,2.9712144198621773
5,0.1767578125,2.97103600182497
5,0.177734375,2.9708497471336925
5,0.1787109375,2.9705881109273813
5,0.1796875,2.9704106630811458
5,0.1806640625,2.9701395761901543
5,0.181640625,2.9700610206694757
5,0.1826171875,2.9701003488079425
5,0.18359375,2.9703983579014945
5,0.1845703125,2.970822673020341
5,0.185546875,2.9714566877051776
5,0.1865234375,2.9720922627910342
5,0.1875,2.972587880729181
5,0.1884765625,2.972194156875589
5,0.189453125,2.971615693804325
5,0.1904296875,2.97099777963869
5,0.19140625,2.970606091417873
5,0.1923828125,2.9703857918588
5,0.193359375,2.97042077538795
5,0.1943359375,2.970547132155459
5,0.1953125,2.9708496515064917
5,0.1962890625,2.9710769203251925
5,0.197265625,2.971374061909424
5,0.1982421875,2.971586047161902
5,0.19921875,2.9717795123520268
5,0.2001953125,2.9718383575059315
5,0.201171875,2.9719955372501143
5,0.2021484375,2.972231135691338
5,0.203125,2.9725907344209013
5,0.2041015625,2.9727390337282804
5,0.205078125,2.97297868494292
5,0.2060546875,2.973284787903406
5,0.20703125,2.973742889740252
5,0.2080078125,2.974192721850407
5,0.208984375,2.974767015371763
5,0.2099609375,2.97536470493174
5,0.2109375,2.975995829043424
5,0.2119140625,2.976388005526972
5,0.212890625,2.97671875616514
5,0.2138671875,2.9769372463989274
5,0.21484375,2.977216832952984
5,0.2158203125,2.9774795164503587
5,0.216796875,2.9777847667943047
5,0.2177734375,2.978017880331913
5,0.21875,2.9783552320775533
5,0.2197265625,2.9784876684354247
5,0.220703125,2.9787802151838085
5,0.2216796875,2.979068436644801
5,0.22265625,2.979409516881081
5,0.2236328125,2.9797078454088366
5,0.224609375,2.980085073271645
5,0.2255859375,2.9804005147061945
5,0.2265625,2.9806439897209924
5,0.2275390625,2.9805630879373246
5,0.228515625,2.980414334143249
5,0.2294921875,2.980236200930456
5,0.23046875,2.9801718712572707
5,0.2314453125,2.980096799913273
5,0.232421875,2.98012494607215
5,0.2333984375,2.980139456075233
5,0.234375,2.980200510713941
5,0.2353515625,2.9800650909330626
5,0.236328125,2.9800347372936917
5,0.2373046875,2.9800735973350427
5,0.23828125,2.980288244222332
5,0.2392578125,2.9806035765903744
5,0.240234375,2.9812088419095506
5,0.2412109375,2.982075264943208
5,0.2421875,2.9832920726483985
5,0.2431640625,2.9845864402667672
5,0.244140625,2.986093051838397
5,0.2451171875,2.987730013294775
5,0.24609375,2.989604962637712
5,0.2470703125,2.9913681676903336
5,0.248046875,2.992666547581097
5,0.2490234375,2.9934379440294507
5,0.25,2.9943908478493166
5,0.2509765625,2.995191975642757
5,0.251953125,2.9961487557859643
5,0.2529296875,2.99651791557146
5,0.25390625,2.996340755171334
5,0.2548828125,2.9959145961358185
5,0.255859375,2.995514325690853
5,0.2568359375,2.9950426391128198
5,0.2578125,2.994690858633103
5,0.2587890625,2.9943466133658
5,0.259765625,2.9942248984088464
5,0.2607421875,2.9942250796766414
5,0.26171875,2.9944523716536526
5,0.2626953125,2.994755085386578
5,0.263671875,2.995218044795582
5,0.2646484375,2.9957159106846563
5,0.265625,2.9962643716869457
5,0.2666015625,2.996520224414208
5,0.267578125,2.9967441052511514
5,0.2685546875,2.996891664282281
5,0.26953125,2.9970719686775964
5,0.2705078125,2.997149881084788
5,0.271484375,2.9972906041573566
5,0.2724609375,2.997455956654037
5,0.2734375,2.997727867530793
5,0.2744140625,2.997849583700145
5,0.275390625,2.997974351639532
5,0.2763671875,2.998040918061324
5,0.27734375,2.998221316714999
5,0.2783203125,2.998358646673077
5,0.279296875,2.998417524949658
5,0.2802734375,2.998277736695859
5,0.28125,2.998225039071748
5,0.2822265625,2.99798997042161
5,0.283203125,2.997796009832957
5,0.2841796875,2.9973448898885167
5,0.28515625,2.9967703681682747
5,0.2861328125,2.9960780932098303
5,0.287109375,2.995439682373696
5,0.2880859375,2.9947251111226905
5,0.2890625,2.9939912328498504
5,0.2900390625,2.99302557997243
5,0.291015625,2.9920672036610885
5,0.2919921875,2.991071550601357
5,0.29296875,2.990138969438333
5,0.2939453125,2.989102481485162
5,0.294921875,2.988098796448374
5,0.2958984375,2.9870431365402967
5,0.296875,2.9859881584796857
5,0.2978515625,2.984622179376088
5,0.298828125,2.983289277464567
5,0.2998046875,2.982030947287172
5,0.30078125,2.980992770207586
5,0.3017578125,2.9799873594456194
5,0.302734375,2.9790983577055785
5,0.3037109375,2.97820930276328
5,0.3046875,2.977434246298507
5,0.3056640625,2.9765692492036755
5,0.306640625,2.975785367932049
5,0.3076171875,2.974970777850839
5,0.30859375,2.9742771073514924
5,0.3095703125,2.9735787110339427
5,0.310546875,2.9728977640430707
5,0.3115234375,2.972072125959448
5,0.3125,2.971207389895347
5,0.3134765625,2.969801801668764
5,0.314453125,2.968351453792586
5,0.3154296875,2.96675077416684
5,0.31640625,2.965179925916832
5,0.3173828125,2.96361563226946
5,0.318359375,2.962179846357476
5,0.3193359375,2.9607528751620027
5,0.3203125,2.959498849562313
5,0.3212890625,2.958243570665742
5,0.322265625,2.957141444597938
5,0.3232421875,2.956058951797352
5,0.32421875,2.955131401414889
5,0.3251953125,2.954247532221804
5,0.326171875,2.9535681128247204
5,0.3271484375,2.952963760427515
5,0.328125,2.9524389591387057
5,0.3291015625,2.9516450840967936
5,0.330078125,2.950896371687312
5,0.3310546875,2.9502021732954864
5,0.33203125,2.949710811083564
5,0.3330078125,2.9492496547086398
5,0.333984375,2.9489055986858155
5,0.3349609375,2.948571462094723
5,0.3359375,2.948397896002617
5,0.3369140625,2.948191419607945
5,0.337890625,2.948087001490805
5,0.3388671875,2.9479349035225004
5,0.33984375,2.9478745030722373
5,0.3408203125,2.9478337813857114
5,0.341796875,2.9480301950519987
5,0.3427734375,2.948394510545503
5,0.34375,2.948966891425766
5,0.3447265625,2.9492469711718075
5,0.345703125,2.949644126914378
5,0.3466796875,2.950140272512465
5,0.34765625,2.9508220052081384
5,0.3486328125,2.951489278801931
5,0.349609375,2.952266689856349
5,0.3505859375,2.9530750929315994
5,0.3515625,2.9540268952653763
5,0.3525390625,2.954869719372123
5,0.353515625,2.9557734831185645
5,0.3544921875,2.9566323339902283
5,0.35546875,2.957491198365482
5,0.3564453125,2.958156148141724
5,0.357421875,2.9588371533380347
5,0.3583984375,2.959495973353242
5,0.359375,2.960177838071032
5,0.3603515625,2.960529239292156
5,0.361328125,2.9608832304334323
5,0.3623046875,2.961225494571249
5,0.36328125,2.9616473273193678
5,0.3642578125,2.961926921030703
5,0.365234375,2.9621952697255978
5,0.3662109375,2.9623719753595315
5,0.3671875,2.962621961766031
5,0.3681640625,2.962796669456352
5,0.369140625,2.963232939118894
5,0.3701171875,2.9638856109267038
5,0.37109375,2.964798938211513
5,0.3720703125,2.965741032267432
5,0.373046875,2.9669025085929084
5,0.3740234375,2.9681177316405685
5,0.375,2.968966193099364
5,0.3759765625,2.968359459569033
5,0.376953125,2.967318126707251
5,0.3779296875,2.9662897003174957
5,0.37890625,2.9654946465237684
5,0.3798828125,2.964728898024397
5,0.380859375,2.9641634955355647
5,0.3818359375,2.9637438244891925
5,0.3828125,2.96356415412261
5,0.3837890625,2.963287277282308
5,0.384765625,2.9630357397106484
5,0.3857421875,2.962661452679728
5,0.38671875,2.962303296101892
5,0.3876953125,2.9618085339935694
5,0.388671875,2.9613335329351167
5,0.3896484375,2.960788389860285
5,0.390625,2.9603670139932583
5,0.3916015625,2.959802222338769
5,0.392578125,2.9593152466352604
5,0.3935546875,2.958750174299658
5,0.39453125,2.9582195029170557
5,0.3955078125,2.957592156080777
5,0.396484375,2.9569977230325177
5,0.3974609375,2.9563044078391005
5,0.3984375,2.955664767618873
5,0.3994140625,2.9549023047940035
5,0.400390625,2.9542148317765027
5,0.4013671875,2.953466609619096
5,0.40234375,2.952779987300006
5,0.4033203125,2.95201708829354
5,0.404296875,2.951356032082184
5,0.4052734375,2.9507523144440007
5,0.40625,2.9503897303784417
5,0.4072265625,2.9498636373963905
5,0.408203125,2.949533167313463
5,0.4091796875,2.949252496983434
5,0.41015625,2.9490570064247827
5,0.4111328125,2.948756189107088
5,0.412109375,2.9485329981695827
5,0.4130859375,2.9483345614252583
5,0.4140625,2.948300291120112
5,0.4150390625,2.9481260536615124
5,0.416015625,2.9479363726412275
5,0.4169921875,2.947678565337869
5,0.41796875,2.947576265458597
5,0.4189453125,2.9474982516566834
5,0.419921875,2.9475257161811976
5,0.4208984375,2.9475107957264983
5,0.421875,2.9476479691747084
5,0.4228515625,2.947641704477599
5,0.423828125,2.947663721593368
5,0.4248046875,2.9476163939038598
5,0.42578125,2.947717080822761
5,0.4267578125,2.9479214657796766
5,0.427734375,2.9483772985444934
5,0.4287109375,2.948964436481448
5,0.4296875,2.949825019364183
5,0.4306640625,2.9507271819774004
5,0.431640625,2.951804514681647
5,0.4326171875,2.952835482287861
5,0.43359375,2.953829788423064
5,0.4345703125,2.9546460656734017
5,0.435546875,2.955618755423416
5,0.4365234375,2.9567703271238623
5,0.4375,2.9580366345676645
5,0.4384765625,2.958667032732055
5,0.439453125,2.9593380925306394
5,0.4404296875,2.960158830983442
5,0.44140625,2.961163675426388
5,0.4423828125,2.962022848446806
5,0.443359375,2.962872020981094
5,0.4443359375,2.9636690962954817
5,0.4453125,2.9646360042013904
5,0.4462890625,2.96555034250355
5,0.447265625,2.966660262873209
5,0.4482421875,2.9678945675658626
5,0.44921875,2.969333717285561
5,0.4501953125,2.970675871663461
5,0.451171875,2.9720679550656666
5,0.4521484375,2.97341509108019
5,0.453125,2.974877932545384
5,0.4541015625,2.976069373231005
5,0.455078125,2.9772065277642628
5,0.4560546875,2.9782076681899325
5,0.45703125,2.9792470465684637
5,0.4580078125,2.980210400029391
5,0.458984375,2.9812503002086044
5,0.4599609375,2.982241387196277
5,0.4609375,2.9833816958725947
5,0.4619140625,2.984510944274016
5,0.462890625,2.9858799982207564
5,0.4638671875,2.987386305908456
5,0.46484375,2.9891584529245683
5,0.4658203125,2.9909397240105893
5,0.466796875,2.9927212456511625
5,0.4677734375,2.9943142619182725
5,0.46875,2.9959870786962264
5,0.4697265625,2.997363856079748
5,0.470703125,2.998726502019936
5,0.4716796875,2.9998591259227414
5,0.47265625,3.000952340552385
5,0.4736328125,3.0019881350100817
5,0.474609375,3.0032057507761083
5,0.4755859375,3.004494554714123
5,0.4765625,3.0059935618005382
5,0.4775390625,3.0074269711387616
5,0.478515625,3.009036951935039
5,0.4794921875,3.0107960235197493
5,0.48046875,3.01284750846672
5,0.4814453125,3.014993015837594
5,0.482421875,3.017436664872964
5,0.4833984375,3.020023078528796
5,0.484375,3.0227349214295147
5,0.4853515625,3.025061948817965
5,0.486328125,3.0272412535102085
5,0.4873046875,3.029189593070323
5,0.48828125,3.030966541296473
5,0.4892578125,3.0324186934965778
5,0.490234375,3.0338743353720488
5,0.4912109375,3.035362893071656
5,0.4921875,3.036919436015684
5,0.4931640625,3.037931161856458
5,0.494140625,3.03833524354792
5,0.4951171875,3.038290115897549
5,0.49609375,3.0385680180453223
5,0.4970703125,3.0382897932150827
5,0.498046875,3.035407200545971
5,0.4990234375,3.0303583497676545
5,0.5,3.028381531969698
6,0.0009765625,5.572738455627345
6,0.001953125,5.453665631589447
6,0.0029296875,4.458250084676488
6,0.00390625,3.9815613976277655
6,0.0048828125,3.7590904050256326
6,0.005859375,3.678195928635484
6,0.0068359375,3.610449220564483
6,0.0078125,3.585690361341593
6,0.0087890625,3.535800429098229
6,0.009765625,3.5178494060704866
6,0.0107421875,3.501992279332925
6,0.01171875,3.4935142577092204
6,0.0126953125,3.4794198997462487
6,0.013671875,3.4696526741506
6,0.0146484375,3.459361146663751
6,0.015625,3.456639330765194
6,0.0166015625,3.437112445404964
6,0.017578125,3.4245104312312997
6,0.0185546875,3.4115512469426803
6,0.01953125,3.400300074468433
6,0.0205078125,3.386578016123725
6,0.021484375,3.375498537579685
6,0.0224609375,3.364946025087338
6,0.0234375,3.3582981523047977
6,0.0244140625,3.3449619582870382
6,0.025390625,3.3345566730248635
6,0.0263671875,3.3241317440181413
6,0.02734375,3.315855341145637
6,0.0283203125,3.3069149321791413
6,0.029296875,3.2979595470993663
6,0.0302734375,3.2873989457375483
6,0.03125,3.278539378452398
6,0.0322265625,3.2620411965515865
6,0.033203125,3.2479148320120093
6,0.0341796875,3.2333201337352304
6,0.03515625,3.2194168235134297
6,0.0361328125,3.205748140791332
6,0.037109375,3.1941969947526228
6,0.0380859375,3.183699730861015
6,0.0390625,3.1757618191539496
6,0.0400390625,3.165960457884385
6,0.041015625,3.158628002013663
6,0.0419921875,3.152198980999906
6,0.04296875,3.147278156118063
6,0.0439453125,3.14243262233209
6,0.044921875,3.138556804881236
6,0.0458984375,3.1349714162110813
6,0.046875,3.132757525703485
6,0.0478515625,3.12782023867699
6,0.048828125,3.1241372605701074
6,0.0498046875,3.120541182168118
6,0.05078125,3.1175359086107366
6,0.0517578125,3.114464268527111
6,0.052734375,3.112360720705403
6,0.0537109375,3.1107420120503164
6,0.0546875,3.1103955063748567
6,0.0556640625,3.108711059782316
6,0.056640625,3.1079655755024667
6,0.0576171875,3.1072433756323323
6,0.05859375,3.1069824668025228
6,0.0595703125,3.106337302831098
6,0.060546875,3.105458337560458
6,0.0615234375,3.104264303102186
6,0.0625,3.104001383571741
6,0.0634765625,3.101093142822462
6,0.064453125,3.099182851623729
6,0.0654296875,3.0970328749950813
6,0.06640625,3.09468408830321
6,0.0673828125,3.092063360764745
6,0.068359375,3.089819210139582
6,0.0693359375,3.0875553741804644
6,0.0703125,3.0858740099490523
6,0.0712890625,3.0832264714840547
6,0.072265625,3.081126263422356
6,0.0732421875,3.079052488038852
6,0.07421875,3.0772958673019084
6,0.0751953125,3.0753381520461063
6,0.076171875,3.073487056632984
6,0.0771484375,3.0715592645938967
6,0.078125,3.0701668460018467
6,0.0791015625,3.067730904198031
6,0.080078125,3.06577291161502
6,0.0810546875,3.0637697005739244
6,0.08203125,3.0619421523133443
6,0.0830078125,3.060013642407425
6,0.083984375,3.0583462373670347
6,0.0849609375,3.0567384960596797
6,0.0859375,3.055626855157128
6,0.0869140625,3.0539761184118723
6,0.087890625,3.052787487793017
6,0.0888671875,3.051631339851756
6,0.08984375,3.0506948825949625
6,0.0908203125,3.0496149309245277
6,0.091796875,3.0484536666875792
6,0.0927734375,3.0470466208130813
6,0.09375,3.045950175851632
6,0.0947265625,3.0438955207633698
6,0.095703125,3.0421942547942087
6,0.0966796875,3.040300953999032
6,0.09765625,3.038380152721803
6,0.0986328125,3.036413220567489
6,0.099609375,3.034715108638628
6,0.1005859375,3.033090543411987
6,0.1015625,3.0318433446566875
6,0.1025390625,3.0302222530960314
6,0.103515625,3.0290394288183804
6,0.1044921875,3.027964945385889
6,0.10546875,3.027105591810612
6,0.1064453125,3.026160243911189
6,0.107421875,3.0253084456084043
6,0.1083984375,3.0244514169838634
6,0.109375,3.0239280674172435
6,0.1103515625,3.0228747470426605
6,0.111328125,3.022210999781927
6,0.1123046875,3.0216009197937908
6,0.11328125,3.0211387420575906
6,0.1142578125,3.020694085349476
6,0.115234375,3.020572077498485
6,0.1162109375,3.020688799333929
6,0.1171875,3.021229857350782
6,0.1181640625,3.021406722078112
6,0.119140625,3.0217630467647605
6,0.1201171875,3.0218598284092737
6,0.12109375,3.0217170422467112
6,0.1220703125,3.021416262165927
6,0.123046875,3.021612048033624
6,0.1240234375,3.022299383729143
6,0.125,3.022675229342103
6,0.1259765625,3.0204081710344943
6,0.126953125,3.017874566070947
6,0.1279296875,3.0159017715291303
6,0.12890625,3.0145167152597003
6,0.1298828125,3.013005986269952
6,0.130859375,3.011248048707885
6,0.1318359375,3.009274575162632
6,0.1328125,3.007515701188742
6,0.1337890625,3.0055177232076025
6,0.134765625,3.003864935028774
6,0.1357421875,3.0023074309933766
6,0.13671875,3.000849790995576
6,0.1376953125,2.9992788429772443
6,0.138671875,2.99778912810762
6,0.1396484375,2.996369248578292
6,0.140625,2.995185249420354
6,0.1416015625,2.99354962189434
6,0.142578125,2.992111030283126
6,0.1435546875,2.9906668115186363
6,0.14453125,2.9892558462784424
6,0.1455078125,2.987762710753267
6,0.146484375,2.9864440514149297
6,0.1474609375,2.985279114565483
6,0.1484375,2.9843589039862266
6,0.1494140625,2.9831289953060702
6,0.150390625,2.9820936998890675
6,0.1513671875,2.981152559167181
6,0.15234375,2.9803833966662587
6,0.1533203125,2.979570434358458
6,0.154296875,2.9787310727234164
6,0.1552734375,2.977797783327821
6,0.15625,2.977000278378757
6,0.1572265625,2.975702200129452
6,0.158203125,2.974565284302041
6,0.1591796875,2.973317568239263
6,0.16015625,2.972008094426427
6,0.1611328125,2.970636473740434
6,0.162109375,2.969406763563648
6,0.1630859375,2.9682636699863463
6,0.1640625,2.967335640481709
6,0.1650390625,2.966200327985431
6,0.166015625,2.965287579976449
6,0.1669921875,2.964458086295613
6,0.16796875,2.9637784209268525
6,0.1689453125,2.963114157649493
6,0.169921875,2.962585152230501
6,0.1708984375,2.962124841247143
6,0.171875,2.9618346694189697
6,0.1728515625,2.9611939367141886
6,0.173828125,2.960752013655248
6,0.1748046875,2.96035679929443
6,0.17578125,2.9600312455136426
6,0.1767578125,2.959637186405445
6,0.177734375,2.9592996871736665
6,0.1787109375,2.958977940731177
6,0.1796875,2.958833529838225
6,0.1806640625,2.9584678927937884
6,0.181640625,2.958266826664124
6,0.1826171875,2.9580810356898923
6,0.18359375,2.958009157663481
6,0.1845703125,2.9579274225953003
6,0.185546875,2.9578572986477654
6,0.1865234375,2.957726487889271
6,0.1875,2.9575883245154904
6,0.1884765625,2.956608054605752
6,0.189453125,2.955619848217731
6,0.1904296875,2.9545732881492155
6,0.19140625,2.953548847829493
6,0.1923828125,2.952486688527012
6,0.193359375,2.9515272591752995
6,0.1943359375,2.950611462300308
6,0.1953125,2.949879621432657
6,0.1962890625,2.948967583419042
6,0.197265625,2.948290676333213
6,0.1982421875,2.947750558771904
6,0.19921875,2.947425061003457
6,0.2001953125,2.947148745232973
6,0.201171875,2.946964898671293
6,0.2021484375,2.946821233590161
6,0.203125,2.946934895339008
6,0.2041015625,2.9469115850555085
6,0.205078125,2.947173894912999
6,0.2060546875,2.9475096055646293
6,0.20703125,2.9479529944486016
6,0.2080078125,2.9483998198892243
6,0.208984375,2.9489557954572927
6,0.2099609375,2.949572494192688
6,0.2109375,2.9504380781884945
6,0.2119140625,2.951206694741752
6,0.212890625,2.9521535901495186
6,0.2138671875,2.9530566047026348
6,0.21484375,2.9539526978468764
6,0.2158203125,2.954738580247012
6,0.216796875,2.9555248612085667
6,0.2177734375,2.9563005260302617
6,0.21875,2.9572410799654425
6,0.2197265625,2.957835516265121
6,0.220703125,2.9586194963755323
6,0.2216796875,2.959434946966802
6,0.22265625,2.960316124660213
6,0.2236328125,2.961154184469278
6,0.224609375,2.9620130044542243
6,0.2255859375,2.9628262986144303
6,0.2265625,2.9638167137375526
6,0.2275390625,2.964733297306826
6,0.228515625,2.9659056904112577
6,0.2294921875,2.9671380326371
6,0.23046875,2.968457519715753
6,0.2314453125,2.9697535827341595
6,0.232421875,2.9711673291584013
6,0.2333984375,2.972667059436312
6,0.234375,2.974353897349067
6,0.2353515625,2.9757774657861327
6,0.236328125,2.977374349480596
6,0.2373046875,2.9789913834976183
6,0.23828125,2.980642601079664
6,0.2392578125,2.982201353558948
6,0.240234375,2.9837949615046875
6,0.2412109375,2.985360553528402
6,0.2421875,2.987004027816249
6,0.2431640625,2.988372562332474
6,0.244140625,2.9898649557311723
6,0.2451171875,2.991448658069704
6,0.24609375,2.9933318870791337
6,0.2470703125,2.995347376998393
6,0.248046875,2.997210339391119
6,0.2490234375,2.998675690986668
6,0.25,2.999922003271028
6,0.2509765625,3.000025593555178
6,0.251953125,2.9999249150070195
6,0.2529296875,2.999412451511456
6,0.25390625,2.998738410917187
6,0.2548828125,2.998206107265563
6,0.255859375,2.998005173015776
6,0.2568359375,2.9979597612963684
6,0.2578125,2.9981112711038667
6,0.2587890625,2.998061960827002
6,0.259765625,2.998126040653278
6,0.2607421875,2.998173782512708
6,0.26171875,2.9982442662476783
6,0.2626953125,2.998182064906452
6,0.263671875,2.9980783754262874
6,0.2646484375,2.9979224309942536
6,0.265625,2.997896786040694
6,0.2666015625,2.9976323244092136
6,0.267578125,2.997523550721276
6,0.2685546875,2.9974127173873533
6,0.26953125,2.9973538576214103
6,0.2705078125,2.99726674328833
6,0.271484375,2.997284838089605
6,0.2724609375,2.9973734849383824
6,0.2734375,2.99763441858265
6,0.2744140625,2.9977003045904858
6,0.275390625,2.997865992845728
6,0.2763671875,2.998011775755625
6,0.27734375,2.998223507613337
6,0.2783203125,2.998336167523061
6,0.279296875,2.998267517075722
6,0.2802734375,2.9979779140987866
6,0.28125,2.9978488836575305
6,0.2822265625,2.997554830341972
6,0.283203125,2.997398201303686
6,0.2841796875,2.9970061531288
6,0.28515625,2.996425262467332
6,0.2861328125,2.9957551832809552
6,0.287109375,2.995199872834142
6,0.2880859375,2.994710312198216
6,0.2890625,2.99435703664716
6,0.2900390625,2.993821790573746
6,0.291015625,2.993435103504033
6,0.2919921875,2.993114587760346
6,0.29296875,2.9929077558462214
6,0.2939453125,2.992707956954108
6,0.294921875,2.992643189591214
6,0.2958984375,2.99267086962149
6,0.296875,2.9928077142947767
6,0.2978515625,2.9926239186435906
6,0.298828125,2.992571726216517
6,0.2998046875,2.992617053825789
6,0.30078125,2.992809371677079
6,0.3017578125,2.993033262279092
6,0.302734375,2.9933870001843266
6,0.3037109375,2.9938223898291603
6,0.3046875,2.9944361723122843
6,0.3056640625,2.994907163806381
6,0.306640625,2.9955376456272416
6,0.3076171875,2.9961800870012496
6,0.30859375,2.996847598776469
6,0.3095703125,2.997456822211664
6,0.310546875,2.9981578462286613
6,0.3115234375,2.998892746638553
6,0.3125,2.9994703504710905
6,0.3134765625,2.9990622023499376
6,0.314453125,2.9985050585125306
6,0.3154296875,2.9980034672373157
6,0.31640625,2.997655407952701
6,0.3173828125,2.9973071121259243
6,0.318359375,2.997048310524755
6,0.3193359375,2.996840604738082
6,0.3203125,2.9967522628176506
6,0.3212890625,2.996416929556304
6,0.322265625,2.9961988304627423
6,0.3232421875,2.996054871124214
6,0.32421875,2.996019420608601
6,0.3251953125,2.9959582078582474
6,0.326171875,2.9960404542035155
6,0.3271484375,2.9962692120746413
6,0.328125,2.996652668764136
6,0.3291015625,2.9967107802667803
6,0.330078125,2.9969314782002345
6,0.3310546875,2.997296989500461
6,0.33203125,2.997799615773659
6,0.3330078125,2.998253339835092
6,0.333984375,2.9987827589194542
6,0.3349609375,2.999410361300875
6,0.3359375,3.0002685984728283
6,0.3369140625,3.001019358504021
6,0.337890625,3.001931650686632
6,0.3388671875,3.0028543186376218
6,0.33984375,3.0038578156889777
6,0.3408203125,3.0048342168924043
6,0.341796875,3.005773799372818
6,0.3427734375,3.006558293267525
6,0.34375,3.007343619311573
6,0.3447265625,3.007706929151317
6,0.345703125,3.008119842811476
6,0.3466796875,3.008421282435225
6,0.34765625,3.0087105453643126
6,0.3486328125,3.0089837271519926
6,0.349609375,3.0093485356409064
6,0.3505859375,3.0097195250628137
6,0.3515625,3.010234091886813
6,0.3525390625,3.0105662341054904
6,0.353515625,3.010987426741825
6,0.3544921875,3.01132138203192
6,0.35546875,3.0116246901575194
6,0.3564453125,3.0118419619203918
6,0.357421875,3.012155415088287
6,0.3583984375,3.0125014314342224
6,0.359375,3.0128669374317907
6,0.3603515625,3.012759671509805
6,0.361328125,3.012702143562469
6,0.3623046875,3.012696440062928
6,0.36328125,3.012782098830902
6,0.3642578125,3.01277414897721
6,0.365234375,3.0128191763249457
6,0.3662109375,3.012920270171465
6,0.3671875,3.013228712755619
6,0.3681640625,3.0133540077612824
6,0.369140625,3.0135652304549403
6,0.3701171875,3.0136029893848963
6,0.37109375,3.013410606400216
6,0.3720703125,3.012973698090321
6,0.373046875,3.012845154896772
6,0.3740234375,3.013401523379452
6,0.375,3.0145236284701724
6,0.3759765625,3.0150509631708826
6,0.376953125,3.016094268153337
6,0.3779296875,3.017748918007546
6,0.37890625,3.019600702745969
6,0.3798828125,3.021037122054719
6,0.380859375,3.0220616761611314
6,0.3818359375,3.0227554808467243
6,0.3828125,3.023399244420155
6,0.3837890625,3.0236990476528645
6,0.384765625,3.024046264987111
6,0.3857421875,3.024351370741301
6,0.38671875,3.024676655577389
6,0.3876953125,3.024876370023925
6,0.388671875,3.025046161017606
6,0.3896484375,3.0251521227222784
6,0.390625,3.0253476467737257
6,0.3916015625,3.025199882750483
6,0.392578125,3.0251387375993444
6,0.3935546875,3.0250345604798405
6,0.39453125,3.0249589202660974
6,0.3955078125,3.0248149363948045
6,0.396484375,3.0247317972148755
6,0.3974609375,3.024661226729811
6,0.3984375,3.024775822520206
6,0.3994140625,3.024745292636893
6,0.400390625,3.0248863457413115
6,0.4013671875,3.025056101273885
6,0.40234375,3.02535850465145
6,0.4033203125,3.0256920659867346
6,0.404296875,3.0260822879142766
6,0.4052734375,3.026405372416197
6,0.40625,3.026773820510521
6,0.4072265625,3.026625479571219
6,0.408203125,3.026515879784028
6,0.4091796875,3.02630371596519
6,0.41015625,3.026032207261609
6,0.4111328125,3.02561545400768
6,0.412109375,3.025230805534872
6,0.4130859375,3.024847022440669
6,0.4140625,3.024606027894927
6,0.4150390625,3.02409861240884
6,0.416015625,3.0237242357343304
6,0.4169921875,3.0233863722370766
6,0.41796875,3.023133498910372
6,0.4189453125,3.022784004921879
6,0.419921875,3.0224764251450527
6,0.4208984375,3.022156933806946
6,0.421875,3.021878264086789
6,0.4228515625,3.021046885562627
6,0.423828125,3.020221463437451
6,0.4248046875,3.0194109997283705
6,0.42578125,3.0187064236193795
6,0.4267578125,3.017908268759064
6,0.427734375,3.0171699762583595
6,0.4287109375,3.0164186304664216
6,0.4296875,3.0158532880870523
6,0.4306640625,3.0151055613129176
6,0.431640625,3.0145681310576817
6,0.4326171875,3.0140500186587618
6,0.43359375,3.013593198836801
6,0.4345703125,3.012963307416634
6,0.435546875,3.012152167015289
6,0.4365234375,3.011170208481789
6,0.4375,3.0104804679740567
6,0.4384765625,3.009495865307392
6,0.439453125,3.008816644656522
6,0.4404296875,3.007957499540433
6,0.44140625,3.0068378489740213
6,0.4423828125,3.0054521363595894
6,0.443359375,3.004078684986945
6,0.4443359375,3.002644239865188
6,0.4453125,3.001298939413131
6,0.4462890625,2.999591796458929
6,0.447265625,2.997996877650885
6,0.4482421875,2.9964481012139386
6,0.44921875,2.995049756161401
6,0.4501953125,2.9935861928698646
6,0.451171875,2.9921512628708395
6,0.4521484375,2.990667581694563
6,0.453125,2.9893330414535253
6,0.4541015625,2.987582928879106
6,0.455078125,2.9859735261283795
6,0.4560546875,2.98438270885452
6,0.45703125,2.9828461132084647
6,0.4580078125,2.9811794383521124
6,0.458984375,2.979560999706137
6,0.4599609375,2.977942228805289
6,0.4609375,2.976579439989325
6,0.4619140625,2.975116602496362
6,0.462890625,2.9740240128548847
6,0.4638671875,2.9730880973978318
6,0.46484375,2.97226875041548
6,0.4658203125,2.971409384249464
6,0.466796875,2.9708510188123243
6,0.4677734375,2.970525039667139
6,0.46875,2.970160464268776
6,0.4697265625,2.9687544457753225
6,0.470703125,2.967226473927239
6,0.4716796875,2.965860316092533
6,0.47265625,2.9647778315113733
6,0.4736328125,2.963719483740745
6,0.474609375,2.9628024548632967
6,0.4755859375,2.96195385477001
6,0.4765625,2.9613381098598404
6,0.4775390625,2.96046529164739
6,0.478515625,2.959787970874972
6,0.4794921875,2.959175018176483
6,0.48046875,2.9586573614502
6,0.4814453125,2.957985551234588
6,0.482421875,2.957310569738041
6,0.4833984375,2.956598849319903
6,0.484375,2.9560017862488763
6,0.4853515625,2.95488869858981
6,0.486328125,2.953834711083988
6,0.4873046875,2.952784486249484
6,0.48828125,2.951834000871417
6,0.4892578125,2.9508043223929112
6,0.490234375,2.9499362281932187
6,0.4912109375,2.94920717259807
6,0.4921875,2.948805921924337
6,0.4931640625,2.948187111088893
6,0.494140625,2.9476563242449814
6,0.4951171875,2.946972965456724
6,0.49609375,2.946268015069865
6,0.4970703125,2.9451501243010902
6,0.498046875,2.9433375784602527
6,0.4990234375,2.9411835384351463
6,0.5,2.939921199022691
7,0.0009765625,4.865956645951271
7,0.001953125,4.699516165596618
7,0.0029296875,4.06069677823476
7,0.00390625,3.775133163171194
7,0.0048828125,3.634936898898789
7,0.005859375,3.5583443275707114
7,0.0068359375,3.499834844300118
7,0.0078125,3.4724736035356325
7,0.0087890625,3.441216080458956
7,0.009765625,3.4229492690290844
7,0.0107421875,3.4054473272962023
7,0.01171875,3.3920216362967297
7,0.0126953125,3.3770651300785968
7,0.013671875,3.365336453454197
7,0.0146484375,3.355924233406673
7,0.015625,3.351099604222468
7,0.0166015625,3.341561185409472
7,0.017578125,3.3358245129227644
7,0.0185546875,3.330313309266045
7,0.01953125,3.324551190552864
7,0.0205078125,3.317484776122697
7,0.021484375,3.3115705999966707
7,0.0224609375,3.305541491832685
7,0.0234375,3.3009552984907007
7,0.0244140625,3.294689754138828
7,0.025390625,3.290057462943399
7,0.0263671875,3.285675262554558
7,0.02734375,3.28250584346198
7,0.0283203125,3.2795454364877736
7,0.029296875,3.277745611397207
7,0.0302734375,3.276594355942417
7,0.03125,3.275492186063611
7,0.0322265625,3.270014825949498
7,0.033203125,3.264902236683024
7,0.0341796875,3.2605979469995803
7,0.03515625,3.2574189167736303
7,0.0361328125,3.254683475104565
7,0.037109375,3.2528603869665367
7,0.0380859375,3.251188305822962
7,0.0390625,3.2502120623281563
7,0.0400390625,3.24829836003468
7,0.041015625,3.246873380480695
7,0.0419921875,3.24533707186679
7,0.04296875,3.244134352779383
7,0.0439453125,3.242735513692057
7,0.044921875,3.241758078881018
7,0.0458984375,3.240948585585802
7,0.046875,3.240096996299714
7,0.0478515625,3.2373013885598385
7,0.048828125,3.2344587169338723
7,0.0498046875,3.231690284073653
7,0.05078125,3.229228577457635
7,0.0517578125,3.2265403761628337
7,0.052734375,3.22381045784108
7,0.0537109375,3.220644445434786
7,0.0546875,3.217561913950774
7,0.0556640625,3.2139278369287743
7,0.056640625,3.210659327436467
7,0.0576171875,3.207339071107649
7,0.05859375,3.2042769454581843
7,0.0595703125,3.20123453441569
7,0.060546875,3.1984387668520817
7,0.0615234375,3.195801442067866
7,0.0625,3.1930118803198413
7,0.0634765625,3.1881407192623983
7,0.064453125,3.1832022108085085
7,0.0654296875,3.178553448268683
7,0.06640625,3.1743114404953228
7,0.0673828125,3.170318839004726
7,0.068359375,3.166758112229143
7,0.0693359375,3.163425188297611
7,0.0703125,3.1606425499666417
7,0.0712890625,3.157829404900467
7,0.072265625,3.1554438300717607
7,0.0732421875,3.1531507111701305
7,0.07421875,3.1510668293511506
7,0.0751953125,3.148944215991236
7,0.076171875,3.147002908077725
7,0.0771484375,3.145208809891005
7,0.078125,3.143661719017301
7,0.0791015625,3.141670090738012
7,0.080078125,3.139961314978474
7,0.0810546875,3.1384446375707413
7,0.08203125,3.137160329291199
7,0.0830078125,3.135895356430774
7,0.083984375,3.1347573210660533
7,0.0849609375,3.1335594837685505
7,0.0859375,3.1324650276412025
7,0.0869140625,3.1310649995516293
7,0.087890625,3.12977004259359
7,0.0888671875,3.128426454914843
7,0.08984375,3.1271940381894874
7,0.0908203125,3.1258924591486568
7,0.091796875,3.124572215836051
7,0.0927734375,3.1231833004207448
7,0.09375,3.1217911603751527
7,0.0947265625,3.1197069853544077
7,0.095703125,3.1176135321044334
7,0.0966796875,3.115436449845246
7,0.09765625,3.113230173671543
7,0.0986328125,3.110949141585983
7,0.099609375,3.108736282642989
7,0.1005859375,3.1064951662663995
7,0.1015625,3.104430390708937
7,0.1025390625,3.1022843999782497
7,0.103515625,3.10038417390554
7,0.1044921875,3.0985910371389567
7,0.10546875,3.097004638890341
7,0.1064453125,3.095487675083489
7,0.107421875,3.0941301288436533
7,0.1083984375,3.092876113832187
7,0.109375,3.0917758006357485
7,0.1103515625,3.090419530813961
7,0.111328125,3.089224544343509
7,0.1123046875,3.0881186534997926
7,0.11328125,3.0871565335077453
7,0.1142578125,3.0862727774114207
7,0.115234375,3.0856020257295658
7,0.1162109375,3.0850612087935603
7,0.1171875,3.084740265009984
7,0.1181640625,3.0843140677612157
7,0.119140625,3.08393551556333
7,0.1201171875,3.0834146594105176
7,0.12109375,3.08289424755847
7,0.1220703125,3.0824614370620327
7,0.123046875,3.0823900764563144
7,0.1240234375,3.0827273998591203
7,0.125,3.083144567503476
7,0.1259765625,3.0827259450849254
7,0.126953125,3.082466673631253
7,0.1279296875,3.082700822688569
7,0.12890625,3.0833202632459726
7,0.1298828125,3.083956284455229
7,0.130859375,3.0844712848802605
7,0.1318359375,3.0847634554142203
7,0.1328125,3.085046533100249
7,0.1337890625,3.085189834050378
7,0.134765625,3.0854409135664174
7,0.1357421875,3.085704619260158
7,0.13671875,3.0860538353975966
7,0.1376953125,3.086386953865221
7,0.138671875,3.086782730199541
7,0.1396484375,3.0871825182080324
7,0.140625,3.087590624601009
7,0.1416015625,3.0876836384317725
7,0.142578125,3.087782233074384
7,0.1435546875,3.0878598853454657
7,0.14453125,3.087938387201116
7,0.1455078125,3.0879360106815503
7,0.146484375,3.087939383860993
7,0.1474609375,3.087888391140649
7,0.1484375,3.08787578647326
7,0.1494140625,3.0877160656764757
7,0.150390625,3.087567992642091
7,0.1513671875,3.0873164396632404
7,0.15234375,3.087023046502515
7,0.1533203125,3.0866658713456485
7,0.154296875,3.086385834099248
7,0.1552734375,3.086183094823531
7,0.15625,3.085989068105872
7,0.1572265625,3.085396534565955
7,0.158203125,3.08481741332772
7,0.1591796875,3.084322980611755
7,0.16015625,3.083920165072193
7,0.1611328125,3.0834944710134016
7,0.162109375,3.083091540034121
7,0.1630859375,3.0826893828811497
7,0.1640625,3.0824168670039724
7,0.1650390625,3.082150473820758
7,0.166015625,3.0820428959950483
7,0.1669921875,3.082013599778805
7,0.16796875,3.082115397402209
7,0.1689453125,3.0822721869631056
7,0.169921875,3.082535935541645
7,0.1708984375,3.08289140236262
7,0.171875,3.0833888066563184
7,0.1728515625,3.0838300861507184
7,0.173828125,3.084414735596672
7,0.1748046875,3.085069035772836
7,0.17578125,3.085787528312508
7,0.1767578125,3.086515784681453
7,0.177734375,3.0873128407953154
7,0.1787109375,3.0881370851376437
7,0.1796875,3.0890402721969155
7,0.1806640625,3.089869511835337
7,0.181640625,3.0907152527063317
7,0.1826171875,3.0914467165117
7,0.18359375,3.092052150997627
7,0.1845703125,3.09252843696495
7,0.185546875,3.0930599741506457
7,0.1865234375,3.093676669468832
7,0.1875,3.0941494446478632
7,0.1884765625,3.094005619219421
7,0.189453125,3.0937145589647765
7,0.1904296875,3.093508571696825
7,0.19140625,3.0933857004053755
7,0.1923828125,3.093189974495256
7,0.193359375,3.092888073549413
7,0.1943359375,3.092466571576045
7,0.1953125,3.09205343281054
7,0.1962890625,3.0915951836668576
7,0.197265625,3.091204334047744
7,0.1982421875,3.090823248707279
7,0.19921875,3.09050078740377
7,0.2001953125,3.090222243385762
7,0.201171875,3.090048167713816
7,0.2021484375,3.0899474319420825
7,0.203125,3.089897459846984
7,0.2041015625,3.089721744774538
7,0.205078125,3.089575002012144
7,0.2060546875,3.089454303463244
7,0.20703125,3.0893958587751507
7,0.2080078125,3.0893815859891203
7,0.208984375,3.0894517499078846
7,0.2099609375,3.089574234835803
7,0.2109375,3.089801492127228
7,0.2119140625,3.090062237540151
7,0.212890625,3.090473389827104
7,0.2138671875,3.0910020902328914
7,0.21484375,3.0916650302249926
7,0.2158203125,3.092389083214456
7,0.216796875,3.0931520749393493
7,0.2177734375,3.093910187652496
7,0.21875,3.094662017714021
7,0.2197265625,3.09525302804288
7,0.220703125,3.095887736887069
7,0.2216796875,3.0965610380149178
7,0.22265625,3.0972700212111888
7,0.2236328125,3.097983194113902
7,0.224609375,3.098718704967772
7,0.2255859375,3.0994441956875205
7,0.2265625,3.100209999700172
7,0.2275390625,3.100949078313831
7,0.228515625,3.101734742808516
7,0.2294921875,3.102526489008833
7,0.23046875,3.103348848550552
7,0.2314453125,3.104152665617859
7,0.232421875,3.104923210111553
7,0.2333984375,3.1056207848047728
7,0.234375,3.1062792808673008
7,0.2353515625,3.106831006912287
7,0.236328125,3.107364730682422
7,0.2373046875,3.107798741413028
7,0.23828125,3.1081315855442644
7,0.2392578125,3.108378213838605
7,0.240234375,3.1086191696436534
7,0.2412109375,3.108877360086184
7,0.2421875,3.109241075890279
7,0.2431640625,3.1097096843199674
7,0.244140625,3.11041906820042
7,0.2451171875,3.1113590031578777
7,0.24609375,3.11255941312828
7,0.2470703125,3.114070307117761
7,0.248046875,3.115996130711652
7,0.2490234375,3.118034727263688
7,0.25,3.119319354179665
7,0.2509765625,3.1191003068780185
7,0.251953125,3.118149540128992
7,0.2529296875,3.1173207607891253
7,0.25390625,3.116927167052129
7,0.2548828125,3.1168609830713723
7,0.255859375,3.1170717788483198
7,0.2568359375,3.117527578885238
7,0.2578125,3.1182455165994623
7,0.2587890625,3.119074804776184
7,0.259765625,3.1199894808418978
7,0.2607421875,3.1208811143987147
7,0.26171875,3.1217456910137056
7,0.2626953125,3.1225425434615723
7,0.263671875,3.123303988089091
7,0.2646484375,3.124036848009062
7,0.265625,3.124785458163412
7,0.2666015625,3.125460816199068
7,0.267578125,3.126169103954361
7,0.2685546875,3.1268856543027863
7,0.26953125,3.12762291161454
7,0.2705078125,3.1283647922423694
7,0.271484375,3.129150748331555
7,0.2724609375,3.129959439753234
7,0.2734375,3.13082072024598
7,0.2744140625,3.131662135165173
7,0.275390625,3.132539278650098
7,0.2763671875,3.1334155442546447
7,0.27734375,3.1343155428511102
7,0.2783203125,3.135187412183709
7,0.279296875,3.1360060491096338
7,0.2802734375,3.1367808568501765
7,0.28125,3.137648974502382
7,0.2822265625,3.138569982643864
7,0.283203125,3.1395862396460563
7,0.2841796875,3.140567008551881
7,0.28515625,3.1415062671285514
7,0.2861328125,3.1424440588361984
7,0.287109375,3.1434517189159825
7,0.2880859375,3.1445116778776154
7,0.2890625,3.1456267468536567
7,0.2900390625,3.1467033987339303
7,0.291015625,3.147783484852723
7,0.2919921875,3.1488323933185334
7,0.29296875,3.1498624068629497
7,0.2939453125,3.150833725587269
7,0.294921875,3.1517610039377946
7,0.2958984375,3.152653763519849
7,0.296875,3.153569321019425
7,0.2978515625,3.154432132790717
7,0.298828125,3.155301210725164
7,0.2998046875,3.156141902267541
7,0.30078125,3.1569836996939444
7,0.3017578125,3.1578425743206537
7,0.302734375,3.158774769871621
7,0.3037109375,3.159763189291821
7,0.3046875,3.160816795747741
7,0.3056640625,3.1618551675118827
7,0.306640625,3.162926813067222
7,0.3076171875,3.164010441683598
7,0.30859375,3.165131770302561
7,0.3095703125,3.166232655315297
7,0.310546875,3.1672651052689704
7,0.3115234375,3.168261122980138
7,0.3125,3.169404110743222
7,0.3134765625,3.17067825306767
7,0.314453125,3.172118895124665
7,0.3154296875,3.173549518877974
7,0.31640625,3.1749052615916105
7,0.3173828125,3.1761967733740315
7,0.318359375,3.177471804450614
7,0.3193359375,3.178713895476563
7,0.3203125,3.1799502182803456
7,0.3212890625,3.181124009047912
7,0.322265625,3.182291575323379
7,0.3232421875,3.183436008617342
7,0.32421875,3.1845750033601568
7,0.3251953125,3.185669079433418
7,0.326171875,3.186719755321004
7,0.3271484375,3.187715173168322
7,0.328125,3.188687661256744
7,0.3291015625,3.1895634089304568
7,0.330078125,3.1904131459291376
7,0.3310546875,3.191214881009636
7,0.33203125,3.191980846247505
7,0.3330078125,3.192691766211824
7,0.333984375,3.193371657728383
7,0.3349609375,3.1940154408499923
7,0.3359375,3.194704944011689
7,0.3369140625,3.195427541593572
7,0.337890625,3.1962057930982546
7,0.3388671875,3.196954996263649
7,0.33984375,3.1976822112142327
7,0.3408203125,3.198406633798414
7,0.341796875,3.1992086694306106
7,0.3427734375,3.2000661569924183
7,0.34375,3.200862619997644
7,0.3447265625,3.201395338101617
7,0.345703125,3.201836498000768
7,0.3466796875,3.2022960397331124
7,0.34765625,3.20278760827479
7,0.3486328125,3.2032264439040303
7,0.349609375,3.2035889021450807
7,0.3505859375,3.2038599045032257
7,0.3515625,3.20409833729053
7,0.3525390625,3.204286948792875
7,0.353515625,3.2044660901702597
7,0.3544921875,3.2045809206053666
7,0.35546875,3.2046387181922804
7,0.3564453125,3.2046372693251475
7,0.357421875,3.204622166016946
7,0.3583984375,3.2045892747879807
7,0.359375,3.2045155740974423
7,0.3603515625,3.2042876793197794
7,0.361328125,3.2039841649375127
7,0.3623046875,3.203618902173104
7,0.36328125,3.203208110057005
7,0.3642578125,3.20273985785674
7,0.365234375,3.2022550029581827
7,0.3662109375,3.2017431985452536
7,0.3671875,3.2012231018006467
7,0.3681640625,3.200660802680052
7,0.369140625,3.2001572963896923
7,0.3701171875,3.1997639347925566
7,0.37109375,3.199540825957332
7,0.3720703125,3.199353221019829
7,0.373046875,3.1989664678439445
7,0.3740234375,3.198420025686898
7,0.375,3.198212940388341
7,0.3759765625,3.1985342777504044
7,0.376953125,3.1991970962200247
7,0.3779296875,3.199702521200242
7,0.37890625,3.2000255701521425
7,0.3798828125,3.2004300327049355
7,0.380859375,3.201090312574688
7,0.3818359375,3.2019547953223757
7,0.3828125,3.2029565130378224
7,0.3837890625,3.203970550812336
7,0.384765625,3.205019452728496
7,0.3857421875,3.206065488990136
7,0.38671875,3.207113159350419
7,0.3876953125,3.208130223002952
7,0.388671875,3.209145423506725
7,0.3896484375,3.210139586599662
7,0.390625,3.2110831573994343
7,0.3916015625,3.2118746940856617
7,0.392578125,3.212645715998959
7,0.3935546875,3.213456263392997
7,0.39453125,3.214323506610948
7,0.3955078125,3.2151851156328592
7,0.396484375,3.2160369622088263
7,0.3974609375,3.2168605319887527
7,0.3984375,3.2176932723997926
7,0.3994140625,3.218501594733144
7,0.400390625,3.2193462509204176
7,0.4013671875,3.220199049560705
7,0.40234375,3.221067935363046
7,0.4033203125,3.2219147583846968
7,0.404296875,3.2227586303008366
7,0.4052734375,3.223615121581193
7,0.40625,3.224518212386438
7,0.4072265625,3.225368442213094
7,0.408203125,3.226234564739464
7,0.4091796875,3.2270881417659107
7,0.41015625,3.22793296329732
7,0.4111328125,3.228766651803399
7,0.412109375,3.2296190397060145
7,0.4130859375,3.230462555439903
7,0.4140625,3.23129510261656
7,0.4150390625,3.2320498821638664
7,0.416015625,3.232786990843301
7,0.4169921875,3.2335108745986267
7,0.41796875,3.2342424266441085
7,0.4189453125,3.2349569572151933
7,0.419921875,3.235682777543241
7,0.4208984375,3.2364317267094136
7,0.421875,3.237230474899315
7,0.4228515625,3.2379967117895503
7,0.423828125,3.238765479737717
7,0.4248046875,3.2395080773996163
7,0.42578125,3.2402259157106865
7,0.4267578125,3.240887559678422
7,0.427734375,3.24149059162376
7,0.4287109375,3.241990210105425
7,0.4296875,3.2423988773567505
7,0.4306640625,3.2426763010702357
7,0.431640625,3.2428875285187
7,0.4326171875,3.2430446110447293
7,0.43359375,3.243206379583373
7,0.4345703125,3.2432936973763336
7,0.435546875,3.243154169388834
7,0.4365234375,3.2428202283163743
7,0.4375,3.242670313361257
7,0.4384765625,3.2428198207275982
7,0.439453125,3.243114148957944
7,0.4404296875,3.243193590474354
7,0.44140625,3.24302571509426
7,0.4423828125,3.242750461560364
7,0.443359375,3.242458964263314
7,0.4443359375,3.2421241979727204
7,0.4453125,3.241734597677255
7,0.4462890625,3.2412215279166
7,0.447265625,3.240637750119212
7,0.4482421875,3.2399904179282752
7,0.44921875,3.2393024787007114
7,0.4501953125,3.238555350268713
7,0.451171875,3.237783491922392
7,0.4521484375,3.2370069625325724
7,0.453125,3.2362471651438764
7,0.4541015625,3.23541042233243
7,0.455078125,3.234552258763593
7,0.4560546875,3.233701763244791
7,0.45703125,3.232897501026029
7,0.4580078125,3.232126994730622
7,0.458984375,3.231412023125503
7,0.4599609375,3.2307241219575986
7,0.4609375,3.230067373778976
7,0.4619140625,3.2294093887902084
7,0.462890625,3.2288355356633383
7,0.4638671875,3.2283520167391657
7,0.46484375,3.227991316790149
7,0.4658203125,3.2277389428810146
7,0.466796875,3.227609451362317
7,0.4677734375,3.2275757065414674
7,0.46875,3.2275982525179963
7,0.4697265625,3.2275213405319847
7,0.470703125,3.227418747206663
7,0.4716796875,3.227307985838061
7,0.47265625,3.227242029080166
7,0.4736328125,3.2272175252213238
7,0.474609375,3.227258389141768
7,0.4755859375,3.227321072768505
7,0.4765625,3.2274073057203503
7,0.4775390625,3.2274500761754035
7,0.478515625,3.227491856760292
7,0.4794921875,3.2274883509936223
7,0.48046875,3.2274704285420737
7,0.4814453125,3.2274210950695146
7,0.482421875,3.227347427459863
7,0.4833984375,3.227211045340653
7,0.484375,3.227008158450725
7,0.4853515625,3.2266062269801603
7,0.486328125,3.226103813753161
7,0.4873046875,3.225537378293674
7,0.48828125,3.2249550762508146
7,0.4892578125,3.2243571642877424
7,0.490234375,3.2238292199524423
7,0.4912109375,3.2233967994915997
7,0.4921875,3.223123343449325
7,0.4931640625,3.222983007833587
7,0.494140625,3.223077527871282
7,0.4951171875,3.223368373646595
7,0.49609375,3.223751330262964
7,0.4970703125,3.2238327960054343
7,0.498046875,3.2231752832681813
7,0.4990234375,3.2218762394746583
7,0.5,3.220761479979225
8,0.0009765625,4.538015014141485
8,0.001953125,4.440233154274128
8,0.0029296875,4.157062258398367
8,0.00390625,4.021566057903756
8,0.0048828125,3.889888530439372
8,0.005859375,3.757593665552057
8,0.0068359375,3.64460976922709
8,0.0078125,3.5637389566641606
8,0.0087890625,3.497189664381644
8,0.009765625,3.4506327481724144
8,0.0107421875,3.4185289336468645
8,0.01171875,3.396134439905148
8,0.0126953125,3.376743690431016
8,0.013671875,3.362980157484417
8,0.0146484375,3.352899094556874
8,0.015625,3.3430209407232216
8,0.0166015625,3.327014659571428
8,0.017578125,3.311504799014842
8,0.0185546875,3.2988102432740547
8,0.01953125,3.289116051102126
8,0.0205078125,3.280168412504154
8,0.021484375,3.272804963772888
8,0.0224609375,3.2665534348362706
8,0.0234375,3.2608404878016364
8,0.0244140625,3.253701511953253
8,0.025390625,3.246959803538101
8,0.0263671875,3.240889163229239
8,0.02734375,3.2356594504458323
8,0.0283203125,3.2307620696184647
8,0.029296875,3.227205931645199
8,0.0302734375,3.224639125318212
8,0.03125,3.221613783433567
8,0.0322265625,3.2156130090020185
8,0.033203125,3.209452227104676
8,0.0341796875,3.2044403054456727
8,0.03515625,3.2007163319177008
8,0.0361328125,3.197385922522053
8,0.037109375,3.194571833819016
8,0.0380859375,3.192107924726377
8,0.0390625,3.1898731548211705
8,0.0400390625,3.1870815867003404
8,0.041015625,3.184471454999958
8,0.0419921875,3.182209294463481
8,0.04296875,3.1805324022951083
8,0.0439453125,3.1792293890496803
8,0.044921875,3.178590824108964
8,0.0458984375,3.1782316264915886
8,0.046875,3.177528580560917
8,0.0478515625,3.1755251355967795
8,0.048828125,3.173311416289979
8,0.0498046875,3.171337748558426
8,0.05078125,3.1696781971847674
8,0.0517578125,3.167939037970487
8,0.052734375,3.1663423629064686
8,0.0537109375,3.1648882065953483
8,0.0546875,3.1635421614333774
8,0.0556640625,3.161861781919418
8,0.056640625,3.1602564749683237
8,0.0576171875,3.15862612121896
8,0.05859375,3.156961710707656
8,0.0595703125,3.155240532339588
8,0.060546875,3.1538650678755937
8,0.0615234375,3.152649715124875
8,0.0625,3.150781517735103
8,0.0634765625,3.147142984343284
8,0.064453125,3.1431400286186086
8,0.0654296875,3.139569296627167
8,0.06640625,3.136438268189906
8,0.0673828125,3.1333000599967438
8,0.068359375,3.1301799783858693
8,0.0693359375,3.127132379684183
8,0.0703125,3.124252386449193
8,0.0712890625,3.1213271970714143
8,0.072265625,3.118748024908454
8,0.0732421875,3.1165470090257763
8,0.07421875,3.114659030116003
8,0.0751953125,3.112864943236833
8,0.076171875,3.1113032217273484
8,0.0771484375,3.109882522253089
8,0.078125,3.1083421762239114
8,0.0791015625,3.106181176232815
8,0.080078125,3.1039287132150597
8,0.0810546875,3.101824869555753
8,0.08203125,3.099881512106341
8,0.0830078125,3.097851359306895
8,0.083984375,3.095827112350062
8,0.0849609375,3.0937925528262467
8,0.0859375,3.091721064558824
8,0.0869140625,3.089398994618272
8,0.087890625,3.0871371261357576
8,0.0888671875,3.084974699683363
8,0.08984375,3.0829287972037656
8,0.0908203125,3.080945989150914
8,0.091796875,3.0792330526040224
8,0.0927734375,3.0776531449154274
8,0.09375,3.07570953391809
8,0.0947265625,3.0727194346950144
8,0.095703125,3.069469447885526
8,0.0966796875,3.066541362745903
8,0.09765625,3.064077046666402
8,0.0986328125,3.061799138768961
8,0.099609375,3.059676265013374
8,0.1005859375,3.057703989632116
8,0.1015625,3.0559359137319158
8,0.1025390625,3.054187007123466
8,0.103515625,3.052633366982332
8,0.1044921875,3.0512727242339204
8,0.10546875,3.050162305882807
8,0.1064453125,3.0492534056869
8,0.107421875,3.048649436629173
8,0.1083984375,3.048204388652182
8,0.109375,3.0476513215108145
8,0.1103515625,3.046579454206517
8,0.111328125,3.045382187752512
8,0.1123046875,3.0443011263499185
8,0.11328125,3.0434357736271287
8,0.1142578125,3.04264801975229
8,0.115234375,3.041974530614826
8,0.1162109375,3.041362579901901
8,0.1171875,3.0407840963153383
8,0.1181640625,3.0400158171806013
8,0.119140625,3.039162224513137
8,0.1201171875,3.038118636843243
8,0.12109375,3.0369115282851102
8,0.1220703125,3.0356597144318243
8,0.123046875,3.0347051567659573
8,0.1240234375,3.03403700108176
8,0.125,3.033060288846709
8,0.1259765625,3.030872719649394
8,0.126953125,3.0283224953470693
8,0.1279296875,3.025997011127806
8,0.12890625,3.023943115159944
8,0.1298828125,3.0218334336164667
8,0.130859375,3.019562144402885
8,0.1318359375,3.01713503830666
8,0.1328125,3.014661850998177
8,0.1337890625,3.012032980072119
8,0.134765625,3.0094421820532413
8,0.1357421875,3.006918576313536
8,0.13671875,3.004517709029676
8,0.1376953125,3.002177686223328
8,0.138671875,2.999997617231596
8,0.1396484375,2.997962994672556
8,0.140625,2.9960035219301133
8,0.1416015625,2.9938507841928885
8,0.142578125,2.9917701333462903
8,0.1435546875,2.9898691053583466
8,0.14453125,2.988210281521429
8,0.1455078125,2.986735712455587
8,0.146484375,2.9855298428618946
8,0.1474609375,2.984553795448329
8,0.1484375,2.983758742874209
8,0.1494140625,2.9829763423820808
8,0.150390625,2.982367326786233
8,0.1513671875,2.981957867558429
8,0.15234375,2.9817857668098733
8,0.1533203125,2.981817020618686
8,0.154296875,2.9821251448060053
8,0.1552734375,2.982578328476811
8,0.15625,2.982864752980636
8,0.1572265625,2.9825429419992924
8,0.158203125,2.9820586471819883
8,0.1591796875,2.981687316570473
8,0.16015625,2.981492592044915
8,0.1611328125,2.981335595994933
8,0.162109375,2.9812229376625683
8,0.1630859375,2.9811384224437587
8,0.1640625,2.981081035421404
8,0.1650390625,2.980879096257381
8,0.166015625,2.980604702117696
8,0.1669921875,2.980218347469638
8,0.16796875,2.979749892677768
8,0.1689453125,2.9791780375340107
8,0.169921875,2.9786061461909736
8,0.1708984375,2.978039394685229
8,0.171875,2.9774551256646125
8,0.1728515625,2.976692941919235
8,0.173828125,2.975993399624445
8,0.1748046875,2.975391528485225
8,0.17578125,2.97487290223319
8,0.1767578125,2.9743365189488573
8,0.177734375,2.9738505610295096
8,0.1787109375,2.97343131431273
8,0.1796875,2.973091634667908
8,0.1806640625,2.9727014642261818
8,0.181640625,2.9723860524873222
8,0.1826171875,2.972160734427232
8,0.18359375,2.97210920575724
8,0.1845703125,2.9723042309132697
8,0.185546875,2.9728708498162715
8,0.1865234375,2.9736153433973374
8,0.1875,2.973998335979424
8,0.1884765625,2.9734238236049144
8,0.189453125,2.9724811785690783
8,0.1904296875,2.971681762215342
8,0.19140625,2.9711904689313764
8,0.1923828125,2.970860114947512
8,0.193359375,2.9706450354495977
8,0.1943359375,2.97052314360335
8,0.1953125,2.970509228215544
8,0.1962890625,2.9704833090445617
8,0.197265625,2.9705841843891783
8,0.1982421875,2.970824302497737
8,0.19921875,2.9711725049737545
8,0.2001953125,2.971500831385732
8,0.201171875,2.9718495457616325
8,0.2021484375,2.972214530909061
8,0.203125,2.972525399170726
8,0.2041015625,2.9725538845923847
8,0.205078125,2.9725017665110824
8,0.2060546875,2.972479070706385
8,0.20703125,2.9725605148972822
8,0.2080078125,2.9726888675235026
8,0.208984375,2.9728783688851386
8,0.2099609375,2.973048839602488
8,0.2109375,2.9731296587225744
8,0.2119140625,2.9729794816345865
8,0.212890625,2.972735385094716
8,0.2138671875,2.972448234517815
8,0.21484375,2.972177679673957
8,0.2158203125,2.9719311560028454
8,0.216796875,2.971832278199715
8,0.2177734375,2.971865210645856
8,0.21875,2.9718418374832223
8,0.2197265625,2.9714180413124103
8,0.220703125,2.9709080244851327
8,0.2216796875,2.9705094955133315
8,0.22265625,2.970255751941308
8,0.2236328125,2.970020405119114
8,0.224609375,2.969810521245843
8,0.2255859375,2.9696673829368696
8,0.2265625,2.9696573688988974
8,0.2275390625,2.9697142389573083
8,0.228515625,2.969929745472617
8,0.2294921875,2.970266262482508
8,0.23046875,2.9706932205932124
8,0.2314453125,2.971149062794374
8,0.232421875,2.971694930912854
8,0.2333984375,2.972299805436145
8,0.234375,2.972871413387556
8,0.2353515625,2.973241162392809
8,0.236328125,2.973656972319804
8,0.2373046875,2.9742291694670344
8,0.23828125,2.9749482677944474
8,0.2392578125,2.975693213801776
8,0.240234375,2.976470598398367
8,0.2412109375,2.9772686033485325
8,0.2421875,2.978077077333161
8,0.2431640625,2.97879673105372
8,0.244140625,2.979539830067192
8,0.2451171875,2.980316215444531
8,0.24609375,2.981221520549453
8,0.2470703125,2.9823952773368023
8,0.248046875,2.983975184946757
8,0.2490234375,2.985764593400985
8,0.25,2.987150221261412
8,0.2509765625,2.9874322681409864
8,0.251953125,2.9872741342075457
8,0.2529296875,2.987239831328364
8,0.25390625,2.9875565102082025
8,0.2548828125,2.9881507763217474
8,0.255859375,2.988975584000868
8,0.2568359375,2.9899639585905944
8,0.2578125,2.9910739958088057
8,0.2587890625,2.992119787590773
8,0.259765625,2.99314134139882
8,0.2607421875,2.9941281839995257
8,0.26171875,2.995125808098849
8,0.2626953125,2.9961401607507696
8,0.263671875,2.997280447601759
8,0.2646484375,2.998550896491327
8,0.265625,2.99991097062305
8,0.2666015625,3.001201482811908
8,0.267578125,3.0025910399036784
8,0.2685546875,3.004141705622552
8,0.26953125,3.00586090691056
8,0.2705078125,3.007659563238493
8,0.271484375,3.009550703049808
8,0.2724609375,3.011509518305094
8,0.2734375,3.0135211237097272
8,0.2744140625,3.0154765203730425
8,0.275390625,3.0174007262455333
8,0.2763671875,3.0192173273898493
8,0.27734375,3.020913052716785
8,0.2783203125,3.022477401770999
8,0.279296875,3.0239777564645
8,0.2802734375,3.025421657357427
8,0.28125,3.026800275416474
8,0.2822265625,3.0279743555705068
8,0.283203125,3.02914304413697
8,0.2841796875,3.0303247171739325
8,0.28515625,3.031498245619535
8,0.2861328125,3.032592680116287
8,0.287109375,3.0336035748370525
8,0.2880859375,3.034488665008852
8,0.2890625,3.035223432405876
8,0.2900390625,3.035709614873818
8,0.291015625,3.0360303238143245
8,0.2919921875,3.036196620461724
8,0.29296875,3.0362105036729923
8,0.2939453125,3.0360122236803457
8,0.294921875,3.0356445668829557
8,0.2958984375,3.0351359538712206
8,0.296875,3.034501117033265
8,0.2978515625,3.03362506000339
8,0.298828125,3.032651075543424
8,0.2998046875,3.0316164871520046
8,0.30078125,3.0305084603645014
8,0.3017578125,3.029248059958726
8,0.302734375,3.0278457822634888
8,0.3037109375,3.026282548272699
8,0.3046875,3.024568760077606
8,0.3056640625,3.0226830333865755
8,0.306640625,3.0207954239588988
8,0.3076171875,3.018979831931395
8,0.30859375,3.0173079283287416
8,0.3095703125,3.015827595689168
8,0.310546875,3.0145996708442984
8,0.3115234375,3.013389140285023
8,0.3125,3.011647383584076
8,0.3134765625,3.0088897858440107
8,0.314453125,3.0056261121554955
8,0.3154296875,3.002417318605477
8,0.31640625,2.999515658110212
8,0.3173828125,2.9968808585830558
8,0.318359375,2.994449912307969
8,0.3193359375,2.9921086398512675
8,0.3203125,2.989756941960373
8,0.3212890625,2.987266079590909
8,0.322265625,2.9846799164875057
8,0.3232421875,2.9819710948917555
8,0.32421875,2.9791402630132
8,0.3251953125,2.9761953576761817
8,0.326171875,2.9732272730040004
8,0.3271484375,2.970243072404428
8,0.328125,2.967175000186681
8,0.3291015625,2.963888368295122
8,0.330078125,2.960538965088659
8,0.3310546875,2.957194556113525
8,0.33203125,2.9538652670100776
8,0.3330078125,2.9505100579234123
8,0.333984375,2.9471520566820177
8,0.3349609375,2.943788448078915
8,0.3359375,2.9404299556192166
8,0.3369140625,2.9370272097531216
8,0.337890625,2.9336447912478656
8,0.3388671875,2.930276413692284
8,0.33984375,2.926925059585808
8,0.3408203125,2.9235476254873225
8,0.341796875,2.9201187504921835
8,0.3427734375,2.916707530236086
8,0.34375,2.9135037024717865
8,0.3447265625,2.910484729884607
8,0.345703125,2.907626482890947
8,0.3466796875,2.90472580117043
8,0.34765625,2.901743918048397
8,0.3486328125,2.898739600816586
8,0.349609375,2.8957899510351366
8,0.3505859375,2.892926907160252
8,0.3515625,2.8901651844249376
8,0.3525390625,2.887441341870422
8,0.353515625,2.8848349786429925
8,0.3544921875,2.8823738870773834
8,0.35546875,2.8800480236960797
8,0.3564453125,2.877824365537504
8,0.357421875,2.8757524075326337
8,0.3583984375,2.8738207939573392
8,0.359375,2.8719226593226947
8,0.3603515625,2.8699039300760028
8,0.361328125,2.867950163890319
8,0.3623046875,2.8661945662285087
8,0.36328125,2.8646603161177326
8,0.3642578125,2.863266858540164
8,0.365234375,2.8619773885036746
8,0.3662109375,2.8607382234269747
8,0.3671875,2.8594940991093947
8,0.3681640625,2.858137885426979
8,0.369140625,2.856721770712229
8,0.3701171875,2.85526168114297
8,0.37109375,2.85381213532935
8,0.3720703125,2.852352251773367
8,0.373046875,2.850837302680709
8,0.3740234375,2.8493186492866425
8,0.375,2.847911129570722
8,0.3759765625,2.8464560611958976
8,0.376953125,2.845087784366513
8,0.3779296875,2.8437747676917136
8,0.37890625,2.8424873650176004
8,0.3798828125,2.841247650245496
8,0.380859375,2.8400186418233333
8,0.3818359375,2.8387577687739176
8,0.3828125,2.837462589664253
8,0.3837890625,2.836104944683842
8,0.384765625,2.834759684648761
8,0.3857421875,2.8334702248036514
8,0.38671875,2.832278044023737
8,0.3876953125,2.831224041789438
8,0.388671875,2.830333072753554
8,0.3896484375,2.829578803804458
8,0.390625,2.828894242785902
8,0.3916015625,2.8281923795910164
8,0.392578125,2.8276021134180285
8,0.3935546875,2.827195721655416
8,0.39453125,2.826980480216228
8,0.3955078125,2.826928215746559
8,0.396484375,2.8270205588724475
8,0.3974609375,2.8272407717526047
8,0.3984375,2.827560492269177
8,0.3994140625,2.8278994845490777
8,0.400390625,2.828263597492052
8,0.4013671875,2.828620473994684
8,0.40234375,2.828921932203167
8,0.4033203125,2.8291967996612417
8,0.404296875,2.829565343978244
8,0.4052734375,2.8301056528278234
8,0.40625,2.8307002813535376
8,0.4072265625,2.8311224174298286
8,0.408203125,2.8315179189777258
8,0.4091796875,2.83200616394224
8,0.41015625,2.832570618785498
8,0.4111328125,2.8331249740264086
8,0.412109375,2.833633514690339
8,0.4130859375,2.834122216150055
8,0.4140625,2.834660017949478
8,0.4150390625,2.8352665556696475
8,0.416015625,2.83601036030358
8,0.4169921875,2.83687433074846
8,0.41796875,2.8378121623072525
8,0.4189453125,2.8387537556474505
8,0.419921875,2.839660507837477
8,0.4208984375,2.840538617923925
8,0.421875,2.841449570382963
8,0.4228515625,2.8423734581271414
8,0.423828125,2.8433597328154754
8,0.4248046875,2.8443744545768626
8,0.42578125,2.8454030100095804
8,0.4267578125,2.8464247663082327
8,0.427734375,2.84740859159472
8,0.4287109375,2.848301937922169
8,0.4296875,2.8490843977387645
8,0.4306640625,2.8497552621707656
8,0.431640625,2.850471062043107
8,0.4326171875,2.851352481848973
8,0.43359375,2.852451979213478
8,0.4345703125,2.853745902467819
8,0.435546875,2.855118025705322
8,0.4365234375,2.856316191971268
8,0.4375,2.856953458732231
8,0.4384765625,2.856717694031611
8,0.439453125,2.8559390621672884
8,0.4404296875,2.855020655390928
8,0.44140625,2.8542561098909798
8,0.4423828125,2.853740731946148
8,0.443359375,2.8534745490156843
8,0.4443359375,2.8533790872138303
8,0.4453125,2.8533216976346165
8,0.4462890625,2.853112591809188
8,0.447265625,2.8527678532263967
8,0.4482421875,2.852350985377779
8,0.44921875,2.851914529768592
8,0.4501953125,2.85146647065974
8,0.451171875,2.8510881965008736
8,0.4521484375,2.8508317389677984
8,0.453125,2.8506412594924875
8,0.4541015625,2.850367238224609
8,0.455078125,2.8501293309421096
8,0.4560546875,2.8500534811966785
8,0.45703125,2.8501556354800868
8,0.4580078125,2.8503238633471706
8,0.458984375,2.8505304516397905
8,0.4599609375,2.8508244415647925
8,0.4609375,2.8512520975231177
8,0.4619140625,2.8517582694968984
8,0.462890625,2.85234839632542
8,0.4638671875,2.852992134066384
8,0.46484375,2.8536612540617536
8,0.4658203125,2.854310849857353
8,0.466796875,2.854912760415744
8,0.4677734375,2.8554947926372667
8,0.46875,2.856090967831674
8,0.4697265625,2.856554764417588
8,0.470703125,2.856900308058753
8,0.4716796875,2.8571347270195058
8,0.47265625,2.857264656588109
8,0.4736328125,2.857271951096952
8,0.474609375,2.857154938948184
8,0.4755859375,2.8570005954306548
8,0.4765625,2.856920824310533
8,0.4775390625,2.856925796429866
8,0.478515625,2.8570418350761115
8,0.4794921875,2.8572581867652693
8,0.48046875,2.857528426015457
8,0.4814453125,2.857806882020947
8,0.482421875,2.858092066614559
8,0.4833984375,2.858391557059854
8,0.484375,2.858632800546125
8,0.4853515625,2.8587021148431973
8,0.486328125,2.8587355913345225
8,0.4873046875,2.8588331089134167
8,0.48828125,2.8589506903929465
8,0.4892578125,2.858953920629926
8,0.490234375,2.8588136022802337
8,0.4912109375,2.858616299091336
8,0.4921875,2.858431913592061
8,0.4931640625,2.8582762697635253
8,0.494140625,2.8583290229233573
8,0.4951171875,2.858718622063147
8,0.49609375,2.8595393155918933
8,0.4970703125,2.8611318263477403
8,0.498046875,2.8638271542790474
8,0.4990234375,2.866895086957037
8,0.5,2.8682469342907093
0,0.0009765625,4.339920634571167
0,0.001953125,4.243425459342995
0,0.0029296875,4.04275576348925
0,0.00390625,3.878101007124422
0,0.0048828125,3.741071141795295
0,0.005859375,3.654211073047972
0,0.0068359375,3.6086722108485407
0,0.0078125,3.573609466348029
0,0.0087890625,3.529790375729476
0,0.009765625,3.490662586741726
0,0.0107421875,3.4634088593364947
0,0.01171875,3.442325145232985
0,0.0126953125,3.421882932235327
0,0.013671875,3.4051331974248225
0,0.0146484375,3.3923256771463475
0,0.015625,3.376586419417307
0,0.0166015625,3.352819899184504
0,0.017578125,3.3279428908115603
0,0.0185546875,3.3072705482824496
0,0.01953125,3.289744335507004
0,0.0205078125,3.273254051111967
0,0.021484375,3.2594950499846167
0,0.0224609375,3.2493381077022163
0,0.0234375,3.2403409784077293
0,0.0244140625,3.230142170430125
0,0.025390625,3.2211984428479306
0,0.0263671875,3.215422199933441
0,0.02734375,3.211933686464376
0,0.0283203125,3.209612025967086
0,0.029296875,3.2096085185310828
0,0.0302734375,3.211547645501195
0,0.03125,3.21101439908288
0,0.0322265625,3.204570994880496
0,0.033203125,3.196231742445629
0,0.0341796875,3.189891820501125
0,0.03515625,3.1853843403491617
0,0.0361328125,3.181457496986822
0,0.037109375,3.178636342671036
0,0.0380859375,3.1772044421810635
0,0.0390625,3.1757931459604336
0,0.0400390625,3.173103272638724
0,0.041015625,3.170351047392668
0,0.0419921875,3.168524537797628
0,0.04296875,3.1671115214569974
0,0.0439453125,3.1654950817223755
0,0.044921875,3.164334474098104
0,0.0458984375,3.163743400949492
0,0.046875,3.162107377611471
0,0.0478515625,3.1580781750627205
0,0.048828125,3.153281934713413
0,0.0498046875,3.149257537769179
0,0.05078125,3.145860583527318
0,0.0517578125,3.142587898504035
0,0.052734375,3.1399318143702715
0,0.0537109375,3.138187817151122
0,0.0546875,3.1366164945359696
0,0.0556640625,3.1345026512896976
0,0.056640625,3.132684815664305
0,0.0576171875,3.131830150234861
0,0.05859375,3.131574079412452
0,0.0595703125,3.131504435954449
0,0.060546875,3.132077610203538
0,0.0615234375,3.133121454214169
0,0.0625,3.1325170042090886
0,0.0634765625,3.1284780883721712
0,0.064453125,3.1228790139382654
0,0.0654296875,3.11775049713638
0,0.06640625,3.113217219649078
0,0.0673828125,3.108836608584836
0,0.068359375,3.104894184838112
0,0.0693359375,3.101643008337532
0,0.0703125,3.0985924143409176
0,0.0712890625,3.095183668864804
0,0.072265625,3.09189708085988
0,0.0732421875,3.089163515749472
0,0.07421875,3.086755067097387
0,0.0751953125,3.0843752009689323
0,0.076171875,3.082293279729148
0,0.0771484375,3.0805801681401164
0,0.078125,3.0785181866815723
0,0.0791015625,3.075454438627197
0,0.080078125,3.0720590402973333
0,0.0810546875,3.068978569163574
0,0.08203125,3.0661055589628816
0,0.0830078125,3.063219223457162
0,0.083984375,3.060619459936771
0,0.0849609375,3.0585068480044058
0,0.0859375,3.056512536512252
0,0.0869140625,3.0542623459140734
0,0.087890625,3.0521685480806675
0,0.0888671875,3.0505587525269418
0,0.08984375,3.0492050866963485
0,0.0908203125,3.047880084233582
0,0.091796875,3.0468743810059045
0,0.0927734375,3.046227256395635
0,0.09375,3.0450568314619937
0,0.0947265625,3.042593478898666
0,0.095703125,3.039640745614928
0,0.0966796875,3.037038467319581
0,0.09765625,3.034738150491694
0,0.0986328125,3.0324700210634776
0,0.099609375,3.03039025203107
0,0.1005859375,3.028626084568931
0,0.1015625,3.0268724252910504
0,0.1025390625,3.024817486096313
0,0.103515625,3.0227741415171545
0,0.1044921875,3.021035232491605
0,0.10546875,3.019481614696738
0,0.1064453125,3.017934824737048
0,0.107421875,3.016537740952318
0,0.1083984375,3.015299907026501
0,0.109375,3.013738750812888
0,0.1103515625,3.0114548663133007
0,0.111328125,3.0089288365674096
0,0.1123046875,3.006655065734047
0,0.11328125,3.0046074431672576
0,0.1142578125,3.002632019710137
0,0.115234375,3.000875972102683
0,0.1162109375,2.999432519528283
0,0.1171875,2.9980338590650946
0,0.1181640625,2.9963980836196016
0,0.119140625,2.9947433989476635
0,0.1201171875,2.993275357075092
0,0.12109375,2.991900904078208
0,0.1220703125,2.990545180191479
0,0.123046875,2.9894377657557687
0,0.1240234375,2.988617542450206
0,0.125,2.987386795541294
0,0.1259765625,2.985095543900997
0,0.126953125,2.9824376593571182
0,0.1279296875,2.980082939070257
0,0.12890625,2.9779536597062206
0,0.1298828125,2.975809173790418
0,0.130859375,2.973721121405284
0,0.1318359375,2.971798192938106
0,0.1328125,2.969896347913064
0,0.1337890625,2.967868927557256
0,0.134765625,2.9659695740752454
0,0.1357421875,2.9644052798143887
0,0.13671875,2.96306490780314
0,0.1376953125,2.961784012365017
0,0.138671875,2.9606318196549584
0,0.1396484375,2.9596024271586514
0,0.140625,2.9583386945608026
0,0.1416015625,2.956522957926601
0,0.142578125,2.954440043666798
0,0.1435546875,2.952399764052504
0,0.14453125,2.9503659289978548
0,0.1455078125,2.9482391617300983
0,0.146484375,2.9461598749231315
0,0.1474609375,2.9442447505537395
0,0.1484375,2.942342329614475
0,0.1494140625,2.940293048712661
0,0.150390625,2.938309558412552
0,0.1513671875,2.936594767295532
0,0.15234375,2.9350794951689965
0,0.1533203125,2.9336496429596424
0,0.154296875,2.93239002366497
0,0.1552734375,2.931298495779377
0,0.15625,2.929992438876889
0,0.1572265625,2.928132586350664
0,0.158203125,2.926069734588961
0,0.1591796875,2.92418739473542
0,0.16015625,2.922488924282177
0,0.1611328125,2.9208873075536106
0,0.162109375,2.919479592878598
0,0.1630859375,2.918330471158179
0,0.1640625,2.9172755423687566
0,0.1650390625,2.9161557413244883
0,0.166015625,2.9151384118409247
0,0.1669921875,2.9143778664272104
0,0.16796875,2.913791340043587
0,0.1689453125,2.9132647337045
0,0.169921875,2.912865424969652
0,0.1708984375,2.912614022436939
0,0.171875,2.912275228489236
0,0.1728515625,2.91163142489056
0,0.173828125,2.9108882588483365
0,0.1748046875,2.910258692910531
0,0.17578125,2.9097035233775963
0,0.1767578125,2.909137053159699
0,0.177734375,2.9086377638384624
0,0.1787109375,2.908264285510267
0,0.1796875,2.9078831008305035
0,0.1806640625,2.90734793936236
0,0.181640625,2.906769940088398
0,0.1826171875,2.90623779040524
0,0.18359375,2.9056518673255773
0,0.1845703125,2.9049361462207743
0,0.185546875,2.90424910167765
0,0.1865234375,2.9037180714883903
0,0.1875,2.903090813284277
0,0.1884765625,2.902072130857408
0,0.189453125,2.900949423772042
0,0.1904296875,2.899974164798764
0,0.19140625,2.899042045587742
0,0.1923828125,2.89801848031418
0,0.193359375,2.8969699692204163
0,0.1943359375,2.895975404635606
0,0.1953125,2.894958346716181
0,0.1962890625,2.893843045871836
0,0.197265625,2.8927820302109626
0,0.1982421875,2.8918982043028847
0,0.19921875,2.8911333487347326
0,0.2001953125,2.8904058702091486
0,0.201171875,2.889759291521748
0,0.2021484375,2.889188790487645
0,0.203125,2.8885028169298
0,0.2041015625,2.887551946162028
0,0.205078125,2.8865287841288
0,0.2060546875,2.885611030076134
0,0.20703125,2.884761511030786
0,0.2080078125,2.883912448123887
0,0.208984375,2.883136119106396
0,0.2099609375,2.882489705483767
0,0.2109375,2.8818730542117708
0,0.2119140625,2.881183897045136
0,0.212890625,2.88054117976918
0,0.2138671875,2.8800534921278205
0,0.21484375,2.8796673371537898
0,0.2158203125,2.8793143819759703
0,0.216796875,2.8790513749225184
0,0.2177734375,2.8788755852840064
0,0.21875,2.878541467796763
0,0.2197265625,2.877827541424875
0,0.220703125,2.8769505374523034
0,0.2216796875,2.8761593410844597
0,0.22265625,2.8754763575629187
0,0.2236328125,2.874866126243145
0,0.224609375,2.874399431670032
0,0.2255859375,2.8741317539258144
0,0.2265625,2.873987209125475
0,0.2275390625,2.8738913819210445
0,0.228515625,2.8739515377621645
0,0.2294921875,2.874244773095994
0,0.23046875,2.8747100531334757
0,0.2314453125,2.875293274170574
0,0.232421875,2.876065392525364
0,0.2333984375,2.8770553839864608
0,0.234375,2.8781052777528413
0,0.2353515625,2.879058101790445
0,0.236328125,2.880048646124736
0,0.2373046875,2.8812291382935733
0,0.23828125,2.882588236037702
0,0.2392578125,2.884075043537991
0,0.240234375,2.8857304210067616
0,0.2412109375,2.88756875323952
0,0.2421875,2.8894720974095804
0,0.2431640625,2.8913073652139483
0,0.244140625,2.89310216227277
0,0.2451171875,2.8948529712954283
0,0.24609375,2.8964565320604985
0,0.2470703125,2.897929835274453
0,0.248046875,2.8994988166811893
0,0.2490234375,2.9011272547913345
0,0.25,2.9021543502238334
0,0.2509765625,2.902054343668475
0,0.251953125,2.9013777127960574
0,0.2529296875,2.9007634266608284
0,0.25390625,2.900215193985542
0,0.2548828125,2.899502148268533
0,0.255859375,2.898612945334963
0,0.2568359375,2.897643704718146
0,0.2578125,2.8965868123141383
0,0.2587890625,2.8954186618364166
0,0.259765625,2.894279520377593
0,0.2607421875,2.8932825738878427
0,0.26171875,2.8924025264007738
0,0.2626953125,2.8916053521089564
0,0.263671875,2.8909612025373894
0,0.2646484375,2.890490025766946
0,0.265625,2.8900325699858262
0,0.2666015625,2.8894456068979406
0,0.267578125,2.888868555974651
0,0.2685546875,2.888448408289578
0,0.26953125,2.8881606679171123
0,0.2705078125,2.8879542046913524
0,0.271484375,2.8878918469165304
0,0.2724609375,2.888022078026888
0,0.2734375,2.8882588350189486
0,0.2744140625,2.888508193761896
0,0.275390625,2.888842421398077
0,0.2763671875,2.889321284325621
0,0.27734375,2.889874044180184
0,0.2783203125,2.8904189378099905
0,0.279296875,2.890983947063888
0,0.2802734375,2.891592307455064
0,0.28125,2.892112899917421
0,0.2822265625,2.8924090314874267
0,0.283203125,2.8926119314013943
0,0.2841796875,2.892838781193821
0,0.28515625,2.893048204738262
0,0.2861328125,2.893193394692568
0,0.287109375,2.8933382224099047
0,0.2880859375,2.8935468303279617
0,0.2890625,2.8937655693532225
0,0.2900390625,2.893918663468402
0,0.291015625,2.894068337095854
0,0.2919921875,2.894277248526512
0,0.29296875,2.8945134853428987
0,0.2939453125,2.894740603326045
0,0.294921875,2.894997238479389
0,0.2958984375,2.8952862081711443
0,0.296875,2.8954800559931724
0,0.2978515625,2.895470317815976
0,0.298828125,2.895374474466986
0,0.2998046875,2.895314354801289
0,0.30078125,2.895278010597575
0,0.3017578125,2.895234695231634
0,0.302734375,2.895239081490822
0,0.3037109375,2.895324925488755
0,0.3046875,2.89540592391096
0,0.3056640625,2.8953896073318064
0,0.306640625,2.895335679434115
0,0.3076171875,2.8952992566246323
0,0.30859375,2.8952352245599786
0,0.3095703125,2.8951334244576428
0,0.310546875,2.8951115928932443
0,0.3115234375,2.895199833022674
0,0.3125,2.8951359349643435
0,0.3134765625,2.8946921877212826
0,0.314453125,2.8941230164813785
0,0.3154296875,2.893703759042743
0,0.31640625,2.893422445994177
0,0.3173828125,2.8931881419552257
0,0.318359375,2.893020459239801
0,0.3193359375,2.892945483589993
0,0.3203125,2.892875642154415
0,0.3212890625,2.892727814256014
0,0.322265625,2.89258877546529
0,0.3232421875,2.892549105341537
0,0.32421875,2.89257546775242
0,0.3251953125,2.892613171810979
0,0.326171875,2.892697054224776
0,0.3271484375,2.892845055095097
0,0.328125,2.892942676870933
0,0.3291015625,2.892875586148709
0,0.330078125,2.892727789707466
0,0.3310546875,2.8925863998298227
0,0.33203125,2.892424022079961
0,0.3330078125,2.8922116398557
0,0.333984375,2.8920104025361058
0,0.3349609375,2.8918631066477136
0,0.3359375,2.891698746617996
0,0.3369140625,2.891452404810761
0,0.337890625,2.891211691100176
0,0.3388671875,2.8910545533848016
0,0.33984375,2.8909407340356625
0,0.3408203125,2.890828403930212
0,0.341796875,2.890773186554409
0,0.3427734375,2.890791050368374
0,0.34375,2.8907101790304486
0,0.3447265625,2.8903670420746392
0,0.345703125,2.889904954823116
0,0.3466796875,2.8894951708290595
0,0.34765625,2.8891383911875104
0,0.3486328125,2.888787748591153
0,0.349609375,2.8884698681364176
0,0.3505859375,2.888206982147125
0,0.3515625,2.887928701379348
0,0.3525390625,2.88756688802207
0,0.353515625,2.887178364341985
0,0.3544921875,2.886797217022993
0,0.35546875,2.886352028658305
0,0.3564453125,2.8857928523731817
0,0.357421875,2.885193387141148
0,0.3583984375,2.88461873165249
0,0.359375,2.8839864051869157
0,0.3603515625,2.8832029397057592
0,0.361328125,2.882374350025719
0,0.3623046875,2.881600318728668
0,0.36328125,2.8808325981715046
0,0.3642578125,2.88000217584659
0,0.365234375,2.879146686008876
0,0.3662109375,2.878321922419961
0,0.3671875,2.877498272851054
0,0.3681640625,2.876655569436413
0,0.369140625,2.875919892090007
0,0.3701171875,2.8754005426888045
0,0.37109375,2.875059501821757
0,0.3720703125,2.8747897723140428
0,0.373046875,2.874513910356344
0,0.3740234375,2.874056202529283
0,0.375,2.8729816359624687
0,0.3759765625,2.8709699334799543
0,0.376953125,2.8683397976411493
0,0.3779296875,2.8655152994725275
0,0.37890625,2.862660665585901
0,0.3798828125,2.859857969386025
0,0.380859375,2.857239815758484
0,0.3818359375,2.8548753784014003
0,0.3828125,2.852668728853444
0,0.3837890625,2.8504867368832314
0,0.384765625,2.8483389651955746
0,0.3857421875,2.846245876075995
0,0.38671875,2.844128696385318
0,0.3876953125,2.841907742955879
0,0.388671875,2.8396130417694025
0,0.3896484375,2.8372815521494394
0,0.390625,2.8348243035891483
0,0.3916015625,2.83214439730138
0,0.392578125,2.8293405443986352
0,0.3935546875,2.826518351429805
0,0.39453125,2.823656316228115
0,0.3955078125,2.820718038267895
0,0.396484375,2.817764024421656
0,0.3974609375,2.814858351846984
0,0.3984375,2.811961612355206
0,0.3994140625,2.809020365897801
0,0.400390625,2.8061044642711743
0,0.4013671875,2.80327559852637
0,0.40234375,2.800498037679723
0,0.4033203125,2.7977387797523727
0,0.404296875,2.7950441616366537
0,0.4052734375,2.792415016323781
0,0.40625,2.789686194339824
0,0.4072265625,2.786715222634967
0,0.408203125,2.783653596683418
0,0.4091796875,2.7806765608729784
0,0.41015625,2.77780392220061
0,0.4111328125,2.7750157179068617
0,0.412109375,2.77235705165578
0,0.4130859375,2.769859088775328
0,0.4140625,2.767454300370225
0,0.4150390625,2.76507256249171
0,0.416015625,2.7627723894882146
0,0.4169921875,2.76060606141756
0,0.41796875,2.7585319377348214
0,0.4189453125,2.7565147080074475
0,0.419921875,2.754603688433976
0,0.4208984375,2.752806592082341
0,0.421875,2.750979196842736
0,0.4228515625,2.7489869610142392
0,0.423828125,2.7469182660154874
0,0.4248046875,2.7448697171251664
0,0.42578125,2.742807542553772
0,0.4267578125,2.740698017584836
0,0.427734375,2.7386144835577704
0,0.4287109375,2.736626624839811
0,0.4296875,2.734694700741527
0,0.4306640625,2.7327642111068995
0,0.431640625,2.730900909231329
0,0.4326171875,2.729149530570961
0,0.43359375,2.7274504829988007
0,0.4345703125,2.725759818833226
0,0.435546875,2.7241354433227505
0,0.4365234375,2.7225657593415846
0,0.4375,2.720799862768198
0,0.4384765625,2.718639095333322
0,0.439453125,2.716337227422101
0,0.4404296875,2.714174867660238
0,0.44140625,2.7121703423643377
0,0.4423828125,2.7102718848660654
0,0.443359375,2.708527978832409
0,0.4443359375,2.706977912030819
0,0.4453125,2.7055411051217395
0,0.4462890625,2.7041397932850364
0,0.447265625,2.702850478284217
0,0.4482421875,2.701737409508853
0,0.44921875,2.700747108798859
0,0.4501953125,2.699825440134984
0,0.451171875,2.699015766169404
0,0.4521484375,2.6983319601469145
0,0.453125,2.697640138185462
0,0.4541015625,2.696811714896379
0,0.455078125,2.695943816567324
0,0.4560546875,2.695151627081893
0,0.45703125,2.6944168151418744
0,0.4580078125,2.6936946746896444
0,0.458984375,2.693034081959334
0,0.4599609375,2.692489610599744
0,0.4609375,2.6920128347488217
0,0.4619140625,2.6915371864689046
0,0.462890625,2.691120690599847
0,0.4638671875,2.690813723179837
0,0.46484375,2.690566686079856
0,0.4658203125,2.6903337946218886
0,0.466796875,2.6901734514737305
0,0.4677734375,2.6901253618679646
0,0.46875,2.690061190635558
0,0.4697265625,2.68984809624285
0,0.470703125,2.6896222478285914
0,0.4716796875,2.68951607057074
0,0.47265625,2.689494067117832
0,0.4736328125,2.6895011764519867
0,0.474609375,2.689584090464028
0,0.4755859375,2.6897831933609884
0,0.4765625,2.6900289635872845
0,0.4775390625,2.6902526809349
0,0.478515625,2.690535071783241
0,0.4794921875,2.6909536606166267
0,0.48046875,2.6914797389986047
0,0.4814453125,2.6920714124582137
0,0.482421875,2.692763312049531
0,0.4833984375,2.693553365698255
0,0.484375,2.6943021610401834
0,0.4853515625,2.694887897763264
0,0.486328125,2.6954157971387875
0,0.4873046875,2.6959851149619567
0,0.48828125,2.696542067781773
0,0.4892578125,2.6970104555578134
0,0.490234375,2.69742600723798
0,0.4912109375,2.697841281392501
0,0.4921875,2.6982188763592654
0,0.4931640625,2.698518557935933
0,0.494140625,2.6988422453572656
0,0.4951171875,2.699282186414031
0,0.49609375,2.699825715736973
0,0.4970703125,2.7004335869878986
0,0.498046875,2.70111585795482
0,0.4990234375,2.7017942412315463
0,0.5,2.7021213300147693
1,0.0009765625,4.589565347239244
1,0.001953125,4.4811531124791495
1,0.0029296875,3.888862211328101
1,0.00390625,3.7049305062595215
1,0.0048828125,3.630687907299173
1,0.005859375,3.599135296742858
1,0.0068359375,3.571672903127429
1,0.0078125,3.569424660176416
1,0.0087890625,3.562405799425336
1,0.009765625,3.5598658734835342
1,0.0107421875,3.5501994691265573
1,0.01171875,3.5397825387265325
1,0.0126953125,3.52439673483455
1,0.013671875,3.510943313444936
1,0.0146484375,3.4960490150347194
1,0.015625,3.482277416519464
1,0.0166015625,3.462540592855375
1,0.017578125,3.444973268390531
1,0.0185546875,3.4274106653247807
1,0.01953125,3.4119897230007186
1,0.0205078125,3.3961419727843367
1,0.021484375,3.3822885093613504
1,0.0224609375,3.368470633633558
1,0.0234375,3.356229124002081
1,0.0244140625,3.342417647303448
1,0.025390625,3.330343115114805
1,0.0263671875,3.318801464085169
1,0.02734375,3.309420106032129
1,0.0283203125,3.3006924359159577
1,0.029296875,3.293317870707847
1,0.0302734375,3.28559248065322
1,0.03125,3.2784266662724035
1,0.0322265625,3.2681845779757395
1,0.033203125,3.258524720271033
1,0.0341796875,3.248402830781872
1,0.03515625,3.2389358747126265
1,0.0361328125,3.229599179442284
1,0.037109375,3.221520799666957
1,0.0380859375,3.213897622501668
1,0.0390625,3.2073707004271235
1,0.0400390625,3.200413733558569
1,0.041015625,3.1944045122354607
1,0.0419921875,3.188726664107075
1,0.04296875,3.183962886756144
1,0.0439453125,3.179193109431428
1,0.044921875,3.174898977197865
1,0.0458984375,3.1704107135193893
1,0.046875,3.166116380186294
1,0.0478515625,3.1606736567990867
1,0.048828125,3.155666930170604
1,0.0498046875,3.150771619712766
1,0.05078125,3.146414829509073
1,0.0517578125,3.1421190039271245
1,0.052734375,3.1385214247103104
1,0.0537109375,3.1351834149334543
1,0.0546875,3.1323963495296203
1,0.0556640625,3.129317736131547
1,0.056640625,3.126723346186423
1,0.0576171875,3.124213566184938
1,0.05859375,3.1221385216482167
1,0.0595703125,3.120113834768948
1,0.060546875,3.118397173664184
1,0.0615234375,3.116437796391928
1,0.0625,3.114186392155096
1,0.0634765625,3.1100672111688508
1,0.064453125,3.1057463233480047
1,0.0654296875,3.101296928813416
1,0.06640625,3.0972240764321963
1,0.0673828125,3.093309687751556
1,0.068359375,3.089794014160649
1,0.0693359375,3.086373019877367
1,0.0703125,3.083356132298718
1,0.0712890625,3.0802529568299617
1,0.072265625,3.0774804377129925
1,0.0732421875,3.0747544148451165
1,0.07421875,3.0723564450165406
1,0.0751953125,3.070033779237127
1,0.076171875,3.0679729386815766
1,0.0771484375,3.065882349564921
1,0.078125,3.0639377340427787
1,0.0791015625,3.061598033980105
1,0.080078125,3.0594742703422506
1,0.0810546875,3.057374916067832
1,0.08203125,3.0554469646636395
1,0.0830078125,3.0534572749505813
1,0.083984375,3.0517053551168503
1,0.0849609375,3.050038324310908
1,0.0859375,3.0486114106405324
1,0.0869140625,3.0470395954928686
1,0.087890625,3.0457209675632457
1,0.0888671875,3.044440828905296
1,0.08984375,3.04326991956597
1,0.0908203125,3.042002625165603
1,0.091796875,3.040988261764201
1,0.0927734375,3.040046005702559
1,0.09375,3.0389778116500663
1,0.0947265625,3.036936043571247
1,0.095703125,3.034822943664464
1,0.0966796875,3.032850598712697
1,0.09765625,3.0312071556920226
1,0.0986328125,3.0295851712961457
1,0.099609375,3.028131790267621
1,0.1005859375,3.026722825379992
1,0.1015625,3.025508359203088
1,0.1025390625,3.02415819527281
1,0.103515625,3.022942318139399
1,0.1044921875,3.021691020675359
1,0.10546875,3.0205251614469693
1,0.1064453125,3.019285040896421
1,0.107421875,3.018203597871017
1,0.1083984375,3.0171620219232778
1,0.109375,3.016178610554
1,0.1103515625,3.0148243575601485
1,0.111328125,3.013592493005944
1,0.1123046875,3.012515643900443
1,0.11328125,3.011729443977492
1,0.1142578125,3.011008230110116
1,0.115234375,3.0104808464649646
1,0.1162109375,3.0100355096197324
1,0.1171875,3.009838201734925
1,0.1181640625,3.0096667690958547
1,0.119140625,3.009788286603545
1,0.1201171875,3.01007195218879
1,0.12109375,3.0106545868486085
1,0.1220703125,3.011277244663838
1,0.123046875,3.011753577623621
1,0.1240234375,3.0116958986714915
1,0.125,3.011091264786587
1,0.1259765625,3.009219271532719
1,0.126953125,3.0068340492212178
1,0.1279296875,3.0040080059495784
1,0.12890625,3.001149143509169
1,0.1298828125,2.998406339878021
1,0.130859375,2.9959647975344312
1,0.1318359375,2.993663987502352
1,0.1328125,2.9916086732526237
1,0.1337890625,2.989568120152532
1,0.134765625,2.987733229198717
1,0.1357421875,2.9859664586075736
1,0.13671875,2.9843732292544654
1,0.1376953125,2.982847938253633
1,0.138671875,2.9815543504102795
1,0.1396484375,2.980399467493109
1,0.140625,2.979417031189086
1,0.1416015625,2.978271618858348
1,0.142578125,2.977248461007609
1,0.1435546875,2.9762723818119445
1,0.14453125,2.975401792490396
1,0.1455078125,2.9744748682864848
1,0.146484375,2.973616322842544
1,0.1474609375,2.972755062825871
1,0.1484375,2.9720091471286145
1,0.1494140625,2.971198693140374
1,0.150390625,2.970533882628115
1,0.1513671875,2.9699209029758658
1,0.15234375,2.969443617273588
1,0.1533203125,2.9689951006520894
1,0.154296875,2.968717857197165
1,0.1552734375,2.96848847082253
1,0.15625,2.9682345601145057
1,0.1572265625,2.9675042834126737
1,0.158203125,2.966757855549562
1,0.1591796875,2.966060736337992
1,0.16015625,2.9655120032935987
1,0.1611328125,2.9649558361139814
1,0.162109375,2.9644952438757164
1,0.1630859375,2.964072368833592
1,0.1640625,2.963781039978401
1,0.1650390625,2.963447611055224
1,0.166015625,2.9632808999193325
1,0.1669921875,2.9632324984291936
1,0.16796875,2.963384036750188
1,0.1689453125,2.963642031446218
1,0.169921875,2.964167210213483
1,0.1708984375,2.9648823069504298
1,0.171875,2.965720880419541
1,0.1728515625,2.9663457982426893
1,0.173828125,2.9670544056232964
1,0.1748046875,2.967893743950844
1,0.17578125,2.9689419926911564
1,0.1767578125,2.970067409310513
1,0.177734375,2.9713990443930247
1,0.1787109375,2.972884696559588
1,0.1796875,2.9745466892861483
1,0.1806640625,2.9761682670329463
1,0.181640625,2.977918651080468
1,0.1826171875,2.97967828008587
1,0.18359375,2.981397887318005
1,0.1845703125,2.983056766406749
1,0.185546875,2.985114709851959
1,0.1865234375,2.9875819947051485
1,0.1875,2.989905799468219
1,0.1884765625,2.9912349050114475
1,0.189453125,2.9923754755077487
1,0.1904296875,2.993876723200952
1,0.19140625,2.9957524305273115
1,0.1923828125,2.9975546991870483
1,0.193359375,2.999277004112463
1,0.1943359375,3.000946429343521
1,0.1953125,3.002661343115664
1,0.1962890625,3.004225635133844
1,0.197265625,3.0057800253961138
1,0.1982421875,3.00727780172848
1,0.19921875,3.0087970410286995
1,0.2001953125,3.010241310377168
1,0.201171875,3.011695901462335
1,0.2021484375,3.0130907641889024
1,0.203125,3.014475889177132
1,0.2041015625,3.0156486234661
1,0.205078125,3.0168110936934727
1,0.2060546875,3.017929993843856
1,0.20703125,3.0191219183724085
1,0.2080078125,3.0203419925376336
1,0.208984375,3.021672904858528
1,0.2099609375,3.0230280046111866
1,0.2109375,3.0244799160406024
1,0.2119140625,3.025892135026377
1,0.212890625,3.027383608452304
1,0.2138671875,3.028866457923004
1,0.21484375,3.0304123440729267
1,0.2158203125,3.031920406795767
1,0.216796875,3.0334162542663274
1,0.2177734375,3.034816126476583
1,0.21875,3.036242336165471
1,0.2197265625,3.03747275943692
1,0.220703125,3.0387247796779318
1,0.2216796875,3.03988753658676
1,0.22265625,3.041059367588688
1,0.2236328125,3.0422171194329986
1,0.224609375,3.0434466623724266
1,0.2255859375,3.0446687215279225
1,0.2265625,3.0459722771761744
1,0.2275390625,3.047239644812749
1,0.228515625,3.0485988105501507
1,0.2294921875,3.04996984354227
1,0.23046875,3.0514187417328418
1,0.2314453125,3.052857064907073
1,0.232421875,3.0543491684723474
1,0.2333984375,3.0558006714929387
1,0.234375,3.05722246633741
1,0.2353515625,3.0583946481439237
1,0.236328125,3.0595069910145107
1,0.2373046875,3.060527510415196
1,0.23828125,3.0615339276603293
1,0.2392578125,3.062462516560442
1,0.240234375,3.06343146333765
1,0.2412109375,3.064393246951763
1,0.2421875,3.065395253126348
1,0.2431640625,3.066292490447118
1,0.244140625,3.0672370003390044
1,0.2451171875,3.0680321550711547
1,0.24609375,3.068497001232707
1,0.2470703125,3.068662857549937
1,0.248046875,3.0692633093495334
1,0.2490234375,3.070519741978692
1,0.25,3.0716778509263065
1,0.2509765625,3.071630177772541
1,0.251953125,3.071508622587002
1,0.2529296875,3.072089782097478
1,0.25390625,3.0731522298020466
1,0.2548828125,3.073939350153684
1,0.255859375,3.0743884729502677
1,0.2568359375,3.0746439186682744
1,0.2578125,3.0748615084447555
1,0.2587890625,3.074876407494581
1,0.259765625,3.0748614688993854
1,0.2607421875,3.074813781804854
1,0.26171875,3.074806983509084
1,0.2626953125,3.074762806213939
1,0.263671875,3.074810801953876
1,0.2646484375,3.074885138433696
1,0.265625,3.074921564616845
1,0.2666015625,3.0746562318680613
1,0.267578125,3.074348542790976
1,0.2685546875,3.074062207300233
1,0.26953125,3.0738807329513724
1,0.2705078125,3.073689942228846
1,0.271484375,3.0735530173580887
1,0.2724609375,3.0733951137971727
1,0.2734375,3.073268312817448
1,0.2744140625,3.073046333247965
1,0.275390625,3.0728805680010693
1,0.2763671875,3.0727074008674577
1,0.27734375,3.0725820595684548
1,0.2783203125,3.0724249570799382
1,0.279296875,3.0723078041514325
1,0.2802734375,3.072122093083687
1,0.28125,3.0718406692106384
1,0.2822265625,3.0711573761744817
1,0.283203125,3.070341199319129
1,0.2841796875,3.069391552012476
1,0.28515625,3.068431982686813
1,0.2861328125,3.0674411863061235
1,0.287109375,3.0665374626727897
1,0.2880859375,3.065680572617285
1,0.2890625,3.064942517071209
1,0.2900390625,3.0641841254769657
1,0.291015625,3.06352015018734
1,0.2919921875,3.062858643111558
1,0.29296875,3.0622159409872145
1,0.2939453125,3.0615004620547377
1,0.294921875,3.060842897071676
1,0.2958984375,3.0601942540986777
1,0.296875,3.059504849109949
1,0.2978515625,3.058508590454274
1,0.298828125,3.057427229702586
1,0.2998046875,3.056267563145818
1,0.30078125,3.0550575081773643
1,0.3017578125,3.053676637439696
1,0.302734375,3.0522305415620687
1,0.3037109375,3.0506837265597944
1,0.3046875,3.0490866617217467
1,0.3056640625,3.0473263500430128
1,0.306640625,3.045606625689804
1,0.3076171875,3.0438773492984468
1,0.30859375,3.042138353446656
1,0.3095703125,3.0403616764450074
1,0.310546875,3.038847140853761
1,0.3115234375,3.037587544311262
1,0.3125,3.036283539926224
1,0.3134765625,3.0343582564297287
1,0.314453125,3.0323915415196736
1,0.3154296875,3.0306767074224976
1,0.31640625,3.029214256180476
1,0.3173828125,3.02769686791196
1,0.318359375,3.0261354155034006
1,0.3193359375,3.024517645903685
1,0.3203125,3.0229118539143496
1,0.3212890625,3.021143805592131
1,0.322265625,3.019329121027781
1,0.3232421875,3.0174038579252604
1,0.32421875,3.0154161105282062
1,0.3251953125,3.013291337886701
1,0.326171875,3.011157503366042
1,0.3271484375,3.0089654258391985
1,0.328125,3.006695231475472
1,0.3291015625,3.0041229287276123
1,0.330078125,3.0015035081154564
1,0.3310546875,2.9988733581292
1,0.33203125,2.9962851687331504
1,0.3330078125,2.9936244939635746
1,0.333984375,2.9909968935208746
1,0.3349609375,2.9883742872190853
1,0.3359375,2.985806772002487
1,0.3369140625,2.9831397284704515
1,0.337890625,2.980515668459532
1,0.3388671875,2.977889591729813
1,0.33984375,2.975324771817783
1,0.3408203125,2.972729198850887
1,0.341796875,2.970166870842243
1,0.3427734375,2.9675602615396013
1,0.34375,2.9649486560361447
1,0.3447265625,2.9620771869548737
1,0.345703125,2.959216261532717
1,0.3466796875,2.956320894090771
1,0.34765625,2.953449023200036
1,0.3486328125,2.9505363081627234
1,0.349609375,2.9477027549772816
1,0.3505859375,2.9449266497364963
1,0.3515625,2.942299225178158
1,0.3525390625,2.9397019017920063
1,0.353515625,2.937277779606147
1,0.3544921875,2.9349755957604127
1,0.35546875,2.932867697379139
1,0.3564453125,2.930872390568887
1,0.357421875,2.9290633655188363
1,0.3583984375,2.92736702175933
1,0.359375,2.9258186160955493
1,0.3603515625,2.924221238460659
1,0.361328125,2.922744126581529
1,0.3623046875,2.9213366872902777
1,0.36328125,2.920071882320097
1,0.3642578125,2.9188583113740965
1,0.365234375,2.917730737358995
1,0.3662109375,2.9166040987675363
1,0.3671875,2.915585719555282
1,0.3681640625,2.9145569838425534
1,0.369140625,2.913585974809532
1,0.3701171875,2.912619852421513
1,0.37109375,2.9118981908196844
1,0.3720703125,2.911267750443124
1,0.373046875,2.910265012732286
1,0.3740234375,2.908607246161829
1,0.375,2.9069644576617657
1,0.3759765625,2.9054427189519
1,0.376953125,2.9039822666938337
1,0.3779296875,2.9019145169480667
1,0.37890625,2.899526903947564
1,0.3798828125,2.897308653732051
1,0.380859375,2.895411700044731
1,0.3818359375,2.893573550366826
1,0.3828125,2.891832253508404
1,0.3837890625,2.8901213733927773
1,0.384765625,2.888558196298934
1,0.3857421875,2.887041644574402
1,0.38671875,2.8856505490665016
1,0.3876953125,2.884314838137248
1,0.388671875,2.8830680087595537
1,0.3896484375,2.8818421004562214
1,0.390625,2.8807682167088218
1,0.3916015625,2.8797313056096763
1,0.392578125,2.8788524959669366
1,0.3935546875,2.8780156694707304
1,0.39453125,2.8772950032892983
1,0.3955078125,2.8766541201487144
1,0.396484375,2.876156860581192
1,0.3974609375,2.8756989171056877
1,0.3984375,2.8753125179904
1,0.3994140625,2.8748665152925947
1,0.400390625,2.8744870642935614
1,0.4013671875,2.8741251825821506
1,0.40234375,2.8738531020394293
1,0.4033203125,2.873579807563401
1,0.404296875,2.873337217443196
1,0.4052734375,2.8730807514526324
1,0.40625,2.8729519980040177
1,0.4072265625,2.8727742779905565
1,0.408203125,2.872703337480864
1,0.4091796875,2.8725685575619884
1,0.41015625,2.872386590126647
1,0.4111328125,2.8721210160050696
1,0.412109375,2.871882727707083
1,0.4130859375,2.871618287090532
1,0.4140625,2.871368848932468
1,0.4150390625,2.8710193173210983
1,0.416015625,2.8707369382050776
1,0.4169921875,2.8705073082879147
1,0.41796875,2.8703798827014517
1,0.4189453125,2.870252132689591
1,0.419921875,2.8701897310050195
1,0.4208984375,2.870129048668913
1,0.421875,2.870076136674274
1,0.4228515625,2.869835739802188
1,0.423828125,2.8695904394009664
1,0.4248046875,2.869330196428037
1,0.42578125,2.869120930421595
1,0.4267578125,2.868879320677664
1,0.427734375,2.868662243735905
1,0.4287109375,2.8684171941712484
1,0.4296875,2.868236020651869
1,0.4306640625,2.8680226435398755
1,0.431640625,2.8678610909994933
1,0.4326171875,2.867656756672538
1,0.43359375,2.8674967624599708
1,0.4345703125,2.8673385144229986
1,0.435546875,2.8671804537796475
1,0.4365234375,2.866868777075416
1,0.4375,2.86641670257395
1,0.4384765625,2.865569331223647
1,0.439453125,2.8646140749362337
1,0.4404296875,2.8635078961900327
1,0.44140625,2.862375044549584
1,0.4423828125,2.8612340319093
1,0.443359375,2.860141156119555
1,0.4443359375,2.858986894425497
1,0.4453125,2.857847176855483
1,0.4462890625,2.856651925452188
1,0.447265625,2.855525912355614
1,0.4482421875,2.854390470700048
1,0.44921875,2.8533041817135523
1,0.4501953125,2.8522004004431016
1,0.451171875,2.8511429529467307
1,0.4521484375,2.850080127950641
1,0.453125,2.8490876834034795
1,0.4541015625,2.8480089804916258
1,0.455078125,2.8469769198496224
1,0.4560546875,2.8459126422739662
1,0.45703125,2.844887917365099
1,0.4580078125,2.8438666403126884
1,0.458984375,2.8429422123121544
1,0.4599609375,2.8420683102876496
1,0.4609375,2.8413372183792163
1,0.4619140625,2.8406532421738184
1,0.462890625,2.840123687017772
1,0.4638671875,2.8396577036030988
1,0.46484375,2.839314338607525
1,0.4658203125,2.8390335602622296
1,0.466796875,2.838890036768507
1,0.4677734375,2.838816419403224
1,0.46875,2.838856170353504
1,0.4697265625,2.838759411743521
1,0.470703125,2.8387624972826173
1,0.4716796875,2.8388126958085915
1,0.47265625,2.838974990965464
1,0.4736328125,2.8391850216767582
1,0.474609375,2.8395320115724485
1,0.4755859375,2.8399574997230883
1,0.4765625,2.840505677760917
1,0.4775390625,2.841011195612733
1,0.478515625,2.841574391882258
1,0.4794921875,2.842120931757877
1,0.48046875,2.8427122418636155
1,0.4814453125,2.843243483906552
1,0.482421875,2.843749994898311
1,0.4833984375,2.8441848190755006
1,0.484375,2.844712385660204
1,0.4853515625,2.845230321042436
1,0.486328125,2.845860985141966
1,0.4873046875,2.8464791324516043
1,0.48828125,2.847185572834468
1,0.4892578125,2.847974818344349
1,0.490234375,2.848944146267578
1,0.4912109375,2.8500137129697127
1,0.4921875,2.8512675187418988
1,0.4931640625,2.852561138736086
1,0.494140625,2.8539362683871627
1,0.4951171875,2.8551861752156418
1,0.49609375,2.8563731014952567
1,0.4970703125,2.857505612783501
1,0.498046875,2.858653282832664
1,0.4990234375,2.8596154179674187
1,0.5,2.8601833202611133
2,0.0009765625,4.714031701514602
2,0.001953125,4.597196027488813
2,0.0029296875,4.175691170616935
2,0.00390625,3.958792996813608
2,0.0048828125,3.815803831502511
2,0.005859375,3.716554349540812
2,0.0068359375,3.627777037527311
2,0.0078125,3.558736800612428
2,0.0087890625,3.4901985965006994
2,0.009765625,3.440906985585769
2,0.0107421875,3.4067325108919264
2,0.01171875,3.385749374637113
2,0.0126953125,3.36978348188169
2,0.013671875,3.3605445225631243
2,0.0146484375,3.35424396284018
2,0.015625,3.3502852134691543
2,0.0166015625,3.3419268979481687
2,0.017578125,3.334684571704919
2,0.0185546875,3.3274687203562845
2,0.01953125,3.3205342055629474
2,0.0205078125,3.312546483122377
2,0.021484375,3.305544296962263
2,0.0224609375,3.298850171584043
2,0.0234375,3.292582660923287
2,0.0244140625,3.284512942689952
2,0.025390625,3.2769483658281757
2,0.0263671875,3.269727294555947
2,0.02734375,3.2635697566888
2,0.0283203125,3.257835078723241
2,0.029296875,3.253566573949801
2,0.0302734375,3.2502687345392367
2,0.03125,3.2467530066831936
2,0.0322265625,3.2400525703736847
2,0.033203125,3.2335870751873177
2,0.0341796875,3.228328646769148
2,0.03515625,3.2243900273866246
2,0.0361328125,3.220958886305307
2,0.037109375,3.2183165645255936
2,0.0380859375,3.215997497495921
2,0.0390625,3.2141330353580844
2,0.0400390625,3.211765710603262
2,0.041015625,3.209773461284536
2,0.0419921875,3.2080335793626333
2,0.04296875,3.206670575506616
2,0.0439453125,3.205364921712372
2,0.044921875,3.2046581811333223
2,0.0458984375,3.2042841037420127
2,0.046875,3.2039896121024527
2,0.0478515625,3.202750716215731
2,0.048828125,3.2016038409502974
2,0.0498046875,3.200713064912945
2,0.05078125,3.2001879694934416
2,0.0517578125,3.199623618416232
2,0.052734375,3.1992328401406107
2,0.0537109375,3.198876256344523
2,0.0546875,3.1986887266190847
2,0.0556640625,3.1981785180347257
2,0.056640625,3.1978028369948577
2,0.0576171875,3.1974008433045658
2,0.05859375,3.197144032881391
2,0.0595703125,3.196828764859347
2,0.060546875,3.1966365311556304
2,0.0615234375,3.19651742576983
2,0.0625,3.1960501861160853
2,0.0634765625,3.193952254194985
2,0.064453125,3.1917243867298724
2,0.0654296875,3.1897843305560905
2,0.06640625,3.188088933119194
2,0.0673828125,3.186430899186505
2,0.068359375,3.184919134656255
2,0.0693359375,3.1833292926148324
2,0.0703125,3.1817287103869067
2,0.0712890625,3.179798077608343
2,0.072265625,3.1778892612224467
2,0.0732421875,3.175944019422429
2,0.07421875,3.1740848066238727
2,0.0751953125,3.1722328660396144
2,0.076171875,3.170636568829777
2,0.0771484375,3.1692376655716523
2,0.078125,3.1679572438890458
2,0.0791015625,3.166308060006463
2,0.080078125,3.1647418494308344
2,0.0810546875,3.163302172979302
2,0.08203125,3.16203632326958
2,0.0830078125,3.1607647105927184
2,0.083984375,3.1596393290003397
2,0.0849609375,3.1586017702587554
2,0.0859375,3.15767030845078
2,0.0869140625,3.1565661087772985
2,0.087890625,3.155569772998017
2,0.0888671875,3.1546453265450687
2,0.08984375,3.153899910036217
2,0.0908203125,3.153216056054809
2,0.091796875,3.152715583322029
2,0.0927734375,3.152311946822405
2,0.09375,3.1517652503400195
2,0.0947265625,3.1504558583329376
2,0.095703125,3.149089378436692
2,0.0966796875,3.1479435493864405
2,0.09765625,3.147076778876467
2,0.0986328125,3.1463077814050315
2,0.099609375,3.1456986169607912
2,0.1005859375,3.1451511912868577
2,0.1015625,3.1447017339628447
2,0.1025390625,3.14410934877294
2,0.103515625,3.1435892996651504
2,0.1044921875,3.143112600880252
2,0.10546875,3.142730680866167
2,0.1064453125,3.142338075324848
2,0.107421875,3.142045487284632
2,0.1083984375,3.1417869443264963
2,0.109375,3.1415631277999645
2,0.1103515625,3.141083366198686
2,0.111328125,3.1406118627330715
2,0.1123046875,3.140120072802185
2,0.11328125,3.1396604084743065
2,0.1142578125,3.13915847551692
2,0.115234375,3.138745395409275
2,0.1162109375,3.1383603220821987
2,0.1171875,3.137977049822875
2,0.1181640625,3.137347493072998
2,0.119140625,3.136694779687038
2,0.1201171875,3.136020622869312
2,0.12109375,3.135436634514388
2,0.1220703125,3.134797139752719
2,0.123046875,3.134075141101869
2,0.1240234375,3.133277233470848
2,0.125,3.132237598472534
2,0.1259765625,3.1301841559982124
2,0.126953125,3.127849106586576
2,0.1279296875,3.1254014880713585
2,0.12890625,3.122854387559812
2,0.1298828125,3.120233876845338
2,0.130859375,3.117679912717841
2,0.1318359375,3.115135656553747
2,0.1328125,3.1126830288194136
2,0.1337890625,3.110172049119637
2,0.134765625,3.1077933468801877
2,0.1357421875,3.1055087945116697
2,0.13671875,3.1033457122678505
2,0.1376953125,3.101201475561654
2,0.138671875,3.0991419923654164
2,0.1396484375,3.097112506195544
2,0.140625,3.095120646309655
2,0.1416015625,3.092945281593327
2,0.142578125,3.0908175009662138
2,0.1435546875,3.088751442180324
2,0.14453125,3.086816674071532
2,0.1455078125,3.0849442337932222
2,0.146484375,3.083189294183531
2,0.1474609375,3.081477922450837
2,0.1484375,3.0798306499233705
2,0.1494140625,3.0781111789401283
2,0.150390625,3.0764736518518583
2,0.1513671875,3.074886767235501
2,0.15234375,3.0734308076628083
2,0.1533203125,3.072028406898841
2,0.154296875,3.070722169239634
2,0.1552734375,3.069531637347553
2,0.15625,3.0685054867798423
2,0.1572265625,3.0673370601366825
2,0.158203125,3.066269311826604
2,0.1591796875,3.0652430575171694
2,0.16015625,3.0642438503547145
2,0.1611328125,3.0632147034159423
2,0.162109375,3.0622059410557205
2,0.1630859375,3.0611265627913804
2,0.1640625,3.059995298044459
2,0.1650390625,3.058703514803997
2,0.166015625,3.057453631451059
2,0.1669921875,3.0562642335261065
2,0.16796875,3.055168728602587
2,0.1689453125,3.054077579419425
2,0.169921875,3.0530338937906496
2,0.1708984375,3.0520011407954004
2,0.171875,3.0510242401897942
2,0.1728515625,3.049937438934508
2,0.173828125,3.0488921631716277
2,0.1748046875,3.0478387805207188
2,0.17578125,3.046813626440717
2,0.1767578125,3.045791246408466
2,0.177734375,3.044865421116205
2,0.1787109375,3.0440061494255573
2,0.1796875,3.0432256017466845
2,0.1806640625,3.0423684244420754
2,0.181640625,3.0415309827710315
2,0.1826171875,3.040669555460129
2,0.18359375,3.0398865365093672
2,0.1845703125,3.039219325962571
2,0.185546875,3.038794164779123
2,0.1865234375,3.0385298923566504
2,0.1875,3.0380275926649225
2,0.1884765625,3.0366376918932936
2,0.189453125,3.034898814876449
2,0.1904296875,3.033183028502632
2,0.19140625,3.0316335014634643
2,0.1923828125,3.030190249136187
2,0.193359375,3.028829218491987
2,0.1943359375,3.0274325792401444
2,0.1953125,3.0260108913487094
2,0.1962890625,3.0244593982645758
2,0.197265625,3.022942896595822
2,0.1982421875,3.021468169522336
2,0.19921875,3.0200542676245754
2,0.2001953125,3.018619716826378
2,0.201171875,3.017220609306964
2,0.2021484375,3.015810085381593
2,0.203125,3.0143132057438806
2,0.2041015625,3.012494284187904
2,0.205078125,3.010546715850128
2,0.2060546875,3.0085426008625835
2,0.20703125,3.0065479571579505
2,0.2080078125,3.0045089636628566
2,0.208984375,3.0024942270422166
2,0.2099609375,3.000494324113512
2,0.2109375,2.9985317180084223
2,0.2119140625,2.996494310937323
2,0.212890625,2.9945163452074453
2,0.2138671875,2.992598776097248
2,0.21484375,2.9907774369236777
2,0.2158203125,2.988935407662445
2,0.216796875,2.987037019747042
2,0.2177734375,2.9850445090793416
2,0.21875,2.9829886707481106
2,0.2197265625,2.980691966329386
2,0.220703125,2.9784080100960715
2,0.2216796875,2.976127120054575
2,0.22265625,2.9738806516905263
2,0.2236328125,2.97170126601595
2,0.224609375,2.9697099908506117
2,0.2255859375,2.967883776799292
2,0.2265625,2.966217719160986
2,0.2275390625,2.964568443985412
2,0.228515625,2.963050587317888
2,0.2294921875,2.961676077493133
2,0.23046875,2.96048570893688
2,0.2314453125,2.959420760196856
2,0.232421875,2.9585196450607216
2,0.2333984375,2.957756873695865
2,0.234375,2.9571745527467237
2,0.2353515625,2.956633061781984
2,0.236328125,2.9562128402338104
2,0.2373046875,2.955854983927517
2,0.23828125,2.9556298331545694
2,0.2392578125,2.9555370643777605
2,0.240234375,2.95560567756586
2,0.2412109375,2.955782822448114
2,0.2421875,2.956130893197954
2,0.2431640625,2.9565605839240297
2,0.244140625,2.9570834149663616
2,0.2451171875,2.957506302208037
2,0.24609375,2.957813074286755
2,0.2470703125,2.958120552096795
2,0.248046875,2.958820530210809
2,0.2490234375,2.9599682593168946
2,0.25,2.960758604048658
2,0.2509765625,2.960160541123271
2,0.251953125,2.95914115430606
2,0.2529296875,2.958497173488028
2,0.25390625,2.9582021246124413
2,0.2548828125,2.9578920717859787
2,0.255859375,2.9574579724581995
2,0.2568359375,2.9569139274098224
2,0.2578125,2.956449060397367
2,0.2587890625,2.956047133626232
2,0.259765625,2.95574703183644
2,0.2607421875,2.955438967548219
2,0.26171875,2.955160930491688
2,0.2626953125,2.9549365388372504
2,0.263671875,2.954837046085362
2,0.2646484375,2.954801564121429
2,0.265625,2.954777662913292
2,0.2666015625,2.9546074488778147
2,0.267578125,2.954450429205421
2,0.2685546875,2.954357892540155
2,0.26953125,2.954371747432969
2,0.2705078125,2.954442064136649
2,0.271484375,2.954619428174744
2,0.2724609375,2.954898157357142
2,0.2734375,2.955292140944958
2,0.2744140625,2.9556900658277274
2,0.275390625,2.9561436391102367
2,0.2763671875,2.95661401843646
2,0.27734375,2.957144932398576
2,0.2783203125,2.9577370852897817
2,0.279296875,2.958459047742562
2,0.2802734375,2.959249429580664
2,0.28125,2.95994071939324
2,0.2822265625,2.9602643506335733
2,0.283203125,2.9605032944490226
2,0.2841796875,2.9608129284191214
2,0.28515625,2.96121878036584
2,0.2861328125,2.961631707942501
2,0.287109375,2.9620537439376755
2,0.2880859375,2.9624475650988
2,0.2890625,2.962827040898699
2,0.2900390625,2.9631023056172388
2,0.291015625,2.963334266959303
2,0.2919921875,2.96349582958948
2,0.29296875,2.9636117483774416
2,0.2939453125,2.963677327351674
2,0.294921875,2.963755115277751
2,0.2958984375,2.9638056808047404
2,0.296875,2.963777057046358
2,0.2978515625,2.963543542116697
2,0.298828125,2.9632711966401306
2,0.2998046875,2.963027516065147
2,0.30078125,2.962839307251078
2,0.3017578125,2.96264472990396
2,0.302734375,2.9624561480523584
2,0.3037109375,2.962238270461243
2,0.3046875,2.9619856471823027
2,0.3056640625,2.9616127340168465
2,0.306640625,2.9611942607368142
2,0.3076171875,2.960721814110133
2,0.30859375,2.960222030919444
2,0.3095703125,2.959612444602952
2,0.310546875,2.9588623835878862
2,0.3115234375,2.958088801158845
2,0.3125,2.957544984293179
2,0.3134765625,2.957170894542864
2,0.314453125,2.9570173032551827
2,0.3154296875,2.9568379050223297
2,0.31640625,2.956552900578217
2,0.3173828125,2.9562331673578903
2,0.318359375,2.9559689947299286
2,0.3193359375,2.9557199100646963
2,0.3203125,2.955481096164488
2,0.3212890625,2.955188672427366
2,0.322265625,2.954939294567294
2,0.3232421875,2.954745275242651
2,0.32421875,2.9546359836852423
2,0.3251953125,2.9545953909957445
2,0.326171875,2.9546677609016467
2,0.3271484375,2.9548375583260578
2,0.328125,2.9550970872895976
2,0.3291015625,2.955342956630258
2,0.330078125,2.9556697736557127
2,0.3310546875,2.956093599093243
2,0.33203125,2.956646576365144
2,0.3330078125,2.957292173665369
2,0.333984375,2.9580384057581512
2,0.3349609375,2.958841192290096
2,0.3359375,2.95967671721676
2,0.3369140625,2.9604498968409865
2,0.337890625,2.961204773977589
2,0.3388671875,2.9619239682408294
2,0.33984375,2.962642609476398
2,0.3408203125,2.963340558906629
2,0.341796875,2.964046720236999
2,0.3427734375,2.9647768155046417
2,0.34375,2.9655472818464355
2,0.3447265625,2.966226936545129
2,0.345703125,2.966942375085021
2,0.3466796875,2.967684919664338
2,0.34765625,2.96845084000202
2,0.3486328125,2.969214796920481
2,0.349609375,2.9699924180066137
2,0.3505859375,2.970748316485549
2,0.3515625,2.9715104594433104
2,0.3525390625,2.9722368094494502
2,0.353515625,2.97298610081416
2,0.3544921875,2.9737501651154723
2,0.35546875,2.9745709094890977
2,0.3564453125,2.975444999113407
2,0.357421875,2.976392145391365
2,0.3583984375,2.9773616472250644
2,0.359375,2.9783245203132003
2,0.3603515625,2.9791793215760505
2,0.361328125,2.9800021011041533
2,0.3623046875,2.980784575345401
2,0.36328125,2.9815428446150425
2,0.3642578125,2.9822491342172763
2,0.365234375,2.982932095762377
2,0.3662109375,2.983595328979328
2,0.3671875,2.9842883773248223
2,0.3681640625,2.9849824383788444
2,0.369140625,2.985763250436288
2,0.3701171875,2.986649400917906
2,0.37109375,2.9877168626711152
2,0.3720703125,2.988942851874698
2,0.373046875,2.9902578454832383
2,0.3740234375,2.991518455643462
2,0.375,2.9925106131651003
2,0.3759765625,2.992920754281867
2,0.376953125,2.99307902250772
2,0.3779296875,2.9931984246836945
2,0.37890625,2.993397305049875
2,0.3798828125,2.993710480094113
2,0.380859375,2.9941401902483467
2,0.3818359375,2.9946119567020397
2,0.3828125,2.9951071353127925
2,0.3837890625,2.9955319040082875
2,0.384765625,2.9959100296864163
2,0.3857421875,2.99620309490184
2,0.38671875,2.996411260337884
2,0.3876953125,2.996508635046183
2,0.388671875,2.996536044570084
2,0.3896484375,2.9964985965522137
2,0.390625,2.9964164832949978
2,0.3916015625,2.996224752192561
2,0.392578125,2.9960056614244985
2,0.3935546875,2.9957524909972326
2,0.39453125,2.9954725239735933
2,0.3955078125,2.995126260327871
2,0.396484375,2.994722110409276
2,0.3974609375,2.9942565344154044
2,0.3984375,2.9937839734279645
2,0.3994140625,2.993286938912957
2,0.400390625,2.992813499550352
2,0.4013671875,2.992339409528835
2,0.40234375,2.991902126456845
2,0.4033203125,2.9915217307977247
2,0.404296875,2.991263387494435
2,0.4052734375,2.991093969145457
2,0.40625,2.990878138606541
2,0.4072265625,2.990422913098143
2,0.408203125,2.9899311882719086
2,0.4091796875,2.989527102016188
2,0.41015625,2.9892269259317854
2,0.4111328125,2.988961284991121
2,0.412109375,2.9887117260590856
2,0.4130859375,2.988440535604769
2,0.4140625,2.988164118458801
2,0.4150390625,2.9878448405999727
2,0.416015625,2.987542278990834
2,0.4169921875,2.9872503393742305
2,0.41796875,2.98698306944298
2,0.4189453125,2.986717328226829
2,0.419921875,2.98647094320307
2,0.4208984375,2.986223421069807
2,0.421875,2.985971709707581
2,0.4228515625,2.9856422666883944
2,0.423828125,2.98531988021374
2,0.4248046875,2.985028568251615
2,0.42578125,2.984807615046185
2,0.4267578125,2.9846534593620877
2,0.427734375,2.984591371790189
2,0.4287109375,2.984594398809977
2,0.4296875,2.984651334506885
2,0.4306640625,2.984693182127647
2,0.431640625,2.9847557515797045
2,0.4326171875,2.984817225727441
2,0.43359375,2.9848932029421587
2,0.4345703125,2.9849418291611785
2,0.435546875,2.984968463552414
2,0.4365234375,2.985057343128278
2,0.4375,2.9853310883315123
2,0.4384765625,2.985700691264213
2,0.439453125,2.9862587141321315
2,0.4404296875,2.9869092407468245
2,0.44140625,2.987612741947846
2,0.4423828125,2.988392330747259
2,0.443359375,2.9892832438853976
2,0.4443359375,2.990242484571257
2,0.4453125,2.9912604348884875
2,0.4462890625,2.9922786423519856
2,0.447265625,2.993356059061681
2,0.4482421875,2.994491793325328
2,0.44921875,2.9956871853429603
2,0.4501953125,2.996906540660723
2,0.451171875,2.9981823676434542
2,0.4521484375,2.999520394016063
2,0.453125,3.0009220260159477
2,0.4541015625,3.002311055631252
2,0.455078125,3.00377079507522
2,0.4560546875,3.005320904216523
2,0.45703125,3.006988700910539
2,0.4580078125,3.00876018881769
2,0.458984375,3.01066672237127
2,0.4599609375,3.0126885473736413
2,0.4609375,3.0147961082779013
2,0.4619140625,3.0169004422298937
2,0.462890625,3.019044083965516
2,0.4638671875,3.021233280033764
2,0.46484375,3.0235072494213635
2,0.4658203125,3.0258566936316336
2,0.466796875,3.028295987538884
2,0.4677734375,3.030768242032724
2,0.46875,3.0331653720538103
2,0.4697265625,3.03532434555012
2,0.470703125,3.0374290999766456
2,0.4716796875,3.0395933821975065
2,0.47265625,3.041855624411109
2,0.4736328125,3.044158826239907
2,0.474609375,3.0464670012975392
2,0.4755859375,3.0487304888565374
2,0.4765625,3.0509753377447457
2,0.4775390625,3.053160280503838
2,0.478515625,3.0553041271556074
2,0.4794921875,3.057366118582925
2,0.48046875,3.059372502710017
2,0.4814453125,3.0613247496425124
2,0.482421875,3.0632359057787424
2,0.4833984375,3.0650497470030973
2,0.484375,3.0667259388096
2,0.4853515625,3.0681663406897166
2,0.486328125,3.0694469374530664
2,0.4873046875,3.070582881743177
2,0.48828125,3.071599272968084
2,0.4892578125,3.072446157372494
2,0.490234375,3.0730989098393717
2,0.4912109375,3.073519001267601
2,0.4921875,3.0737459449208555
2,0.4931640625,3.0737724994534177
2,0.494140625,3.073681581228988
2,0.4951171875,3.0734491788725524
2,0.49609375,3.073087697544548
2,0.4970703125,3.0726019785260177
2,0.498046875,3.072151220191285
2,0.4990234375,3.0719367876049835
2,0.5,3.0719611537451663
3,0.0009765625,5.385739915420469
3,0.001953125,5.177852480124392
3,0.0029296875,4.626075276989021
3,0.00390625,4.296858745310074
3,0.0048828125,4.06938153742995
3,0.005859375,3.944194213694447
3,0.0068359375,3.875324387810833
3,0.0078125,3.830793329588834
3,0.0087890625,3.7722883046775486
3,0.009765625,3.717614391314481
3,0.0107421875,3.665618467481841
3,0.01171875,3.616242914995237
3,0.0126953125,3.56443864110493
3,0.013671875,3.521920751798957
3,0.0146484375,3.4898714245949747
3,0.015625,3.4626394321963088
3,0.0166015625,3.4292550515430755
3,0.017578125,3.400201895389652
3,0.0185546875,3.3784999025364297
3,0.01953125,3.3621773503836554
3,0.0205078125,3.3465859643562297
3,0.021484375,3.3344569610741903
3,0.0224609375,3.3253493477494063
3,0.0234375,3.318089316641608
3,0.0244140625,3.309000793181654
3,0.025390625,3.3012343978625625
3,0.0263671875,3.295021602293789
3,0.02734375,3.28991345884184
3,0.0283203125,3.2839953653921885
3,0.029296875,3.2794263783436874
3,0.0302734375,3.276621752649314
3,0.03125,3.273350946359307
3,0.0322265625,3.265562809844498
3,0.033203125,3.257644186528081
3,0.0341796875,3.251378836941606
3,0.03515625,3.246175880606056
3,0.0361328125,3.240497564158201
3,0.037109375,3.23543970028945
3,0.0380859375,3.231143569749674
3,0.0390625,3.2274357041034327
3,0.0400390625,3.223024761137644
3,0.041015625,3.219154288974647
3,0.0419921875,3.215878604813301
3,0.04296875,3.212866515990225
3,0.0439453125,3.209164776164227
3,0.044921875,3.205692931514938
3,0.0458984375,3.202686751300533
3,0.046875,3.1995226889458976
3,0.0478515625,3.1947212581177755
3,0.048828125,3.1898422397016377
3,0.0498046875,3.185517789593137
3,0.05078125,3.181549167901271
3,0.0517578125,3.177198139008269
3,0.052734375,3.173051867232432
3,0.0537109375,3.169164039998579
3,0.0546875,3.1653947537399376
3,0.0556640625,3.161094124612882
3,0.056640625,3.157150413192895
3,0.0576171875,3.153759527373025
3,0.05859375,3.150911650538765
3,0.0595703125,3.148107580703068
3,0.060546875,3.1458633286817075
3,0.0615234375,3.1442747987322845
3,0.0625,3.142310596462258
3,0.0634765625,3.1381999692026685
3,0.064453125,3.133828490334206
3,0.0654296875,3.1301507781588107
3,0.06640625,3.1269939247897387
3,0.0673828125,3.123853548543032
3,0.068359375,3.1210703659946266
3,0.0693359375,3.118620003191756
3,0.0703125,3.1163773254215803
3,0.0712890625,3.1137726737005567
3,0.072265625,3.1112481918306227
3,0.0732421875,3.1088855770130897
3,0.07421875,3.106670253853429
3,0.0751953125,3.104285092633411
3,0.076171875,3.1020908885819725
3,0.0771484375,3.100153225038528
3,0.078125,3.098213156698748
3,0.0791015625,3.095608597670421
3,0.080078125,3.0929508333710327
3,0.0810546875,3.0904668969082616
3,0.08203125,3.0880937131279405
3,0.0830078125,3.0855411074057253
3,0.083984375,3.0831381119089536
3,0.0849609375,3.0809572616105423
3,0.0859375,3.078945086543058
3,0.0869140625,3.0767250648980173
3,0.087890625,3.07466176054321
3,0.0888671875,3.0727631462969693
3,0.08984375,3.070937510696576
3,0.0908203125,3.068942951681757
3,0.091796875,3.0671650944290545
3,0.0927734375,3.0656413622339738
3,0.09375,3.063771836864702
3,0.0947265625,3.060667157580724
3,0.095703125,3.057289944781977
3,0.0966796875,3.0542697499506706
3,0.09765625,3.0515613985874963
3,0.0986328125,3.0487681424001427
3,0.099609375,3.046051532540725
3,0.1005859375,3.043461206388059
3,0.1015625,3.0410198614907253
3,0.1025390625,3.038473848535974
3,0.103515625,3.03612977150123
3,0.1044921875,3.034042234765311
3,0.10546875,3.0321881883127557
3,0.1064453125,3.0303453928046853
3,0.107421875,3.0287238992470824
3,0.1083984375,3.027348489746822
3,0.109375,3.0260340117108493
3,0.1103515625,3.0243532772944546
3,0.111328125,3.0227142384017647
3,0.1123046875,3.0212602954970373
3,0.11328125,3.019914451841691
3,0.1142578125,3.018442640185834
3,0.115234375,3.0170422401163064
3,0.1162109375,3.015744901696409
3,0.1171875,3.014507624771852
3,0.1181640625,3.013075088323303
3,0.119140625,3.011718617972249
3,0.1201171875,3.0104918036034696
3,0.12109375,3.0094137511850345
3,0.1220703125,3.008429981161847
3,0.123046875,3.0079608529150463
3,0.1240234375,3.008101794681392
3,0.125,3.0080254324928384
3,0.1259765625,3.0065826098163604
3,0.126953125,3.0049002026707545
3,0.1279296875,3.003780100030728
3,0.12890625,3.003129587676096
3,0.1298828125,3.0025642540184663
3,0.130859375,3.002160719467071
3,0.1318359375,3.00191744158228
3,0.1328125,3.0017601424249114
3,0.1337890625,3.0014163159558347
3,0.134765625,3.001103181469139
3,0.1357421875,3.0008760590111603
3,0.13671875,3.000705845590174
3,0.1376953125,3.000423459425264
3,0.138671875,3.000204313314262
3,0.1396484375,3.000084986663033
3,0.140625,2.999903280699647
3,0.1416015625,2.9993213334747835
3,0.142578125,2.9986813397544934
3,0.1435546875,2.9981588773104955
3,0.14453125,2.997725453444384
3,0.1455078125,2.997197103531748
3,0.146484375,2.996681453050209
3,0.1474609375,2.9961724526837648
3,0.1484375,2.9956195715364733
3,0.1494140625,2.994840801621778
3,0.150390625,2.994045926596475
3,0.1513671875,2.9932925647894693
3,0.15234375,2.992599812905885
3,0.1533203125,2.991883870611822
3,0.154296875,2.991327287284406
3,0.1552734375,2.990941831257876
3,0.15625,2.990452068825605
3,0.1572265625,2.989414332434689
3,0.158203125,2.988268153139164
3,0.1591796875,2.9872749693354663
3,0.16015625,2.9863934880719745
3,0.1611328125,2.9854335511672216
3,0.162109375,2.984490897817971
3,0.1630859375,2.9835814195950654
3,0.1640625,2.982676468135156
3,0.1650390625,2.981604341430107
3,0.166015625,2.980522966266611
3,0.1669921875,2.9794715743083366
3,0.16796875,2.978427668532194
3,0.1689453125,2.977251073889093
3,0.169921875,2.976048282658584
3,0.1708984375,2.974867152858248
3,0.171875,2.973655048148607
3,0.1728515625,2.972209662411488
3,0.173828125,2.9707655221601224
3,0.1748046875,2.9694126581816094
3,0.17578125,2.9681398718002447
3,0.1767578125,2.966877257905341
3,0.177734375,2.9657820542761306
3,0.1787109375,2.9648810765915283
3,0.1796875,2.964112407602693
3,0.1806640625,2.9632899327651296
3,0.181640625,2.962532576191381
3,0.1826171875,2.961826679065961
3,0.18359375,2.961097847663417
3,0.1845703125,2.960247843331956
3,0.185546875,2.9595096774971674
3,0.1865234375,2.9589415619039143
3,0.1875,2.958116450723866
3,0.1884765625,2.956477309045739
3,0.189453125,2.954595679355601
3,0.1904296875,2.952915191181517
3,0.19140625,2.951408535603675
3,0.1923828125,2.949876807351317
3,0.193359375,2.948417178333248
3,0.1943359375,2.9470767830236797
3,0.1953125,2.9458133763047063
3,0.1962890625,2.9444669409831574
3,0.197265625,2.9431938876277988
3,0.1982421875,2.9420727653306904
3,0.19921875,2.941104548710123
3,0.2001953125,2.9401841815412384
3,0.201171875,2.939401043834952
3,0.2021484375,2.9387685038495777
3,0.203125,2.9381894145089573
3,0.2041015625,2.937471508828564
3,0.205078125,2.936819044641861
3,0.2060546875,2.936315005714241
3,0.20703125,2.935893986076701
3,0.2080078125,2.935418902840521
3,0.208984375,2.934982209108176
3,0.2099609375,2.934626003450332
3,0.2109375,2.934335009254218
3,0.2119140625,2.933995242405099
3,0.212890625,2.933734302119073
3,0.2138671875,2.93358832914805
3,0.21484375,2.9335472280169395
3,0.2158203125,2.933523062611112
3,0.216796875,2.9336008984091726
3,0.2177734375,2.9337817597000724
3,0.21875,2.9339043096278767
3,0.2197265625,2.933707997179354
3,0.220703125,2.93346600289812
3,0.2216796875,2.933322545560584
3,0.22265625,2.93325840483645
3,0.2236328125,2.9331876015258804
3,0.224609375,2.933186352563057
3,0.2255859375,2.933246144449688
3,0.2265625,2.933317794210037
3,0.2275390625,2.9332825923871897
3,0.228515625,2.9332614327370368
3,0.2294921875,2.933296236385761
3,0.23046875,2.933383910462354
3,0.2314453125,2.9334691396371326
3,0.232421875,2.93366667675626
3,0.2333984375,2.9339735417136628
3,0.234375,2.9342270958297045
3,0.2353515625,2.9342088949156646
3,0.236328125,2.934127663494963
3,0.2373046875,2.9341423094204684
3,0.23828125,2.9342682745285185
3,0.2392578125,2.934394723931779
3,0.240234375,2.9345528815819035
3,0.2412109375,2.9347352983209163
3,0.2421875,2.9349446779228376
3,0.2431640625,2.935139774603265
3,0.244140625,2.9355120155539685
3,0.2451171875,2.93616107974732
3,0.24609375,2.937066273536227
3,0.2470703125,2.937864253647481
3,0.248046875,2.938197936898671
3,0.2490234375,2.93817979369616
3,0.25,2.9383836853194816
3,0.2509765625,2.938907533978231
3,0.251953125,2.9396619692805577
3,0.2529296875,2.940108462658787
3,0.25390625,2.940157353012588
3,0.2548828125,2.9401433206573224
3,0.255859375,2.9403871736816005
3,0.2568359375,2.940901727984242
3,0.2578125,2.9416113029433517
3,0.2587890625,2.94233339106302
3,0.259765625,2.9430755262512105
3,0.2607421875,2.943813347637586
3,0.26171875,2.9445592746742757
3,0.2626953125,2.94528769788772
3,0.263671875,2.9460846480343243
3,0.2646484375,2.946932959322372
3,0.265625,2.947721467674042
3,0.2666015625,2.94828267887435
3,0.267578125,2.9487762362787984
3,0.2685546875,2.949293878811758
3,0.26953125,2.9498299030101
3,0.2705078125,2.9503074133911498
3,0.271484375,2.9507838511679085
3,0.2724609375,2.9512617003935286
3,0.2734375,2.951722693435732
3,0.2744140625,2.952085956768103
3,0.275390625,2.9524454895622343
3,0.2763671875,2.9528206119145213
3,0.27734375,2.9532245469774394
3,0.2783203125,2.953639963865716
3,0.279296875,2.9541816840528927
3,0.2802734375,2.95484577226989
3,0.28125,2.9554337791403267
3,0.2822265625,2.9556794238729025
3,0.283203125,2.955831495331509
3,0.2841796875,2.956075919603365
3,0.28515625,2.956409048816409
3,0.2861328125,2.95671860547715
3,0.287109375,2.95703633492899
3,0.2880859375,2.957379257600296
3,0.2890625,2.957763719940417
3,0.2900390625,2.958118536760074
3,0.291015625,2.958510925762744
3,0.2919921875,2.9589356750868445
3,0.29296875,2.959383245916821
3,0.2939453125,2.9598084799439803
3,0.294921875,2.9602897531304286
3,0.2958984375,2.960850861138601
3,0.296875,2.9614467630280763
3,0.2978515625,2.961936303448621
3,0.298828125,2.962404398378561
3,0.2998046875,2.96285941549007
3,0.30078125,2.963271267707108
3,0.3017578125,2.9635826704066845
3,0.302734375,2.9638613518543315
3,0.3037109375,2.964109300486399
3,0.3046875,2.964288169384845
3,0.3056640625,2.9642949361127484
3,0.306640625,2.964220263181491
3,0.3076171875,2.9641030399852286
3,0.30859375,2.963958898407763
3,0.3095703125,2.963754002290343
3,0.310546875,2.963597487544824
3,0.3115234375,2.963523159492345
3,0.3125,2.963348536257929
3,0.3134765625,2.9627782072149484
3,0.314453125,2.9620991277485995
3,0.3154296875,2.9615012221022083
3,0.31640625,2.960954669909341
3,0.3173828125,2.96035001970116
3,0.318359375,2.9597298569358514
3,0.3193359375,2.9590904072407302
3,0.3203125,2.958390993352402
3,0.3212890625,2.9575231771688806
3,0.322265625,2.9565602496500527
3,0.3232421875,2.955517902271521
3,0.32421875,2.954390676977196
3,0.3251953125,2.953134264562034
3,0.326171875,2.951828734052546
3,0.3271484375,2.950480847272486
3,0.328125,2.949004375736741
3,0.3291015625,2.9472600311386503
3,0.330078125,2.945406313905425
3,0.3310546875,2.943531516660857
3,0.33203125,2.941616117729588
3,0.3330078125,2.939580563972067
3,0.333984375,2.937489957841094
3,0.3349609375,2.935373649436708
3,0.3359375,2.9332228560574647
3,0.3369140625,2.930955270688344
3,0.337890625,2.928658383713821
3,0.3388671875,2.926355629258463
3,0.33984375,2.924036673453489
3,0.3408203125,2.9216415511508425
3,0.341796875,2.919249188924109
3,0.3427734375,2.9168991468980634
3,0.34375,2.9145147266568983
3,0.3447265625,2.9119154441634403
3,0.345703125,2.909279796134553
3,0.3466796875,2.906690045498537
3,0.34765625,2.90412334997566
3,0.3486328125,2.90152208875145
3,0.349609375,2.898962566960821
3,0.3505859375,2.896470646690568
3,0.3515625,2.8940393082866995
3,0.3525390625,2.8915918990565146
3,0.353515625,2.8892215813927757
3,0.3544921875,2.8869603341265715
3,0.35546875,2.884800533874981
3,0.3564453125,2.882688194460887
3,0.357421875,2.880710055122332
3,0.3583984375,2.878892011656876
3,0.359375,2.87714179791631
3,0.3603515625,2.875287422620336
3,0.361328125,2.873448508134305
3,0.3623046875,2.8716850661525584
3,0.36328125,2.86994735186598
3,0.3642578125,2.8681089211185693
3,0.365234375,2.86618076301662
3,0.3662109375,2.8641547592448258
3,0.3671875,2.862028396261806
3,0.3681640625,2.859780596482978
3,0.369140625,2.8576014662025546
3,0.3701171875,2.85561572231151
3,0.37109375,2.8538720246592306
3,0.3720703125,2.8522543725221654
3,0.373046875,2.85069830812248
3,0.3740234375,2.8492203903076807
3,0.375,2.847862808377784
3,0.3759765625,2.846492211132181
3,0.376953125,2.845305956463162
3,0.3779296875,2.8442763154992545
3,0.37890625,2.8433588649037405
3,0.3798828125,2.842574426853814
3,0.380859375,2.8419940173245264
3,0.3818359375,2.8415490164426425
3,0.3828125,2.841127220253062
3,0.3837890625,2.840549333069525
3,0.384765625,2.8398260893433545
3,0.3857421875,2.8389524461165934
3,0.38671875,2.837942960882875
3,0.3876953125,2.836784276690191
3,0.388671875,2.835591860301646
3,0.3896484375,2.834428554732413
3,0.390625,2.8332660390793047
3,0.3916015625,2.8319958083693293
3,0.392578125,2.830780838458168
3,0.3935546875,2.8297140219598464
3,0.39453125,2.8287794421960584
3,0.3955078125,2.8278895645532103
3,0.396484375,2.827088429640692
3,0.3974609375,2.8263781007709623
3,0.3984375,2.825720094885595
3,0.3994140625,2.825007719815221
3,0.400390625,2.824306494004865
3,0.4013671875,2.8236331835708137
3,0.40234375,2.8229916658445133
3,0.4033203125,2.822330251845208
3,0.404296875,2.8217031532140315
3,0.4052734375,2.821108704225679
3,0.40625,2.8204421125068158
3,0.4072265625,2.8195301951655125
3,0.408203125,2.818589658762685
3,0.4091796875,2.81773183039757
3,0.41015625,2.8169205708072167
3,0.4111328125,2.816059015628232
3,0.412109375,2.8151893276881927
3,0.4130859375,2.814322952489127
3,0.4140625,2.813453140554646
3,0.4150390625,2.812502965747069
3,0.416015625,2.811549958792427
3,0.4169921875,2.8106077713915165
3,0.41796875,2.809666754403083
3,0.4189453125,2.8086852697919165
3,0.419921875,2.807767719394592
3,0.4208984375,2.806974126782422
3,0.421875,2.806260575085496
3,0.4228515625,2.805491495007723
3,0.423828125,2.804794023333875
3,0.4248046875,2.804218686275769
3,0.42578125,2.803716102068827
3,0.4267578125,2.8031818022628823
3,0.427734375,2.802653770487205
3,0.4287109375,2.8021379225384737
3,0.4296875,2.801615117988188
3,0.4306640625,2.800998777805467
3,0.431640625,2.80036338125812
3,0.4326171875,2.7997082857354
3,0.43359375,2.7990005766156183
3,0.4345703125,2.798150045278707
3,0.435546875,2.7972242721664515
3,0.4365234375,2.796348477887501
3,0.4375,2.7955924374172936
3,0.4384765625,2.794835087537518
3,0.439453125,2.7942446292191807
3,0.4404296875,2.7937749385079336
3,0.44140625,2.793308239761433
3,0.4423828125,2.7927756613087
3,0.443359375,2.792255282955949
3,0.4443359375,2.7917558807609497
3,0.4453125,2.7912480749315134
3,0.4462890625,2.790636395618582
3,0.447265625,2.790016899416936
3,0.4482421875,2.7894307641845373
3,0.44921875,2.788879478645409
3,0.4501953125,2.788315349260037
3,0.451171875,2.7878385279844498
3,0.4521484375,2.7874904665762408
3,0.453125,2.787191775728663
3,0.4541015625,2.7867858067853626
3,0.455078125,2.786433415468094
3,0.4560546875,2.786230290851559
3,0.45703125,2.7861446526483027
3,0.4580078125,2.786068562746662
3,0.458984375,2.786052841408145
3,0.4599609375,2.7861291146481557
3,0.4609375,2.7862948525940743
3,0.4619140625,2.7864600413792444
3,0.462890625,2.7866940095367663
3,0.4638671875,2.786988349922279
3,0.46484375,2.787306293116995
3,0.4658203125,2.787581481112127
3,0.466796875,2.787918581124677
3,0.4677734375,2.78836881323073
3,0.46875,2.788822291000194
3,0.4697265625,2.789064855829502
3,0.470703125,2.7893178881750007
3,0.4716796875,2.7897044354216587
3,0.47265625,2.790183474808704
3,0.4736328125,2.7906466401733296
3,0.474609375,2.7911489256561435
3,0.4755859375,2.791712749712274
3,0.4765625,2.792325525980412
3,0.4775390625,2.7928873253825817
3,0.478515625,2.793488775773478
3,0.4794921875,2.794172915079423
3,0.48046875,2.7949603671076826
3,0.4814453125,2.795820178729795
3,0.482421875,2.7968585457370314
3,0.4833984375,2.798095333467004
3,0.484375,2.7994256260985804
3,0.4853515625,2.8006705428544323
3,0.486328125,2.801972630979356
3,0.4873046875,2.8033858212556964
3,0.48828125,2.8048370267891425
3,0.4892578125,2.806161195525752
3,0.490234375,2.807337016662276
3,0.4912109375,2.8083125119265127
3,0.4921875,2.8090416256290065
3,0.4931640625,2.809436267051032
3,0.494140625,2.809624938940766
3,0.4951171875,2.8096350647944184
3,0.49609375,2.809424876027568
3,0.4970703125,2.808851703702891
3,0.498046875,2.80806228882015
3,0.4990234375,2.807506120409796
3,0.5,2.807418667441857
4,0.0009765625,5.035381179598248
4,0.001953125,4.835476437576327
4,0.0029296875,4.277951392484288
4,0.00390625,3.9731713582347976
4,0.0048828125,3.77556287410586
4,0.005859375,3.665454799158733
4,0.0068359375,3.59638386022445
4,0.0078125,3.5479550332870646
4,0.0087890625,3.4916907000401
4,0.009765625,3.4479270697483666
4,0.0107421875,3.4135873246455324
4,0.01171875,3.3866760371696896
4,0.0126953125,3.359942962438027
4,0.013671875,3.3415912761776423
4,0.0146484375,3.329345719262826
4,0.015625,3.3194482709894837
4,0.0166015625,3.30092166432544
4,0.017578125,3.28503026684015
4,0.0185546875,3.273168589732845
4,0.01953125,3.264909934539328
4,0.0205078125,3.2559294303628725
4,0.021484375,3.2489870567963126
4,0.0224609375,3.2431557271498286
4,0.0234375,3.2383289349470994
4,0.0244140625,3.2307488891194462
4,0.025390625,3.224244985473266
4,0.0263671875,3.2186576847279484
4,0.02734375,3.214480455835831
4,0.0283203125,3.2097401680747346
4,0.029296875,3.2063065616325903
4,0.0302734375,3.204213545059416
4,0.03125,3.2015745569319494
4,0.0322265625,3.1929916880708213
4,0.033203125,3.184325611616347
4,0.0341796875,3.1774963316918923
4,0.03515625,3.17241061608254
4,0.0361328125,3.1675648529867013
4,0.037109375,3.164022535085619
4,0.0380859375,3.1612486300053098
4,0.0390625,3.1589838912074337
4,0.0400390625,3.1553999497253136
4,0.041015625,3.152284497240417
4,0.0419921875,3.1496782701686485
4,0.04296875,3.147659314023802
4,0.0439453125,3.145248760006882
4,0.044921875,3.1434135243911623
4,0.0458984375,3.14204570228888
4,0.046875,3.140825209323926
4,0.0478515625,3.137999045334362
4,0.048828125,3.1354253236343763
4,0.0498046875,3.1333660466101234
4,0.05078125,3.1318651674685785
4,0.0517578125,3.1301537415908505
4,0.052734375,3.1289851266869046
4,0.0537109375,3.1283280265093696
4,0.0546875,3.1282205073448
4,0.0556640625,3.1276815327724248
4,0.056640625,3.1277412831959737
4,0.0576171875,3.128426814363589
4,0.05859375,3.129755100557581
4,0.0595703125,3.1308975697612422
4,0.060546875,3.132165251308933
4,0.0615234375,3.1336645330550112
4,0.0625,3.134576218851461
4,0.0634765625,3.132384302588001
4,0.064453125,3.1298240607709
4,0.0654296875,3.1277075704026265
4,0.06640625,3.1259192657630464
4,0.0673828125,3.1241898739532075
4,0.068359375,3.123125733291485
4,0.0693359375,3.122601081071493
4,0.0703125,3.1225363421853576
4,0.0712890625,3.122183136676431
4,0.072265625,3.12217866601134
4,0.0732421875,3.122493635602949
4,0.07421875,3.12316279944548
4,0.0751953125,3.123746729600104
4,0.076171875,3.124594334496779
4,0.0771484375,3.125628500549877
4,0.078125,3.126772266526712
4,0.0791015625,3.1272414588949475
4,0.080078125,3.127846448869415
4,0.0810546875,3.128638855021287
4,0.08203125,3.12966830120803
4,0.0830078125,3.13064166671817
4,0.083984375,3.131920673113933
4,0.0849609375,3.133392647679182
4,0.0859375,3.134980053975273
4,0.0869140625,3.1361636513135864
4,0.087890625,3.1375332238736675
4,0.0888671875,3.139137561765829
4,0.08984375,3.1410132474465287
4,0.0908203125,3.1427872996509136
4,0.091796875,3.1447394382746454
4,0.0927734375,3.1469390609559333
4,0.09375,3.149171017577384
4,0.0947265625,3.150419403274192
4,0.095703125,3.1516311419708445
4,0.0966796875,3.152978762433908
4,0.09765625,3.1544344311619925
4,0.0986328125,3.1558182514073647
4,0.099609375,3.1575028655602244
4,0.1005859375,3.1594520425243475
4,0.1015625,3.161600931717608
4,0.1025390625,3.1634800474849016
4,0.103515625,3.1655278571821945
4,0.1044921875,3.167779611888818
4,0.10546875,3.1702515955031365
4,0.1064453125,3.17265996825297
4,0.107421875,3.175243503492222
4,0.1083984375,3.177969539090584
4,0.109375,3.180728848714818
4,0.1103515625,3.182971211258624
4,0.111328125,3.185250943169203
4,0.1123046875,3.1876391338360435
4,0.11328125,3.1901206139691314
4,0.1142578125,3.192400270454277
4,0.115234375,3.194640095365915
4,0.1162109375,3.1967679009798164
4,0.1171875,3.198791409391679
4,0.1181640625,3.2004218078668187
4,0.119140625,3.2020873105984413
4,0.1201171875,3.203797979973668
4,0.12109375,3.2055791066501325
4,0.1220703125,3.207487782393886
4,0.123046875,3.210277055485478
4,0.1240234375,3.2137619094805645
4,0.125,3.215826711574444
4,0.1259765625,3.214091997789474
4,0.126953125,3.210950462164044
4,0.1279296875,3.208503194312543
4,0.12890625,3.2069510797020677
4,0.1298828125,3.2055707869871983
4,0.130859375,3.204264489293915
4,0.1318359375,3.202986027774069
4,0.1328125,3.201770605381047
4,0.1337890625,3.200323020833159
4,0.134765625,3.1989332241319137
4,0.1357421875,3.197608474908635
4,0.13671875,3.19641662245229
4,0.1376953125,3.1952236267051144
4,0.138671875,3.19423766955362
4,0.1396484375,3.19347262151962
4,0.140625,3.1929448171351216
4,0.1416015625,3.192299971133324
4,0.142578125,3.191898168834793
4,0.1435546875,3.1917361772970976
4,0.14453125,3.191811336103212
4,0.1455078125,3.191944007587212
4,0.146484375,3.1922671120230635
4,0.1474609375,3.192717567265759
4,0.1484375,3.1932891335436717
4,0.1494140625,3.193750200484359
4,0.150390625,3.1943894951244287
4,0.1513671875,3.195206415159653
4,0.15234375,3.1962156886389845
4,0.1533203125,3.197262514896104
4,0.154296875,3.198536253885779
4,0.1552734375,3.1999944397737035
4,0.15625,3.201274865058054
4,0.1572265625,3.201709213224826
4,0.158203125,3.2020148643225217
4,0.1591796875,3.202589256508186
4,0.16015625,3.203470513878913
4,0.1611328125,3.204440956512267
4,0.162109375,3.205611408852164
4,0.1630859375,3.2069419109678923
4,0.1640625,3.2084218879124906
4,0.1650390625,3.20980735287246
4,0.166015625,3.2113079855951923
4,0.1669921875,3.2129105537666174
4,0.16796875,3.214644116147916
4,0.1689453125,3.216384621584764
4,0.169921875,3.218254132108284
4,0.1708984375,3.2201875522656507
4,0.171875,3.2220991641622936
4,0.1728515625,3.223661994234645
4,0.173828125,3.225190631390259
4,0.1748046875,3.2267474473463684
4,0.17578125,3.2283640630727075
4,0.1767578125,3.229925157844942
4,0.177734375,3.2315990855020327
4,0.1787109375,3.2333915588659603
4,0.1796875,3.2353004694767944
4,0.1806640625,3.2371075315326494
4,0.181640625,3.2390181534891163
4,0.1826171875,3.241028415992203
4,0.18359375,3.2431382457301385
4,0.1845703125,3.245185765387218
4,0.185546875,3.2473088421414773
4,0.1865234375,3.249550642010817
4,0.1875,3.251558365597265
4,0.1884765625,3.2525490285097907
4,0.189453125,3.2533102194081933
4,0.1904296875,3.2542171639928488
4,0.19140625,3.2552265690679705
4,0.1923828125,3.2561668522208898
4,0.193359375,3.257164489303561
4,0.1943359375,3.258211009537634
4,0.1953125,3.259318541481064
4,0.1962890625,3.260316933332821
4,0.197265625,3.261415325490423
4,0.1982421875,3.262614878040464
4,0.19921875,3.2639215221675792
4,0.2001953125,3.265203803511661
4,0.201171875,3.2665764672547883
4,0.2021484375,3.2680293189136096
4,0.203125,3.269521570589933
4,0.2041015625,3.270770665943461
4,0.205078125,3.272020942384489
4,0.2060546875,3.2733108683153387
4,0.20703125,3.2746678634734554
4,0.2080078125,3.275974817069157
4,0.208984375,3.2773331363505744
4,0.2099609375,3.2787124953151063
4,0.2109375,3.2800978986584006
4,0.2119140625,3.281305722161609
4,0.212890625,3.2825427175287847
4,0.2138671875,3.2838377509277423
4,0.21484375,3.285224807293835
4,0.2158203125,3.286600779722487
4,0.216796875,3.288098236255745
4,0.2177734375,3.2896769286853647
4,0.21875,3.2910740676135166
4,0.2197265625,3.291807875950924
4,0.220703125,3.2923993438569927
4,0.2216796875,3.2931286225322705
4,0.22265625,3.2940527256354426
4,0.2236328125,3.295055979700313
4,0.224609375,3.296250769365148
4,0.2255859375,3.297624273896815
4,0.2265625,3.299170803918292
4,0.2275390625,3.3006863034533183
4,0.228515625,3.302310207768529
4,0.2294921875,3.3039971973465407
4,0.23046875,3.3057148813506423
4,0.2314453125,3.3073301469897487
4,0.232421875,3.308964306096704
4,0.2333984375,3.310604252328935
4,0.234375,3.3121847875630377
4,0.2353515625,3.3134864868225486
4,0.236328125,3.3148938874971536
4,0.2373046875,3.316587218833742
4,0.23828125,3.318634221039852
4,0.2392578125,3.320914666232402
4,0.240234375,3.32353523384686
4,0.2412109375,3.3265006266752057
4,0.2421875,3.3298332404492257
4,0.2431640625,3.333347457595259
4,0.244140625,3.337142148090325
4,0.2451171875,3.341070292895502
4,0.24609375,3.344980267289372
4,0.2470703125,3.348677336875421
4,0.248046875,3.3523266347275578
4,0.2490234375,3.355754537467328
4,0.25,3.3578158612056432
4,0.2509765625,3.3571718174664773
4,0.251953125,3.35518542689008
4,0.2529296875,3.352965038999279
4,0.25390625,3.3506489668220736
4,0.2548828125,3.348078516768509
4,0.255859375,3.345453080076496
4,0.2568359375,3.3429173402971144
4,0.2578125,3.34061533175514
4,0.2587890625,3.338471878325445
4,0.259765625,3.33669824178849
4,0.2607421875,3.335295198353156
4,0.26171875,3.334246121839953
4,0.2626953125,3.3334193842767617
4,0.263671875,3.3329073530332685
4,0.2646484375,3.332651859894083
4,0.265625,3.3325038169349166
4,0.2666015625,3.3321079988715585
4,0.267578125,3.331640932017192
4,0.2685546875,3.331153595997713
4,0.26953125,3.3306818989730016
4,0.2705078125,3.3301355681828557
4,0.271484375,3.3296270871540075
4,0.2724609375,3.3291732439424417
4,0.2734375,3.328810950670188
4,0.2744140625,3.328404467142988
4,0.275390625,3.328099869514252
4,0.2763671875,3.327865835822124
4,0.27734375,3.327688759978694
4,0.2783203125,3.3274586961322865
4,0.279296875,3.3272987569939554
4,0.2802734375,3.3272573865869584
4,0.28125,3.327240777373704
4,0.2822265625,3.3268959220033683
4,0.283203125,3.3265896720817563
4,0.2841796875,3.3264437864186376
4,0.28515625,3.326423615889874
4,0.2861328125,3.326398950563335
4,0.287109375,3.326463672343919
4,0.2880859375,3.326618774158797
4,0.2890625,3.3268792025086023
4,0.2900390625,3.32709511764139
4,0.291015625,3.3273955933526085
4,0.2919921875,3.3277683485200247
4,0.29296875,3.328218417000611
4,0.2939453125,3.3286274894418724
4,0.294921875,3.3290471683416616
4,0.2958984375,3.329447347264664
4,0.296875,3.329810976437092
4,0.2978515625,3.329947967858338
4,0.298828125,3.3300589764480506
4,0.2998046875,3.330167827588478
4,0.30078125,3.330302761949397
4,0.3017578125,3.3304041738688
4,0.302734375,3.3305845175642914
4,0.3037109375,3.3308463293257926
4,0.3046875,3.331210254783038
4,0.3056640625,3.3315590718315558
4,0.306640625,3.33205805830215
4,0.3076171875,3.3327245584006517
4,0.30859375,3.333572133950642
4,0.3095703125,3.334471468097469
4,0.310546875,3.335443871577048
4,0.3115234375,3.33641641700404
4,0.3125,3.337083111574991
4,0.3134765625,3.3368869625836206
4,0.314453125,3.3363834529307064
4,0.3154296875,3.335881487044923
4,0.31640625,3.335464748787273
4,0.3173828125,3.3351255861448417
4,0.318359375,3.334997284570316
4,0.3193359375,3.335050616218195
4,0.3203125,3.3352302138496657
4,0.3212890625,3.3353411253545677
4,0.322265625,3.335499006709381
4,0.3232421875,3.3356961326416936
4,0.32421875,3.3359239707114003
4,0.3251953125,3.3360712657801685
4,0.326171875,3.3362259554023472
4,0.3271484375,3.3363964269472777
4,0.328125,3.3365667716426533
4,0.3291015625,3.336532319851308
4,0.330078125,3.336476341653525
4,0.3310546875,3.336412035851026
4,0.33203125,3.336325210614189
4,0.3330078125,3.336100764042907
4,0.333984375,3.335818522272557
4,0.3349609375,3.335484292213096
4,0.3359375,3.3351247702947813
4,0.3369140625,3.3346249049632712
4,0.337890625,3.3341349834322145
4,0.3388671875,3.333642537221708
4,0.33984375,3.3331385417328723
4,0.3408203125,3.332535746008084
4,0.341796875,3.331961873829013
4,0.3427734375,3.3314012196288507
4,0.34375,3.330629678739678
4,0.3447265625,3.329254905048149
4,0.345703125,3.3277094410745294
4,0.3466796875,3.3262427425237764
4,0.34765625,3.3248762316222167
4,0.3486328125,3.3234681953951437
4,0.349609375,3.322080472077735
4,0.3505859375,3.320701548381224
4,0.3515625,3.319340576638961
4,0.3525390625,3.3178571660255174
4,0.353515625,3.316384873305957
4,0.3544921875,3.314912481319157
4,0.35546875,3.313449951021983
4,0.3564453125,3.3119301599040334
4,0.357421875,3.3104687480493724
4,0.3583984375,3.309042316254573
4,0.359375,3.307563478637997
4,0.3603515625,3.3058052735478944
4,0.361328125,3.3040284560634845
4,0.3623046875,3.302345151025894
4,0.36328125,3.300802326287352
4,0.3642578125,3.29929438134518
4,0.365234375,3.2978814894939665
4,0.3662109375,3.2965535803635277
4,0.3671875,3.2953467574024216
4,0.3681640625,3.294141545656548
4,0.369140625,3.293066102050015
4,0.3701171875,3.292089116396728
4,0.37109375,3.291247933372921
4,0.3720703125,3.290647485005667
4,0.373046875,3.290657415982199
4,0.3740234375,3.2910232040467347
4,0.375,3.290424477383245
4,0.3759765625,3.2875974002958706
4,0.376953125,3.283817950297533
4,0.3779296875,3.280372608577348
4,0.37890625,3.277469602945911
4,0.3798828125,3.2747399638796137
4,0.380859375,3.2721308046597963
4,0.3818359375,3.269654046511445
4,0.3828125,3.267347435057195
4,0.3837890625,3.2650664799349
4,0.384765625,3.2629325447784288
4,0.3857421875,3.2609267515112514
4,0.38671875,3.259053629550341
4,0.3876953125,3.257217822731319
4,0.388671875,3.2554989477349507
4,0.3896484375,3.253872186318865
4,0.390625,3.252295229489871
4,0.3916015625,3.250561319060274
4,0.392578125,3.248883538378847
4,0.3935546875,3.2472999444711204
4,0.39453125,3.2458099673005085
4,0.3955078125,3.244310294713484
4,0.396484375,3.2428978140233053
4,0.3974609375,3.2415866220632585
4,0.3984375,3.240402693545687
4,0.3994140625,3.239214853884715
4,0.400390625,3.2381559216509044
4,0.4013671875,3.237200110689851
4,0.40234375,3.236319407212412
4,0.4033203125,3.235348397796693
4,0.404296875,3.234308816294098
4,0.4052734375,3.233235815474033
4,0.40625,3.2321773365100515
4,0.4072265625,3.2309225230961216
4,0.408203125,3.2297503832777337
4,0.4091796875,3.2286471645411923
4,0.41015625,3.227575424101077
4,0.4111328125,3.226488563169585
4,0.412109375,3.225515095732292
4,0.4130859375,3.224660270166392
4,0.4140625,3.223955949163017
4,0.4150390625,3.223275651625616
4,0.416015625,3.2227206599565443
4,0.4169921875,3.2222341451215115
4,0.41796875,3.221808416549907
4,0.4189453125,3.221369462148066
4,0.419921875,3.221027133685495
4,0.4208984375,3.220792698223636
4,0.421875,3.2206591133278826
4,0.4228515625,3.220436611173393
4,0.423828125,3.220319012592671
4,0.4248046875,3.2203249242103715
4,0.42578125,3.2204566184184413
4,0.4267578125,3.220620003502938
4,0.427734375,3.220904970644242
4,0.4287109375,3.221310141000058
4,0.4296875,3.221850139281168
4,0.4306640625,3.2223931759767583
4,0.431640625,3.2230780730997224
4,0.4326171875,3.223895552193325
4,0.43359375,3.2248102143697017
4,0.4345703125,3.225563584355096
4,0.435546875,3.226044957397657
4,0.4365234375,3.2264193085671637
4,0.4375,3.2270677371400462
4,0.4384765625,3.227829213091525
4,0.439453125,3.2288027761518374
4,0.4404296875,3.229586702530564
4,0.44140625,3.230033312816473
4,0.4423828125,3.230285173443387
4,0.443359375,3.23062951316054
4,0.4443359375,3.231115540765041
4,0.4453125,3.2317491289106086
4,0.4462890625,3.2323845268235414
4,0.447265625,3.233153156429647
4,0.4482421875,3.2340474004304576
4,0.44921875,3.2350690997418705
4,0.4501953125,3.236127619587275
4,0.451171875,3.237329762062304
4,0.4521484375,3.238694127761181
4,0.453125,3.2402063996541752
4,0.4541015625,3.24165123919788
4,0.455078125,3.2431881736423662
4,0.4560546875,3.244821294109116
4,0.45703125,3.246568942616727
4,0.4580078125,3.2483555581428845
4,0.458984375,3.250269349828927
4,0.4599609375,3.252305183756495
4,0.4609375,3.254482556787307
4,0.4619140625,3.256665109637196
4,0.462890625,3.258970945157771
4,0.4638671875,3.261373304686225
4,0.46484375,3.263878494338197
4,0.4658203125,3.266406625518474
4,0.466796875,3.269075036822379
4,0.4677734375,3.271876138262491
4,0.46875,3.2746288412738256
4,0.4697265625,3.2769464092349443
4,0.470703125,3.2791839195278336
4,0.4716796875,3.2814827493408254
4,0.47265625,3.283812657521488
4,0.4736328125,3.286017629466025
4,0.474609375,3.288142420620246
4,0.4755859375,3.290141542107975
4,0.4765625,3.29199070412326
4,0.4775390625,3.293527002305151
4,0.478515625,3.294901839221187
4,0.4794921875,3.2961411107421337
4,0.48046875,3.297289126446692
4,0.4814453125,3.2982732891901327
4,0.482421875,3.299189137451439
4,0.4833984375,3.300008520291059
4,0.484375,3.300679946995892
4,0.4853515625,3.3010127158336706
4,0.486328125,3.3013069860760544
4,0.4873046875,3.301719090262643
4,0.48828125,3.3023770080247505
4,0.4892578125,3.3032377605499907
4,0.490234375,3.304377935690028
4,0.4912109375,3.3057549970099056
4,0.4921875,3.307406262098044
4,0.4931640625,3.3093298548863386
4,0.494140625,3.311934798166613
4,0.4951171875,3.3154529795970347
4,0.49609375,3.319896862062081
4,0.4970703125,3.3247049823739183
4,0.498046875,3.329148424543939
4,0.4990234375,3.3324857107882755
4,0.5,3.3339126471294462
5,0.0009765625,5.660310202066169
5,0.001953125,5.281057190032915
5,0.0029296875,4.4348294014947305
5,0.00390625,3.989029331189861
5,0.0048828125,3.785691885320939
5,0.005859375,3.71057109776597
5,0.0068359375,3.658869037879294
5,0.0078125,3.6195052302670487
5,0.0087890625,3.5733508140229127
5,0.009765625,3.5415789873540104
5,0.0107421875,3.518431200026081
5,0.01171875,3.505908387683929
5,0.0126953125,3.496173443969713
5,0.013671875,3.48997529178164
5,0.0146484375,3.483657733804498
5,0.015625,3.477228050625928
5,0.0166015625,3.46122694657618
5,0.017578125,3.445476917349346
5,0.0185546875,3.429088754802049
5,0.01953125,3.4127440550836714
5,0.0205078125,3.395803654865388
5,0.021484375,3.380489516631576
5,0.0224609375,3.365468958074087
5,0.0234375,3.3514948082837948
5,0.0244140625,3.3348511845778845
5,0.025390625,3.3192893797718632
5,0.0263671875,3.3044024898736133
5,0.02734375,3.291582481515367
5,0.0283203125,3.279685518426372
5,0.029296875,3.2696602345037338
5,0.0302734375,3.261660935601957
5,0.03125,3.254819350043092
5,0.0322265625,3.243424989346806
5,0.033203125,3.2329953503453903
5,0.0341796875,3.2242286388246257
5,0.03515625,3.216983353037935
5,0.0361328125,3.2106924576506115
5,0.037109375,3.206087052609231
5,0.0380859375,3.2020718041874763
5,0.0390625,3.19886202933522
5,0.0400390625,3.194563922467172
5,0.041015625,3.1910089481455013
5,0.0419921875,3.187951850941245
5,0.04296875,3.186040546749064
5,0.0439453125,3.1846277044928577
5,0.044921875,3.184107306700761
5,0.0458984375,3.1841240356269127
5,0.046875,3.1844443857549103
5,0.0478515625,3.182886612993585
5,0.048828125,3.1817098412094
5,0.0498046875,3.181003190540792
5,0.05078125,3.180839509315008
5,0.0517578125,3.1807448281339528
5,0.052734375,3.181223616358572
5,0.0537109375,3.181878085220586
5,0.0546875,3.182862808784564
5,0.0556640625,3.1830346308324664
5,0.056640625,3.1834740724083312
5,0.0576171875,3.184024093545997
5,0.05859375,3.185149203706723
5,0.0595703125,3.186344463154921
5,0.060546875,3.187698505991269
5,0.0615234375,3.189289246263051
5,0.0625,3.190454730063528
5,0.0634765625,3.1884263188953152
5,0.064453125,3.186043533594068
5,0.0654296875,3.183937094931783
5,0.06640625,3.1820496997086702
5,0.0673828125,3.180402387665681
5,0.068359375,3.179405750546969
5,0.0693359375,3.178613046928063
5,0.0703125,3.178157171407092
5,0.0712890625,3.17730518617034
5,0.072265625,3.1767464924621462
5,0.0732421875,3.1763082596041685
5,0.07421875,3.176272343263914
5,0.0751953125,3.176384523366292
5,0.076171875,3.1768453960145204
5,0.0771484375,3.1775036441825137
5,0.078125,3.17822560751486
5,0.0791015625,3.1779086790274853
5,0.080078125,3.177583508279913
5,0.0810546875,3.1773288497238776
5,0.08203125,3.177251580017434
5,0.0830078125,3.1771861986960963
5,0.083984375,3.1773733943321045
5,0.0849609375,3.177616688219385
5,0.0859375,3.1780058012954626
5,0.0869140625,3.177965962832991
5,0.087890625,3.178078497915283
5,0.0888671875,3.1782475308480542
5,0.08984375,3.17864683184193
5,0.0908203125,3.178951699280005
5,0.091796875,3.179230173483181
5,0.0927734375,3.1794674599863777
5,0.09375,3.1794419011979667
5,0.0947265625,3.177985367567103
5,0.095703125,3.176311273399366
5,0.0966796875,3.174638136990928
5,0.09765625,3.172958865517881
5,0.0986328125,3.1711852706064154
5,0.099609375,3.1695365841852188
5,0.1005859375,3.167792933559793
5,0.1015625,3.165966669327549
5,0.1025390625,3.16358350864051
5,0.103515625,3.161141821722762
5,0.1044921875,3.158664515924228
5,0.10546875,3.1563485903905644
5,0.1064453125,3.154075506324057
5,0.107421875,3.1520204136610084
5,0.1083984375,3.1500976900917754
5,0.109375,3.148164503372504
5,0.1103515625,3.1455632250640857
5,0.111328125,3.14303116212408
5,0.1123046875,3.140746059157866
5,0.11328125,3.1388400473737903
5,0.1142578125,3.137214488777239
5,0.115234375,3.1360114886445287
5,0.1162109375,3.135036328577331
5,0.1171875,3.1342435026060924
5,0.1181640625,3.133265341205311
5,0.119140625,3.1326161707827263
5,0.1201171875,3.132365410216245
5,0.12109375,3.13256812625048
5,0.1220703125,3.132588313232305
5,0.123046875,3.1318841641043296
5,0.1240234375,3.1305490529477757
5,0.125,3.129007174353604
5,0.1259765625,3.1264663515820463
5,0.126953125,3.1236426067582896
5,0.1279296875,3.120117938739102
5,0.12890625,3.1158854239832694
5,0.1298828125,3.1115312931442
5,0.130859375,3.10761120101474
5,0.1318359375,3.104001314473332
5,0.1328125,3.100630245896709
5,0.1337890625,3.097089602248196
5,0.134765625,3.093703418903791
5,0.1357421875,3.0904902006659274
5,0.13671875,3.087579656448939
5,0.1376953125,3.084843534724328
5,0.138671875,3.0823773298009143
5,0.1396484375,3.0801272356321
5,0.140625,3.0780003347068328
5,0.1416015625,3.0754736825025786
5,0.142578125,3.0730156732017546
5,0.1435546875,3.0706902028981164
5,0.14453125,3.068561168564905
5,0.1455078125,3.066578083868826
5,0.146484375,3.064867039493137
5,0.1474609375,3.0632982090902097
5,0.1484375,3.0618238945294705
5,0.1494140625,3.060106730735278
5,0.150390625,3.058445466046129
5,0.1513671875,3.0568826357912826
5,0.15234375,3.055589600584656
5,0.1533203125,3.0544407954875235
5,0.154296875,3.0534060974783745
5,0.1552734375,3.0523817779688605
5,0.15625,3.0511811572114502
5,0.1572265625,3.0491655748946997
5,0.158203125,3.0469707903453824
5,0.1591796875,3.044792386129745
5,0.16015625,3.0427182702817865
5,0.1611328125,3.0407699499607026
5,0.162109375,3.0390954116872493
5,0.1630859375,3.037582251785793
5,0.1640625,3.0362186263136626
5,0.1650390625,3.034724334619657
5,0.166015625,3.0333497559837004
5,0.1669921875,3.032081402474873
5,0.16796875,3.030980095113396
5,0.1689453125,3.0299034224197947
5,0.169921875,3.0288696737953824
5,0.1708984375,3.027848157082885
5,0.171875,3.026868331331174
5,0.1728515625,3.0256015911122414
5,0.173828125,3.024395532646804
5,0.1748046875,3.02325772423501
5,0.17578125,3.022244963429966
5,0.1767578125,3.0213151629461947
5,0.177734375,3.02055296376393
5,0.1787109375,3.019876535397506
5,0.1796875,3.0193128621723857
5,0.1806640625,3.018624464576473
5,0.181640625,3.018004991272491
5,0.1826171875,3.0173779655490547
5,0.18359375,3.016787316854729
5,0.1845703125,3.0161311559472224
5,0.185546875,3.0155170443333303
5,0.1865234375,3.0150249115481422
5,0.1875,3.014422479372423
5,0.1884765625,3.012973266334479
5,0.189453125,3.0114080805416177
5,0.1904296875,3.0099464336137043
5,0.19140625,3.008524239462966
5,0.1923828125,3.0070568878859967
5,0.193359375,3.005615983610542
5,0.1943359375,3.004122297962676
5,0.1953125,3.002652739211969
5,0.1962890625,3.001046528611598
5,0.197265625,2.999522888310324
5,0.1982421875,2.998052705424528
5,0.19921875,2.996718309085797
5,0.2001953125,2.9954670717405025
5,0.201171875,2.9943520590609283
5,0.2021484375,2.993300574583009
5,0.203125,2.992245104320088
5,0.2041015625,2.990866864112636
5,0.205078125,2.989512845670628
5,0.2060546875,2.9882344750388325
5,0.20703125,2.9870528952693056
5,0.2080078125,2.985902904694461
5,0.208984375,2.9848558037069624
5,0.2099609375,2.98383599864316
5,0.2109375,2.9828408945992275
5,0.2119140625,2.981656746376044
5,0.212890625,2.980489709355482
5,0.2138671875,2.979350867305796
5,0.21484375,2.978349641259384
5,0.2158203125,2.977423534144604
5,0.216796875,2.9766204622107164
5,0.2177734375,2.9759044203551346
5,0.21875,2.975100103840771
5,0.2197265625,2.973720628382281
5,0.220703125,2.972289906298067
5,0.2216796875,2.9710091807636183
5,0.22265625,2.969939018637969
5,0.2236328125,2.969036033878883
5,0.224609375,2.968338859182716
5,0.2255859375,2.9677239854479995
5,0.2265625,2.967173921257077
5,0.2275390625,2.96647252126165
5,0.228515625,2.9658069772460904
5,0.2294921875,2.9651596783244587
5,0.23046875,2.964602752069219
5,0.2314453125,2.9640952079641947
5,0.232421875,2.963723692574361
5,0.2333984375,2.963471643061153
5,0.234375,2.96328986821046
5,0.2353515625,2.9628883751145567
5,0.236328125,2.9626439161383047
5,0.2373046875,2.962644647126078
5,0.23828125,2.9628850743537103
5,0.2392578125,2.9632202269354457
5,0.240234375,2.963650747720332
5,0.2412109375,2.964042949163212
5,0.2421875,2.964318475240044
5,0.2431640625,2.964197240007112
5,0.244140625,2.963833664388316
5,0.2451171875,2.9632285268389515
5,0.24609375,2.962501615949275
5,0.2470703125,2.9615003949819787
5,0.248046875,2.9601506926850085
5,0.2490234375,2.958785902177041
5,0.25,2.957849050553224
5,0.2509765625,2.9568635437219157
5,0.251953125,2.9562900632892
5,0.2529296875,2.955697569591497
5,0.25390625,2.9547775442263617
5,0.2548828125,2.953628644145016
5,0.255859375,2.9524320108308486
5,0.2568359375,2.9510887713805376
5,0.2578125,2.949581488573187
5,0.2587890625,2.9477432376185506
5,0.259765625,2.945851445592766
5,0.2607421875,2.9439853665327367
5,0.26171875,2.94223836106817
5,0.2626953125,2.9405454545710543
5,0.263671875,2.9389854948556424
5,0.2646484375,2.937565926376713
5,0.265625,2.936265013300985
5,0.2666015625,2.934774412018029
5,0.267578125,2.9333469263512715
5,0.2685546875,2.9320051489957173
5,0.26953125,2.9307557024886544
5,0.2705078125,2.9295273020533963
5,0.271484375,2.928377950335544
5,0.2724609375,2.927246981749475
5,0.2734375,2.926116167996633
5,0.2744140625,2.9247950214615126
5,0.275390625,2.923496359235607
5,0.2763671875,2.9222634778896888
5,0.27734375,2.9211749096277053
5,0.2783203125,2.920126158707065
5,0.279296875,2.919119373611695
5,0.2802734375,2.918150560340529
5,0.28125,2.917132770034088
5,0.2822265625,2.915665868017961
5,0.283203125,2.9141533623441456
5,0.2841796875,2.912716984825795
5,0.28515625,2.911404796333718
5,0.2861328125,2.910234370886114
5,0.287109375,2.909302222079481
5,0.2880859375,2.9085513068491395
5,0.2890625,2.907992310120666
5,0.2900390625,2.907443264862011
5,0.291015625,2.907033631748372
5,0.2919921875,2.9067339428113144
5,0.29296875,2.906605000571542
5,0.2939453125,2.906589069035649
5,0.294921875,2.906696421114973
5,0.2958984375,2.9068682885908537
5,0.296875,2.9070635221706493
5,0.2978515625,2.9070382973046835
5,0.298828125,2.9070488283195304
5,0.2998046875,2.9071351548192395
5,0.30078125,2.9073376082020363
5,0.3017578125,2.907617062119477
5,0.302734375,2.9080202090094107
5,0.3037109375,2.9084916178820865
5,0.3046875,2.9090481101245635
5,0.3056640625,2.9095211672867034
5,0.306640625,2.910037492548672
5,0.3076171875,2.9105728316824617
5,0.30859375,2.91121789528006
5,0.3095703125,2.911926990111146
5,0.310546875,2.9126952513059394
5,0.3115234375,2.913458066167655
5,0.3125,2.913983498510019
5,0.3134765625,2.9137647758039398
5,0.314453125,2.913376432795017
5,0.3154296875,2.913029517783268
5,0.31640625,2.912716079444911
5,0.3173828125,2.9124052258564737
5,0.318359375,2.9121616648632958
5,0.3193359375,2.911930712980201
5,0.3203125,2.911739607524044
5,0.3212890625,2.91143933623772
5,0.322265625,2.911172260278373
5,0.3232421875,2.910927589210839
5,0.32421875,2.9107638668081006
5,0.3251953125,2.910628566985246
5,0.326171875,2.910552111204848
5,0.3271484375,2.9105014426694478
5,0.328125,2.910434319148497
5,0.3291015625,2.9101137217977286
5,0.330078125,2.9098064124330865
5,0.3310546875,2.90959537143555
5,0.33203125,2.909538854886035
5,0.3330078125,2.9096216978642917
5,0.333984375,2.9099193080944508
5,0.3349609375,2.9104027570484816
5,0.3359375,2.911083645412315
5,0.3369140625,2.911809264226362
5,0.337890625,2.912712168326744
5,0.3388671875,2.9137731968017184
5,0.33984375,2.9150493829277053
5,0.3408203125,2.9164869227057086
5,0.341796875,2.9181161369234725
5,0.3427734375,2.919906725212136
5,0.34375,2.9216896981058698
5,0.3447265625,2.923047612297405
5,0.345703125,2.9243352304350902
5,0.3466796875,2.925697340995708
5,0.34765625,2.9271588574891325
5,0.3486328125,2.9286652714328336
5,0.349609375,2.9302267439419087
5,0.3505859375,2.9317557997793404
5,0.3515625,2.9332509304947845
5,0.3525390625,2.934558588898851
5,0.353515625,2.935798827190456
5,0.3544921875,2.9369624585117804
5,0.35546875,2.9381073769857107
5,0.3564453125,2.9391854598001514
5,0.357421875,2.94020481447725
5,0.3583984375,2.9411309156004948
5,0.359375,2.94196533900547
5,0.3603515625,2.942524798892716
5,0.361328125,2.9430026766679807
5,0.3623046875,2.943397235762471
5,0.36328125,2.9437382441151976
5,0.3642578125,2.944016329155158
5,0.365234375,2.944300145430972
5,0.3662109375,2.944582486224676
5,0.3671875,2.9449254079506337
5,0.3681640625,2.945209569331915
5,0.369140625,2.9455101790687297
5,0.3701171875,2.9457633132286283
5,0.37109375,2.9460545530165785
5,0.3720703125,2.9464374686433
5,0.373046875,2.9470267754414787
5,0.3740234375,2.947699725935231
5,0.375,2.9478518093030783
5,0.3759765625,2.946728282524433
5,0.376953125,2.945102122033864
5,0.3779296875,2.9435856292303693
5,0.37890625,2.9423127646829084
5,0.3798828125,2.9411967139045503
5,0.380859375,2.9402143482522485
5,0.3818359375,2.939278219674317
5,0.3828125,2.9383936188873574
5,0.3837890625,2.9374385894882984
5,0.384765625,2.936534545278828
5,0.3857421875,2.9356588279680738
5,0.38671875,2.9348262696682954
5,0.3876953125,2.9339578828690587
5,0.388671875,2.9330481405211994
5,0.3896484375,2.9320629893047143
5,0.390625,2.93099395448246
5,0.3916015625,2.929659459201169
5,0.392578125,2.928231997081434
5,0.3935546875,2.9267267725666786
5,0.39453125,2.925200105196053
5,0.3955078125,2.923682124446674
5,0.396484375,2.9222427769368253
5,0.3974609375,2.920855094936885
5,0.3984375,2.9195483452249844
5,0.3994140625,2.9182246513211125
5,0.400390625,2.916992420239674
5,0.4013671875,2.9158207144218595
5,0.40234375,2.9147640878496226
5,0.4033203125,2.913828825150992
5,0.404296875,2.91306643174361
5,0.4052734375,2.912390313951938
5,0.40625,2.911538047681677
5,0.4072265625,2.910120457050899
5,0.408203125,2.9085097062537675
5,0.4091796875,2.906943706735532
5,0.41015625,2.905496506910375
5,0.4111328125,2.904141921546422
5,0.412109375,2.9029097493968616
5,0.4130859375,2.9017587388592085
5,0.4140625,2.9007007330317927
5,0.4150390625,2.8996091279138483
5,0.416015625,2.898569528700299
5,0.4169921875,2.897566082030316
5,0.41796875,2.8966364232603383
5,0.4189453125,2.8957306494987094
5,0.419921875,2.894841802157501
5,0.4208984375,2.893952555061417
5,0.421875,2.8930961607452845
5,0.4228515625,2.892146980111276
5,0.423828125,2.8912533499233395
5,0.4248046875,2.890395701866393
5,0.42578125,2.8895882364247094
5,0.4267578125,2.888834144924003
5,0.427734375,2.88819938223205
5,0.4287109375,2.8876601361230225
5,0.4296875,2.8872108299503574
5,0.4306640625,2.886744719385661
5,0.431640625,2.886402517658071
5,0.4326171875,2.886206474335006
5,0.43359375,2.8861718029559715
5,0.4345703125,2.8861617572995084
5,0.435546875,2.8860805140398047
5,0.4365234375,2.8859070345685005
5,0.4375,2.8855917394936603
5,0.4384765625,2.8848152758731205
5,0.439453125,2.88384910379194
5,0.4404296875,2.8827547482588782
5,0.44140625,2.881605546874111
5,0.4423828125,2.8805279991882893
5,0.443359375,2.879634596691407
5,0.4443359375,2.878865663213048
5,0.4453125,2.8781734356763304
5,0.4462890625,2.877413507624789
5,0.447265625,2.876685474133551
5,0.4482421875,2.876005888368572
5,0.44921875,2.87543397721031
5,0.4501953125,2.8749564993512493
5,0.451171875,2.8746075068357904
5,0.4521484375,2.8743678014313443
5,0.453125,2.87419212997624
5,0.4541015625,2.8738909069751384
5,0.455078125,2.8736139625549724
5,0.4560546875,2.8733820780481705
5,0.45703125,2.8731935482632154
5,0.4580078125,2.8730134314162674
5,0.458984375,2.872883556806746
5,0.4599609375,2.872772268566514
5,0.4609375,2.872647575157313
5,0.4619140625,2.872393515937614
5,0.462890625,2.872171341406907
5,0.4638671875,2.872043353058606
5,0.46484375,2.872037656620777
5,0.4658203125,2.872043061088281
5,0.466796875,2.87200245295761
5,0.4677734375,2.871914547069672
5,0.46875,2.871807268248133
5,0.4697265625,2.8714986376514138
5,0.470703125,2.871158297085604
5,0.4716796875,2.870732951724487
5,0.47265625,2.8702021878428043
5,0.4736328125,2.86961418571821
5,0.474609375,2.869070395511561
5,0.4755859375,2.86854722071028
5,0.4765625,2.868018520210168
5,0.4775390625,2.8673668522747287
5,0.478515625,2.8667363355197977
5,0.4794921875,2.866183124891565
5,0.48046875,2.8657630305508444
5,0.4814453125,2.865444250384111
5,0.482421875,2.8652448483775066
5,0.4833984375,2.865126236791377
5,0.484375,2.8650163828368957
5,0.4853515625,2.864749735656281
5,0.486328125,2.864561913450934
5,0.4873046875,2.8645542299922795
5,0.48828125,2.8647452244545693
5,0.4892578125,2.865075765649911
5,0.490234375,2.8655586664293917
5,0.4912109375,2.8661185279104218
5,0.4921875,2.866663264106557
5,0.4931640625,2.8670191168496397
5,0.494140625,2.8672911370015206
5,0.4951171875,2.867482167181272
5,0.49609375,2.867543842041799
5,0.4970703125,2.867182439880429
5,0.498046875,2.8661680623702943
5,0.4990234375,2.864924555005354
5,0.5,2.864437453463362
6,0.0009765625,4.775262743743589
6,0.001953125,4.653014241418192
6,0.0029296875,4.150170114703488
6,0.00390625,3.8813330827695935
6,0.0048828125,3.736166218344942
6,0.005859375,3.680260079051115
6,0.0068359375,3.642637639930922
6,0.0078125,3.618698516734839
6,0.0087890625,3.581580818225747
6,0.009765625,3.5539036126897385
6,0.0107421875,3.528579806692289
6,0.01171875,3.506188103237045
6,0.0126953125,3.4787045707031994
6,0.013671875,3.4529900248192464
6,0.0146484375,3.428791871840604
6,0.015625,3.406243638459411
6,0.0166015625,3.375443806866566
6,0.017578125,3.3479899394080435
6,0.0185546875,3.324809733732073
6,0.01953125,3.306225477216317
6,0.0205078125,3.289647028128589
6,0.021484375,3.277967585602273
6,0.0224609375,3.2692429731400106
6,0.0234375,3.2631839239980542
6,0.0244140625,3.2551458897145644
6,0.025390625,3.248966763548818
6,0.0263671875,3.2441150166166928
6,0.02734375,3.241285331120658
6,0.0283203125,3.238333498610265
6,0.029296875,3.236741554132593
6,0.0302734375,3.23608479449654
6,0.03125,3.233659127002583
6,0.0322265625,3.223421961818341
6,0.033203125,3.212124863964873
6,0.0341796875,3.202269916797668
6,0.03515625,3.193998653005844
6,0.0361328125,3.186157688558429
6,0.037109375,3.1799643096530663
6,0.0380859375,3.174821156890029
6,0.0390625,3.1705526667078505
6,0.0400390625,3.1651621435162
6,0.041015625,3.160611884194457
6,0.0419921875,3.157042009896557
6,0.04296875,3.154674391394216
6,0.0439453125,3.152347827910765
6,0.044921875,3.1506429277664765
6,0.0458984375,3.1492780969830543
6,0.046875,3.1476567657625343
6,0.0478515625,3.143737567361492
6,0.048828125,3.139610609958418
6,0.0498046875,3.135866965385208
6,0.05078125,3.1328292628854264
6,0.0517578125,3.130060656059099
6,0.052734375,3.128225400927115
6,0.0537109375,3.1269158300192688
6,0.0546875,3.1258982795258405
6,0.0556640625,3.1240478569635703
6,0.056640625,3.122557122258589
6,0.0576171875,3.1215310386615127
6,0.05859375,3.121205066048584
6,0.0595703125,3.120813585760949
6,0.060546875,3.1206348511943647
6,0.0615234375,3.120809571651261
6,0.0625,3.1204078919463782
6,0.0634765625,3.116810051316112
6,0.064453125,3.11277781306128
6,0.0654296875,3.10922417941309
6,0.06640625,3.106014552080409
6,0.0673828125,3.102850927950844
6,0.068359375,3.100215478693488
6,0.0693359375,3.097869306474066
6,0.0703125,3.095826257673447
6,0.0712890625,3.09336212155798
6,0.072265625,3.091198550936653
6,0.0732421875,3.089335630201578
6,0.07421875,3.087886632700916
6,0.0751953125,3.086461042445585
6,0.076171875,3.085365892427386
6,0.0771484375,3.084474337042407
6,0.078125,3.0834577628132926
6,0.0791015625,3.081349480781631
6,0.080078125,3.079110699485016
6,0.0810546875,3.077044084719461
6,0.08203125,3.075261752891383
6,0.0830078125,3.073488193104378
6,0.083984375,3.0720404665398005
6,0.0849609375,3.070801944518904
6,0.0859375,3.0697717390256622
6,0.0869140625,3.0684321923538262
6,0.087890625,3.067318588508365
6,0.0888671875,3.0664250385421883
6,0.08984375,3.0659225240915178
6,0.0908203125,3.065472327892345
6,0.091796875,3.065128361348341
6,0.0927734375,3.064838754543412
6,0.09375,3.0644489232912404
6,0.0947265625,3.063026563341223
6,0.095703125,3.061537286356616
6,0.0966796875,3.06011106044784
6,0.09765625,3.0588031534083235
6,0.0986328125,3.057602252240974
6,0.099609375,3.0568064338277647
6,0.1005859375,3.0562312673970427
6,0.1015625,3.055851842383939
6,0.1025390625,3.055221893358933
6,0.103515625,3.0547403425251622
6,0.1044921875,3.0544184340577654
6,0.10546875,3.0543808300779984
6,0.1064453125,3.0543971987204364
6,0.107421875,3.0545825838512144
6,0.1083984375,3.054805238547999
6,0.109375,3.0549343214759825
6,0.1103515625,3.0544489405638395
6,0.111328125,3.053921576882413
6,0.1123046875,3.0534603043985244
6,0.11328125,3.05315664710691
6,0.1142578125,3.052909302283395
6,0.115234375,3.052968293284489
6,0.1162109375,3.053246986429962
6,0.1171875,3.053712854569809
6,0.1181640625,3.0539811635650254
6,0.119140625,3.054414237949108
6,0.1201171875,3.0549802149478844
6,0.12109375,3.055759708712891
6,0.1220703125,3.056409556853774
6,0.123046875,3.056907690669234
6,0.1240234375,3.057442097095286
6,0.125,3.05782797927149
6,0.1259765625,3.0568447348508947
6,0.126953125,3.05570663189625
6,0.1279296875,3.0545706902081786
6,0.12890625,3.053228904071173
6,0.1298828125,3.051684220971833
6,0.130859375,3.0502466440840346
6,0.1318359375,3.048872332850074
6,0.1328125,3.0476573562514835
6,0.1337890625,3.046330161488528
6,0.134765625,3.045181734944054
6,0.1357421875,3.044190836829787
6,0.13671875,3.043443086615223
6,0.1376953125,3.042772578557778
6,0.138671875,3.0422437604530863
6,0.1396484375,3.041722239647554
6,0.140625,3.041069000213608
6,0.1416015625,3.0398643750576926
6,0.142578125,3.0385484009426733
6,0.1435546875,3.037274750665622
6,0.14453125,3.036146465571021
6,0.1455078125,3.0350772441266467
6,0.146484375,3.0342347910273846
6,0.1474609375,3.033543320118727
6,0.1484375,3.032957762282184
6,0.1494140625,3.032185371715218
6,0.150390625,3.031486086342181
6,0.1513671875,3.0308465276954584
6,0.15234375,3.030314461379255
6,0.1533203125,3.029683233421081
6,0.154296875,3.029008707124174
6,0.1552734375,3.02837451320792
6,0.15625,3.027834081906707
6,0.1572265625,3.026957707116155
6,0.158203125,3.026210856896552
6,0.1591796875,3.025550054278519
6,0.16015625,3.024875154180425
6,0.1611328125,3.0241122227059822
6,0.162109375,3.023438767276413
6,0.1630859375,3.022796904489114
6,0.1640625,3.022187438634032
6,0.1650390625,3.021360829803154
6,0.166015625,3.020544831872542
6,0.1669921875,3.019764396999045
6,0.16796875,3.019074185925553
6,0.1689453125,3.01832038353011
6,0.169921875,3.017594694929753
6,0.1708984375,3.0168759027253302
6,0.171875,3.016074725401263
6,0.1728515625,3.014841280179869
6,0.173828125,3.0135004547929705
6,0.1748046875,3.012140942696655
6,0.17578125,3.010789057338275
6,0.1767578125,3.0093460572385555
6,0.177734375,3.007953497526632
6,0.1787109375,3.006599324047261
6,0.1796875,3.0053256114273026
6,0.1806640625,3.0039849033161024
6,0.181640625,3.0028490321110413
6,0.1826171875,3.001942842979494
6,0.18359375,3.0013234482717523
6,0.1845703125,3.000776937550556
6,0.185546875,3.0002043739513966
6,0.1865234375,2.999480327981185
6,0.1875,2.998350345254192
6,0.1884765625,2.996208708543731
6,0.189453125,2.993727437169895
6,0.1904296875,2.991177371502665
6,0.19140625,2.988668562903913
6,0.1923828125,2.9862848483726374
6,0.193359375,2.984222187987436
6,0.1943359375,2.98239664048367
6,0.1953125,2.980735168529019
6,0.1962890625,2.978967823922153
6,0.197265625,2.977281853209187
6,0.1982421875,2.97570672747328
6,0.19921875,2.9742820892814152
6,0.2001953125,2.9728622630935564
6,0.201171875,2.971510718397817
6,0.2021484375,2.97020335326347
6,0.203125,2.9688603530132607
6,0.2041015625,2.967170269497031
6,0.205078125,2.96540555434938
6,0.2060546875,2.9636648819800926
6,0.20703125,2.962018960920924
6,0.2080078125,2.9604019366013854
6,0.208984375,2.958907029205644
6,0.2099609375,2.957466955067068
6,0.2109375,2.956072647285193
6,0.2119140625,2.9545674873634824
6,0.212890625,2.9531732781060773
6,0.2138671875,2.9518847706216027
6,0.21484375,2.9507247240208336
6,0.2158203125,2.9495698308039136
6,0.216796875,2.9485201883542542
6,0.2177734375,2.947576751658539
6,0.21875,2.946537505629701
6,0.2197265625,2.9449298423203776
6,0.220703125,2.943257471919218
6,0.2216796875,2.9417465521864714
6,0.22265625,2.9403946726724346
6,0.2236328125,2.9390681993420444
6,0.224609375,2.937850747752524
6,0.2255859375,2.9367059046011623
6,0.2265625,2.9356472575606034
6,0.2275390625,2.934481324949601
6,0.228515625,2.9333917702937025
6,0.2294921875,2.932397061319599
6,0.23046875,2.9315459689077663
6,0.2314453125,2.9307473616405924
6,0.232421875,2.930118595948534
6,0.2333984375,2.929638315059245
6,0.234375,2.9291820095181533
6,0.2353515625,2.9284397969801272
6,0.236328125,2.9277255714682684
6,0.2373046875,2.927157295590534
6,0.23828125,2.9267573807288407
6,0.2392578125,2.926409464284061
6,0.240234375,2.9262057467524656
6,0.2412109375,2.926119490879449
6,0.2421875,2.9261796088325367
6,0.2431640625,2.926252794782098
6,0.244140625,2.926597079751609
6,0.2451171875,2.927295826158455
6,0.24609375,2.9284463488646626
6,0.2470703125,2.9295832272537865
6,0.248046875,2.930044515024388
6,0.2490234375,2.9297341717282497
6,0.25,2.9292579412720894
6,0.2509765625,2.9284807659677368
6,0.251953125,2.9275822378113125
6,0.2529296875,2.925966519603179
6,0.25390625,2.9237158215522308
6,0.2548828125,2.92148096977525
6,0.255859375,2.919718613714981
6,0.2568359375,2.9183230886657308
6,0.2578125,2.917198699283855
6,0.2587890625,2.916083018610004
6,0.259765625,2.9150907001120507
6,0.2607421875,2.9141817003859014
6,0.26171875,2.913371745914384
6,0.2626953125,2.9125826471954914
6,0.263671875,2.9119453477823045
6,0.2646484375,2.9114371206050285
6,0.265625,2.9109092771179093
6,0.2666015625,2.910038682310257
6,0.267578125,2.909108069855984
6,0.2685546875,2.90825189562676
6,0.26953125,2.907525085544568
6,0.2705078125,2.9068460386830823
6,0.271484375,2.906286233565388
6,0.2724609375,2.9057819364149124
6,0.2734375,2.9053144116523946
6,0.2744140625,2.9047381740384908
6,0.275390625,2.9042616171852726
6,0.2763671875,2.9039349938849184
6,0.27734375,2.903823141728332
6,0.2783203125,2.903781732400783
6,0.279296875,2.9037839142045567
6,0.2802734375,2.903822661678924
6,0.28125,2.9039045897631954
6,0.2822265625,2.9037474025797243
6,0.283203125,2.9036379451302943
6,0.2841796875,2.903574757868553
6,0.28515625,2.903543971179235
6,0.2861328125,2.9035291462654844
6,0.287109375,2.903640480419394
6,0.2880859375,2.9038276194727635
6,0.2890625,2.904087577434441
6,0.2900390625,2.9042534521328176
6,0.291015625,2.9044455238787266
6,0.2919921875,2.904645787918517
6,0.29296875,2.9048901156440903
6,0.2939453125,2.9051208306539222
6,0.294921875,2.9054361936838045
6,0.2958984375,2.905793498449144
6,0.296875,2.9060532268445454
6,0.2978515625,2.905953450279928
6,0.298828125,2.9057747375415057
6,0.2998046875,2.9056359746778946
6,0.30078125,2.90552788202211
6,0.3017578125,2.9053210793376945
6,0.302734375,2.9050858566884408
6,0.3037109375,2.904818670744149
6,0.3046875,2.904538404994588
6,0.3056640625,2.9041130132674358
6,0.306640625,2.903707430400724
6,0.3076171875,2.903362358814233
6,0.30859375,2.903164720785069
6,0.3095703125,2.902942005769634
6,0.310546875,2.902532478654277
6,0.3115234375,2.9019690907511966
6,0.3125,2.901524002374648
6,0.3134765625,2.9010533275829573
6,0.314453125,2.900719340943871
6,0.3154296875,2.9002545404608493
6,0.31640625,2.899633053925367
6,0.3173828125,2.899036420664969
6,0.318359375,2.898649296633108
6,0.3193359375,2.89837165491826
6,0.3203125,2.898121356645752
6,0.3212890625,2.8977119664475968
6,0.322265625,2.897290148727706
6,0.3232421875,2.8968734630303863
6,0.32421875,2.896477378894108
6,0.3251953125,2.896013347014854
6,0.326171875,2.895557311262678
6,0.3271484375,2.895090561476643
6,0.328125,2.8945252166771653
6,0.3291015625,2.8936308471588963
6,0.330078125,2.892640390344976
6,0.3310546875,2.891651222335329
6,0.33203125,2.8906941907471
6,0.3330078125,2.889692564315808
6,0.333984375,2.888723375421186
6,0.3349609375,2.887776653731752
6,0.3359375,2.886863068847397
6,0.3369140625,2.885843044360966
6,0.337890625,2.884856210939753
6,0.3388671875,2.883927170570276
6,0.33984375,2.883125416767619
6,0.3408203125,2.8823551861226733
6,0.341796875,2.8816178101190606
6,0.3427734375,2.8808952605724176
6,0.34375,2.880141225550698
6,0.3447265625,2.8790735789184247
6,0.345703125,2.8779638031013914
6,0.3466796875,2.876836907134156
6,0.34765625,2.875690703193309
6,0.3486328125,2.874514546457496
6,0.349609375,2.873415051757417
6,0.3505859375,2.872357437102515
6,0.3515625,2.87135511151098
6,0.3525390625,2.870285579601524
6,0.353515625,2.8692991649486417
6,0.3544921875,2.868404795770841
6,0.35546875,2.867632606332662
6,0.3564453125,2.8668981045055517
6,0.357421875,2.8662613320735715
6,0.3583984375,2.8657005780442977
6,0.359375,2.865159218151337
6,0.3603515625,2.8644249425146784
6,0.361328125,2.8637058982957213
6,0.3623046875,2.863056940982728
6,0.36328125,2.862515966565818
6,0.3642578125,2.86204898254473
6,0.365234375,2.861763022166398
6,0.3662109375,2.861639186948367
6,0.3671875,2.861675320376172
6,0.3681640625,2.8617176445273853
6,0.369140625,2.861893015746943
6,0.3701171875,2.8621835667252147
6,0.37109375,2.8626114490400805
6,0.3720703125,2.8628885939606104
6,0.373046875,2.86274085438586
6,0.3740234375,2.862276095546512
6,0.375,2.8619219983954274
6,0.3759765625,2.861498180972036
6,0.376953125,2.861204828493847
6,0.3779296875,2.860641354306636
6,0.37890625,2.859707677264513
6,0.3798828125,2.858647472339255
6,0.380859375,2.857711672661905
6,0.3818359375,2.856864235021036
6,0.3828125,2.85611416158108
6,0.3837890625,2.855315672459493
6,0.384765625,2.854606983870289
6,0.3857421875,2.853997045222307
6,0.38671875,2.85353075035043
6,0.3876953125,2.8531232728693947
6,0.388671875,2.8528005635137945
6,0.3896484375,2.852483391684697
6,0.390625,2.852063438032684
6,0.3916015625,2.851304386082723
6,0.392578125,2.850437850822028
6,0.3935546875,2.849569100376597
6,0.39453125,2.848764232228276
6,0.3955078125,2.8479872683493133
6,0.396484375,2.8473157405664744
6,0.3974609375,2.8466951835783805
6,0.3984375,2.8461050067214035
6,0.3994140625,2.845416832015727
6,0.400390625,2.844798434126002
6,0.4013671875,2.8442806028776366
6,0.40234375,2.8439190176675617
6,0.4033203125,2.843628113262194
6,0.404296875,2.843447247805206
6,0.4052734375,2.8433587712088064
6,0.40625,2.8432472608297705
6,0.4072265625,2.8427853200968256
6,0.408203125,2.8422955589692145
6,0.4091796875,2.841886310435364
6,0.41015625,2.8415714830481016
6,0.4111328125,2.841317246372776
6,0.412109375,2.8412149946491976
6,0.4130859375,2.841224671430589
6,0.4140625,2.8413466213951004
6,0.4150390625,2.841441639157767
6,0.416015625,2.841628848410436
6,0.4169921875,2.841892249566233
6,0.41796875,2.8422465101860213
6,0.4189453125,2.8425939515341114
6,0.419921875,2.842960880226818
6,0.4208984375,2.843322874997762
6,0.421875,2.843673002857124
6,0.4228515625,2.843840564039971
6,0.423828125,2.84399028114092
6,0.4248046875,2.844123112787582
6,0.42578125,2.8442497273403737
6,0.4267578125,2.844326765294737
6,0.427734375,2.844439553456667
6,0.4287109375,2.84455661830416
6,0.4296875,2.8446650282601764
6,0.4306640625,2.8446320342167155
6,0.431640625,2.8446093117838678
6,0.4326171875,2.844609035306631
6,0.43359375,2.844664785192134
6,0.4345703125,2.844616819872672
6,0.435546875,2.844408824350932
6,0.4365234375,2.844148210163581
6,0.4375,2.8440350422101246
6,0.4384765625,2.843862563428122
6,0.439453125,2.8438433829961305
6,0.4404296875,2.843768585852297
6,0.44140625,2.8435362282301404
6,0.4423828125,2.843224590394287
6,0.443359375,2.843002363660339
6,0.4443359375,2.8428429017041648
6,0.4453125,2.8427658413014614
6,0.4462890625,2.84263540757136
6,0.447265625,2.8425459553192094
6,0.4482421875,2.842464149876223
6,0.44921875,2.8424245009512403
6,0.4501953125,2.8423660143806027
6,0.451171875,2.842347250562829
6,0.4521484375,2.842335987192689
6,0.453125,2.8422548631212146
6,0.4541015625,2.8418731283690315
6,0.455078125,2.841397686221932
6,0.4560546875,2.840905811638951
6,0.45703125,2.840433596112275
6,0.4580078125,2.839925079366901
6,0.458984375,2.839465655048051
6,0.4599609375,2.8390360244611736
6,0.4609375,2.8386474632949428
6,0.4619140625,2.838173334088208
6,0.462890625,2.8377457510817217
6,0.4638671875,2.837352383829121
6,0.46484375,2.8370334099253367
6,0.4658203125,2.8366602435024064
6,0.466796875,2.836190815734616
6,0.4677734375,2.835619771157689
6,0.46875,2.834985985697676
6,0.4697265625,2.83404093284767
6,0.470703125,2.83300683399599
6,0.4716796875,2.8318565149967694
6,0.47265625,2.83062052492
6,0.4736328125,2.8293502873358976
6,0.474609375,2.828186023155552
6,0.4755859375,2.8270953780356507
6,0.4765625,2.826084994147473
6,0.4775390625,2.8249816227979987
6,0.478515625,2.8238787638696
6,0.4794921875,2.8227554722713304
6,0.48046875,2.821673321407111
6,0.4814453125,2.8205739277370068
6,0.482421875,2.81952053382532
6,0.4833984375,2.818481512161568
6,0.484375,2.817415925407729
6,0.4853515625,2.81614356710917
6,0.486328125,2.8149654644545468
6,0.4873046875,2.813979950289704
6,0.48828125,2.813212332341316
6,0.4892578125,2.8126087969357387
6,0.490234375,2.8123349101266024
6,0.4912109375,2.8124320887096186
6,0.4921875,2.8129321133543903
6,0.4931640625,2.8137128782950334
6,0.494140625,2.8150410408695183
6,0.4951171875,2.8170278511371927
6,0.49609375,2.819703641353592
6,0.4970703125,2.822222775279016
6,0.498046875,2.823272347896583
6,0.4990234375,2.8227837136821363
6,0.5,2.822444179092352
7,0.0009765625,4.276542551579625
7,0.001953125,4.179570227085673
7,0.0029296875,3.870454132787076
7,0.00390625,3.734915641250706
7,0.0048828125,3.6527234127438266
7,0.005859375,3.597662093617377
7,0.0068359375,3.551544702933217
7,0.0078125,3.519186523451157
7,0.0087890625,3.486800911831672
7,0.009765625,3.460333970689298
7,0.0107421875,3.4352691733823426
7,0.01171875,3.413763673946821
7,0.0126953125,3.3937474741446025
7,0.013671875,3.3779774838370686
7,0.0146484375,3.3644573659300745
7,0.015625,3.3518654588433066
7,0.0166015625,3.3355638736463664
7,0.017578125,3.320180003224015
7,0.0185546875,3.305851308333696
7,0.01953125,3.293013254123444
7,0.0205078125,3.2803993117747035
7,0.021484375,3.2688718896342364
7,0.0224609375,3.257796134811867
7,0.0234375,3.247614172177144
7,0.0244140625,3.2367940931623025
7,0.025390625,3.227094584800981
7,0.0263671875,3.218409900908826
7,0.02734375,3.2112539904116195
7,0.0283203125,3.205105664539631
7,0.029296875,3.200736065937656
7,0.0302734375,3.19757287083199
7,0.03125,3.1943533608947305
7,0.0322265625,3.1886279119518863
7,0.033203125,3.1829326043920534
7,0.0341796875,3.1782322407515053
7,0.03515625,3.174771881729876
7,0.0361328125,3.171813551578362
7,0.037109375,3.1695493606581904
7,0.0380859375,3.167657795546932
7,0.0390625,3.166191987592004
7,0.0400390625,3.164303573285633
7,0.041015625,3.1626455633845065
7,0.0419921875,3.1610929243330848
7,0.04296875,3.1599126005765568
7,0.0439453125,3.158808987991737
7,0.044921875,3.158061090936538
7,0.0458984375,3.1574033050832297
7,0.046875,3.156611155364999
7,0.0478515625,3.1548413665745554
7,0.048828125,3.153079792366531
7,0.0498046875,3.151517113910623
7,0.05078125,3.1502202856481
7,0.0517578125,3.148803265978371
7,0.052734375,3.1474343007857657
7,0.0537109375,3.1459891851605075
7,0.0546875,3.14464800456797
7,0.0556640625,3.143076419166791
7,0.056640625,3.14174780515451
7,0.0576171875,3.1405955647808
7,0.05859375,3.1397572031882883
7,0.0595703125,3.1389905326961216
7,0.060546875,3.138343141626674
7,0.0615234375,3.137618864556748
7,0.0625,3.136486929629884
7,0.0634765625,3.134003685868703
7,0.064453125,3.131258401276814
7,0.0654296875,3.1286225730786525
7,0.06640625,3.126263614506075
7,0.0673828125,3.124103012544004
7,0.068359375,3.122273133050862
7,0.0693359375,3.120597835624105
7,0.0703125,3.119065779017549
7,0.0712890625,3.117327339787055
7,0.072265625,3.115633800582272
7,0.0732421875,3.113940529257415
7,0.07421875,3.1123864206942486
7,0.0751953125,3.110870008534352
7,0.076171875,3.1095352320799767
7,0.0771484375,3.108307020264885
7,0.078125,3.1071216093141723
7,0.0791015625,3.105566393644283
7,0.080078125,3.103995555895549
7,0.0810546875,3.10243528922587
7,0.08203125,3.1009586859542915
7,0.0830078125,3.0994380135795883
7,0.083984375,3.097942841610623
7,0.0849609375,3.0963885431596987
7,0.0859375,3.094859816151718
7,0.0869140625,3.093158707708686
7,0.087890625,3.0914762324903338
7,0.0888671875,3.089759430022246
7,0.08984375,3.0881231639792355
7,0.0908203125,3.086558400070974
7,0.091796875,3.085231973135231
7,0.0927734375,3.084067848684781
7,0.09375,3.0828553692705567
7,0.0947265625,3.081100093519835
7,0.095703125,3.07923968188348
7,0.0966796875,3.077427284097772
7,0.09765625,3.0757135731027883
7,0.0986328125,3.073976937700093
7,0.099609375,3.072291196598256
7,0.1005859375,3.070613178555902
7,0.1015625,3.069028579007309
7,0.1025390625,3.067387877067723
7,0.103515625,3.065847112692643
7,0.1044921875,3.0643243686272976
7,0.10546875,3.0628789292622254
7,0.1064453125,3.061476947738546
7,0.107421875,3.060265442342215
7,0.1083984375,3.059198703625236
7,0.109375,3.058179116202646
7,0.1103515625,3.0569029720819785
7,0.111328125,3.0556884706954377
7,0.1123046875,3.0546370364860005
7,0.11328125,3.053777581516808
7,0.1142578125,3.052954218901897
7,0.115234375,3.05220520643935
7,0.1162109375,3.0514835390510693
7,0.1171875,3.050863160565696
7,0.1181640625,3.050204026083841
7,0.119140625,3.049641242836908
7,0.1201171875,3.049124408402175
7,0.12109375,3.048753921983809
7,0.1220703125,3.0484982791410205
7,0.123046875,3.0483733932817096
7,0.1240234375,3.048201760828872
7,0.125,3.0476218636371137
7,0.1259765625,3.0460133379372114
7,0.126953125,3.0440142935317995
7,0.1279296875,3.042010151635275
7,0.12890625,3.0401884666196968
7,0.1298828125,3.03852538407829
7,0.130859375,3.0370481091764567
7,0.1318359375,3.035686297280302
7,0.1328125,3.0345040265119505
7,0.1337890625,3.0333724710597862
7,0.134765625,3.032386435597821
7,0.1357421875,3.0314644947589997
7,0.13671875,3.0306458877001696
7,0.1376953125,3.029879230734074
7,0.138671875,3.0292452471615223
7,0.1396484375,3.0287056431560107
7,0.140625,3.028223899463129
7,0.1416015625,3.027588476780244
7,0.142578125,3.027014842325537
7,0.1435546875,3.0265444568315
7,0.14453125,3.026218976034857
7,0.1455078125,3.0259651093572897
7,0.146484375,3.025823791752275
7,0.1474609375,3.0257192820326724
7,0.1484375,3.025642372617852
7,0.1494140625,3.025466641596543
7,0.150390625,3.0253548943085127
7,0.1513671875,3.025335579553426
7,0.15234375,3.0254744898709403
7,0.1533203125,3.02567405778982
7,0.154296875,3.025890830422679
7,0.1552734375,3.0260551087953336
7,0.15625,3.026200034429117
7,0.1572265625,3.0261573538122257
7,0.158203125,3.0261058307128006
7,0.1591796875,3.026010242659116
7,0.16015625,3.0259214549743656
7,0.1611328125,3.025866808183525
7,0.162109375,3.0259346526425945
7,0.1630859375,3.026067060678235
7,0.1640625,3.026241883945436
7,0.1650390625,3.026319430719001
7,0.166015625,3.026405366742608
7,0.1669921875,3.02649685118321
7,0.16796875,3.0266610329925774
7,0.1689453125,3.0268695682318145
7,0.169921875,3.027169787581946
7,0.1708984375,3.0274957897715664
7,0.171875,3.027782473042195
7,0.1728515625,3.0278494245082745
7,0.173828125,3.0278862864250806
7,0.1748046875,3.027964615043343
7,0.17578125,3.0281585537902025
7,0.1767578125,3.028442900282498
7,0.177734375,3.028868671314554
7,0.1787109375,3.0293865238501443
7,0.1796875,3.030007248146873
7,0.1806640625,3.030614974593037
7,0.181640625,3.031266938363813
7,0.1826171875,3.031893197218768
7,0.18359375,3.0325205661226287
7,0.1845703125,3.0331822481846937
7,0.185546875,3.0340422481512985
7,0.1865234375,3.035019595191385
7,0.1875,3.035715713916375
7,0.1884765625,3.035660817664904
7,0.189453125,3.035360313616365
7,0.1904296875,3.035198914141878
7,0.19140625,3.035231077803851
7,0.1923828125,3.0352903711277337
7,0.193359375,3.0353341424094262
7,0.1943359375,3.0353051240905726
7,0.1953125,3.035239063640821
7,0.1962890625,3.0350775868103788
7,0.197265625,3.0349286376376687
7,0.1982421875,3.0347776977737992
7,0.19921875,3.034673901624492
7,0.2001953125,3.034601754273554
7,0.201171875,3.0346115908597917
7,0.2021484375,3.034635175756501
7,0.203125,3.0345885723915877
7,0.2041015625,3.0343104513062515
7,0.205078125,3.0339872819640368
7,0.2060546875,3.033703849587712
7,0.20703125,3.033509833516632
7,0.2080078125,3.0333478621993946
7,0.208984375,3.0332376064753577
7,0.2099609375,3.0331322158728
7,0.2109375,3.0330408995142166
7,0.2119140625,3.0328873651451675
7,0.212890625,3.032773188558871
7,0.2138671875,3.0326925782149385
7,0.21484375,3.0326784173631127
7,0.2158203125,3.0327229439870536
7,0.216796875,3.03291056058765
7,0.2177734375,3.033180481449704
7,0.21875,3.033342372054292
7,0.2197265625,3.0331275793340327
7,0.220703125,3.032783637411168
7,0.2216796875,3.0324780695295384
7,0.22265625,3.0322670111922583
7,0.2236328125,3.032082642312816
7,0.224609375,3.0319480320299594
7,0.2255859375,3.031837896795793
7,0.2265625,3.0317546005456952
7,0.2275390625,3.031587271197712
7,0.228515625,3.0313933447435724
7,0.2294921875,3.031145378924452
7,0.23046875,3.030862705583016
7,0.2314453125,3.030506293525688
7,0.232421875,3.0301332081489973
7,0.2333984375,3.029740426921755
7,0.234375,3.02932564102898
7,0.2353515625,3.028780635070281
7,0.236328125,3.0282552618571903
7,0.2373046875,3.027783639069553
7,0.23828125,3.0273919165721948
7,0.2392578125,3.0270373102434744
7,0.240234375,3.0267624936507564
7,0.2412109375,3.0265401053975283
7,0.2421875,3.0263929762753627
7,0.2431640625,3.026258021822274
7,0.244140625,3.026234274440675
7,0.2451171875,3.0262956859057737
7,0.24609375,3.02646194247726
7,0.2470703125,3.026754219882753
7,0.248046875,3.0272887135365325
7,0.2490234375,3.027884844983364
7,0.25,3.027899620750916
7,0.2509765625,3.026674362648733
7,0.251953125,3.0249292375263974
7,0.2529296875,3.0232802774784333
7,0.25390625,3.0218371658900183
7,0.2548828125,3.0204375818412807
7,0.255859375,3.0190404874959698
7,0.2568359375,3.017630995947517
7,0.2578125,3.0162726529399437
7,0.2587890625,3.0149144630499007
7,0.259765625,3.013629649456145
7,0.2607421875,3.012371460567245
7,0.26171875,3.0111340869879397
7,0.2626953125,3.009860479589676
7,0.263671875,3.008595914729407
7,0.2646484375,3.007341583496428
7,0.265625,3.0061128380580904
7,0.2666015625,3.0048093179644657
7,0.267578125,3.0035358551635936
7,0.2685546875,3.002269212297962
7,0.26953125,3.000996078279748
7,0.2705078125,2.9996723812737422
7,0.271484375,2.998362997332624
7,0.2724609375,2.997084071564692
7,0.2734375,2.995884821284352
7,0.2744140625,2.99471796500746
7,0.275390625,2.993682076171364
7,0.2763671875,2.992774207333457
7,0.27734375,2.992007609362378
7,0.2783203125,2.991319516965525
7,0.279296875,2.9907086051015264
7,0.2802734375,2.990122313000267
7,0.28125,2.9895112105980584
7,0.2822265625,2.9887329483832707
7,0.283203125,2.9879530542019728
7,0.2841796875,2.9872144280886985
7,0.28515625,2.986558415189141
7,0.2861328125,2.9859852963998064
7,0.287109375,2.9855395314620643
7,0.2880859375,2.985179124924475
7,0.2890625,2.9848967712023606
7,0.2900390625,2.9846127040027324
7,0.291015625,2.984404228982221
7,0.2919921875,2.984273069925044
7,0.29296875,2.984260824647487
7,0.2939453125,2.9843445739857395
7,0.294921875,2.9845564428800917
7,0.2958984375,2.984845099137728
7,0.296875,2.9851508762905707
7,0.2978515625,2.985332312995119
7,0.298828125,2.9854971602870517
7,0.2998046875,2.985666040832605
7,0.30078125,2.9858682669813748
7,0.3017578125,2.986081138840089
7,0.302734375,2.986349629021364
7,0.3037109375,2.9866525375320143
7,0.3046875,2.987013545973007
7,0.3056640625,2.98738085504993
7,0.306640625,2.987848773996268
7,0.3076171875,2.9884295689589773
7,0.30859375,2.9891743434326523
7,0.3095703125,2.9900488578859217
7,0.310546875,2.991029141229416
7,0.3115234375,2.991984912242613
7,0.3125,2.992717588867709
7,0.3134765625,2.9929467459500283
7,0.314453125,2.9929341534785703
7,0.3154296875,2.9928583677381693
7,0.31640625,2.9928294368917534
7,0.3173828125,2.992863962374617
7,0.318359375,2.993007661102653
7,0.3193359375,2.9932277568524066
7,0.3203125,2.993519242055975
7,0.3212890625,2.9937804158670147
7,0.322265625,2.9940422752017786
7,0.3232421875,2.9942707032700606
7,0.32421875,2.9945099058897795
7,0.3251953125,2.9947497978217714
7,0.326171875,2.995018108438207
7,0.3271484375,2.995290438763863
7,0.328125,2.995585419440637
7,0.3291015625,2.995818029573392
7,0.330078125,2.996069258841163
7,0.3310546875,2.996331897140509
7,0.33203125,2.996654765126262
7,0.3330078125,2.9970371888233918
7,0.333984375,2.9975085495143867
7,0.3349609375,2.9980237675605044
7,0.3359375,2.998583818680617
7,0.3369140625,2.9991132316189195
7,0.337890625,2.999668036060456
7,0.3388671875,3.000233655450252
7,0.33984375,3.0008654010240265
7,0.3408203125,3.001597740537508
7,0.341796875,3.0025199153420257
7,0.3427734375,3.0035869193113784
7,0.34375,3.0046431311533093
7,0.3447265625,3.005453954592685
7,0.345703125,3.0061967628896125
7,0.3466796875,3.0069868722003608
7,0.34765625,3.0078615281482413
7,0.3486328125,3.00874972659593
7,0.349609375,3.009639284262984
7,0.3505859375,3.010487915300521
7,0.3515625,3.011315971259072
7,0.3525390625,3.0120685597251526
7,0.353515625,3.012810617380465
7,0.3544921875,3.013525105151704
7,0.35546875,3.014249514057825
7,0.3564453125,3.014965008499058
7,0.357421875,3.015695050530091
7,0.3583984375,3.016412389673483
7,0.359375,3.0171204445775937
7,0.3603515625,3.017710399991527
7,0.361328125,3.0182374929361235
7,0.3623046875,3.018684194055364
7,0.36328125,3.0190950494335205
7,0.3642578125,3.0194591603552907
7,0.365234375,3.01979058755975
7,0.3662109375,3.0200479853655278
7,0.3671875,3.020260550550653
7,0.3681640625,3.020353584143732
7,0.369140625,3.020320815647796
7,0.3701171875,3.020064683717535
7,0.37109375,3.019631017790152
7,0.3720703125,3.0192176261622365
7,0.373046875,3.0192083202999305
7,0.3740234375,3.0196476593391863
7,0.375,3.0200261887374293
7,0.3759765625,3.019794398311189
7,0.376953125,3.0194908186647766
7,0.3779296875,3.019599123244267
7,0.37890625,3.0200604661453694
7,0.3798828125,3.0205090337649785
7,0.380859375,3.020779594843258
7,0.3818359375,3.0208444662639526
7,0.3828125,3.020791483835044
7,0.3837890625,3.020616512903328
7,0.384765625,3.020403616971491
7,0.3857421875,3.020138505517391
7,0.38671875,3.0198526647620665
7,0.3876953125,3.019531606508995
7,0.388671875,3.0192243767551865
7,0.3896484375,3.01892222554002
7,0.390625,3.018616540162961
7,0.3916015625,3.018208352115334
7,0.392578125,3.017795116360613
7,0.3935546875,3.017389690964645
7,0.39453125,3.017011903761007
7,0.3955078125,3.016633353979161
7,0.396484375,3.0162938310398704
7,0.3974609375,3.015984704315228
7,0.3984375,3.015726815107394
7,0.3994140625,3.01545514593466
7,0.400390625,3.015210908658043
7,0.4013671875,3.014950698598729
7,0.40234375,3.014677047959399
7,0.4033203125,3.014358802004584
7,0.404296875,3.0140269947618115
7,0.4052734375,3.0136851193261296
7,0.40625,3.013354434851318
7,0.4072265625,3.012943286581199
7,0.408203125,3.0125540860178157
7,0.4091796875,3.0121692040310237
7,0.41015625,3.0117883993996646
7,0.4111328125,3.011383332081756
7,0.412109375,3.010969985071548
7,0.4130859375,3.0105060900630924
7,0.4140625,3.0099920299324445
7,0.4150390625,3.00937687905728
7,0.416015625,3.008737543903236
7,0.4169921875,3.0080637396637155
7,0.41796875,3.0073645886301974
7,0.4189453125,3.0066131282854585
7,0.419921875,3.0058626849805106
7,0.4208984375,3.005104704490853
7,0.421875,3.0043022530489942
7,0.4228515625,3.0033366395358287
7,0.423828125,3.002310625425376
7,0.4248046875,3.00125752835766
7,0.42578125,3.000201243778868
7,0.4267578125,2.9991188976594487
7,0.427734375,2.998072195671913
7,0.4287109375,2.997079096607491
7,0.4296875,2.996170030951208
7,0.4306640625,2.9952821099760047
7,0.431640625,2.994473066807894
7,0.4326171875,2.9937393619417185
7,0.43359375,2.993110809893955
7,0.4345703125,2.9925320474798878
7,0.435546875,2.991986933061629
7,0.4365234375,2.991528059850038
7,0.4375,2.991315025755941
7,0.4384765625,2.9912970230556053
7,0.439453125,2.991520364557422
7,0.4404296875,2.991823376444461
7,0.44140625,2.992136848283945
7,0.4423828125,2.99244153831276
7,0.443359375,2.992767280896377
7,0.4443359375,2.993098006249671
7,0.4453125,2.993481983064485
7,0.4462890625,2.993882530900199
7,0.447265625,2.994338398542678
7,0.4482421875,2.9948034909379446
7,0.44921875,2.995301539257064
7,0.4501953125,2.9958334869830106
7,0.451171875,2.996456755294272
7,0.4521484375,2.997149297791651
7,0.453125,2.997866920240625
7,0.4541015625,2.998488856013537
7,0.455078125,2.9991214729129534
7,0.4560546875,2.999801375815443
7,0.45703125,3.000551027287106
7,0.4580078125,3.001320558876349
7,0.458984375,3.0021097523541096
7,0.4599609375,3.002855406620721
7,0.4609375,3.003528169923157
7,0.4619140625,3.004044900983827
7,0.462890625,3.004473694844961
7,0.4638671875,3.0048145727739533
7,0.46484375,3.005093912605996
7,0.4658203125,3.005290174532122
7,0.466796875,3.0054619313830155
7,0.4677734375,3.0056529286673914
7,0.46875,3.005919216954085
7,0.4697265625,3.0061864860905003
7,0.470703125,3.006574824288991
7,0.4716796875,3.007049838394528
7,0.47265625,3.007561572100266
7,0.4736328125,3.008030636701371
7,0.474609375,3.0084640946341934
7,0.4755859375,3.0088273814917126
7,0.4765625,3.0091248751050856
7,0.4775390625,3.009288545299878
7,0.478515625,3.009397130905209
7,0.4794921875,3.009443152476884
7,0.48046875,3.0094469347710557
7,0.4814453125,3.009362463844174
7,0.482421875,3.009203348144577
7,0.4833984375,3.008933593992537
7,0.484375,3.00855656183711
7,0.4853515625,3.0079945444146934
7,0.486328125,3.00737894264664
7,0.4873046875,3.0067425826399905
7,0.48828125,3.006137532324205
7,0.4892578125,3.005527840619496
7,0.490234375,3.0049065185937924
7,0.4912109375,3.0042049936631146
7,0.4921875,3.00346951364678
7,0.4931640625,3.002748728080133
7,0.494140625,3.002317400481005
7,0.4951171875,3.0023810266373734
7,0.49609375,3.0031287327369305
7,0.4970703125,3.0044160168425336
7,0.498046875,3.0058653101437045
7,0.4990234375,3.007073976173977
7,0.5,3.0076547371136946
8,0.0009765625,4.6973646546540735
8,0.001953125,4.654345380116191
8,0.0029296875,4.4288613678872055
8,0.00390625,4.318996445382608
8,0.0048828125,4.189599871650338
8,0.005859375,4.053538683161405
8,0.0068359375,3.931332455993192
8,0.0078125,3.836732071974031
8,0.0087890625,3.751728937723554
8,0.009765625,3.6847825215349
8,0.0107421875,3.6333904661493577
8,0.01171875,3.5946728485201085
8,0.0126953125,3.560398446346812
8,0.013671875,3.532005142489223
8,0.0146484375,3.506335753643889
8,0.015625,3.479591305593257
8,0.0166015625,3.444944337165467
8,0.017578125,3.4116977512520643
8,0.0185546875,3.383110076390728
8,0.01953125,3.358907608696642
8,0.0205078125,3.335745346830746
8,0.021484375,3.3155359196952188
8,0.0224609375,3.2984986561796763
8,0.0234375,3.284588237394197
8,0.0244140625,3.271100398612933
8,0.025390625,3.2607137938359165
8,0.0263671875,3.253026778146031
8,0.02734375,3.2477431394552188
8,0.0283203125,3.243493821137692
8,0.029296875,3.2413683707731367
8,0.0302734375,3.240415779284975
8,0.03125,3.2380393523025583
8,0.0322265625,3.2305000026745603
8,0.033203125,3.2220595425942564
8,0.0341796875,3.214753894495027
8,0.03515625,3.208913106825724
8,0.0361328125,3.2035525299498606
8,0.037109375,3.1992530137924065
8,0.0380859375,3.1958190527186123
8,0.0390625,3.193237275577625
8,0.0400390625,3.190245819149529
8,0.041015625,3.1880377016046886
8,0.0419921875,3.1866186964105787
8,0.04296875,3.1859328174634443
8,0.0439453125,3.1851689026329515
8,0.044921875,3.1846887427475195
8,0.0458984375,3.1841383152891543
8,0.046875,3.1830360229228902
8,0.0478515625,3.180108812806304
8,0.048828125,3.1768249378561983
8,0.0498046875,3.1735922488637045
8,0.05078125,3.1705090538576743
8,0.0517578125,3.167140633778254
8,0.052734375,3.164126481047658
8,0.0537109375,3.161578060825428
8,0.0546875,3.1595630450296373
8,0.0556640625,3.157425007011888
8,0.056640625,3.155886076302592
8,0.0576171875,3.154890353583073
8,0.05859375,3.1545258971756027
8,0.0595703125,3.1545133848544054
8,0.060546875,3.155124769044344
8,0.0615234375,3.1558907277345267
8,0.0625,3.1555676019568084
8,0.0634765625,3.1523872180937
8,0.064453125,3.1481823178102526
8,0.0654296875,3.144128445646828
8,0.06640625,3.140658762411772
8,0.0673828125,3.1376012536757867
8,0.068359375,3.1352343947780814
8,0.0693359375,3.133472607718554
8,0.0703125,3.1322358537249024
8,0.0712890625,3.1308794849402752
8,0.072265625,3.129781720623425
8,0.0732421875,3.128914703196197
8,0.07421875,3.1282577178683564
8,0.0751953125,3.12745732936354
8,0.076171875,3.1267034227848
8,0.0771484375,3.1258927880954723
8,0.078125,3.1248132876043377
8,0.0791015625,3.122835262614008
8,0.080078125,3.1206041972129004
8,0.0810546875,3.1183509859797987
8,0.08203125,3.1161952694569
8,0.0830078125,3.113972510142916
8,0.083984375,3.111979533815477
8,0.0849609375,3.1102469419713894
8,0.0859375,3.1087620924799086
8,0.0869140625,3.107149905822156
8,0.087890625,3.105788400675108
8,0.0888671875,3.1046769629258706
8,0.08984375,3.1038126510747377
8,0.0908203125,3.1029856107405798
8,0.091796875,3.102382358725664
8,0.0927734375,3.1018883232594647
8,0.09375,3.1010687076028853
8,0.0947265625,3.099190215942262
8,0.095703125,3.097047772017822
8,0.0966796875,3.095109514498821
8,0.09765625,3.093504492704891
8,0.0986328125,3.092063317652798
8,0.099609375,3.090953999384574
8,0.1005859375,3.090147210600948
8,0.1015625,3.0895829266009702
8,0.1025390625,3.0888847926850387
8,0.103515625,3.0882892974861305
8,0.1044921875,3.0877946312734
8,0.10546875,3.0873861619171907
8,0.1064453125,3.0868506556209057
8,0.107421875,3.0862935801650626
8,0.1083984375,3.085644933866684
8,0.109375,3.084766875390188
8,0.1103515625,3.083276872224088
8,0.111328125,3.081592596331073
8,0.1123046875,3.079894601991111
8,0.11328125,3.078308102232321
8,0.1142578125,3.0767752161297803
8,0.115234375,3.07550933881754
8,0.1162109375,3.0745352891237623
8,0.1171875,3.0738581312928197
8,0.1181640625,3.0732283386444323
8,0.119140625,3.0728033155526604
8,0.1201171875,3.072443481877701
8,0.12109375,3.07211459817506
8,0.1220703125,3.071816079485378
8,0.123046875,3.071893956956643
8,0.1240234375,3.072304545028664
8,0.125,3.0722688228142485
8,0.1259765625,3.070746994901321
8,0.126953125,3.0687750796388973
8,0.1279296875,3.067170119468805
8,0.12890625,3.0660083090272097
8,0.1298828125,3.0649346966723323
8,0.130859375,3.0639189873111263
8,0.1318359375,3.0629705864278054
8,0.1328125,3.062163470269192
8,0.1337890625,3.061320203872259
8,0.134765625,3.0606372146980143
8,0.1357421875,3.0601141236857505
8,0.13671875,3.0597446429346915
8,0.1376953125,3.059389207419965
8,0.138671875,3.059134840117021
8,0.1396484375,3.058914432214666
8,0.140625,3.058571182425596
8,0.1416015625,3.0577958417539346
8,0.142578125,3.0569279073928217
8,0.1435546875,3.056135435960692
8,0.14453125,3.055459291712681
8,0.1455078125,3.0547835934832444
8,0.146484375,3.0542109270904985
8,0.1474609375,3.053733397163702
8,0.1484375,3.0533420553283426
8,0.1494140625,3.0528804342778435
8,0.150390625,3.0525431328070955
8,0.1513671875,3.0523495751241505
8,0.15234375,3.0523214923586224
8,0.1533203125,3.0523611043002443
8,0.154296875,3.0525385159603395
8,0.1552734375,3.0527887071932147
8,0.15625,3.0529069753161373
8,0.1572265625,3.0525346894133576
8,0.158203125,3.052057375427538
8,0.1591796875,3.0517001061143434
8,0.16015625,3.051519573359324
8,0.1611328125,3.051411263883664
8,0.162109375,3.051436915630244
8,0.1630859375,3.0515872184691792
8,0.1640625,3.051885814152572
8,0.1650390625,3.0521985910725515
8,0.166015625,3.052657234573604
8,0.1669921875,3.053221588620449
8,0.16796875,3.053855822718302
8,0.1689453125,3.054460408672832
8,0.169921875,3.055125823729846
8,0.1708984375,3.055831877806067
8,0.171875,3.0564860835951246
8,0.1728515625,3.0568478808946926
8,0.173828125,3.057132497902064
8,0.1748046875,3.0574105095152757
8,0.17578125,3.057675066766027
8,0.1767578125,3.05780869021577
8,0.177734375,3.0578779038660264
8,0.1787109375,3.0578874829188045
8,0.1796875,3.057870627240575
8,0.1806640625,3.057747836106009
8,0.181640625,3.057699901502581
8,0.1826171875,3.057747977296343
8,0.18359375,3.05791856400609
8,0.1845703125,3.058139954076513
8,0.185546875,3.058441201704277
8,0.1865234375,3.0587184749664287
8,0.1875,3.0587189435507223
8,0.1884765625,3.058068355707797
8,0.189453125,3.0571767896101423
8,0.1904296875,3.056272560706966
8,0.19140625,3.0554182236665506
8,0.1923828125,3.05457155133292
8,0.193359375,3.053806321964417
8,0.1943359375,3.05310451944955
8,0.1953125,3.052442494987196
8,0.1962890625,3.051660585633676
8,0.197265625,3.0508647895725294
8,0.1982421875,3.050060927881433
8,0.19921875,3.049247404723675
8,0.2001953125,3.048334061606792
8,0.201171875,3.047380246177677
8,0.2021484375,3.04637153513474
8,0.203125,3.045245763943679
8,0.2041015625,3.0438172459452746
8,0.205078125,3.042277893202945
8,0.2060546875,3.0407269892454485
8,0.20703125,3.0392298256385293
8,0.2080078125,3.037753914590205
8,0.208984375,3.0363796120688296
8,0.2099609375,3.035116004680467
8,0.2109375,3.033985592460461
8,0.2119140625,3.032896157141675
8,0.212890625,3.031938868202542
8,0.2138671875,3.0310654785645985
8,0.21484375,3.030251093206508
8,0.2158203125,3.029427115168285
8,0.216796875,3.0286482462288813
8,0.2177734375,3.027864524026142
8,0.21875,3.02691244892945
8,0.2197265625,3.02553665545822
8,0.220703125,3.024027338385572
8,0.2216796875,3.0225834512722503
8,0.22265625,3.0212728616256785
8,0.2236328125,3.020045561763114
8,0.224609375,3.018974778997066
8,0.2255859375,3.018073941619468
8,0.2265625,3.017344654100722
8,0.2275390625,3.016663142469671
8,0.228515625,3.016116152455226
8,0.2294921875,3.0156976888443494
8,0.23046875,3.015398149077461
8,0.2314453125,3.015129845887381
8,0.232421875,3.014915102693261
8,0.2333984375,3.014688241641584
8,0.234375,3.014328101205236
8,0.2353515625,3.0136183325990147
8,0.236328125,3.0126997433918565
8,0.2373046875,3.0116298864450006
8,0.23828125,3.010424991462961
8,0.2392578125,3.0090196678272134
8,0.240234375,3.007482191949133
8,0.2412109375,3.005843945196155
8,0.2421875,3.004173502271334
8,0.2431640625,3.0024720523526094
8,0.244140625,3.0009385378216664
8,0.2451171875,2.9996161488560347
8,0.24609375,2.998562089329314
8,0.2470703125,2.9978426336590323
8,0.248046875,2.997628493830085
8,0.2490234375,2.9977478213294657
8,0.25,2.997521090253165
8,0.2509765625,2.9962824051379533
8,0.251953125,2.9947537988431527
8,0.2529296875,2.993626982293089
8,0.25390625,2.993059527787236
8,0.2548828125,2.992858452073194
8,0.255859375,2.992918300476537
8,0.2568359375,2.9931669934168865
8,0.2578125,2.993609186738504
8,0.2587890625,2.9941110793735155
8,0.259765625,2.9946644584616102
8,0.2607421875,2.995156855761436
8,0.26171875,2.995522957592671
8,0.2626953125,2.99569289478176
8,0.263671875,2.995748309334992
8,0.2646484375,2.9957257926317524
8,0.265625,2.995636863219989
8,0.2666015625,2.995387810939652
8,0.267578125,2.995151632173953
8,0.2685546875,2.994997267211267
8,0.26953125,2.9949511124819894
8,0.2705078125,2.9949601229781075
8,0.271484375,2.9950703101981757
8,0.2724609375,2.9952790795766284
8,0.2734375,2.995590895949259
8,0.2744140625,2.9959260391587814
8,0.275390625,2.996371615937236
8,0.2763671875,2.996909583634937
8,0.27734375,2.997526422610537
8,0.2783203125,2.9981587061985198
8,0.279296875,2.9988442966800126
8,0.2802734375,2.99958607267872
8,0.28125,3.000351704665552
8,0.2822265625,3.000976742539996
8,0.283203125,3.0015867482189065
8,0.2841796875,3.002198353158697
8,0.28515625,3.002823161929636
8,0.2861328125,3.003446404757626
8,0.287109375,3.004131470046638
8,0.2880859375,3.004881790800515
8,0.2890625,3.005720251874398
8,0.2900390625,3.006579453583679
8,0.291015625,3.0075369285979514
8,0.2919921875,3.0085805964581227
8,0.29296875,3.009704116394811
8,0.2939453125,3.010840661796591
8,0.294921875,3.0120062917937696
8,0.2958984375,3.013168737776511
8,0.296875,3.0142925814323966
8,0.2978515625,3.0152624782695794
8,0.298828125,3.0162008799305897
8,0.2998046875,3.017140241871064
8,0.30078125,3.018099427811597
8,0.3017578125,3.019043276170289
8,0.302734375,3.0200216646592417
8,0.3037109375,3.0210279893922074
8,0.3046875,3.022069929372869
8,0.3056640625,3.0230757101585226
8,0.306640625,3.024115779073619
8,0.3076171875,3.025173416483578
8,0.30859375,3.026271764575819
8,0.3095703125,3.027389038569399
8,0.310546875,3.028563027709396
8,0.3115234375,3.029781936982483
8,0.3125,3.0309789778951832
8,0.3134765625,3.031954477856987
8,0.314453125,3.0328971091673016
8,0.3154296875,3.0338777525205582
8,0.31640625,3.034919253010252
8,0.3173828125,3.035988711023499
8,0.318359375,3.037102522952832
8,0.3193359375,3.038230048498765
8,0.3203125,3.0393921820187773
8,0.3212890625,3.0405435685174704
8,0.322265625,3.041772921636298
8,0.3232421875,3.0430746884982174
8,0.32421875,3.0444451175299845
8,0.3251953125,3.045816323161635
8,0.326171875,3.04718780890032
8,0.3271484375,3.048512202134279
8,0.328125,3.049758445701074
8,0.3291015625,3.05083227858602
8,0.330078125,3.0518547323729512
8,0.3310546875,3.052865420028025
8,0.33203125,3.0539070820586898
8,0.3330078125,3.054973656808854
8,0.333984375,3.056120067082803
8,0.3349609375,3.057334995230468
8,0.3359375,3.0586148000794884
8,0.3369140625,3.059893116376894
8,0.337890625,3.0612487863573867
8,0.3388671875,3.062670124775186
8,0.33984375,3.0641482881627238
8,0.3408203125,3.065638839898781
8,0.341796875,3.067189791327372
8,0.3427734375,3.068782853565828
8,0.34375,3.070319278200744
8,0.3447265625,3.071620231780206
8,0.345703125,3.072855622548613
8,0.3466796875,3.07412050313902
8,0.34765625,3.0754275175829706
8,0.3486328125,3.0767170611978223
8,0.349609375,3.07801857114378
8,0.3505859375,3.079328245894266
8,0.3515625,3.080657484914699
8,0.3525390625,3.0819421066770363
8,0.353515625,3.083250580122697
8,0.3544921875,3.0845686079608985
8,0.35546875,3.0858918743403283
8,0.3564453125,3.087184588365634
8,0.357421875,3.0885010307006864
8,0.3583984375,3.089829478911483
8,0.359375,3.09111085908318
8,0.3603515625,3.092201480042046
8,0.361328125,3.093193770871128
8,0.3623046875,3.094128217723982
8,0.36328125,3.0950505894701346
8,0.3642578125,3.0959485710422685
8,0.365234375,3.096864748689062
8,0.3662109375,3.097785577736022
8,0.3671875,3.098716890724515
8,0.3681640625,3.099591697898185
8,0.369140625,3.1004657957613904
8,0.3701171875,3.101307862100862
8,0.37109375,3.1021308618265397
8,0.3720703125,3.102951560426183
8,0.373046875,3.1039226055380675
8,0.3740234375,3.1052013941649883
8,0.375,3.1068382042215927
8,0.3759765625,3.108667183589008
8,0.376953125,3.110881614870758
8,0.3779296875,3.113425720542399
8,0.37890625,3.116116304804023
8,0.3798828125,3.11878772592534
8,0.380859375,3.1214272052376177
8,0.3818359375,3.124022687200507
8,0.3828125,3.1265981793559114
8,0.3837890625,3.1291051361386284
8,0.384765625,3.1316323715677346
8,0.3857421875,3.1341837101226138
8,0.38671875,3.136747200197706
8,0.3876953125,3.139246422659012
8,0.388671875,3.1416857842984958
8,0.3896484375,3.144033745855241
8,0.390625,3.146254193927745
8,0.3916015625,3.1482468588331063
8,0.392578125,3.1501439806063964
8,0.3935546875,3.1520230323137657
8,0.39453125,3.153939633630252
8,0.3955078125,3.155873713189182
8,0.396484375,3.157854968241926
8,0.3974609375,3.159863735923369
8,0.3984375,3.161897785858001
8,0.3994140625,3.163889269304777
8,0.400390625,3.165889439475963
8,0.4013671875,3.167865418738475
8,0.40234375,3.169811697047603
8,0.4033203125,3.1717136057465423
8,0.404296875,3.17364039838741
8,0.4052734375,3.1755743572934603
8,0.40625,3.1773980141045564
8,0.4072265625,3.178924823947467
8,0.408203125,3.180324538989836
8,0.4091796875,3.181701648800774
8,0.41015625,3.183063327181009
8,0.4111328125,3.184344944062727
8,0.412109375,3.1855843274451043
8,0.4130859375,3.1867997180973
8,0.4140625,3.1880151369674463
8,0.4150390625,3.189182416191364
8,0.416015625,3.1903938881684137
8,0.4169921875,3.1916676823293297
8,0.41796875,3.193006247590752
8,0.4189453125,3.19434913132569
8,0.419921875,3.195697251025352
8,0.4208984375,3.1969991211441195
8,0.421875,3.1981999517177613
8,0.4228515625,3.199198366428217
8,0.423828125,3.200115884066137
8,0.4248046875,3.200992950671691
8,0.42578125,3.2018369244324694
8,0.4267578125,3.202605113059376
8,0.427734375,3.2033404341880627
8,0.4287109375,3.2040494120964
8,0.4296875,3.204758319965359
8,0.4306640625,3.205446923411462
8,0.431640625,3.206246129035216
8,0.4326171875,3.207217017124164
8,0.43359375,3.2084195409211844
8,0.4345703125,3.209814720489536
8,0.435546875,3.2113424456235613
8,0.4365234375,3.212815882973184
8,0.4375,3.213962021122941
8,0.4384765625,3.2145053048583176
8,0.439453125,3.214712038036052
8,0.4404296875,3.214825249919368
8,0.44140625,3.214993637153934
8,0.4423828125,3.2152542457778925
8,0.443359375,3.2156484607708524
8,0.4443359375,3.2161350241256312
8,0.4453125,3.2166726286725607
8,0.4462890625,3.21713996808564
8,0.447265625,3.217555552841469
8,0.4482421875,3.217895033636045
8,0.44921875,3.218173531105238
8,0.4501953125,3.218363670067202
8,0.451171875,3.2184922294425284
8,0.4521484375,3.218529879194704
8,0.453125,3.218443577362414
8,0.4541015625,3.218128622813261
8,0.455078125,3.2176823226690345
8,0.4560546875,3.217136192019441
8,0.45703125,3.21652402038909
8,0.4580078125,3.215833612283986
8,0.458984375,3.2151121643637555
8,0.4599609375,3.214347593539389
8,0.4609375,3.2135273557702484
8,0.4619140625,3.2125724881937634
8,0.462890625,3.211542329766515
8,0.4638671875,3.210413599089553
8,0.46484375,3.209168008334692
8,0.4658203125,3.207779831599653
8,0.466796875,3.2063446333031527
8,0.4677734375,3.204901629416383
8,0.46875,3.203395771148853
8,0.4697265625,3.2016912501417547
8,0.470703125,3.1999878194014064
8,0.4716796875,3.198396100950025
8,0.47265625,3.1969270365792024
8,0.4736328125,3.195530615588808
8,0.474609375,3.194260716977819
8,0.4755859375,3.193144642055463
8,0.4765625,3.19221071021279
8,0.4775390625,3.191408956074413
8,0.478515625,3.190828009932963
8,0.4794921875,3.19049085011677
8,0.48046875,3.190419311598218
8,0.4814453125,3.1905634364222712
8,0.482421875,3.190912727446288
8,0.4833984375,3.191411580058381
8,0.484375,3.192029661953692
8,0.4853515625,3.192672937186463
8,0.486328125,3.1934197531030346
8,0.4873046875,3.19427153844858
8,0.48828125,3.1952635534039726
8,0.4892578125,3.1963915085903523
8,0.490234375,3.1977112359062847
8,0.4912109375,3.199293450631264
8,0.4921875,3.2013140541462763
8,0.4931640625,3.203802892654952
8,0.494140625,3.206723886265693
8,0.4951171875,3.209947405264329
8,0.49609375,3.213453079872379
8,0.4970703125,3.21669593185948
8,0.498046875,3.218533668355067
8,0.4990234375,3.2186518787495744
8,0.5,3.218419723895077
