method,scale,error,serror,time,rmax,erank
cross,19,1.5302333037146314e-10,5.284654390900249e-13,13.709782963618636,27,0.014179229736328125
TTI,19,2.167272847444652e-15,3.6671329751773565e-17,0.16664528846740723,30,0.01560211181640625
d cross,19,1.7257212669380337e-05,4.1664392014369817e-07,13.725779896602035,31,0.020076751708984375
d TTTI,19,4.253159180538723e-06,1.4261402165088012e-08,0.1669771671295166,39,0.01560211181640625
dd cross,19,7.389272299923211,0.12420682587916104,13.729570990428329,33,0.0232391357421875
dd TTI,19,0.00245143015542109,6.878878275167851e-06,0.1789536476135254,83,0.01560211181640625
cross,20,1.4004441664745265e-10,5.938043434837129e-13,10.229693362489343,27,0.00688934326171875
TTI,20,3.2262388812741257e-13,5.102355024853014e-15,0.16372919082641602,30,0.007831573486328125
d cross,20,5.345570718617232e-06,2.1366484854316523e-07,10.245721528306603,31,0.0099334716796875
d TTTI,20,3.0434580622816112e-06,1.0567252140612489e-08,0.1639080047607422,39,0.007831573486328125
dd cross,20,3.4421895854593894,0.16717321810350178,10.24933142401278,33,0.011579513549804688
dd TTI,20,0.002595801912673233,4.09269056273239e-06,0.17319941520690918,84,0.007831573486328125
cross,21,1.755353147757272e-10,1.3703337629058616e-12,48.92563612293452,30,0.0035829544067382812
TTI,21,3.353949260518007e-13,3.0669061743935855e-15,0.16542792320251465,30,0.003939628601074219
d cross,21,0.00012770002979386872,1.4048677813152705e-06,48.942610810510814,34,0.005150794982910156
d TTTI,21,2.5849284955226567e-06,1.4745854909958664e-08,0.16966557502746582,38,0.003939628601074219
dd cross,21,153.95202464046483,2.726519928598636,48.946373294107616,36,0.006003379821777344
dd TTI,21,0.0026275477384945308,4.008073695461347e-06,0.18074846267700195,85,0.003939628601074219
cross,22,1.5364226058378e-10,6.287974683374136e-13,20.055929464288056,29,0.0018172264099121094
TTI,22,3.370707175173088e-13,3.713191864382204e-15,0.16686201095581055,30,0.0019774436950683594
d cross,22,0.00013833522582997067,6.386260657915176e-06,20.07138900179416,33,0.002650737762451172
d TTTI,22,2.445415234708417e-06,9.888882303625603e-09,0.17069578170776367,38,0.0019774436950683594
dd cross,22,433.03776019094676,8.63742190061551,20.07555536646396,35,0.003108978271484375
dd TTI,22,0.002635494052465224,3.784378408447793e-06,0.1822514533996582,85,0.0019774436950683594
cross,23,1.8349333971302865e-10,1.2962824265467793e-12,27.33209070842713,28,0.0009188652038574219
TTI,23,3.356376107221577e-13,1.5831823573267202e-15,0.1673433780670166,30,0.0009925365447998047
d cross,23,0.00033356905168187723,1.4988957906141387e-05,27.350314470939338,32,0.0013432502746582031
d TTTI,23,2.4173146051238935e-06,1.0789235819583225e-08,0.27606892585754395,38,0.0009925365447998047
dd cross,23,9836.631800998772,93.00614912595897,27.352926108054817,34,0.0015807151794433594
dd TTI,23,0.002635998088275177,5.348524405769248e-06,0.18021869659423828,86,0.0009925365447998047
cross,24,1.6189820604053099e-10,6.278145724662842e-13,39.5824941014871,29,0.0004894733428955078
TTI,24,3.3668007142368157e-13,3.81835657885309e-15,0.16877985000610352,30,0.0005029439926147461
d cross,24,0.00014342472744543612,1.6216200190920477e-05,39.60483106132597,33,0.0007138252258300781
d TTTI,24,2.4062865592109466e-06,8.980807636278207e-09,0.17214751243591309,38,0.0005029439926147461
dd cross,24,47159.088148252835,589.8400800267701,39.60998137947172,35,0.0008393526077270508
dd TTI,24,0.0026359477525672004,3.0750918191962428e-06,0.183211088180542,86,0.0005029439926147461
cross,25,1.646650602066388e-10,6.815547604742428e-13,52.50981094315648,29,0.000295102596282959
TTI,25,3.375553843009861e-13,3.1611856825450053e-15,0.1650385856628418,30,0.00025200843811035156
d cross,25,0.00021663686595757453,7.15200538167857e-05,52.53889872506261,33,0.00044739246368408203
d TTTI,25,2.4021599448638415e-06,9.874678387820483e-09,0.16726064682006836,38,0.00025200843811035156
dd cross,25,368611.4638835358,2778.5185980152146,52.54658176377416,35,0.0005236268043518066
dd TTI,25,0.002637123437811116,3.7205871976141773e-06,0.17610573768615723,86,0.00025200843811035156
cross,26,1.421527536641181e-10,1.0159374938298665e-12,69.49781748279929,30,0.00032514333724975586
TTI,26,3.3431864627161e-13,3.4322641314993003e-15,0.170640230178833,31,0.00013044476509094238
d cross,26,6.865429920793913e-05,2.0138501858476647e-05,69.54429813846946,35,0.0004719197750091553
d TTTI,26,2.406504016123103e-06,7.995446740180384e-09,0.17370033264160156,38,0.00013044476509094238
dd cross,26,538368.989635698,2824.5196711935264,69.55329343304038,37,0.0005316734313964844
dd TTI,26,0.0026356391371892152,2.8953914044939824e-06,0.18417906761169434,86,0.00013044476509094238
cross,27,1.40055932081575e-10,1.1755081039049206e-12,290.12658157758415,58,0.0005144774913787842
TTI,27,3.369284698803036e-13,4.148656161660611e-15,0.17857146263122559,31,6.535649299621582e-05
d cross,27,1.8212722703170133e-05,1.6976708029925798e-05,290.2181438487023,63,0.0006699264049530029
d TTTI,27,2.404084094089646e-06,7.1390773899167594e-09,0.16884803771972656,39,6.535649299621582e-05
dd cross,27,4085121.2097958038,7268.337995863675,290.2294680159539,65,0.0007208734750747681
dd TTI,27,0.0026367838254020724,2.620883989288789e-06,0.17976975440979004,86,6.535649299621582e-05
cross,28,1.399378900873016e-10,6.896203562950556e-13,123.02458989713341,62,0.00031498074531555176
TTI,28,3.372541677668093e-13,3.1836479736763813e-15,0.17259573936462402,31,3.2745301723480225e-05
d cross,28,2.1674142000929637e-05,1.3841954459697494e-05,123.13778746221215,68,0.00043707340955734253
d TTTI,28,2.4018424706158956e-06,1.1771868924071603e-08,0.17567992210388184,39,3.2745301723480225e-05
dd cross,28,19209982.479923405,27365.713126978742,123.14750993344933,70,0.0004662051796913147
dd TTI,28,0.0026356324631268456,2.9462636769401515e-06,0.18629860877990723,87,3.2745301723480225e-05
cross,19,1.506890289954953e-10,7.666083359348811e-13,12.612583564594388,27,0.0134124755859375
TTI,19,2.145295162920532e-15,8.896351684356182e-18,0.16132402420043945,30,0.01560211181640625
d cross,19,1.0269942025428674e-05,4.5905528124488947e-07,12.627409862354398,31,0.01909637451171875
d TTTI,19,4.2505762268535e-06,8.678831470557352e-09,0.16328048706054688,39,0.01560211181640625
dd cross,19,5.723207816602311,0.13165707085461767,12.630825208500028,33,0.022151947021484375
dd TTI,19,0.002449289605863875,3.0376605718420524e-06,0.17397642135620117,83,0.01560211181640625
cross,20,1.5961159454344728e-10,6.681472623674775e-13,34.70375376660377,28,0.007373809814453125
TTI,20,3.2154136385272226e-13,3.278283645130879e-15,0.16450190544128418,30,0.007831573486328125
d cross,20,1.4072313764204634e-05,3.6314762650351464e-06,34.78288727719337,32,0.010492324829101562
d TTTI,20,3.0369381054706947e-06,8.848330401071014e-09,0.169281005859375,39,0.007831573486328125
dd cross,20,8.292564906302069,1.5393813836241443,34.733229217119515,34,0.012182235717773438
dd TTI,20,0.0025982688433445916,3.2807177181251113e-06,0.180525541305542,84,0.007831573486328125
cross,21,1.8985559077370595e-10,5.392828950668755e-13,14.830814046785235,30,0.0036258697509765625
TTI,21,3.3504381337941465e-13,2.1579175793700967e-15,0.1623518466949463,30,0.003939628601074219
d cross,21,0.00019742362295236998,2.4393737751821012e-06,14.85052458755672,34,0.0052089691162109375
d TTTI,21,2.583996151902375e-06,9.284670263614822e-09,0.16643786430358887,38,0.003939628601074219
dd cross,21,243.88734881462892,3.214504406471299,14.854878587648273,36,0.006072998046875
dd TTI,21,0.0026270247657717597,3.905395707523279e-06,0.17562222480773926,85,0.003939628601074219
cross,22,1.5371608690383005e-10,7.045800368017738e-13,20.540548316203058,29,0.0018324851989746094
TTI,22,3.358066841927299e-13,3.354079052274134e-15,0.16678881645202637,30,0.0019774436950683594
d cross,22,0.00013642873853201345,4.159799295556016e-06,20.556515685282648,33,0.002669811248779297
d TTTI,22,2.449821513291732e-06,7.951452536691694e-09,0.16484570503234863,38,0.0019774436950683594
dd cross,22,433.20733713783045,8.516221383593198,20.560538760386407,35,0.0031290054321289062
dd TTI,22,0.002633169663851788,3.4141832876271147e-06,0.174544095993042,85,0.0019774436950683594
cross,23,1.4247337449314305e-10,8.662149495770564e-13,28.512832305394113,28,0.0009326934814453125
TTI,23,3.347938254560999e-13,4.097836448966978e-15,0.16823196411132812,30,0.0009925365447998047
d cross,23,7.93124519045255e-05,2.531435394462939e-06,28.5323294615373,32,0.0013821125030517578
d TTTI,23,2.4131139630347336e-06,8.135694099156775e-09,0.17210030555725098,38,0.0009925365447998047
dd cross,23,695.4762449876603,34.521446554500656,28.53442396875471,34,0.0016252994537353516
dd TTI,23,0.0026369660146322903,2.8738972011525583e-06,0.18313980102539062,86,0.0009925365447998047
cross,24,1.3984066467086708e-10,8.693926605202873e-13,126.35811300761998,29,0.0004782676696777344
TTI,24,3.3646605937198524e-13,4.090520210487146e-15,0.1684403419494629,30,0.0005029439926147461
d cross,24,8.057089257006779e-06,6.449763364733684e-06,126.37965388782322,33,0.000706791877746582
d TTTI,24,2.406907322198813e-06,9.270905902653086e-09,0.17217373847961426,38,0.0005029439926147461
dd cross,24,4926.439388874108,226.35245202347005,126.38680668361485,35,0.0008357763290405273
dd TTI,24,0.002638191308671993,4.250229666730117e-06,0.183366060256958,86,0.0005029439926147461
cross,25,1.5317436583056299e-10,1.1055241157772709e-12,98.72682962194085,30,0.00037020444869995117
TTI,25,3.3574612699452415e-13,4.3362789412958394e-15,0.17067599296569824,30,0.00025200843811035156
d cross,25,0.00015281944593094986,2.923710508248704e-05,98.78396901860833,34,0.0005744099617004395
d TTTI,25,2.40033594072395e-06,1.0771237937207589e-08,0.17373108863830566,38,0.00025200843811035156
dd cross,25,140793.9642375764,810.2163320543001,98.76461229100823,36,0.0006647706031799316
dd TTI,25,0.0026378292990134633,2.3500392281442437e-06,0.18474364280700684,86,0.00025200843811035156
cross,26,1.6757372916328323e-10,1.0957876367663619e-12,70.10488933511078,30,0.00026547908782958984
TTI,26,3.356965329961138e-13,3.499401838698876e-15,0.1670694351196289,31,0.00013044476509094238
d cross,26,0.00011686460989809428,6.602296205865088e-05,70.14516991563141,35,0.000390857458114624
d TTTI,26,2.4042164907155354e-06,8.15813486825829e-09,0.1676921844482422,38,0.00013044476509094238
dd cross,26,2817464.8437863425,10365.626952440605,70.15243286080658,37,0.0004458129405975342
dd TTI,26,0.002639069069443121,3.840514944050224e-06,0.1773369312286377,86,0.00013044476509094238
cross,27,1.4398788151465518e-10,6.598052439110681e-13,174.0230816649273,47,0.0004176497459411621
TTI,27,3.37983366160321e-13,4.460711089287526e-15,0.17142891883850098,31,6.535649299621582e-05
d cross,27,5.5684958400844015e-05,3.31707893567143e-05,174.10726440418512,53,0.0005669146776199341
d TTTI,27,2.403238217494848e-06,8.453338265636432e-09,0.17391419410705566,39,6.535649299621582e-05
dd cross,27,3491694.9332097853,10285.444362300304,174.11414111126214,55,0.0006129294633865356
dd TTI,27,0.002636533021010101,4.114209655485225e-06,0.1846318244934082,86,6.535649299621582e-05
cross,28,1.3968752348926106e-10,6.204284643628484e-13,580.5166213298216,92,0.0006339550018310547
TTI,28,3.3749180709395343e-13,3.799819965675388e-15,0.16878962516784668,31,3.2745301723480225e-05
d cross,28,2.8142137999453965e-05,5.394262561836237e-05,580.7007643962279,96,0.0008090883493423462
d TTTI,28,2.403931187836715e-06,8.451198905696609e-09,0.16840291023254395,39,3.2745301723480225e-05
dd cross,28,18769484.83317695,35209.465430511635,580.725941398181,98,0.0008470267057418823
dd TTI,28,0.0026360456434650786,4.9899292834318164e-06,0.17716455459594727,87,3.2745301723480225e-05
cross,19,3.22130860414111e-10,2.466824299666762e-12,5.938334807753563,27,0.013614654541015625
TTI,19,2.1491261216021688e-15,1.680609279320178e-17,0.16379237174987793,30,0.01560211181640625
d cross,19,1.3735328609284765e-05,1.513540784749902e-07,5.954173192381859,31,0.019420623779296875
d TTTI,19,4.243045902754064e-06,1.0125808780400739e-08,0.16854643821716309,39,0.01560211181640625
dd cross,19,3.9289313619004447,0.032715889658218165,5.957740172743797,33,0.0225372314453125
dd TTI,19,0.0024466714748648632,5.05197672491665e-06,0.1793973445892334,83,0.01560211181640625
cross,20,1.522054725232558e-10,7.658731638302849e-13,10.303572127595544,27,0.006984710693359375
TTI,20,3.2435377705854143e-13,4.6925367764122465e-15,0.16017460823059082,30,0.007831573486328125
d cross,20,3.199134087946166e-05,6.538985449503622e-07,10.319632241502404,31,0.010028839111328125
d TTTI,20,3.037946762995323e-06,7.66652556820243e-09,0.16264915466308594,39,0.007831573486328125
dd cross,20,22.9681067920706,0.5616419288600443,10.32336158491671,33,0.011674880981445312
dd TTI,20,0.0025984479169726066,4.668077397725567e-06,0.1725451946258545,84,0.007831573486328125
cross,21,1.5380041315627766e-10,7.345936336278632e-13,13.61635553278029,30,0.0037660598754882812
TTI,21,3.343646186856636e-13,3.95199378532427e-15,0.16591358184814453,30,0.003939628601074219
d cross,21,0.00010239150566298233,1.35872322154219e-06,13.633269185200334,34,0.005387306213378906
d TTTI,21,2.583137122632767e-06,1.4036130846637048e-08,0.16957712173461914,38,0.003939628601074219
dd cross,21,116.87064075310275,1.6715819269695673,13.637441271916032,36,0.006266593933105469
dd TTI,21,0.0026265132517265615,4.088180164051501e-06,0.18040847778320312,85,0.003939628601074219
cross,22,1.9164865035892082e-10,8.972037288451558e-13,20.052973768673837,29,0.0018811225891113281
TTI,22,3.357212608267398e-13,4.790702318123968e-15,0.16736197471618652,30,0.0019774436950683594
d cross,22,0.00022996445177838617,7.3342973428209995e-06,20.069608232937753,33,0.00272369384765625
d TTTI,22,2.4478670112204265e-06,9.718344767751054e-09,0.17108654975891113,38,0.0019774436950683594
dd cross,22,1105.669309358594,20.745765670076672,20.07369830366224,35,0.0031957626342773438
dd TTI,22,0.002634929241003724,3.128891677828132e-06,0.18167376518249512,85,0.0019774436950683594
cross,23,2.000737936897396e-10,1.1446425561776467e-12,28.408516442403197,29,0.0009708404541015625
TTI,23,3.3733683064271765e-13,3.9381055797235425e-15,0.16819190979003906,30,0.0009925365447998047
d cross,23,0.00039591892245497876,1.2654090024677027e-05,28.431096589192748,33,0.0014109611511230469
d TTTI,23,2.417104333191322e-06,6.69592414831085e-09,0.1719205379486084,38,0.0009925365447998047
dd cross,23,13025.63695564677,124.15264001083779,28.436413085088134,35,0.0016562938690185547
dd TTI,23,0.002634984342022206,5.850122086424979e-06,0.18340015411376953,86,0.0009925365447998047
cross,24,1.4163745877588382e-10,7.597996801179593e-13,125.54771491698921,29,0.0005882978439331055
TTI,24,3.3660957284749316e-13,3.765361251395224e-15,0.16736578941345215,30,0.0005029439926147461
d cross,24,0.00013949055548950396,6.311108081819551e-06,125.57179853133857,34,0.0008627176284790039
d TTTI,24,2.40215496277753e-06,5.856700902329641e-09,0.16658735275268555,38,0.0005029439926147461
dd cross,24,7953.735041585722,83.51691507283832,125.5775491874665,36,0.0010112524032592773
dd TTI,24,0.002637470630649644,4.436614061556511e-06,0.17573094367980957,86,0.0005029439926147461
cross,25,1.4479576624222297e-10,1.0307095727655522e-12,52.62404517363757,28,0.00028121471405029297
TTI,25,3.349134931456924e-13,2.5341170200883477e-15,0.16605162620544434,30,0.00025200843811035156
d cross,25,0.00018047355337989476,1.3613334754943288e-05,52.6669269008562,34,0.0004507899284362793
d TTTI,25,2.404953486364818e-06,1.0645691880927504e-08,0.1671457290649414,38,0.00025200843811035156
dd cross,25,76475.26557559201,414.0131722707759,52.66088418196887,36,0.0005286335945129395
dd TTI,25,0.0026355588982055174,3.0897342461496756e-06,0.17628049850463867,86,0.00025200843811035156
cross,26,1.6248571582158209e-10,1.2835425135180128e-12,131.38780977390707,35,0.0004582405090332031
TTI,26,3.346262012081303e-13,4.591669805522508e-15,0.16709232330322266,31,0.00013044476509094238
d cross,26,0.0002546398989988634,6.236253483112733e-05,131.5161292757839,40,0.0006365180015563965
d TTTI,26,2.402639715476531e-06,7.739989656410553e-09,0.1677837371826172,38,0.00013044476509094238
dd cross,26,2116283.5682354006,8789.566149845967,131.44887473247945,42,0.0007062852382659912
dd TTI,26,0.002637697031472731,2.8210756891913593e-06,0.1770942211151123,86,0.00013044476509094238
cross,27,1.4824603778031128e-10,1.1179883724970828e-12,94.55329333245754,47,0.00033439695835113525
TTI,27,3.3510953123295763e-13,5.302217656831246e-15,0.17168354988098145,31,6.535649299621582e-05
d cross,27,0.0001948332564036893,0.000154427191153123,94.63400803506374,51,0.0004667937755584717
d TTTI,27,2.4012037420446185e-06,8.893777095136451e-09,0.17421579360961914,39,6.535649299621582e-05
dd cross,27,4138327.1669609705,6977.317644413035,94.64466248452663,53,0.0005076229572296143
dd TTI,27,0.0026337650459998425,1.782062271070592e-06,0.1849076747894287,86,6.535649299621582e-05
cross,28,1.4378264171682406e-10,9.77349084597907e-13,123.14422364067286,50,0.00023257732391357422
TTI,28,3.3601809310900977e-13,3.6908402078225465e-15,0.1729567050933838,31,3.2745301723480225e-05
d cross,28,0.0005953850336498842,9.444469825006655e-05,123.23220939468592,54,0.00033195316791534424
d TTTI,28,2.4045697661218923e-06,9.448698556344131e-09,0.1748979091644287,39,3.2745301723480225e-05
dd cross,28,6288481.855385168,23192.44720640198,123.24513335060328,56,0.00035771727561950684
dd TTI,28,0.0026384825912402626,3.5010546192250673e-06,0.18538784980773926,87,3.2745301723480225e-05
cross,19,1.453700723487837e-10,1.0291942394837716e-12,12.956477539613843,27,0.013668060302734375
TTI,19,2.1452106116503975e-15,2.1992258072409914e-17,0.16225457191467285,30,0.01560211181640625
d cross,19,9.723362632646166e-06,3.308925082978834e-07,12.970976965501904,31,0.0194091796875
d TTTI,19,4.245731829447082e-06,8.980636978112364e-09,0.16710996627807617,39,0.01560211181640625
dd cross,19,4.460846114599674,0.12862941165008235,12.973363297060132,33,0.022487640380859375
dd TTI,19,0.002449665194923185,5.128449325156173e-06,0.17816758155822754,83,0.01560211181640625
cross,20,1.4687808906410788e-10,5.898857335890092e-13,19.829049428924918,30,0.0069904327392578125
TTI,20,3.2289278252388747e-13,4.933063339163271e-15,0.16137909889221191,30,0.007831573486328125
d cross,20,3.941503566058424e-05,8.221762839809862e-07,19.84333094023168,34,0.009988784790039062
d TTTI,20,3.0464065117582514e-06,1.1463433716391384e-08,0.16359829902648926,39,0.007831573486328125
dd cross,20,22.312077286004616,0.3747702843966452,19.84919556044042,36,0.011606216430664062
dd TTI,20,0.0025971230529637235,4.330777103677983e-06,0.17281270027160645,84,0.007831573486328125
cross,21,1.5392645839528484e-10,8.168712146022861e-13,14.626044479198754,30,0.0037832260131835938
TTI,21,3.3444300324234025e-13,4.469779736204916e-15,0.16954898834228516,30,0.003939628601074219
d cross,21,6.85017294428722e-05,1.3179204434148164e-06,14.642847982235253,34,0.005412101745605469
d TTTI,21,2.5806273017232693e-06,7.82535396954037e-09,0.16695928573608398,38,0.003939628601074219
dd cross,21,86.045236021262,1.9806422432341613,14.647717681713402,36,0.006295204162597656
dd TTI,21,0.0026258355157486183,5.531123554748361e-06,0.17443490028381348,85,0.003939628601074219
cross,22,1.79769208055535e-10,1.0513190750780028e-12,38.94537864997983,29,0.0017867088317871094
TTI,22,3.351014143721918e-13,5.809256015282211e-15,0.16760540008544922,30,0.0019774436950683594
d cross,22,0.00023331459250407446,8.646219726816623e-06,38.9627152569592,33,0.0025949478149414062
d TTTI,22,2.450648046671953e-06,7.250349888595574e-09,0.17116069793701172,38,0.0019774436950683594
dd cross,22,1053.0901771858532,7.1696203138046215,38.966989148408175,35,0.0030498504638671875
dd TTI,22,0.002635902923457977,5.348704937349855e-06,0.18250465393066406,85,0.0019774436950683594
cross,23,1.681847640508229e-10,7.943561078772353e-13,28.429950875230134,29,0.0009329319000244141
TTI,23,3.3532909925142384e-13,4.04549852934784e-15,0.1683037281036377,30,0.0009925365447998047
d cross,23,6.154692419291989e-05,2.814342357885499e-05,28.448045414872468,33,0.0013620853424072266
d TTTI,23,2.4128780825271392e-06,7.183327489851006e-09,0.16942715644836426,38,0.0009925365447998047
dd cross,23,4666.370152079768,104.5710238747565,28.453072470612824,35,0.0016021728515625
dd TTI,23,0.0026338382540408148,2.9376094469975865e-06,0.17606782913208008,86,0.0009925365447998047
cross,24,1.456655700719826e-10,1.0516701533527625e-12,38.725271997042,30,0.0004919767379760742
TTI,24,3.364709716404418e-13,5.184021818180733e-15,0.16515827178955078,30,0.0005029439926147461
d cross,24,0.00015212566130997694,9.080214125870341e-06,38.76286655385047,34,0.0007230043411254883
d TTTI,24,2.4063374628246737e-06,1.0730255299041833e-08,0.16713333129882812,38,0.0005029439926147461
dd cross,24,10667.05699169219,86.06498045260516,38.7527697654441,36,0.0008522272109985352
dd TTI,24,0.0026340357557990543,3.851510815364067e-06,0.176405668258667,86,0.0005029439926147461
cross,25,1.7311528138579877e-10,1.4519183168586176e-12,52.304231306537986,33,0.0005564689636230469
TTI,25,3.3766030743650625e-13,4.158757650308787e-15,0.16950225830078125,30,0.00025200843811035156
d cross,25,0.00021585134277084497,1.7256457804339016e-05,52.34719576500356,37,0.0008174777030944824
d TTTI,25,2.4023971788243572e-06,9.374292597091369e-09,0.1718602180480957,38,0.00025200843811035156
dd cross,25,351079.9408057886,2714.262319566169,52.34955873154104,39,0.0009237527847290039
dd TTI,25,0.002636148633604756,2.3836214112057564e-06,0.17624449729919434,86,0.00025200843811035156
cross,26,2.8085219706065334e-10,2.2308251588323088e-12,348.85168151184916,45,0.0006212890148162842
TTI,26,3.357665097554743e-13,3.2367107983098698e-15,0.1709756851196289,31,0.00013044476509094238
d cross,26,0.0005440657563399267,5.349967477964861e-05,348.92148093506694,52,0.0008262693881988525
d TTTI,26,2.4041829084199827e-06,1.0260918232302505e-08,0.17341876029968262,38,0.00013044476509094238
dd cross,26,1658455.32273253,14033.87173418856,348.9298367910087,54,0.0009053349494934082
dd TTI,26,0.0026373143615199654,3.2810131353214963e-06,0.18438196182250977,86,0.00013044476509094238
cross,27,2.7198507875597424e-10,2.6390127890806166e-12,173.5170463649556,44,0.00035303831100463867
TTI,27,3.3565995492648934e-13,3.588794502841447e-15,0.16913390159606934,31,6.535649299621582e-05
d cross,27,0.00046596472984340183,0.00010791120463817987,173.60093632619828,51,0.00048610568046569824
d TTTI,27,2.4037089473578247e-06,6.8234452973078e-09,0.16819262504577637,39,6.535649299621582e-05
dd cross,27,9882859.920348544,49371.50841884694,173.6130096046254,53,0.0005304217338562012
dd TTI,27,0.002635686800997046,2.995031490973285e-06,0.17716026306152344,86,6.535649299621582e-05
cross,28,1.4041448275764796e-10,6.55605252164278e-13,227.69126763008535,56,0.00028355419635772705
TTI,28,3.354090980329025e-13,2.183207955340091e-15,0.17322444915771484,31,3.2745301723480225e-05
d cross,28,6.549149182851829e-05,5.939185996320513e-05,227.80236997269094,61,0.00038626790046691895
d TTTI,28,2.40819929842674e-06,7.611373354880075e-09,0.17556214332580566,39,3.2745301723480225e-05
dd cross,28,15942611.674548492,29800.840022181033,227.81720175407827,63,0.00041402876377105713
dd TTI,28,0.0026381654348509383,5.515288380446717e-06,0.185713529586792,87,3.2745301723480225e-05
cross,19,1.4078952488264785e-10,8.813325225948191e-13,6.387587208300829,27,0.01291656494140625
TTI,19,2.1407515558848716e-15,6.954798558939064e-18,0.16295480728149414,30,0.01560211181640625
d cross,19,6.749520228374629e-06,7.260476256782199e-08,6.402400869876146,31,0.018535614013671875
d TTTI,19,4.2475640734377824e-06,9.638207270426768e-09,0.16752219200134277,39,0.01560211181640625
dd cross,19,1.9086771734413872,0.0289767318713821,6.405931372195482,33,0.02155303955078125
dd TTI,19,0.002449484611364283,5.232064708762116e-06,0.17832016944885254,83,0.01560211181640625
cross,20,1.44501292000829e-10,7.178565857211691e-13,10.545999360270798,28,0.0071086883544921875
TTI,20,3.2653575717091563e-13,5.538850898817008e-15,0.16109299659729004,30,0.007831573486328125
d cross,20,9.831755325862565e-06,1.2678229846219224e-06,10.559804034419358,32,0.010168075561523438
d TTTI,20,3.037566242685665e-06,1.6497216791490034e-08,0.16314148902893066,39,0.007831573486328125
dd cross,20,7.529833046097771,0.7076707349601,10.563000750727952,34,0.011819839477539062
dd TTI,20,0.0025964445809869715,4.236842188263526e-06,0.1731259822845459,84,0.007831573486328125
cross,21,1.5044200368448632e-10,7.692421292555819e-13,14.496815226972103,30,0.0036153793334960938
TTI,21,3.389321949721081e-13,1.8357153906605442e-15,0.16252350807189941,30,0.003939628601074219
d cross,21,3.2712227985368913e-05,1.0212013354377027e-06,14.51360061019659,34,0.005206108093261719
d TTTI,21,2.5851607057076773e-06,1.224187703378048e-08,0.1644437313079834,38,0.003939628601074219
dd cross,21,53.91533262588698,2.2493357221568253,14.51620128005743,36,0.006070137023925781
dd TTI,21,0.002624307939976479,3.0120081414654687e-06,0.17427372932434082,85,0.003939628601074219
cross,22,1.5588146032300428e-10,1.1128053437107935e-12,111.60868622176349,29,0.0019516944885253906
TTI,22,3.350901151673059e-13,3.5976305824429026e-15,0.16267991065979004,30,0.0019774436950683594
d cross,22,0.00013682157110547825,3.091355423131479e-06,111.64511491172016,33,0.0028095245361328125
d TTTI,22,2.45454626888005e-06,8.718145882406064e-09,0.16504359245300293,38,0.0019774436950683594
dd cross,22,441.6807981797234,5.95548931911367,111.62882710807025,35,0.0032892227172851562
dd TTI,22,0.0026332320235848694,4.493095220422753e-06,0.17479944229125977,85,0.0019774436950683594
cross,23,1.8326239428993926e-10,1.0952658870731854e-12,28.460662990808487,29,0.0009450912475585938
TTI,23,3.3502041165955234e-13,4.409687505527799e-15,0.16785454750061035,30,0.0009925365447998047
d cross,23,0.0003433491301333471,1.5657864405845546e-05,28.478262096643448,33,0.0013709068298339844
d TTTI,23,2.4207925167331004e-06,1.0401351927449027e-08,0.17174363136291504,38,0.0009925365447998047
dd cross,23,9979.653971991447,100.01705303562028,28.48042383790016,35,0.0016086101531982422
dd TTI,23,0.0026336175789074424,3.200511413491271e-06,0.18218278884887695,86,0.0009925365447998047
cross,24,1.3983585935796034e-10,8.487917285187521e-13,38.86728308163583,31,0.0004998445510864258
TTI,24,3.369665558698726e-13,2.7529249966597705e-15,0.1693713665008545,30,0.0005029439926147461
d cross,24,1.1865219857958693e-05,4.992019934965119e-06,38.88692352734506,35,0.0007293224334716797
d TTTI,24,2.4018416343402447e-06,1.0994746913553727e-08,0.17292189598083496,38,0.0005029439926147461
dd cross,24,5142.248942977382,147.32848265495545,38.892325377091765,37,0.0008584260940551758
dd TTI,24,0.0026369211348995667,3.0563616982450266e-06,0.18086934089660645,86,0.0005029439926147461
cross,25,1.7215483582014368e-10,1.2754024954122213e-12,168.9514079913497,28,0.000321805477142334
TTI,25,3.352557040924899e-13,4.227299573627283e-15,0.166182279586792,30,0.00025200843811035156
d cross,25,0.00021011780989420073,3.827385438166717e-05,169.05783446878195,33,0.0005102157592773438
d TTTI,25,2.398567840878382e-06,6.716492506832076e-09,0.1670830249786377,38,0.00025200843811035156
dd cross,25,373373.0639057926,2042.68813554481,168.98176678270102,35,0.0005939602851867676
dd TTI,25,0.0026369961465763573,2.7994525179837704e-06,0.17606568336486816,86,0.00025200843811035156
cross,26,1.6696787750571354e-10,9.978264080522488e-13,69.93723323009908,30,0.00021341443061828613
TTI,26,3.3688092004189875e-13,4.2883472649242095e-15,0.1711866855621338,31,0.00013044476509094238
d cross,26,9.906663532217794e-05,7.001840012399055e-05,69.97617079876363,35,0.00032129883766174316
d TTTI,26,2.4009306307416113e-06,9.233139642521278e-09,0.1736600399017334,38,0.00013044476509094238
dd cross,26,2845356.9592776317,5596.9432103723575,69.98248030804098,37,0.0003705620765686035
dd TTI,26,0.002637449032022486,2.5372842594761007e-06,0.18410611152648926,86,0.00013044476509094238
cross,27,2.7665689317444886e-10,2.4536891538215802e-12,174.58795291092247,40,0.0003153681755065918
TTI,27,3.37726361694249e-13,4.419989334432292e-15,0.1722409725189209,31,6.535649299621582e-05
d cross,27,2.8532499017409084e-05,4.586261280216156e-05,174.65946942474693,47,0.00044286251068115234
d TTTI,27,2.406264599582675e-06,4.681873779468267e-09,0.17496681213378906,39,6.535649299621582e-05
dd cross,27,20146556.12198665,42717.75238142769,174.67187267448753,49,0.0004853159189224243
dd TTI,27,0.002636397939368801,3.6786584892028395e-06,0.18576908111572266,86,6.535649299621582e-05
cross,28,1.396975711183949e-10,5.788822711890641e-13,124.14370198920369,63,0.00034768134355545044
TTI,28,3.3639189716371464e-13,4.193217620811422e-15,0.17316627502441406,31,3.2745301723480225e-05
d cross,28,0.00010214693652116285,1.0051565795264008e-06,124.26131935790181,67,0.0004738345742225647
d TTTI,28,2.40494531780308e-06,1.1902697918778458e-08,0.17560482025146484,39,3.2745301723480225e-05
dd cross,28,14394804.187677786,43115.5613046704,124.28442140296102,69,0.0005041882395744324
dd TTI,28,0.002636609597553555,4.545630860216179e-06,0.18588519096374512,87,3.2745301723480225e-05
cross,19,1.539839205694412e-10,8.444461507322418e-13,6.386365137062967,27,0.012836456298828125
TTI,19,2.1736573829248154e-15,4.346242979600266e-17,0.16006684303283691,30,0.01560211181640625
d cross,19,4.725985750247379e-05,3.778638030688494e-07,6.40211673732847,31,0.018398284912109375
d TTTI,19,4.244890808059783e-06,1.2995011513444231e-08,0.16278457641601562,39,0.01560211181640625
dd cross,19,14.991506093945159,0.09532729368052244,6.402836284600198,33,0.021392822265625
dd TTI,19,0.0024505076527736058,5.880659944769621e-06,0.17227768898010254,83,0.01560211181640625
cross,20,1.697274393673943e-10,1.00082337556616e-12,19.667552206665277,29,0.0073451995849609375
TTI,20,3.2185443981451716e-13,2.2224423273243454e-15,0.16513347625732422,30,0.007831573486328125
d cross,20,5.1272065331750257e-05,1.5738697515813307e-06,19.68296382203698,33,0.010435104370117188
d TTTI,20,3.0423728746111783e-06,1.3429734002486882e-08,0.16958832740783691,39,0.007831573486328125
dd cross,20,28.997909600614026,0.7851511091784646,19.686287377029657,35,0.0121002197265625
dd TTI,20,0.0025953739811612206,4.343480436161503e-06,0.18119478225708008,84,0.007831573486328125
cross,21,1.567993245262138e-10,7.531774939529361e-13,14.704242268577218,30,0.0036535263061523438
TTI,21,3.3516146668481486e-13,4.581729324484464e-15,0.17351317405700684,30,0.003939628601074219
d cross,21,7.595749689512413e-05,9.79237052106009e-07,14.720618525519967,34,0.005244255065917969
d TTTI,21,2.5860882013756697e-06,1.3741455197985828e-08,0.16878962516784668,38,0.003939628601074219
dd cross,21,94.99052437478466,1.356249693826112,14.724805632606149,36,0.006110191345214844
dd TTI,21,0.0026236309834114,3.0123637449546006e-06,0.18111872673034668,85,0.003939628601074219
cross,22,1.572300293672507e-10,5.85280760702956e-13,20.592009543441236,29,0.0018639564514160156
TTI,22,3.367015410509785e-13,2.3432335676570312e-15,0.16290521621704102,30,0.0019774436950683594
d cross,22,0.00013667696130558997,3.7639959704177912e-06,20.61583089735359,33,0.002693653106689453
d TTTI,22,2.446088775982318e-06,1.067947707579946e-08,0.16465973854064941,38,0.0019774436950683594
dd cross,22,438.35316792594904,7.590494861130509,20.61419033911079,35,0.0031499862670898438
dd TTI,22,0.002635175862695919,4.937464750839684e-06,0.17452645301818848,85,0.0019774436950683594
cross,23,1.6328020304591548e-10,1.1781481505095708e-12,151.01924473885447,29,0.00096893310546875
TTI,23,3.35785937896445e-13,3.972666167001881e-15,0.16737127304077148,30,0.0009925365447998047
d cross,23,0.00012771642008940152,5.491340263711324e-06,151.03563434723765,33,0.0014128684997558594
d TTTI,23,2.4148950178467386e-06,8.739490859821342e-09,0.1714155673980713,38,0.0009925365447998047
dd cross,23,4552.386154432314,152.52420493300593,151.04070741776377,35,0.0016601085662841797
dd TTI,23,0.002636872421192693,4.346041446150796e-06,0.18215656280517578,86,0.0009925365447998047
cross,24,1.4027244095735892e-10,1.0850404384375382e-12,39.049968957901,29,0.00047659873962402344
TTI,24,3.357946312175352e-13,4.135014435449313e-15,0.1689286231994629,30,0.0005029439926147461
d cross,24,1.0214276469508729e-05,4.612690595218635e-06,39.068700551986694,33,0.0007134675979614258
d TTTI,24,2.4051382697550755e-06,6.461499102456722e-09,0.17221570014953613,38,0.0005029439926147461
dd cross,24,5178.551291792235,146.77102181260227,39.07495832443237,35,0.0008404254913330078
dd TTI,24,0.0026358358559271863,4.629569666931934e-06,0.18352866172790527,86,0.0005029439926147461
cross,25,1.690106620374236e-10,8.898108674076733e-13,98.85430712532252,28,0.00035899877548217773
TTI,25,3.328843653376733e-13,4.656478387946259e-15,0.17051959037780762,30,0.00025200843811035156
d cross,25,0.00021057442889354125,2.317307555245787e-05,98.88460082840174,32,0.0005596280097961426
d TTTI,25,2.399889551711691e-06,7.516186591959109e-09,0.17444896697998047,38,0.00025200843811035156
dd cross,25,371498.7523678012,2605.301443622016,98.88658399414271,34,0.0006481409072875977
dd TTI,25,0.0026363426437160673,2.6967539652217587e-06,0.18568968772888184,86,0.00025200843811035156
cross,26,1.4982077818287312e-10,6.90849939088785e-13,71.22278522979468,30,0.000302046537399292
TTI,26,3.39537382384047e-13,3.5869717018027725e-15,0.17096877098083496,31,0.00013044476509094238
d cross,26,0.00027577057902628156,2.3283108472875105e-05,71.32397603522986,35,0.00043123960494995117
d TTTI,26,2.400363715764659e-06,6.27500375394122e-09,0.17394447326660156,38,0.00013044476509094238
dd cross,26,545141.4956073702,1711.638935022615,71.27239775191993,37,0.0004882514476776123
dd TTI,26,0.002636482915264873,2.59617011264806e-06,0.1845409870147705,86,0.00013044476509094238
cross,27,2.7961421766144715e-10,3.0224956685723486e-12,94.50478995125741,43,0.00030653178691864014
TTI,27,3.367937336654423e-13,3.081393563599102e-15,0.18746495246887207,31,6.535649299621582e-05
d cross,27,0.00033017598409422087,6.746936712190993e-05,94.57697427552193,49,0.00043776631355285645
d TTTI,27,2.403641388989162e-06,9.355720825224118e-09,0.18657135963439941,39,6.535649299621582e-05
dd cross,27,12730213.070467485,31387.635668492912,94.58892977517098,51,0.00047995150089263916
dd TTI,27,0.0026359188807216693,4.378017502518785e-06,0.1896648406982422,86,6.535649299621582e-05
cross,28,1.3935007555004413e-10,8.326967533109355e-13,374.95781752374023,75,0.0003927275538444519
TTI,28,3.359640789440861e-13,4.451591570476001e-15,0.17281126976013184,31,3.2745301723480225e-05
d cross,28,4.208029407918499e-06,1.2012321029036438e-05,375.0849077394232,80,0.0005311071872711182
d TTTI,28,2.402920424413201e-06,6.768494341564393e-09,0.1748340129852295,39,3.2745301723480225e-05
dd cross,28,19680594.811517768,35862.08606366562,375.10603687074035,82,0.0005635842680931091
dd TTI,28,0.002636421147851471,3.321875315788161e-06,0.18552470207214355,87,3.2745301723480225e-05
cross,19,1.5221055616673632e-10,7.106974007593379e-13,13.396788670681417,27,0.01392364501953125
TTI,19,2.1724156139384412e-15,5.3075822811184166e-17,0.16237449645996094,30,0.01560211181640625
d cross,19,1.1444847905480112e-05,7.192660305399915e-07,13.412465407513082,31,0.0197601318359375
d TTTI,19,4.2479625747569e-06,1.4185964793946564e-08,0.1627497673034668,39,0.01560211181640625
dd cross,19,6.401754829543359,0.15266332495321505,13.415619446896017,33,0.022891998291015625
dd TTI,19,0.002449190557290059,5.351364259287866e-06,0.1727895736694336,83,0.01560211181640625
cross,20,1.6918802206130266e-10,1.0628054216521432e-12,36.46197941713035,29,0.0070705413818359375
TTI,20,3.225568828313943e-13,3.602336697437021e-15,0.1653292179107666,30,0.007831573486328125
d cross,20,2.199607990854209e-05,1.847997410856351e-06,36.480660704895854,33,0.010084152221679688
d TTTI,20,3.0372501260890463e-06,1.538996025705652e-08,0.16939616203308105,39,0.007831573486328125
dd cross,20,19.58941598383737,1.0214852572936928,36.485137252137065,35,0.01171112060546875
dd TTI,20,0.0025950932811521664,4.0803202508680674e-06,0.1803748607635498,84,0.007831573486328125
cross,21,1.5982146478890708e-10,1.1051707216644336e-12,13.804758009500802,29,0.0037689208984375
TTI,21,3.361259541693204e-13,3.1374904614424077e-15,0.16164922714233398,30,0.003939628601074219
d cross,21,1.6714643631889345e-05,5.7161066713264765e-06,13.824467835016549,33,0.005413055419921875
d TTTI,21,2.5788444593199453e-06,1.1042460897329987e-08,0.1639106273651123,38,0.003939628601074219
dd cross,21,45.89127292789273,10.05454382238307,13.829578098841012,35,0.006304740905761719
dd TTI,21,0.002625362299253835,3.6656546126471865e-06,0.17315006256103516,85,0.003939628601074219
cross,22,2.06208399585201e-10,8.944510352866654e-13,68.56244737002999,28,0.0017499923706054688
TTI,22,3.3694310488756694e-13,5.268908716736142e-15,0.16266179084777832,30,0.0019774436950683594
d cross,22,0.0002849280773457916,6.090152482410204e-06,68.6062682280317,32,0.0025568008422851562
d TTTI,22,2.4488262448546767e-06,6.508663388294107e-09,0.1655128002166748,38,0.0019774436950683594
dd cross,22,1444.8848344197743,14.398387534605464,68.58695656154305,34,0.003002166748046875
dd TTI,22,0.0026354746095492605,4.032346756056128e-06,0.17441368103027344,85,0.0019774436950683594
cross,23,1.6637364219424552e-10,9.61770787926937e-13,94.55249293334782,29,0.0009491443634033203
TTI,23,3.3744514548134856e-13,4.007057397386713e-15,0.16740202903747559,30,0.0009925365447998047
d cross,23,0.0001030150254867619,5.168180629533496e-06,94.5744236279279,33,0.0013883113861083984
d TTTI,23,2.416396419932851e-06,1.3747426114579979e-08,0.1676318645477295,38,0.0009925365447998047
dd cross,23,4602.212036838695,131.3299942806462,94.57846076972783,35,0.0016317367553710938
dd TTI,23,0.002635281564373265,3.4596612612034044e-06,0.17508983612060547,86,0.0009925365447998047
cross,24,1.6487860423015326e-10,1.0078851782844607e-12,74.34018719010055,29,0.00048601627349853516
TTI,24,3.3699393912070644e-13,3.1127764777680915e-15,0.16562104225158691,30,0.0005029439926147461
d cross,24,0.00022302255763956372,9.471594032500652e-06,74.37044465355575,33,0.0007131099700927734
d TTTI,24,2.4083233257557432e-06,1.1981922629904738e-08,0.16714930534362793,38,0.0005029439926147461
dd cross,24,44834.35107155182,563.8820206234129,74.36439692787826,35,0.0008398294448852539
dd TTI,24,0.002635589462788951,3.2211225199505743e-06,0.1766681671142578,86,0.0005029439926147461
cross,25,1.683467071332321e-10,1.070796882334745e-12,99.13357385713607,29,0.00029844045639038086
TTI,25,3.3481836378462007e-13,2.761319349867526e-15,0.16756749153137207,30,0.00025200843811035156
d cross,25,0.00020397208411968866,1.1118346868930015e-05,99.15818962175399,34,0.0004869699478149414
d TTTI,25,2.4038329339310774e-06,8.103776183375052e-09,0.16711139678955078,38,0.00025200843811035156
dd cross,25,364472.19804977754,2964.1644751617496,99.16360243875533,36,0.0005681514739990234
dd TTI,25,0.002636240819712741,2.8809778593466456e-06,0.18434381484985352,86,0.00025200843811035156
cross,26,1.4851754419334907e-10,6.83576526934997e-13,70.12635136116296,30,0.00025397539138793945
TTI,26,3.3623565280676236e-13,3.9446442004192206e-15,0.17151665687561035,31,0.00013044476509094238
d cross,26,0.00015226958694373815,0.00010451798908119413,70.18821812141687,35,0.0003802478313446045
d TTTI,26,2.4063266022079367e-06,7.57124616488676e-09,0.17434191703796387,38,0.00013044476509094238
dd cross,26,957538.8587779284,1577.0085484192452,70.17460918892175,37,0.0004343986511230469
dd TTI,26,0.0026348762892593634,3.5924369287598273e-06,0.18158268928527832,86,0.00013044476509094238
cross,27,1.393648554766113e-10,8.715191543860154e-13,172.95115652587265,50,0.00046387314796447754
TTI,27,3.3653286007171566e-13,5.112194223423311e-15,0.16812753677368164,31,6.535649299621582e-05
d cross,27,1.5898450029002883e-05,2.9659373076007414e-06,173.04185834433883,55,0.0006173849105834961
d TTTI,27,2.399448005257554e-06,1.0320437637277579e-08,0.1684575080871582,39,6.535649299621582e-05
dd cross,27,4151586.546438412,7857.008669354373,173.0532912304625,57,0.0006658434867858887
dd TTI,27,0.0026372363150006617,2.321656168679316e-06,0.1774153709411621,86,6.535649299621582e-05
cross,28,1.4172995554012437e-10,7.864781240867761e-13,581.3782407268882,99,0.0007031038403511047
TTI,28,3.3646730519952953e-13,4.359794579477691e-15,0.16919541358947754,31,3.2745301723480225e-05
d cross,28,5.525603418778115e-06,9.783108954243188e-06,581.6089526638389,103,0.0008731484413146973
d TTTI,28,2.408353949389467e-06,7.416147543178364e-09,0.1699059009552002,39,3.2745301723480225e-05
dd cross,28,18464678.769509815,25921.316839756506,581.6325885280967,105,0.0009119510650634766
dd TTI,28,0.0026363799911660016,3.851772637860009e-06,0.1781911849975586,87,3.2745301723480225e-05
cross,19,1.5043153372789057e-10,1.1117787602090086e-12,6.55614051874727,27,0.013240814208984375
TTI,19,2.145065677039583e-15,1.1393315268734346e-17,0.16283082962036133,30,0.01560211181640625
d cross,19,1.1951499871153542e-05,4.917499306988563e-07,6.570673561654985,31,0.0189208984375
d TTTI,19,4.250893380240692e-06,1.2543290957868507e-08,0.16782689094543457,39,0.01560211181640625
dd cross,19,6.159398425611168,0.146097815435037,6.574019051156938,33,0.021968841552734375
dd TTI,19,0.0024478412109957075,5.092931095329703e-06,0.1793210506439209,83,0.01560211181640625
cross,20,1.3997716727881874e-10,8.226209340332446e-13,9.910899855196476,28,0.0073070526123046875
TTI,20,3.244889881279639e-13,3.57971474007177e-15,0.1648406982421875,30,0.007831573486328125
d cross,20,5.243306211488091e-06,1.2137815836923514e-07,9.925944305956364,32,0.010427474975585938
d TTTI,20,3.0404382504000716e-06,1.4130847591186283e-08,0.1693117618560791,39,0.007831573486328125
dd cross,20,3.2245321713429576,0.03647996645925438,9.929175831377506,34,0.012109756469726562
dd TTI,20,0.0025948192411905813,4.569434526393571e-06,0.18039798736572266,84,0.007831573486328125
cross,21,1.7243596327166747e-10,1.107637230307256e-12,14.40136578027159,29,0.0037641525268554688
TTI,21,3.3164715382892215e-13,5.5937051727642885e-15,0.1626732349395752,30,0.003939628601074219
d cross,21,0.00012403223600046764,2.4667907329932902e-06,14.418399118818343,33,0.005385398864746094
d TTTI,21,2.5843676241664132e-06,1.0172446533352073e-08,0.16546392440795898,38,0.003939628601074219
dd cross,21,150.05527555120852,4.11073612889911,14.422795318998396,35,0.0062656402587890625
dd TTI,21,0.0026288921003344463,3.0774976170495454e-06,0.17474818229675293,85,0.003939628601074219
cross,22,1.6313261446869367e-10,1.1656796011146116e-12,69.00475372374058,29,0.0018954277038574219
TTI,22,3.367183509438511e-13,2.914523221529221e-15,0.16694855690002441,30,0.0019774436950683594
d cross,22,4.0684507910158897e-05,6.317167823495696e-06,69.02299822866917,33,0.0027441978454589844
d TTTI,22,2.4551120854427663e-06,1.0493563798176134e-08,0.17136788368225098,38,0.0019774436950683594
dd cross,22,413.57731267808003,38.18516533439683,69.02737797796726,35,0.0032100677490234375
dd TTI,22,0.002633241713358718,3.4733064065226566e-06,0.1823410987854004,85,0.0019774436950683594
cross,23,1.3945001389684072e-10,8.184621231836709e-13,152.67848474439234,30,0.0010690689086914062
TTI,23,3.3803229544326985e-13,3.4792999121373914e-15,0.16392064094543457,30,0.0009925365447998047
d cross,23,7.307305252715081e-06,2.7298440306069295e-06,152.69959122594446,34,0.0015530586242675781
d TTTI,23,2.4142046897158526e-06,9.556320935665184e-09,0.16537904739379883,38,0.0009925365447998047
dd cross,23,424.6641834528741,57.944755940824734,152.70385486539453,36,0.0018200874328613281
dd TTI,23,0.002635231348286828,4.877623317055537e-06,0.1748943328857422,86,0.0009925365447998047
cross,24,1.477387630545144e-10,9.465770438580817e-13,74.6528154257685,30,0.0004832744598388672
TTI,24,3.363570160404253e-13,4.2254273590602144e-15,0.1689586639404297,30,0.0005029439926147461
d cross,24,0.00017072019452773414,1.5007482358132808e-05,74.6747971419245,34,0.0007054805755615234
d TTTI,24,2.4026304396774032e-06,9.073090821690233e-09,0.16706514358520508,38,0.0005029439926147461
dd cross,24,18649.697313059864,147.19129071697267,74.68018277920783,36,0.0008306503295898438
dd TTI,24,0.0026380533789020855,3.6919670972196458e-06,0.176896333694458,86,0.0005029439926147461
cross,25,1.5320927458690942e-10,8.677340643770289e-13,52.35845723096281,29,0.00032645463943481445
TTI,25,3.3496863533818377e-13,2.009985576890296e-15,0.18319368362426758,30,0.00025200843811035156
d cross,25,0.0001472382335166806,3.0348615236976475e-05,52.38896527234465,33,0.000507354736328125
d TTTI,25,2.403109819668557e-06,7.949973870194684e-09,0.1834855079650879,38,0.00025200843811035156
dd cross,25,142343.1701959696,523.2161041820841,52.391134642995894,35,0.0005921721458435059
dd TTI,25,0.0026373132741967964,4.071759492224015e-06,0.18317723274230957,86,0.00025200843811035156
cross,26,1.598554086829147e-10,7.026753114634013e-13,70.41496005281806,30,0.0003542006015777588
TTI,26,3.3534328275743144e-13,4.7075217999449005e-15,0.18483638763427734,31,0.00013044476509094238
d cross,26,0.0005687784310676235,3.3864916603961914e-05,70.46879472956061,34,0.0005050301551818848
d TTTI,26,2.400325429822435e-06,7.725218153643673e-09,0.17863845825195312,38,0.00013044476509094238
dd cross,26,654596.5084788429,1432.5875028387647,70.46808924898505,36,0.0005669593811035156
dd TTI,26,0.0026342674819005056,2.720312003030215e-06,0.17757797241210938,86,0.00013044476509094238
cross,27,1.5979425313673928e-10,8.613976011288959e-13,93.3813507175073,40,0.00029340386390686035
TTI,27,3.3770493039735025e-13,4.0180408394865264e-15,0.17120003700256348,31,6.535649299621582e-05
d cross,27,0.00020053861369459763,0.00044622802827871613,93.44732519146055,44,0.00040975213050842285
d TTTI,27,2.4063698716612524e-06,6.883930686606064e-09,0.1738276481628418,39,6.535649299621582e-05
dd cross,27,15951050.464756295,17755.148407858313,93.45311971660703,46,0.0004506111145019531
dd TTI,27,0.0026358999823390644,4.456143289083872e-06,0.18401694297790527,86,6.535649299621582e-05
cross,19,1.4252626939496895e-10,7.405961478437429e-13,13.133103246800601,27,0.013774871826171875
TTI,19,2.160428855969028e-15,3.402673429101983e-17,0.16948366165161133,30,0.01560211181640625
d cross,19,2.1269749105949983e-05,7.070044598012253e-08,13.148665781132877,31,0.019550323486328125
d TTTI,19,4.248072287554759e-06,1.4623705106320649e-08,0.16964054107666016,39,0.01560211181640625
dd cross,19,6.5653235182954806,0.027975100371173393,13.153075094334781,33,0.02265167236328125
dd TTI,19,0.0024455290154047713,3.891789520105627e-06,0.18176746368408203,83,0.01560211181640625
cross,20,1.417856146180324e-10,5.529628228285974e-13,59.30448674969375,31,0.0074901580810546875
TTI,20,3.236334795760047e-13,4.560564202890447e-15,0.16754412651062012,30,0.007831573486328125
d cross,20,3.180094396634132e-05,2.030024584175242e-07,59.32127165608108,35,0.010570526123046875
d TTTI,20,3.032817363588795e-06,1.1229578186617925e-08,0.17162275314331055,39,0.007831573486328125
dd cross,20,18.900231878431235,0.06593991662937912,59.325468776747584,37,0.012264251708984375
dd TTI,20,0.0025953128746448806,3.720080541040888e-06,0.18266654014587402,84,0.007831573486328125
cross,21,2.4138665655938e-10,2.8406301634320103e-12,14.214709139429033,27,0.0035066604614257812
TTI,21,3.3340909332208577e-13,3.379422590464993e-15,0.17949438095092773,30,0.003939628601074219
d cross,21,0.0001370972074864392,1.5607233988774007e-06,14.22930274065584,31,0.005074501037597656
d TTTI,21,2.578199974973267e-06,9.473263273415202e-09,0.18208765983581543,38,0.003939628601074219
dd cross,21,164.43353870411678,3.9813072155273703,14.23291692789644,32,0.005934715270996094
dd TTI,21,0.002627565684937906,4.278985100550417e-06,0.1945662498474121,85,0.003939628601074219
cross,22,1.543681289345575e-10,7.95905743593509e-13,68.23492246679962,29,0.0017242431640625
TTI,22,3.375264623570907e-13,3.114312746229102e-15,0.17037701606750488,30,0.0019774436950683594
d cross,22,0.00013784595881169664,4.646879842369958e-06,68.25202685408294,33,0.0025243759155273438
d TTTI,22,2.4487389963750314e-06,1.0735598406272422e-08,0.1742556095123291,38,0.0019774436950683594
dd cross,22,442.294032985186,10.216708491225186,68.2560065370053,35,0.002974987030029297
dd TTI,22,0.0026346823124563296,4.51945606631759e-06,0.18604707717895508,85,0.0019774436950683594
cross,23,1.5272674989833283e-10,7.076564809589554e-13,28.33841944206506,29,0.000942230224609375
TTI,23,3.385346455528743e-13,3.0044076498420466e-15,0.17100977897644043,30,0.0009925365447998047
d cross,23,9.601388947471631e-05,3.424414495701529e-06,28.357413535006344,33,0.0013775825500488281
d TTTI,23,2.4156916184340196e-06,9.375940492577647e-09,0.17297148704528809,38,0.0009925365447998047
dd cross,23,1227.3387256621397,41.56598609386836,28.362272982485592,35,0.0016181468963623047
dd TTI,23,0.0026361490575868714,3.5983620602629395e-06,0.17798566818237305,86,0.0009925365447998047
cross,24,1.6217540111538968e-10,1.033816387946582e-12,202.92318499088287,28,0.0008221864700317383
TTI,24,3.365804596859948e-13,3.089397547668147e-15,0.184539794921875,30,0.0005029439926147461
d cross,24,0.00015488090904301969,6.903371602334015e-06,202.95542538166046,33,0.001199483871459961
d TTTI,24,2.406488622567593e-06,4.846636030789175e-09,0.1855759620666504,38,0.0005029439926147461
dd cross,24,47606.56418437687,628.5770302705695,202.96060860157013,35,0.0013778209686279297
dd TTI,24,0.002636307666051892,3.1499207613250556e-06,0.1973893642425537,86,0.0005029439926147461
cross,25,1.5403674148153605e-10,5.27704902183343e-13,53.05483851302415,29,0.0002758502960205078
TTI,25,3.3343421625402924e-13,3.3792678015825538e-15,0.1688976287841797,30,0.00025200843811035156
d cross,25,0.0002955809387197209,2.352486946164059e-05,53.0815804945305,34,0.0004476308822631836
d TTTI,25,2.4021336147494594e-06,6.889587717318076e-09,0.1697843074798584,38,0.00025200843811035156
dd cross,25,118177.21400740759,540.0496886578097,53.089065168984234,36,0.0005244016647338867
dd TTI,25,0.0026367608656481306,5.5585510624259264e-06,0.17930150032043457,86,0.00025200843811035156
cross,26,1.4561580403392396e-10,1.0168337233291127e-12,349.7227397086099,50,0.0008113086223602295
TTI,26,3.372268599146048e-13,4.7770402604160744e-15,0.17319297790527344,31,0.00013044476509094238
d cross,26,0.0002770938472609164,9.948674096986035e-06,349.8066647173837,54,0.0010373294353485107
d TTTI,26,2.398832017149832e-06,7.001430843582916e-09,0.17564749717712402,38,0.00013044476509094238
dd cross,26,337539.6522094286,1837.4229617413912,349.81529690045863,56,0.0011241137981414795
dd TTI,26,0.0026339443035573434,3.5574984437554037e-06,0.18320989608764648,86,0.00013044476509094238
cross,27,1.4547865356240474e-10,1.1151340074686489e-12,174.23444794677198,55,0.0004956871271133423
TTI,27,3.3753884697682883e-13,2.330216869998108e-15,0.17108559608459473,31,6.535649299621582e-05
d cross,27,4.874689509357204e-05,3.96632768659052e-05,174.331905355677,59,0.0006593316793441772
d TTTI,27,2.40247760454956e-06,9.366625184078833e-09,0.17152810096740723,39,6.535649299621582e-05
dd cross,27,3785542.1635761396,7050.792164779511,174.34654616378248,61,0.000709041953086853
dd TTI,27,0.0026358136167544564,4.076017331624615e-06,0.18132495880126953,86,6.535649299621582e-05
cross,28,1.3970058560734373e-10,1.1114903899204114e-12,580.024624642916,85,0.0005559474229812622
TTI,28,3.34994569885469e-13,3.2097128530114427e-15,0.17228126525878906,31,3.2745301723480225e-05
d cross,28,2.3246516016521753e-05,6.868942902575677e-06,580.1878512473777,89,0.0007044300436973572
d TTTI,28,2.4061680448416162e-06,9.083041702519423e-09,0.17220044136047363,39,3.2745301723480225e-05
dd cross,28,19221796.341052398,48567.16801127182,580.2395878406242,91,0.0007406547665596008
dd TTI,28,0.0026386086003067958,4.297046436657745e-06,0.1806797981262207,87,3.2745301723480225e-05
cross,19,1.3996359162738073e-10,6.266268208019417e-13,13.352322813123465,28,0.01447296142578125
TTI,19,2.1494365153394992e-15,1.0090614096651154e-17,0.16518545150756836,30,0.01560211181640625
d cross,19,1.7512025416220168e-06,1.5710481814459806e-07,13.367475029081106,32,0.020412445068359375
d TTTI,19,4.24703430540997e-06,1.4659907330055856e-08,0.17323541641235352,39,0.01560211181640625
dd cross,19,0.30527456373352024,0.005374032126898239,13.37139081582427,34,0.023395538330078125
dd TTI,19,0.0024489999178497006,2.663456623452209e-06,0.18222880363464355,83,0.01560211181640625
cross,20,1.5998756845004703e-10,7.687889191105706e-13,58.20887927245349,30,0.0077037811279296875
TTI,20,3.2311386242102397e-13,5.9402984635506284e-15,0.16743087768554688,30,0.007831573486328125
d cross,20,1.4218166204037622e-05,3.0432964058873544e-06,58.229079763405025,34,0.010915756225585938
d TTTI,20,3.0456543462820824e-06,1.3819973664901764e-08,0.17186713218688965,39,0.007831573486328125
dd cross,20,6.6611095663320325,1.5395822987216548,58.23083333205432,36,0.012636184692382812
dd TTI,20,0.0025927080410275286,3.724688435498421e-06,0.1833951473236084,84,0.007831573486328125
cross,21,1.5543196727981106e-10,4.696307251764942e-13,28.31687569525093,30,0.0035810470581054688
TTI,21,3.3512405017917347e-13,3.553327409128009e-15,0.16552019119262695,30,0.003939628601074219
d cross,21,0.00010122148624492455,1.977887260274019e-06,28.364560603164136,34,0.005148887634277344
d TTTI,21,2.5773265445160553e-06,1.4115053215429421e-08,0.16777968406677246,38,0.003939628601074219
dd cross,21,120.75390047725935,2.5789022853574957,28.338530301116407,36,0.006003379821777344
dd TTI,21,0.0026244336059414114,5.0376134522362146e-06,0.17711114883422852,85,0.003939628601074219
cross,22,1.4940503600927725e-10,6.462857468861479e-13,68.78667540848255,29,0.0018243789672851562
TTI,22,3.3658417340926327e-13,3.1205847353522653e-15,0.16456174850463867,30,0.0019774436950683594
d cross,22,5.533417387597906e-05,1.548382001385851e-06,68.80437369644642,33,0.002644062042236328
d TTTI,22,2.4446026139709512e-06,5.914030064381612e-09,0.1669473648071289,38,0.0019774436950683594
dd cross,22,154.58358739795798,6.07488873719325,68.80802674591541,35,0.003104686737060547
dd TTI,22,0.0026331662994985073,4.588460303081948e-06,0.17680597305297852,85,0.0019774436950683594
cross,23,1.609074206651709e-10,8.100085128373868e-13,55.42524779960513,29,0.0009748935699462891
TTI,23,3.3591780974616564e-13,4.812869384035239e-15,0.17092680931091309,30,0.0009925365447998047
d cross,23,9.492508833078632e-05,9.664588425759714e-06,55.44431794807315,33,0.0014140605926513672
d TTTI,23,2.413678218983645e-06,6.1654360389811355e-09,0.17415404319763184,38,0.0009925365447998047
dd cross,23,4531.515746737185,123.38241889347327,55.44831980392337,35,0.0016579627990722656
dd TTI,23,0.0026347637581781514,4.416409046166868e-06,0.1853034496307373,86,0.0009925365447998047
cross,24,1.6999967630630002e-10,1.1918918179329323e-12,203.68782650027424,29,0.0009467601776123047
TTI,24,3.375387896270432e-13,4.184111118291726e-15,0.17190074920654297,30,0.0005029439926147461
d cross,24,0.00041896100077156914,2.1115490930297134e-05,203.72293578181416,33,0.0013320446014404297
d TTTI,24,2.40626952848233e-06,8.914310141738524e-09,0.17520570755004883,38,0.0005029439926147461
dd cross,24,54716.31148489813,144.69767038246601,203.72951541934162,35,0.0015245676040649414
dd TTI,24,0.0026348293083939237,2.6076834554887285e-06,0.18619918823242188,86,0.0005029439926147461
cross,25,1.4552055048526302e-10,8.840968890980364e-13,52.21716984920204,30,0.0002651214599609375
TTI,25,3.340786996987877e-13,1.8126139117773957e-15,0.17269325256347656,30,0.00025200843811035156
d cross,25,7.739531110367056e-05,1.2809504351818734e-05,52.28737267665565,35,0.00041615962982177734
d TTTI,25,2.399718648884697e-06,8.747309545721674e-09,0.17587924003601074,38,0.00025200843811035156
dd cross,25,73727.85278853911,686.5069005680042,52.244813768193126,37,0.0004890561103820801
dd TTI,25,0.002635793547964639,3.817004048759701e-06,0.1869649887084961,86,0.00025200843811035156
cross,26,1.679486435949241e-10,7.683946912687299e-13,132.16814670711756,29,0.00027057528495788574
TTI,26,3.3741327189860493e-13,2.7391872068588974e-15,0.16997504234313965,31,0.00013044476509094238
d cross,26,0.00026393794426501444,2.6024814936593044e-05,132.20897159725428,34,0.0003959238529205322
d TTTI,26,2.4022683814023456e-06,9.604629213392001e-09,0.17098712921142578,38,0.00013044476509094238
dd cross,26,1864926.902413457,12733.438460181538,132.21797666698694,36,0.0004512667655944824
dd TTI,26,0.002636813441426621,4.380157927924617e-06,0.17976713180541992,86,0.00013044476509094238
cross,27,1.4254926498738425e-10,8.452424443328101e-13,93.51671196240932,51,0.00037769973278045654
TTI,27,3.359097834201708e-13,3.109312922546398e-15,0.17090392112731934,31,6.535649299621582e-05
d cross,27,0.0004400273162901676,5.268059617091959e-05,93.60306073445827,56,0.0005161017179489136
d TTTI,27,2.404760005125664e-06,6.738962124929383e-09,0.17199468612670898,39,6.535649299621582e-05
dd cross,27,1326384.157852953,6106.598085670165,93.60662962216884,58,0.0005598515272140503
dd TTI,27,0.002636145545448822,3.038213093700021e-06,0.1805100440979004,86,6.535649299621582e-05
cross,28,1.3956647463794587e-10,8.927520212862743e-13,123.91827627178282,69,0.00036759674549102783
TTI,28,3.383205696752488e-13,2.3612194602558543e-15,0.17240214347839355,31,3.2745301723480225e-05
d cross,28,2.9160472976639826e-07,3.974087976985721e-09,124.04260345455259,74,0.0004935562610626221
d TTTI,28,2.404740562097179e-06,6.783761926520247e-09,0.1720259189605713,39,3.2745301723480225e-05
dd cross,28,20185854.61240815,29163.57158919495,124.06283255573362,76,0.000524476170539856
dd TTI,28,0.0026356857683535657,3.8611415341034095e-06,0.1813650131225586,87,3.2745301723480225e-05
cross,19,1.8037963037759317e-10,7.430068005566479e-13,6.369915394112468,27,0.01288604736328125
TTI,19,2.1450491717580856e-15,1.1777391625307482e-17,0.17426586151123047,30,0.01560211181640625
d cross,19,7.53798946408659e-05,6.421703895195751e-07,6.384515194222331,31,0.0184173583984375
d TTTI,19,4.244224937578474e-06,9.197936911940055e-09,0.17784833908081055,39,0.01560211181640625
dd cross,19,22.6956317190915,0.16485705399432019,6.388052372261882,33,0.021396636962890625
dd TTI,19,0.0024498788281174452,5.222162272911789e-06,0.1907365322113037,83,0.01560211181640625
cross,20,1.510284638320224e-10,6.582811093479354e-13,20.466164621524513,30,0.0072345733642578125
TTI,20,3.2250278338194436e-13,3.9566985867148014e-15,0.16495704650878906,30,0.007831573486328125
d cross,20,1.6774362091193328e-05,6.764094554070696e-07,20.483094486407936,34,0.010309219360351562
d TTTI,20,3.0421377623091433e-06,1.887799628250526e-08,0.16649580001831055,39,0.007831573486328125
dd cross,20,16.343332585755824,0.6340465975907812,20.486373933963478,36,0.011964797973632812
dd TTI,20,0.0025960846294580254,5.092955254081965e-06,0.17641162872314453,84,0.007831573486328125
cross,21,1.6319272905960968e-10,7.838067959859218e-13,14.553003456443548,27,0.0034694671630859375
TTI,21,3.3489702342257053e-13,2.455627449775936e-15,0.16835260391235352,30,0.003939628601074219
d cross,21,0.00012014150731987304,2.0972876365135796e-06,14.569550897926092,31,0.0050296783447265625
d TTTI,21,2.5793354074481946e-06,8.353044064904169e-09,0.17287278175354004,38,0.003939628601074219
dd cross,21,141.26609052319392,1.9263879033889721,14.573875095695257,32,0.00588226318359375
dd TTI,21,0.0026264252954485774,5.35549279111246e-06,0.18380379676818848,85,0.003939628601074219
cross,22,1.6574394534741041e-10,6.687641641609257e-13,20.726344119757414,29,0.0018830299377441406
TTI,22,3.352910551425969e-13,3.694393320903741e-15,0.17010045051574707,30,0.0019774436950683594
d cross,22,8.019885824019157e-05,2.3234308384572202e-06,20.744325887411833,33,0.002727985382080078
d TTTI,22,2.4520852563166434e-06,8.364126563228505e-09,0.1684424877166748,38,0.0019774436950683594
dd cross,22,461.80260719844375,22.435390542680622,20.74897075816989,35,0.0031919479370117188
dd TTI,22,0.002634369342837343,5.9239290393035674e-06,0.17781615257263184,85,0.0019774436950683594
cross,23,1.6126313977878985e-10,6.538721034709581e-13,28.490868980064988,29,0.0009579658508300781
TTI,23,3.34183083667497e-13,4.321974725328909e-15,0.16724824905395508,30,0.0009925365447998047
d cross,23,9.560895505907747e-05,8.051822858651664e-06,28.509117061272264,33,0.0014503002166748047
d TTTI,23,2.4168186500932193e-06,7.245765334063608e-09,0.16834735870361328,38,0.0009925365447998047
dd cross,23,4528.816605075244,196.92914609232028,28.514175349846482,35,0.0016965866088867188
dd TTI,23,0.002635379947585589,4.617793224469997e-06,0.17806005477905273,86,0.0009925365447998047
cross,24,1.6473046420436634e-10,1.0722999871137842e-12,201.00065088365227,30,0.0012073516845703125
TTI,24,3.3492924347966894e-13,3.8349068212608005e-15,0.1716618537902832,30,0.0005029439926147461
d cross,24,0.0001809674409280784,2.5154010272409164e-05,201.04019498918205,34,0.0016723871231079102
d TTTI,24,2.407154101298077e-06,1.1479915881345394e-08,0.17476177215576172,38,0.0005029439926147461
dd cross,24,46650.34715709961,370.2893863972961,201.0495038041845,36,0.0018821954727172852
dd TTI,24,0.0026350242535356097,3.704545202341012e-06,0.18585920333862305,86,0.0005029439926147461
cross,25,1.5084406764014783e-10,9.800260142397241e-13,53.09662772808224,30,0.0003336668014526367
TTI,25,3.3726193603341435e-13,4.045639675641108e-15,0.18599176406860352,30,0.00025200843811035156
d cross,25,0.00020486969743962886,1.9957688284880962e-05,53.124389425851405,35,0.0005161762237548828
d TTTI,25,2.4052232503141227e-06,8.677974707369569e-09,0.1855792999267578,38,0.00025200843811035156
dd cross,25,110624.98243484346,862.5442316276149,53.12963153515011,37,0.0005978941917419434
dd TTI,25,0.00263854721423133,3.3825954476421498e-06,0.18122267723083496,86,0.00025200843811035156
cross,26,1.5508202993585356e-10,6.619096345403427e-13,70.39715088624507,29,0.00031247735023498535
TTI,26,3.3511379308099667e-13,3.433006834265478e-15,0.16985535621643066,31,0.00013044476509094238
d cross,26,0.0003656184451251447,3.349888926456841e-05,70.4430695893243,34,0.00043842196464538574
d TTTI,26,2.403810940411429e-06,1.0308229355426075e-08,0.17020225524902344,38,0.00013044476509094238
dd cross,26,610645.5072326183,2384.669077363727,70.4507497670129,36,0.0004959404468536377
dd TTI,26,0.002636009310730095,4.78935177731514e-06,0.17905569076538086,86,0.00013044476509094238
cross,27,2.724927732985026e-10,2.4270791836799678e-12,175.3598125204444,39,0.00029195845127105713
TTI,27,3.3525199359673556e-13,3.638145530027349e-15,0.1707758903503418,31,6.535649299621582e-05
d cross,27,0.00017155447060669492,7.197608840413598e-05,175.43039944022894,48,0.000424116849899292
d TTTI,27,2.403949136955894e-06,7.969324821480816e-09,0.17138981819152832,39,6.535649299621582e-05
dd cross,27,15558646.144784415,59198.82919084355,175.44185139983892,50,0.0004647970199584961
dd TTI,27,0.00263387341058292,3.963022285874354e-06,0.1814718246459961,86,6.535649299621582e-05
cross,28,1.4026345467290727e-10,6.986737394234233e-13,123.83627794869244,66,0.00033637136220932007
TTI,28,3.363409403182817e-13,4.903002195020286e-15,0.19189095497131348,31,3.2745301723480225e-05
d cross,28,7.761314656922836e-07,1.5335508614040728e-06,123.95336483605206,72,0.0004741549491882324
d TTTI,28,2.403438062736982e-06,5.255858025124842e-09,0.18487119674682617,39,3.2745301723480225e-05
dd cross,28,19631693.456652872,28505.753508268703,123.97357271797955,74,0.0005044788122177124
dd TTI,28,0.002635867987244099,3.579982569481996e-06,0.18791770935058594,87,3.2745301723480225e-05
cross,19,1.3994308357004362e-10,9.424720132048408e-13,41.23231393098831,30,0.01428985595703125
TTI,19,2.155353024093845e-15,1.3967486030488793e-17,0.16585588455200195,30,0.01560211181640625
d cross,19,1.7189880001235165e-06,1.4746477114165908e-07,41.24818903207779,34,0.0200653076171875
d TTTI,19,4.246219353237911e-06,1.2023990635463863e-08,0.17044734954833984,39,0.01560211181640625
dd cross,19,0.3370902523736649,0.07633647826537547,41.25126200914383,36,0.023235321044921875
dd TTI,19,0.002449179105118186,3.424696381427114e-06,0.18156147003173828,83,0.01560211181640625
cross,20,1.4780592607661977e-10,5.597948802121102e-13,9.887775771319866,27,0.00681304931640625
TTI,20,3.225165438018246e-13,4.039727142276138e-15,0.16852641105651855,30,0.007831573486328125
d cross,20,3.939432239706917e-05,8.050307410038396e-07,9.908946387469769,31,0.009786605834960938
d TTTI,20,3.0424390299321635e-06,1.7280313365033177e-08,0.1727907657623291,39,0.007831573486328125
dd cross,20,23.10059288916516,0.3977961255708342,9.90565549582243,33,0.011434555053710938
dd TTI,20,0.002595416183560964,2.6779038110289602e-06,0.1843397617340088,84,0.007831573486328125
cross,21,1.4687136484381518e-10,6.180429613148323e-13,14.647951860912144,27,0.003429412841796875
TTI,21,3.3651718687668584e-13,3.6580409837605e-15,0.1688070297241211,30,0.003939628601074219
d cross,21,5.592698954690871e-05,6.825077020468773e-07,14.664229650981724,31,0.004974365234375
d TTTI,21,2.583450362267442e-06,1.5079157848861095e-08,0.17373895645141602,38,0.003939628601074219
dd cross,21,67.5711533725017,1.084107263127203,14.668539305217564,33,0.005820274353027344
dd TTI,21,0.002627227377861225,5.379930125455234e-06,0.1846151351928711,85,0.003939628601074219
cross,22,1.914778937195249e-10,1.4353019442232374e-12,112.86856427509338,29,0.0019049644470214844
TTI,22,3.3641068815725055e-13,3.51032327863413e-15,0.16653990745544434,30,0.0019774436950683594
d cross,22,0.000232403506819632,7.40169900228384e-06,112.88434353191406,33,0.002749919891357422
d TTTI,22,2.448693153412479e-06,1.2162960165269285e-08,0.16860628128051758,38,0.0019774436950683594
dd cross,22,1120.31392593781,17.17393932782979,112.88908067066222,35,0.0032138824462890625
dd TTI,22,0.0026356263564205904,4.005259410208905e-06,0.17818760871887207,85,0.0019774436950683594
cross,23,2.0904358440173116e-10,1.5013427314336552e-12,54.592702962458134,28,0.000946044921875
TTI,23,3.356328425742124e-13,4.665211079378196e-15,0.1710505485534668,30,0.0009925365447998047
d cross,23,0.00043347449558962266,1.0538930541691328e-05,54.62440786510706,32,0.001430511474609375
d TTTI,23,2.4137808102396114e-06,6.873128492808213e-09,0.1721649169921875,38,0.0009925365447998047
dd cross,23,13993.070938442517,56.0698853827008,54.616729356348515,34,0.0016751289367675781
dd TTI,23,0.002634790670017005,3.3714218379368345e-06,0.177947998046875,86,0.0009925365447998047
cross,24,1.434918021332564e-10,6.874638682199061e-13,38.11620710045099,29,0.0005536079406738281
TTI,24,3.363344970408334e-13,3.662784821928604e-15,0.16885638236999512,30,0.0005029439926147461
d cross,24,0.0001627603570976244,6.980799765514935e-06,38.14302799850702,33,0.0008065700531005859
d TTTI,24,2.407952555934836e-06,7.129441082724405e-09,0.17000436782836914,38,0.0005029439926147461
dd cross,24,10619.31378428399,108.8826193190328,38.148361422121525,35,0.0009475946426391602
dd TTI,24,0.002638963264492664,2.482542757692552e-06,0.1797473430633545,86,0.0005029439926147461
cross,25,1.422995299695117e-10,4.934400912946793e-13,52.377068284898996,28,0.0003133416175842285
TTI,25,3.3617006288669745e-13,3.2632975243897436e-15,0.17308616638183594,30,0.00025200843811035156
d cross,25,1.722394264023409e-05,1.7060993082539372e-05,52.4463870562613,33,0.0005037784576416016
d TTTI,25,2.40852720432223e-06,9.462324140782267e-09,0.1763460636138916,38,0.00025200843811035156
dd cross,25,58993.50988196471,652.0652704108387,52.408146146684885,35,0.0005876421928405762
dd TTI,25,0.0026364753553641844,3.2519324505274164e-06,0.18698549270629883,86,0.00025200843811035156
cross,26,1.3992812744367172e-10,7.186761650931439e-13,70.70911737717688,30,0.000324249267578125
TTI,26,3.3709353866889077e-13,2.9783012028403573e-15,0.1707000732421875,31,0.00013044476509094238
d cross,26,5.987524457221879e-05,8.765968787771412e-06,70.77881737984717,35,0.00045430660247802734
d TTTI,26,2.401888266856692e-06,8.507258621214969e-09,0.17228364944458008,38,0.00013044476509094238
dd cross,26,501977.73648730945,3543.279619753587,70.76958342827857,37,0.0005128681659698486
dd TTI,26,0.0026337971343106375,3.2864904674328025e-06,0.18082022666931152,86,0.00013044476509094238
cross,19,1.529321019055948e-10,6.476169661850082e-13,8.338884867727757,27,0.0133514404296875
TTI,19,2.1657474234836624e-15,8.435593899153717e-18,1.2913522720336914,29,0.0146331787109375
d cross,19,1.701856186023749e-05,2.7172760537084723e-07,8.400433577597141,31,0.019092559814453125
d TTTI,19,4.25114103127836e-06,1.023121983329656e-08,1.2806463241577148,39,0.0146331787109375
dd cross,19,7.250544105080012,0.1860282343814025,8.361676253378391,33,0.0221710205078125
dd TTI,19,0.0024489340185477747,3.7921196052827234e-06,1.2882306575775146,77,0.0146331787109375
cross,20,1.6179862568782599e-10,1.1883249659944097e-12,22.033698628656566,30,0.007198333740234375
TTI,20,3.2219057669219514e-13,5.3751549398366006e-15,1.2837207317352295,30,0.008022308349609375
d cross,20,3.2182466893989546e-05,1.521553139695721e-06,22.05242783855647,34,0.010242462158203125
d TTTI,20,3.0411857139072082e-06,1.5494476679918402e-08,1.2827332019805908,38,0.008022308349609375
dd cross,20,18.924724271123598,0.5039411824337767,22.056750128977,36,0.01187896728515625
dd TTI,20,0.0025946006591401863,4.482342835028351e-06,1.2906434535980225,78,0.008022308349609375
cross,19,1.5144191539792593e-10,6.725763903538072e-13,6.471902460791171,27,0.0133819580078125
TTI,19,2.1875239212601215e-15,5.800965765734507e-17,2.138385057449341,29,0.0146331787109375
d cross,19,1.101317799918397e-05,6.399239958968958e-07,7.059893936850131,31,0.019153594970703125
d TTTI,19,4.250250690308623e-06,9.69076343228256e-09,2.126603603363037,39,0.0146331787109375
dd cross,19,6.180924738973035,0.1365976306593233,6.493155092932284,33,0.022247314453125
dd TTI,19,0.0024535916292266415,7.59915872724445e-06,2.1367745399475098,77,0.0146331787109375
cross,21,1.6047178570240805e-10,7.203086962160002e-13,14.73589389026165,27,0.003509521484375
TTI,21,3.340946870872735e-13,3.606363903654165e-15,1.2806556224822998,30,0.004034996032714844
d cross,21,0.00010305461922546828,1.2915001654388966e-06,14.755272552371025,31,0.005092620849609375
d TTTI,21,2.5875449448163816e-06,7.657998019020528e-09,1.2813513278961182,38,0.004034996032714844
dd cross,21,117.94403846360194,1.2993686396058377,14.75914280116558,33,0.005957603454589844
dd TTI,21,0.002626919107236399,3.95196722502777e-06,1.2891502380371094,78,0.004034996032714844
cross,27,1.4163759278725684e-10,9.854477740500723e-13,174.2048955867067,57,0.0004852116107940674
TTI,27,3.362013785611842e-13,3.4479385426308125e-15,0.17446160316467285,31,6.535649299621582e-05
d cross,27,0.00037444172206845883,3.367923326519312e-05,174.29697498772293,61,0.0006352365016937256
d TTTI,27,2.403737351386862e-06,1.3129149518501179e-08,0.1772160530090332,39,6.535649299621582e-05
dd cross,27,1214763.6784219309,7043.824675974135,174.30945023987442,63,0.0006839185953140259
dd TTI,27,0.0026379681424745258,2.963028832765572e-06,0.187636137008667,86,6.535649299621582e-05
cross,20,1.7630793901860183e-10,9.485707595200428e-13,75.08000066503882,29,0.00719451904296875
TTI,20,3.250949443598141e-13,5.687173712430457e-15,2.1277029514312744,30,0.008022308349609375
d cross,20,4.4576994379675885e-05,1.1527746717060616e-06,75.10367586836219,33,0.01025390625
d TTTI,20,3.0333454540709434e-06,1.278007884986729e-08,2.1265673637390137,38,0.008022308349609375
dd cross,20,29.35192073274495,0.3912034375994344,75.10674407705665,35,0.011903762817382812
dd TTI,20,0.002594588434813241,3.325331544376125e-06,2.1378862857818604,78,0.008022308349609375
cross,22,1.4111838284827347e-10,1.2049715871859922e-12,94.3049078984186,29,0.001953601837158203
TTI,22,3.3877593307311154e-13,4.954434701185144e-15,1.28786039352417,31,0.0020661354064941406
d cross,22,1.4136367028216215e-05,6.465006428938447e-07,94.3293939633295,33,0.002814769744873047
d TTTI,22,2.4486860960433523e-06,6.684740449211105e-09,1.286520004272461,38,0.0020661354064941406
dd cross,22,58.088006638546936,8.705290128129661,94.33249531220645,35,0.0032958984375
dd TTI,22,0.0026361524303067543,4.6480902966184035e-06,1.2943811416625977,78,0.0020661354064941406
cross,21,1.6171888717010793e-10,5.756581189487872e-13,61.86430058255792,29,0.0035619735717773438
TTI,21,3.3480465201853133e-13,3.0656438154943223e-15,2.1284401416778564,30,0.004034996032714844
d cross,21,0.0001254086717477984,2.364216743114982e-06,62.3979795910418,33,0.005145072937011719
d TTTI,21,2.5823679992088666e-06,1.2396821461369958e-08,2.132542133331299,38,0.004034996032714844
dd cross,21,146.87211974238227,1.9728371177115345,61.88812479749322,35,0.0060062408447265625
dd TTI,21,0.0026250576735476925,3.741859934195152e-06,2.1404614448547363,78,0.004034996032714844
cross,23,1.660170655953666e-10,9.53843644850223e-13,79.68419194314629,30,0.0009312629699707031
TTI,23,3.3785376864013444e-13,3.165229297952061e-15,1.2851812839508057,31,0.0010368824005126953
d cross,23,0.00033117177474516175,1.0327563004476413e-05,79.70657706353813,34,0.0013570785522460938
d TTTI,23,2.414812417247302e-06,8.091490562075344e-09,1.2865161895751953,38,0.0010368824005126953
dd cross,23,8924.890172024825,32.92668694241106,79.70936322305351,36,0.00159454345703125
dd TTI,23,0.0026350037724879325,3.9342411429176525e-06,1.2925317287445068,78,0.0010368824005126953
cross,22,1.57450917941567e-10,4.191897901880856e-13,57.87663312070072,29,0.0017504692077636719
TTI,22,3.3546447040801717e-13,2.5832013877139994e-15,2.123563766479492,31,0.0020661354064941406
d cross,22,0.00014471196878642497,4.0592654885474344e-06,57.901397896930575,33,0.0025572776794433594
d TTTI,22,2.4437704273527394e-06,7.291498308947322e-09,2.126650333404541,38,0.0020661354064941406
dd cross,22,453.43318529247347,10.364534434823145,57.902838898822665,35,0.003002166748046875
dd TTI,22,0.0026325272605338536,5.424650824100612e-06,2.1331706047058105,78,0.0020661354064941406
cross,24,1.4081330182481342e-10,7.488967562938269e-13,187.22512190695852,30,0.0005832910537719727
TTI,24,3.371146973266908e-13,4.059753437392423e-15,1.2847495079040527,31,0.0005196332931518555
d cross,24,1.7776533740546288e-05,5.242632161977192e-06,187.25341718550771,34,0.0008553266525268555
d TTTI,24,2.4063546756727055e-06,7.769272358111235e-09,1.2842659950256348,38,0.0005196332931518555
dd cross,24,5222.883544399823,159.01588078808015,187.260217837058,36,0.001002192497253418
dd TTI,24,0.0026359379285772607,3.5682100501631904e-06,1.2908928394317627,78,0.0005196332931518555
cross,23,1.4706153758922506e-10,7.729084126292268e-13,42.90262890420854,28,0.0009336471557617188
TTI,23,3.368029659031696e-13,3.956888582417486e-15,2.1222047805786133,31,0.0010368824005126953
d cross,23,0.00013840941205993824,2.668714467185768e-06,42.9264273699373,32,0.0014023780822753906
d TTTI,23,2.416563566121879e-06,5.089672455105905e-09,2.1251156330108643,38,0.0010368824005126953
dd cross,23,1437.4129041557921,22.008073854558308,42.928907638415694,34,0.0016455650329589844
dd TTI,23,0.0026367155590642753,3.717295986256122e-06,2.1328811645507812,78,0.0010368824005126953
cross,28,1.4964564154341274e-10,7.936807222501065e-13,578.782796036452,83,0.0005004927515983582
TTI,28,3.38463697662174e-13,4.482956951726516e-15,0.17529010772705078,31,3.2745301723480225e-05
d cross,28,0.00018721208090860078,0.00024593474757065854,578.9361866824329,88,0.0006464049220085144
d TTTI,28,2.4058063260630178e-06,1.0239711408533822e-08,0.17773842811584473,39,3.2745301723480225e-05
dd cross,28,19714875.012989808,23000.05495782755,578.9520315043628,90,0.0006806924939155579
dd TTI,28,0.0026382953860787798,4.180064341005586e-06,0.1885523796081543,87,3.2745301723480225e-05
cross,25,1.688579948421524e-10,1.1774300730445737e-12,78.18392062280327,29,0.00026738643646240234
TTI,25,3.368270346692574e-13,2.294971505824422e-15,1.2869911193847656,31,0.00026035308837890625
d cross,25,9.080491316344028e-05,2.055616420654749e-05,78.21043491456658,34,0.00041496753692626953
d TTTI,25,2.4081628832208298e-06,9.32512631622785e-09,1.2855727672576904,38,0.00026035308837890625
dd cross,25,450695.0808507645,1828.2948883092452,78.21561908815056,36,0.0004876852035522461
dd TTI,25,0.002636142380622954,3.1418834866977107e-06,1.2935149669647217,78,0.00026035308837890625
cross,24,1.5236978133605555e-10,8.752490389052048e-13,54.868191976100206,29,0.0004640817642211914
TTI,24,3.3625717784214963e-13,3.957556205626374e-15,2.1263391971588135,31,0.0005196332931518555
d cross,24,0.00025960491211884636,9.752012939443791e-06,56.44259263947606,33,0.0006896257400512695
d TTTI,24,2.412307411085256e-06,1.2565480731045539e-08,2.1281521320343018,38,0.0005196332931518555
dd cross,24,19790.769012678145,79.87131040729894,54.894830483943224,35,0.0008130073547363281
dd TTI,24,0.0026360796468588225,2.6174110442728716e-06,2.1337168216705322,78,0.0005196332931518555
cross,19,1.407512479967653e-10,8.754438657397021e-13,6.0992748802527785,27,0.01369476318359375
TTI,19,2.1710163626094515e-15,4.4714660973920595e-17,0.16608572006225586,30,0.01560211181640625
d cross,19,6.686259626014389e-06,7.733391273821794e-08,6.114568240009248,31,0.019496917724609375
d TTTI,19,4.250738076284372e-06,8.798975497309177e-09,0.17064356803894043,39,0.01560211181640625
dd cross,19,1.8968604005607923,0.017194423113150024,6.117918974719942,33,0.02260589599609375
dd TTI,19,0.0024491662051009657,5.9415645308753695e-06,0.18211889266967773,83,0.01560211181640625
cross,20,1.431638147698004e-10,5.403245633964053e-13,19.58626462891698,29,0.0071258544921875
TTI,20,3.247416158082826e-13,4.9597996371327185e-15,0.1666104793548584,30,0.007831573486328125
d cross,20,6.012273155140687e-06,4.521772218467278e-07,19.602808970957994,33,0.01021575927734375
d TTTI,20,3.0402103139675405e-06,5.9837140483778226e-09,0.17148995399475098,39,0.007831573486328125
dd cross,20,3.6717373382101144,0.17750326274708692,19.606274146586657,35,0.011877059936523438
dd TTI,20,0.0025953995149944724,4.0299229293717134e-06,0.18267416954040527,84,0.007831573486328125
cross,21,1.6451863770424226e-10,1.1492097082322735e-12,14.837882784195244,30,0.0037021636962890625
TTI,21,3.3525093365367114e-13,2.648184078030581e-15,0.17771482467651367,30,0.003939628601074219
d cross,21,4.877824621143718e-05,2.9262663519765903e-06,14.857538011856377,34,0.0053081512451171875
d TTTI,21,2.585375136289971e-06,1.746255888373837e-08,0.18030405044555664,38,0.003939628601074219
dd cross,21,71.323244941878,5.673361506160356,14.86232164222747,36,0.0061817169189453125
dd TTI,21,0.00262546518503968,4.5795516042222915e-06,0.19254779815673828,85,0.003939628601074219
cross,25,1.5863998585927268e-10,9.698638845377914e-13,75.59455278422683,28,0.00029468536376953125
TTI,25,3.369815064672065e-13,5.104441233522334e-15,2.1257572174072266,31,0.00026035308837890625
d cross,25,0.0003315231088855332,1.472674531690541e-05,75.69380929972976,32,0.0004755854606628418
d TTTI,25,2.404390068673255e-06,7.81411199891183e-09,2.1268279552459717,38,0.00026035308837890625
dd cross,25,124684.96543099816,457.05372869643827,75.63099124934524,34,0.0005564093589782715
dd TTI,25,0.0026341431881405615,5.356358873819845e-06,2.135425567626953,78,0.00026035308837890625
cross,22,1.4389064478979752e-10,9.3205473612611e-13,20.81143709924072,28,0.0017900466918945312
TTI,22,3.360224811574289e-13,3.2477331596527685e-15,0.18137669563293457,30,0.0019774436950683594
d cross,22,1.528978204105701e-05,1.0824299731721484e-06,20.828588693402708,32,0.0026121139526367188
d TTTI,22,2.447695607732854e-06,5.1843819198179815e-09,0.1825852394104004,38,0.0019774436950683594
dd cross,22,59.01091564926928,7.556031323643581,20.832731216214597,34,0.0030651092529296875
dd TTI,22,0.0026343862517065426,4.759576720251222e-06,0.19567608833312988,85,0.0019774436950683594
cross,23,1.915169140399809e-10,1.526342379280274e-12,28.147966486401856,29,0.000957489013671875
TTI,23,3.3608503058923445e-13,5.001264458056763e-15,0.170576810836792,30,0.0009925365447998047
d cross,23,0.000327179491460517,1.4049853783326912e-05,28.16678057331592,33,0.0014505386352539062
d TTTI,23,2.4162622546956336e-06,1.138895774492261e-08,0.17287945747375488,38,0.0009925365447998047
dd cross,23,9794.720409099218,95.89288202278134,28.1725705685094,35,0.0016963481903076172
dd TTI,23,0.002632145597332529,3.517629192022962e-06,0.17797327041625977,86,0.0009925365447998047
cross,26,1.397831378877678e-10,7.530729895102352e-13,361.30557011161,41,0.0006153583526611328
TTI,26,3.3582806890407273e-13,3.504671404570195e-15,1.2889399528503418,31,0.00013044476509094238
d cross,26,1.0051025952306985e-05,1.4005480007511868e-06,361.3915910581127,46,0.0008077025413513184
d TTTI,26,2.40156685021421e-06,8.071899970634407e-09,1.2868785858154297,38,0.00013044476509094238
dd cross,26,577264.5014474678,4485.479013645323,361.3952665189281,48,0.0008862614631652832
dd TTI,26,0.0026351757280704304,3.463252247075315e-06,1.2934353351593018,78,0.00013044476509094238
cross,26,1.8453451573299342e-10,1.0528504364146271e-12,96.59898325335234,29,0.00023484230041503906
TTI,26,3.363464540858123e-13,3.5224550101362853e-15,2.1288001537323,31,0.00013044476509094238
d cross,26,0.0010360681782970505,5.985417640878622e-05,97.51843735110015,35,0.0003558695316314697
d TTTI,26,2.406143917565363e-06,9.216737062719504e-09,2.126899242401123,38,0.00013044476509094238
dd cross,26,1486454.3509822462,3600.2586767401367,96.65351101290435,37,0.0004081130027770996
dd TTI,26,0.002636510422855716,4.000022931452976e-06,2.1371092796325684,78,0.00013044476509094238
cross,24,1.4187546520203787e-10,7.849078738760949e-13,73.97667526174337,30,0.0004658699035644531
TTI,24,3.3733695217551945e-13,3.174054152850086e-15,0.17377209663391113,30,0.0005029439926147461
d cross,24,4.9097228764306605e-05,3.5120227938050845e-06,73.99487971235067,34,0.0006883144378662109
d TTTI,24,2.400451832461424e-06,6.173304948953058e-09,0.16954612731933594,38,0.0005029439926147461
dd cross,24,5687.9054682054575,122.36718832616585,74.00022481847554,36,0.0008127689361572266
dd TTI,24,0.0026355412289518322,6.089135483220743e-06,0.17932796478271484,86,0.0005029439926147461
cross,27,1.4332288498471392e-10,5.175496049071783e-13,132.94277416728437,39,0.0003250390291213989
TTI,27,3.378669223784542e-13,3.0235865766949873e-15,2.129263162612915,31,6.535649299621582e-05
d cross,27,4.703285555815965e-05,2.7495248973423584e-05,133.03861629031599,45,0.00045377016067504883
d TTTI,27,2.404044670101288e-06,1.1442313599056779e-08,2.127246618270874,38,6.535649299621582e-05
dd cross,27,3524248.5660320455,9500.622358405602,133.04732095263898,47,0.000496789813041687
dd TTI,27,0.002636779442994352,3.792214273669021e-06,2.134742259979248,78,6.535649299621582e-05
cross,25,1.649018964120867e-10,7.269717468395857e-13,269.3140343595296,29,0.0005880594253540039
TTI,25,3.365263633763272e-13,4.385912640843988e-15,0.16929078102111816,30,0.00025200843811035156
d cross,25,0.0004132648237117318,3.6484706267882765e-05,269.3527330327779,34,0.0008548498153686523
d TTTI,25,2.400390458059946e-06,7.017034983951821e-09,0.17021918296813965,38,0.00025200843811035156
dd cross,25,211631.74966656216,528.7589156183304,269.361311333254,36,0.0009662508964538574
dd TTI,25,0.0026384253206181867,4.1738935867652945e-06,0.1803886890411377,86,0.00025200843811035156
cross,27,1.4641863408578695e-10,1.0097484448576479e-12,261.5916270725429,48,0.00043717026710510254
TTI,27,3.373328040033872e-13,2.4846948430483594e-15,1.291757345199585,31,6.535649299621582e-05
d cross,27,5.6304428442229186e-05,8.748981048538518e-06,261.7028858177364,55,0.0005935430526733398
d TTTI,27,2.407183925632206e-06,5.607148538310223e-09,1.2877626419067383,38,6.535649299621582e-05
dd cross,27,3761601.2271773173,6543.251631557789,261.7085844986141,57,0.0006425976753234863
dd TTI,27,0.0026360005725147516,3.243939710943297e-06,1.2956352233886719,78,6.535649299621582e-05
cross,26,1.713453227250177e-10,7.861498228616506e-13,132.2352348798886,35,0.0004930496215820312
TTI,26,3.3487552910426994e-13,5.842071802407831e-15,0.17431330680847168,31,0.00013044476509094238
d cross,26,0.00033139096021228017,3.4858373699078095e-05,132.29626860562712,41,0.0006702244281768799
d TTTI,26,2.40220546236197e-06,9.808069137712003e-09,0.17594695091247559,38,0.00013044476509094238
dd cross,26,1548392.0831959716,12306.6658454617,132.30236401502043,43,0.0007418394088745117
dd TTI,26,0.0026356030801587336,2.6836078566208825e-06,0.18676352500915527,86,0.00013044476509094238
cross,28,1.4329325089810047e-10,6.738109751503835e-13,185.08129245694727,54,0.00023731589317321777
TTI,28,3.3536652488504404e-13,3.841219339270657e-15,2.131416082382202,31,3.288686275482178e-05
d cross,28,0.0005032319650011371,9.588037632604141e-05,185.1996842091903,59,0.00033805519342422485
d TTTI,28,2.4048626440228488e-06,8.087643536848383e-09,2.131781816482544,38,3.288686275482178e-05
dd cross,28,5145462.744144477,28975.003746507726,185.21843106206506,61,0.00036403536796569824
dd TTI,28,0.0026362070615433596,3.8817836858813325e-06,2.139863967895508,79,3.288686275482178e-05
cross,28,1.3971305232293504e-10,6.726423448920197e-13,197.64402332622558,61,0.000311434268951416
TTI,28,3.34608386422044e-13,4.374736685912153e-15,1.2896907329559326,31,3.288686275482178e-05
d cross,28,2.773641746451047e-07,2.449766658115622e-09,197.79954352695495,66,0.0004414469003677368
d TTTI,28,2.4040165354271944e-06,1.0883181563792333e-08,1.2863290309906006,38,3.288686275482178e-05
dd cross,28,20147400.27070758,25866.143757599068,197.8167456658557,68,0.00047072768211364746
dd TTI,28,0.0026365433184565353,3.1689782010130177e-06,1.2933199405670166,79,3.288686275482178e-05
cross,19,6.704520703032693e-10,1.6820155714048707e-12,6.967558926902711,27,0.01399993896484375
TTI,19,2.1842575731728934e-15,3.200648811417384e-17,2.1208884716033936,29,0.0146331787109375
d cross,19,1.0771855535824932e-05,7.185927881699565e-07,7.418814963661134,31,0.019954681396484375
d TTTI,19,4.250331225898273e-06,8.659160649259826e-09,2.1216161251068115,39,0.0146331787109375
dd cross,19,5.615691761457072,0.16467594202187108,6.996002263389528,33,0.02313995361328125
dd TTI,19,0.002449322485112264,6.039527237061378e-06,2.13266921043396,77,0.0146331787109375
cross,27,1.399024888936878e-10,1.0986439788081339e-12,288.9303585514426,60,0.0005236268043518066
TTI,27,3.3593957721461104e-13,4.202481642334703e-15,0.17577362060546875,31,6.535649299621582e-05
d cross,27,3.202084699129237e-05,2.557476402750843e-05,289.03381457179785,64,0.0007006078958511353
d TTTI,27,2.40732768634077e-06,1.223053220583776e-08,0.17815017700195312,39,6.535649299621582e-05
dd cross,27,3890000.7122120373,14998.670087570785,289.0479158386588,66,0.0007528364658355713
dd TTI,27,0.0026360310062306467,3.650762241164965e-06,0.18863821029663086,86,6.535649299621582e-05
cross,19,1.64171444255577e-10,1.3402485428812906e-12,28.12273594830185,29,0.014675140380859375
TTI,19,2.2025414827222898e-15,4.9285376955834487e-17,1.2798974514007568,29,0.0146331787109375
d cross,19,1.3038961265014801e-05,9.030989201171875e-07,28.583819122053683,33,0.020660400390625
d TTTI,19,4.245124803820418e-06,1.398499487379996e-08,1.2861709594726562,39,0.0146331787109375
dd cross,19,4.678858369248813,0.20536135788574233,28.145883769728243,35,0.023853302001953125
dd TTI,19,0.002448437889248918,6.289633977655994e-06,1.2876639366149902,77,0.0146331787109375
cross,20,1.3954307404264981e-10,7.9175504803302e-13,8.866337231360376,27,0.00707244873046875
TTI,20,3.2344702157178443e-13,4.203221896122275e-15,2.118265151977539,30,0.008022308349609375
d cross,20,5.236455167219234e-06,2.2636858799170537e-07,8.885430029593408,31,0.010162353515625
d TTTI,20,3.041962968010937e-06,1.5817860555792363e-08,2.1236209869384766,38,0.008022308349609375
dd cross,20,3.432054759613675,0.07632989603697342,8.891776493750513,33,0.011831283569335938
dd TTI,20,0.002595973789314772,4.876154412805162e-06,2.1297056674957275,78,0.008022308349609375
cross,20,1.634059140375734e-10,1.7359355325972171e-12,22.75402909424156,29,0.0070743560791015625
TTI,20,3.1966252443586996e-13,6.1758359417871886e-15,1.2842726707458496,30,0.008022308349609375
d cross,20,3.226758157432602e-05,1.0089650472186382e-06,22.774012147448957,33,0.010103225708007812
d TTTI,20,3.041696742103121e-06,1.3008840577547643e-08,1.2847285270690918,38,0.008022308349609375
dd cross,20,18.84504546169148,0.9055794099241966,22.776993094943464,35,0.011737823486328125
dd TTI,20,0.0025954112087321684,2.986722428534354e-06,1.294774055480957,78,0.008022308349609375
cross,21,2.000945906946744e-10,7.767200305307128e-13,37.76034099329263,29,0.0035552978515625
TTI,21,3.3256651389595854e-13,1.5102603261497146e-15,2.120701313018799,30,0.004034996032714844
d cross,21,0.00019093765572497512,2.96500642575999e-06,37.78129965532571,33,0.005123138427734375
d TTTI,21,2.583296018878973e-06,1.1141660651387738e-08,2.124295473098755,38,0.004034996032714844
dd cross,21,241.26895940186606,4.4216830601416,37.7834947751835,35,0.005978584289550781
dd TTI,21,0.0026282271804881994,4.7976390037805186e-06,2.1326279640197754,78,0.004034996032714844
cross,21,1.4205478402412261e-10,6.677426847025994e-13,18.57287442497909,30,0.0035600662231445312
TTI,21,3.3661171151160095e-13,3.481195844167689e-15,1.2843611240386963,30,0.004034996032714844
d cross,21,4.491521744516154e-05,4.619522232356958e-07,18.592797635123134,34,0.005143165588378906
d TTTI,21,2.584115158796538e-06,8.802825980116277e-09,1.2848126888275146,38,0.004034996032714844
dd cross,21,50.64174994901067,0.3989454231669562,18.600340960547328,36,0.006003379821777344
dd TTI,21,0.00262620194671276,4.369984215440863e-06,1.294870376586914,78,0.004034996032714844
cross,22,1.79422783515921e-10,7.142305513909385e-13,25.420000796206295,30,0.0018820762634277344
TTI,22,3.3534410929818107e-13,4.219308364208714e-15,2.126617670059204,31,0.0020661354064941406
d cross,22,0.0002404072074391309,6.781785399390584e-06,25.4532289551571,34,0.002716541290283203
d TTTI,22,2.4569655616379355e-06,9.229056947751864e-09,2.127877712249756,38,0.0020661354064941406
dd cross,22,1068.7894465814315,10.527091740876507,25.465512041933835,36,0.0031838417053222656
dd TTI,22,0.002634383401618588,4.131279295244621e-06,2.1397857666015625,78,0.0020661354064941406
cross,22,1.5976233741191382e-10,8.98847904735714e-13,24.883639300242066,28,0.001873016357421875
TTI,22,3.339834087788161e-13,4.422863841378722e-15,1.282461166381836,31,0.0020661354064941406
d cross,22,2.582042080490641e-05,1.1164158179658205e-05,25.18466874398291,32,0.0027151107788085938
d TTTI,22,2.4497981105341254e-06,1.3438165059392182e-08,1.28131103515625,38,0.0020661354064941406
dd cross,22,416.3865138496949,44.15886392491008,24.910380328074098,34,0.0031871795654296875
dd TTI,22,0.002633367867204743,4.397306507489631e-06,1.2908284664154053,78,0.0020661354064941406
cross,28,1.39925681493427e-10,9.862616566953334e-13,373.9840266201645,78,0.0004685744643211365
TTI,28,3.3551143019084745e-13,4.656655272296289e-15,0.1752173900604248,31,3.2745301723480225e-05
d cross,28,4.913436913066601e-05,7.557927296191248e-05,374.1405620072037,83,0.0006154477596282959
d TTTI,28,2.4028238133410337e-06,1.0321797885655535e-08,0.17166495323181152,39,3.2745301723480225e-05
dd cross,28,18326858.248997282,31058.21694991386,374.1485619042069,85,0.0006498545408248901
dd TTI,28,0.0026370471106223607,1.7283863954303096e-06,0.18062043190002441,87,3.2745301723480225e-05
cross,19,1.4308211142892533e-10,1.152723849756789e-12,5.812511747702956,27,0.013484954833984375
TTI,19,2.166031408918709e-15,4.852678367093298e-17,0.16621804237365723,30,0.01560211181640625
d cross,19,5.344010281547759e-06,2.2647304346227817e-07,5.827213829383254,31,0.01922607421875
d TTTI,19,4.246537872159997e-06,1.0695723075950637e-08,0.17081737518310547,39,0.01560211181640625
dd cross,19,1.9271041933384545,0.10472028283706077,5.83094341121614,33,0.022304534912109375
dd TTI,19,0.0024461835025834104,6.904239555287553e-06,0.1824197769165039,83,0.01560211181640625
cross,20,1.399490300956257e-10,6.876527536498472e-13,10.055874176323414,27,0.0070819854736328125
TTI,20,3.2122779296517253e-13,4.074349234310029e-15,0.16480326652526855,30,0.007831573486328125
d cross,20,5.4828270899321265e-06,1.763893185653271e-07,10.07557637244463,31,0.010156631469726562
d TTTI,20,3.051918372132614e-06,1.4042290754014857e-08,0.16659092903137207,39,0.007831573486328125
dd cross,20,3.3139822676140094,0.017541287613177442,10.079300947487354,33,0.01181793212890625
dd TTI,20,0.0025956894922411254,5.360546373092643e-06,0.1776890754699707,84,0.007831573486328125
cross,23,1.6893602367750835e-10,9.252025824988822e-13,220.8786543868482,29,0.0011386871337890625
TTI,23,3.354608960595976e-13,3.140205780198446e-15,1.288102388381958,31,0.0010368824005126953
d cross,23,0.0003281878299409449,1.411563880608806e-05,220.90554347261786,33,0.0016489028930664062
d TTTI,23,2.4167019528054173e-06,6.622741548520249e-09,1.2890048027038574,38,0.0010368824005126953
dd cross,23,8944.080075611708,53.624365983068024,220.91043772920966,35,0.0019290447235107422
dd TTI,23,0.0026357770647763784,4.951910505840148e-06,1.297020673751831,78,0.0010368824005126953
cross,23,1.5169429787482928e-10,9.653825939381688e-13,242.21938492823392,29,0.0011293888092041016
TTI,23,3.4035213658362664e-13,2.6871974972107965e-15,2.125060558319092,31,0.0010368824005126953
d cross,23,9.287406275274788e-05,5.016570366449005e-06,242.2464664177969,33,0.0016219615936279297
d TTTI,23,2.411475591400908e-06,7.836195745880743e-09,2.1263961791992188,38,0.0010368824005126953
dd cross,23,1597.2783579273341,55.848428600748726,242.2515535550192,35,0.0018925666809082031
dd TTI,23,0.002636891774704695,3.6803074654224827e-06,2.135629653930664,78,0.0010368824005126953
cross,21,1.89396133645634e-10,9.764885101184662e-13,28.464038535952568,30,0.0036907196044921875
TTI,21,3.37902642295542e-13,4.645120012234214e-15,0.1747603416442871,30,0.003939628601074219
d cross,21,0.0001908787088234823,3.4267753828135216e-06,28.481299087405205,34,0.0052967071533203125
d TTTI,21,2.5870507288978784e-06,8.053757313619904e-09,0.17131376266479492,38,0.003939628601074219
dd cross,21,241.3994376849571,3.5850608884603274,28.485016986727715,36,0.0061702728271484375
dd TTI,21,0.0026261891683061317,3.841880346117826e-06,0.1838548183441162,85,0.003939628601074219
cross,24,1.5983777399175524e-10,9.501167386677285e-13,48.22448681574315,29,0.00049591064453125
TTI,24,3.3507057681699843e-13,3.5623278142416736e-15,1.287635326385498,31,0.0005196332931518555
d cross,24,7.521231874320766e-05,5.5454745987040276e-05,48.24790810327977,33,0.0007568597793579102
d TTTI,24,2.4072948138720928e-06,5.423005312952846e-09,1.2869806289672852,38,0.0005196332931518555
dd cross,24,49283.862585814546,446.49778442657924,48.25336335878819,35,0.0008876323699951172
dd TTI,24,0.0026372891168457745,4.456077080159219e-06,1.293325662612915,78,0.0005196332931518555
cross,22,1.4973174160128953e-10,6.423640862990156e-13,68.89882319793105,29,0.0018415451049804688
TTI,22,3.3496108907744917e-13,4.070290649608932e-15,0.16965150833129883,30,0.0019774436950683594
d cross,22,7.761821571150657e-05,3.1828546920732557e-06,68.93646972998977,33,0.0026788711547851562
d TTTI,22,2.4521603680832504e-06,9.451746281348408e-09,0.17336297035217285,38,0.0019774436950683594
dd cross,22,215.15216665952545,6.900490194814483,68.92087691649795,35,0.003139019012451172
dd TTI,22,0.0026345935338617245,3.6000354531543713e-06,0.18474125862121582,85,0.0019774436950683594
cross,23,1.6133871331085167e-10,5.822554489408418e-13,28.250931173563004,28,0.0009531974792480469
TTI,23,3.3602740076412803e-13,5.256647678625948e-15,0.1748495101928711,30,0.0009925365447998047
d cross,23,8.975527506292248e-05,1.3389836300680146e-05,28.275435835123062,32,0.0014386177062988281
d TTTI,23,2.418077977768048e-06,1.1414312452836141e-08,0.17470359802246094,38,0.0009925365447998047
dd cross,23,4552.4330767445745,117.89879570010773,28.274879842996597,34,0.00168609619140625
dd TTI,23,0.0026347603583799844,3.2305627253841564e-06,0.18578648567199707,86,0.0009925365447998047
cross,24,1.3916183428468618e-10,7.086587597041032e-13,317.3304525492713,34,0.0013984441757202148
TTI,24,3.3741254337736536e-13,3.7194103958047e-15,2.1300597190856934,31,0.0005196332931518555
d cross,24,1.7265426060755658e-05,3.7149937897728746e-06,317.38357626181096,38,0.0018411874771118164
d TTTI,24,2.4060457041117204e-06,1.0083077714662721e-08,2.127856731414795,38,0.0005196332931518555
dd cross,24,5131.705433772435,129.419163661668,317.3898960230872,40,0.002061128616333008
dd TTI,24,0.002635064342349741,4.0589799246543076e-06,2.138162612915039,78,0.0005196332931518555
cross,24,1.4162802885633762e-10,9.028538305124227e-13,204.17187906056643,31,0.0005005598068237305
TTI,24,3.367143729367996e-13,4.389779717650736e-15,0.1679680347442627,30,0.0005029439926147461
d cross,24,0.00013771325878203028,4.31636794342635e-06,204.19396448880434,35,0.0007395744323730469
d TTTI,24,2.4074449541999686e-06,1.037545715662208e-08,0.1714155673980713,38,0.0005029439926147461
dd cross,24,7525.00463146783,134.14690635354913,204.20016790181398,37,0.0008682012557983398
dd TTI,24,0.0026349924162481237,3.991428558693309e-06,0.17831635475158691,86,0.0005029439926147461
cross,25,2.790059182309589e-10,1.8334781618898878e-12,385.6933834757656,40,0.0009624361991882324
TTI,25,3.3443101330674167e-13,3.674635483534962e-15,1.284299373626709,31,0.00026035308837890625
d cross,25,0.00010517582474212691,6.232376206421454e-05,385.76930715702474,46,0.0013260841369628906
d TTTI,25,2.400921228120573e-06,1.4101702380160725e-08,1.2848434448242188,38,0.00026035308837890625
dd cross,25,657336.7511006874,1979.28086872573,385.7757020201534,48,0.0014634132385253906
dd TTI,25,0.002636229825434746,3.530582844222419e-06,1.2914636135101318,78,0.00026035308837890625
cross,25,1.5431304945685783e-10,6.731021949485629e-13,52.81010490655899,28,0.0002544522285461426
TTI,25,3.3542208390862557e-13,4.2554133336682676e-15,0.17319393157958984,30,0.00025200843811035156
d cross,25,0.0001906042366574629,1.0340112916128166e-05,52.83290010690689,32,0.0004076361656188965
d TTTI,25,2.406492874941259e-06,9.612157351055921e-09,0.17624592781066895,38,0.00025200843811035156
dd cross,25,122699.84015808653,505.5984648594721,52.836823761463165,34,0.00048023462295532227
dd TTI,25,0.0026381757574834097,2.6911156745636926e-06,0.18743324279785156,86,0.00025200843811035156
cross,26,1.526221383492672e-10,9.486405489946017e-13,70.5716246617958,32,0.0003725588321685791
TTI,26,3.3745711058890613e-13,4.285137038459862e-15,0.18570756912231445,31,0.00013044476509094238
d cross,26,0.0002823429694986774,3.406694403205578e-05,70.62186827789992,36,0.0005122125148773193
d TTTI,26,2.410032401600894e-06,8.034418917792505e-09,0.17124152183532715,38,0.00013044476509094238
dd cross,26,646807.6718408675,1417.5762353631878,70.62559476029128,38,0.0005745291709899902
dd TTI,26,0.0026393472099455616,3.905847262229214e-06,0.18031096458435059,86,0.00013044476509094238
cross,26,2.7717143554603295e-10,2.5480677895367707e-12,195.38488835282624,45,0.0006019175052642822
TTI,26,3.355003927761369e-13,2.779531619920815e-15,1.286614179611206,31,0.00013044476509094238
d cross,26,0.00036229515028017676,6.614731264861399e-05,195.47469300217927,49,0.0007995069026947021
d TTTI,26,2.403694360352331e-06,9.180133538933219e-09,1.2854604721069336,38,0.00013044476509094238
dd cross,26,2176280.7280836557,10624.088866569266,195.48289030976593,51,0.0008756816387176514
dd TTI,26,0.0026364961290331274,3.939761880587634e-06,1.296290636062622,78,0.00013044476509094238
cross,27,1.4209777664153904e-10,7.430793940803525e-13,94.22581861913204,46,0.00039295852184295654
TTI,27,3.3626526948026975e-13,4.422848075408571e-15,0.17531728744506836,31,6.535649299621582e-05
d cross,27,0.00017596035091526152,5.155703542521105e-05,94.30157659947872,50,0.0005300343036651611
d TTTI,27,2.4036870300809545e-06,8.545848631878143e-09,0.17779231071472168,39,6.535649299621582e-05
dd cross,27,1843869.1875726401,9767.760971072325,94.31069801747799,52,0.0005745738744735718
dd TTI,27,0.002634973375277029,4.59087971936391e-06,0.18865156173706055,86,6.535649299621582e-05
cross,25,2.882541155359887e-10,3.1615318153987692e-12,431.1744185294956,42,0.001109778881072998
TTI,25,3.3607213472421054e-13,3.4160549644887434e-15,2.1314849853515625,31,0.00026035308837890625
d cross,25,0.000619351300464849,5.85233915678644e-05,431.79131015203893,46,0.0014865398406982422
d TTTI,25,2.402821732294227e-06,1.3328974688555685e-08,2.130101203918457,38,0.00026035308837890625
dd cross,25,393263.4579011487,2057.7216889519295,431.2582217063755,48,0.0016323328018188477
dd TTI,25,0.0026357052235089352,3.6017869436704953e-06,2.138295888900757,78,0.00026035308837890625
cross,27,2.697837498876771e-10,2.6776627659827047e-12,139.1132452553138,43,0.0003498196601867676
TTI,27,3.3652824971955793e-13,4.072793883608302e-15,1.2873635292053223,31,6.535649299621582e-05
d cross,27,0.00012327457917262217,3.4133795073255165e-05,139.21013546641916,48,0.00047662854194641113
d TTTI,27,2.4033159148603e-06,7.725034250257437e-09,1.2858679294586182,38,6.535649299621582e-05
dd cross,27,17472296.95890876,43532.229285496076,139.21844006236643,50,0.0005197376012802124
dd TTI,27,0.0026349641392760777,3.0281261332811888e-06,1.2930192947387695,78,6.535649299621582e-05
cross,26,1.5017075842244248e-10,5.950722183138281e-13,568.4502451512963,62,0.0010613501071929932
TTI,26,3.3570876532232403e-13,5.1264653151114415e-15,2.129181146621704,31,0.00013044476509094238
d cross,26,0.00035212598459603996,2.9335084215796303e-05,568.6348424050957,66,0.0013267695903778076
d TTTI,26,2.4013196824114223e-06,1.1783928537932524e-08,2.128696918487549,38,0.00013044476509094238
dd cross,26,413963.107462814,1336.4031813479176,568.5808045957237,68,0.0014223456382751465
dd TTI,26,0.002634549839731935,3.9808621566414485e-06,2.1364355087280273,78,0.00013044476509094238
cross,28,1.4352744687880258e-10,8.48930852239608e-13,579.7823738884181,92,0.0006101652979850769
TTI,28,3.3520562545776247e-13,4.5905716175851994e-15,0.18819546699523926,31,3.2745301723480225e-05
d cross,28,7.985295580037921e-06,1.0651908595082818e-05,579.97330663912,97,0.0007667392492294312
d TTTI,28,2.4061577674943934e-06,9.542490120743244e-09,0.17189288139343262,39,3.2745301723480225e-05
dd cross,28,17484027.061449163,33350.55762654146,579.9980821441859,99,0.0008034035563468933
dd TTI,28,0.00263688889821276,3.4237447832919158e-06,0.18198156356811523,87,3.2745301723480225e-05
cross,19,1.4014724973243673e-10,7.16023033756663e-13,6.411561002954841,27,0.01378631591796875
TTI,19,2.1462349212730244e-15,1.5360966730634676e-17,0.16662049293518066,30,0.01560211181640625
d cross,19,1.7145710451050295e-06,1.7166814020713945e-07,6.427630653604865,31,0.019649505615234375
d TTTI,19,4.246549788128087e-06,1.2600080904822193e-08,0.17396092414855957,39,0.01560211181640625
dd cross,19,0.3509668318376714,0.0835044118317306,6.430972328409553,33,0.02278900146484375
dd TTI,19,0.0024445811493734593,3.891990983168026e-06,0.18287110328674316,83,0.01560211181640625
cross,20,1.4924686040337028e-10,7.201348282393011e-13,10.827042252756655,27,0.0068111419677734375
TTI,20,3.2357946028446157e-13,7.371592770477131e-15,0.17403173446655273,30,0.007831573486328125
d cross,20,1.4683500916916756e-05,1.0019050456082892e-06,10.84242692682892,31,0.009824752807617188
d TTTI,20,3.042241792572336e-06,9.445642700620772e-09,0.1665515899658203,39,0.007831573486328125
dd cross,20,15.486812708477078,0.7203322886501091,10.846204430796206,33,0.011455535888671875
dd TTI,20,0.002595533133274198,5.083802014969813e-06,0.17656946182250977,84,0.007831573486328125
cross,28,1.3921160227308273e-10,5.362159163399577e-13,355.6681024413556,75,0.0004463493824005127
TTI,28,3.358521870024911e-13,3.535611838020502e-15,1.2919938564300537,31,3.288686275482178e-05
d cross,28,4.174200365532335e-07,3.5592462983741847e-07,356.0224532466382,81,0.0006037130951881409
d TTTI,28,2.3993777396241715e-06,7.877564309086524e-09,1.2898623943328857,38,3.288686275482178e-05
dd cross,28,20157462.712636925,36351.820948945846,355.9047383647412,83,0.0006371289491653442
dd TTI,28,0.002636371143402415,2.8612589603193177e-06,1.3000750541687012,79,3.288686275482178e-05
cross,21,1.7251012780532075e-10,1.0197999348038504e-12,81.15022101439536,29,0.0035228729248046875
TTI,21,3.343942889825305e-13,4.909734819517585e-15,0.16718602180480957,30,0.003939628601074219
d cross,21,0.00012456597776471287,1.8741578967895757e-06,81.1945251468569,33,0.0050830841064453125
d TTTI,21,2.5811206725719054e-06,1.4099307301072982e-08,0.16724205017089844,38,0.003939628601074219
dd cross,21,148.12048306835476,3.9615156662509725,81.17026867903769,35,0.005936622619628906
dd TTI,21,0.002626303742462859,3.368487081626262e-06,0.1769120693206787,85,0.003939628601074219
cross,27,1.6766993481573368e-10,1.1763993863943473e-12,130.71267269179225,35,0.0002466142177581787
TTI,27,3.3738580484628005e-13,5.133905403239605e-15,2.1308085918426514,31,6.535649299621582e-05
d cross,27,0.0004068910896212763,5.7576725007040086e-05,130.78653643652797,42,0.0003592967987060547
d TTTI,27,2.4012416047856334e-06,7.1174980899428115e-09,2.128272294998169,38,6.535649299621582e-05
dd cross,27,7012564.36635917,61841.694254372575,130.79540536925197,44,0.0003966987133026123
dd TTI,27,0.002637315097546156,4.819060975949272e-06,2.138169527053833,78,6.535649299621582e-05
cross,19,1.403098975689837e-10,7.711887089946842e-13,50.89864591695368,29,0.014392852783203125
TTI,19,2.1835985388875366e-15,4.2154159617142865e-17,1.277383804321289,29,0.0146331787109375
d cross,19,1.7049655145864403e-06,1.8363258189326607e-07,50.91758421994746,33,0.020259857177734375
d TTTI,19,4.254128006686982e-06,8.53602834558467e-09,1.2780940532684326,39,0.0146331787109375
dd cross,19,0.34924604971461337,0.08729869260108028,50.9203217420727,35,0.02339935302734375
dd TTI,19,0.0024507332579536568,5.4369357335692395e-06,1.2868597507476807,77,0.0146331787109375
cross,22,1.441892744867056e-10,9.450282721485661e-13,20.50951643846929,29,0.0018916130065917969
TTI,22,3.366972685587692e-13,3.501359566435212e-15,0.1688551902770996,30,0.0019774436950683594
d cross,22,5.5821074197533717e-05,2.222614007273702e-06,20.526331385597587,33,0.0027337074279785156
d TTTI,22,2.4530850552716223e-06,1.0720274751037263e-08,0.16852974891662598,38,0.0019774436950683594
dd cross,22,148.89091508858817,3.664540996366784,20.530336340889335,35,0.0032052993774414062
dd TTI,22,0.002633348334138924,3.2506863029738686e-06,0.18063783645629883,85,0.0019774436950683594
cross,20,1.5270275354427968e-10,7.313925072436203e-13,43.180998778901994,30,0.0073337554931640625
TTI,20,3.241969760632146e-13,4.614436376257448e-15,1.285294532775879,30,0.008022308349609375
d cross,20,4.915930394883419e-05,1.1125826596534182e-06,43.19979403074831,34,0.010423660278320312
d TTTI,20,3.0487654973206825e-06,1.2952714208404623e-08,1.286224126815796,38,0.008022308349609375
dd cross,20,27.961789688217618,0.38670006471766644,43.20305154379457,36,0.012086868286132812
dd TTI,20,0.0025944447596349205,3.6008159835739605e-06,1.2910406589508057,78,0.008022308349609375
cross,23,1.4815790509814737e-10,7.820248366408102e-13,29.133885780349374,29,0.0009546279907226562
TTI,23,3.3639629593585253e-13,2.9308296100262572e-15,0.17104816436767578,30,0.0009925365447998047
d cross,23,9.543908045694743e-05,5.129510653011584e-06,29.159591117873788,33,0.0013928413391113281
d TTTI,23,2.4170541511001154e-06,8.405998398228017e-09,0.17299628257751465,38,0.0009925365447998047
dd cross,23,1298.8685326566888,36.40040590944521,29.15875975228846,35,0.0016372203826904297
dd TTI,23,0.002635734322061543,4.722746054915044e-06,0.1786503791809082,86,0.0009925365447998047
cross,21,1.4259723902583028e-10,7.337115717858857e-13,16.114415938965976,29,0.0036573410034179688
TTI,21,3.3412942916610135e-13,3.712710697080873e-15,1.2831239700317383,30,0.004034996032714844
d cross,21,4.511039500120825e-05,5.238985343835058e-07,16.13363033067435,33,0.005270957946777344
d TTTI,21,2.582360005086811e-06,9.2660651580055e-09,1.2859396934509277,38,0.004034996032714844
dd cross,21,51.314042866304206,0.6744646743859466,16.138740832917392,35,0.0061492919921875
dd TTI,21,0.0026240147993730504,2.5312734725491142e-06,1.292165994644165,78,0.004034996032714844
cross,24,1.4832068721358e-10,9.627562543429713e-13,74.76987079065293,28,0.00047147274017333984
TTI,24,3.3520339184832153e-13,4.7491488473776714e-15,0.17188668251037598,30,0.0005029439926147461
d cross,24,0.00023429495467955304,1.0974845574651837e-05,74.78694799821824,32,0.0006939172744750977
d TTTI,24,2.403177555541211e-06,8.200166032825328e-09,0.16848444938659668,38,0.0005029439926147461
dd cross,24,16290.031640294072,114.54071717397852,74.79164055269212,34,0.0008186101913452148
dd TTI,24,0.0026350399207424697,4.446200084050594e-06,0.17833542823791504,86,0.0005029439926147461
cross,22,1.4089170982326814e-10,5.770576029407544e-13,24.71245696861297,30,0.0018892288208007812
TTI,22,3.3738904095806893e-13,2.640470607358057e-15,1.2815449237823486,31,0.0020661354064941406
d cross,22,6.8888721689769924e-06,1.075630345248617e-06,24.73406865913421,34,0.0027418136596679688
d TTTI,22,2.45155167731718e-06,1.2855006503929757e-08,1.2815346717834473,38,0.0020661354064941406
dd cross,22,47.187266176848844,8.634977840629883,24.741416004486382,36,0.0032091140747070312
dd TTI,22,0.0026338940328146246,3.963465672162932e-06,1.2892930507659912,78,0.0020661354064941406
cross,23,1.613649814593727e-10,9.187334561428703e-13,70.63811752572656,28,0.0009019374847412109
TTI,23,3.359368959139566e-13,3.954905550099326e-15,1.2856879234313965,31,0.0010368824005126953
d cross,23,9.133418431299209e-05,6.800233575393437e-06,70.65758273378015,32,0.001374959945678711
d TTTI,23,2.4171431955389914e-06,6.654622636956838e-09,1.2855560779571533,38,0.0010368824005126953
dd cross,23,4346.834990127882,145.66304200135158,70.66230699792504,34,0.0016148090362548828
dd TTI,23,0.002634811667415702,4.324628719628147e-06,1.294703722000122,78,0.0010368824005126953
cross,25,1.5285176587107074e-10,6.21256472627939e-13,168.19114672858268,29,0.0005676150321960449
TTI,25,3.374415402979134e-13,2.7965180935112825e-15,0.1693120002746582,30,0.00025200843811035156
d cross,25,0.00020819939283336277,1.9968311250957282e-05,168.2303026886657,34,0.0008403658866882324
d TTTI,25,2.400580200431159e-06,1.1951497807862423e-08,0.16981768608093262,38,0.00025200843811035156
dd cross,25,126529.20636320293,999.3660174192489,168.23773705679923,36,0.0009490847587585449
dd TTI,25,0.0026353500706037683,4.343886331603894e-06,0.17911052703857422,86,0.00025200843811035156
cross,28,1.395936637046061e-10,6.717335329013922e-13,191.54481272678822,64,0.0003469884395599365
TTI,28,3.365543187978581e-13,2.936161358437204e-15,2.1357550621032715,31,3.288686275482178e-05
d cross,28,3.605924956160443e-06,1.052808343555084e-05,192.36678795795888,69,0.00047798454761505127
d TTTI,28,2.4059520906742573e-06,6.082015103109864e-09,2.1343939304351807,38,3.288686275482178e-05
dd cross,28,19876256.828303367,30657.74898682053,191.74053220730275,71,0.0005084574222564697
dd TTI,28,0.00263684326034475,4.493699269750678e-06,2.141842842102051,79,3.288686275482178e-05
cross,26,1.5847623793073292e-10,7.278595432925119e-13,70.44141806848347,32,0.00037235021591186523
TTI,26,3.364427136844767e-13,4.983595703484644e-15,0.17232108116149902,31,0.00013044476509094238
d cross,26,0.0003159030934060254,4.14959910393499e-05,70.49246205575764,36,0.0005137622356414795
d TTTI,26,2.405482455073002e-06,1.1515443232776176e-08,0.1729564666748047,38,0.00013044476509094238
dd cross,26,624681.9297148552,1643.509776626987,70.50090517289937,38,0.0005761682987213135
dd TTI,26,0.002638092741277679,3.223520858629317e-06,0.20397663116455078,86,0.00013044476509094238
cross,19,1.702198533496577e-10,9.689408208828327e-13,26.94315574783832,29,0.014862060546875
TTI,19,2.1935931167993e-15,4.662094360108704e-17,2.1217494010925293,29,0.0146331787109375
d cross,19,1.539998725584337e-05,1.0223746145651285e-06,27.237232190556824,33,0.020877838134765625
d TTTI,19,4.2470584594376015e-06,1.2997930230330143e-08,2.124478340148926,39,0.0146331787109375
dd cross,19,7.03080647329679,0.2091419748629877,26.967287045903504,35,0.02408599853515625
dd TTI,19,0.002451539847320453,6.083490855746923e-06,2.1331701278686523,77,0.0146331787109375
cross,24,1.4280940612081247e-10,9.230295115030998e-13,301.8506473135203,29,0.0005490779876708984
TTI,24,3.3543089486555497e-13,3.0798728585565533e-15,1.2866485118865967,31,0.0005196332931518555
d cross,24,0.00013829881652845132,9.108673510711715e-06,302.00624762289226,33,0.0007996559143066406
d TTTI,24,2.409924124816894e-06,7.724540037091775e-09,1.285567045211792,38,0.0005196332931518555
dd cross,24,10439.79574053,96.58713469394968,301.8843957018107,35,0.0009385347366333008
dd TTI,24,0.002635949922031694,4.054487632438246e-06,1.293069839477539,78,0.0005196332931518555
cross,20,1.5449150025340762e-10,1.0531983636736684e-12,9.126768588088453,27,0.0066928863525390625
TTI,20,3.251158099510262e-13,4.1141281679831114e-15,2.1189377307891846,30,0.008022308349609375
d cross,20,3.319725787697859e-05,8.068302971469926e-07,10.511193512938917,31,0.00962066650390625
d TTTI,20,3.043786132892844e-06,1.0650416567253422e-08,2.1248769760131836,38,0.008022308349609375
dd cross,20,24.43253659095807,0.20162551023639624,9.14878439810127,33,0.0112457275390625
dd TTI,20,0.002592678740080215,4.409252568211433e-06,2.132232427597046,78,0.008022308349609375
cross,21,1.4432004168349897e-10,7.780610526420853e-13,15.887386750429869,30,0.0035648345947265625
TTI,21,3.3656229942391076e-13,3.52775389399495e-15,2.122267484664917,30,0.004034996032714844
d cross,21,4.347336389052533e-05,6.107947165447993e-07,19.245547723025084,34,0.0051555633544921875
d TTTI,21,2.582108114442139e-06,6.018480146116875e-09,2.125351667404175,38,0.004034996032714844
dd cross,21,52.75715056826694,1.0568608258708467,19.038611363619566,36,0.0060214996337890625
dd TTI,21,0.0026269794187086257,5.064611910785223e-06,2.1321446895599365,78,0.004034996032714844
cross,22,1.5977643855243951e-10,1.1772767261298875e-12,27.850223953835666,29,0.0018982887268066406
TTI,22,3.3471550170136985e-13,5.921137022335363e-15,2.123070478439331,31,0.0020661354064941406
d cross,22,2.7582844779368503e-05,1.2793972256841067e-05,28.574897701852024,33,0.002743244171142578
d TTTI,22,2.451715798414159e-06,9.047807428983041e-09,2.1241378784179688,38,0.0020661354064941406
dd cross,22,402.48325234211467,35.65922477831667,27.877422030083835,35,0.0032072067260742188
dd TTI,22,0.0026343777723950874,4.361328885170261e-06,2.150508165359497,78,0.0020661354064941406
cross,27,1.3978811118996665e-10,1.0714412609742896e-12,453.2649585818872,69,0.0007512271404266357
TTI,27,3.373725055707574e-13,4.6721913745565454e-15,0.17584800720214844,31,6.535649299621582e-05
d cross,27,2.8264064846371243e-05,1.6570864130837797e-06,453.3998047923669,74,0.0009638965129852295
d TTTI,27,2.4035393769415377e-06,3.2141117866637884e-09,0.17618250846862793,39,6.535649299621582e-05
dd cross,27,4011644.103690532,8755.722933483528,453.41939755436033,76,0.0010235607624053955
dd TTI,27,0.002636897722500594,4.618974528043818e-06,0.18122196197509766,86,6.535649299621582e-05
cross,25,1.6811131690310565e-10,1.125300002586364e-12,406.4974830877036,36,0.0009479522705078125
TTI,25,3.355596388824318e-13,4.5589746318346285e-15,1.2968926429748535,31,0.00026035308837890625
d cross,25,0.00011383884183138878,5.76689657522834e-05,406.5687411557883,40,0.0013105273246765137
d TTTI,25,2.4038170257851657e-06,1.0698229626599078e-08,1.294952630996704,38,0.00026035308837890625
dd cross,25,470140.9859314336,2057.258026691175,406.5733752977103,42,0.0014474987983703613
dd TTI,25,0.0026369038185681355,5.181952167473749e-06,1.307110071182251,78,0.00026035308837890625
cross,23,1.525625735747726e-10,8.22978907637988e-13,41.068729842081666,30,0.0009083747863769531
TTI,23,3.3782548606582675e-13,3.369896198408181e-15,2.1298844814300537,31,0.0010368824005126953
d cross,23,9.49847494759314e-05,5.567497859243655e-06,43.233400071039796,34,0.0013360977172851562
d TTTI,23,2.4201531073599144e-06,7.407333529211316e-09,2.1366100311279297,38,0.0010368824005126953
dd cross,23,1659.906072485385,45.842148450525656,41.0983845833689,36,0.0015721321105957031
dd TTI,23,0.00263510953131064,2.5934941582952236e-06,2.1433932781219482,78,0.0010368824005126953
cross,24,1.4166631933672668e-10,6.181584538725703e-13,110.67100751772523,30,0.000591278076171875
TTI,24,3.3695033951098713e-13,5.075164234838326e-15,2.1235108375549316,31,0.0005196332931518555
d cross,24,8.465595552852774e-05,7.310758714559667e-06,110.70044029131532,34,0.0008672475814819336
d TTTI,24,2.409945071287041e-06,7.233652516623423e-09,2.1259329319000244,38,0.0005196332931518555
dd cross,24,7078.453465368055,165.3609437392358,110.70714652910829,36,0.0010145902633666992
dd TTI,24,0.0026355137829053546,2.9289523025446598e-06,2.1337809562683105,78,0.0005196332931518555
cross,28,1.4324210698015542e-10,1.058847024412615e-12,123.25451267510653,60,0.00028749555349349976
TTI,28,3.360828833649601e-13,4.1249604128429314e-15,0.18805932998657227,31,3.2745301723480225e-05
d cross,28,0.0004858570536637105,5.028792339354091e-05,123.36365378648043,66,0.00040940940380096436
d TTTI,28,2.4091715101348057e-06,7.117741213561083e-09,0.17140841484069824,39,3.2745301723480225e-05
dd cross,28,5261283.1241190005,48173.301982112,123.3855971172452,68,0.00043798238039016724
dd TTI,28,0.002637386665278297,4.906940293619019e-06,0.1809370517730713,87,3.2745301723480225e-05
cross,19,1.5369870135408977e-10,1.1823285113362044e-12,13.041369290091097,28,0.01412200927734375
TTI,19,2.1616415614762316e-15,4.3338704448029764e-17,0.16299653053283691,30,0.01560211181640625
d cross,19,2.2888853557535685e-05,3.406912583666032e-07,13.05644449684769,32,0.019927978515625
d TTTI,19,4.245788767407786e-06,1.1507942699552793e-08,0.16555142402648926,39,0.01560211181640625
dd cross,19,8.716220763258335,0.09992324964582949,13.059557528235018,34,0.023040771484375
dd TTI,19,0.002451529960204468,2.510899198154417e-06,0.17611217498779297,83,0.01560211181640625
cross,20,1.474049756323434e-10,4.656367771465408e-13,10.384623613208532,27,0.0068721771240234375
TTI,20,3.216936755083919e-13,4.184956145280603e-15,0.16383123397827148,30,0.007831573486328125
d cross,20,3.9160644927758155e-05,6.893000133147393e-07,10.40069517120719,31,0.009885787963867188
d TTTI,20,3.0374008283008656e-06,6.2763475828989435e-09,0.16625380516052246,39,0.007831573486328125
dd cross,20,22.744314409206062,0.4399050027961661,10.404296960681677,33,0.011516571044921875
dd TTI,20,0.0025964982353451193,3.1407415048068777e-06,0.17608141899108887,84,0.007831573486328125
cross,21,2.1037993891803423e-10,1.1392110297179397e-12,14.232390076853335,27,0.0034732818603515625
TTI,21,3.369026762063829e-13,4.976087245751357e-15,0.16967129707336426,30,0.003939628601074219
d cross,21,6.33944695308069e-05,1.4870275433382168e-06,14.247585208155215,31,0.0050411224365234375
d TTTI,21,2.5827236761984422e-06,1.496176878726989e-08,0.16756153106689453,38,0.003939628601074219
dd cross,21,77.6614007048934,3.4157891615358613,14.251135499216616,33,0.005898475646972656
dd TTI,21,0.0026261522611139964,2.84808856618843e-06,0.17736554145812988,85,0.003939628601074219
cross,25,1.5434912245735624e-10,8.317750798191847e-13,153.8438361575827,29,0.0003554224967956543
TTI,25,3.346233400992723e-13,4.66070442346812e-15,2.1229629516601562,31,0.00026035308837890625
d cross,25,0.00012052272086623386,1.8167043445315854e-05,154.2387565067038,35,0.0005824565887451172
d TTTI,25,2.4093292589226133e-06,1.0484457597577645e-08,2.1275322437286377,38,0.00026035308837890625
dd cross,25,142722.24750518473,564.0244224333933,153.89244922902435,37,0.0006733536720275879
dd TTI,25,0.002634389029560435,5.0709106098044414e-06,2.132742166519165,78,0.00026035308837890625
cross,22,1.6136757685256312e-10,1.2074160411101915e-12,19.93896130938083,29,0.0018587112426757812
TTI,22,3.3415468628093947e-13,3.0060194376247836e-15,0.18099093437194824,30,0.0019774436950683594
d cross,22,2.9049366314990327e-05,1.1146641517357519e-05,19.95552591700107,33,0.0026998519897460938
d TTTI,22,2.4477343114521732e-06,1.0578803384823724e-08,0.18326973915100098,38,0.0019774436950683594
dd cross,22,427.23910515972665,40.31315365314632,19.95864610094577,35,0.003161907196044922
dd TTI,22,0.0026349111821989154,3.703626249294118e-06,0.19546985626220703,85,0.0019774436950683594
cross,26,2.759931987352807e-10,2.1718662160095346e-12,533.5554572986439,46,0.0006907880306243896
TTI,26,3.3618030347712364e-13,3.769981360622164e-15,1.2867333889007568,31,0.00013044476509094238
d cross,26,0.0002854914153690598,2.2835465320376358e-05,533.6457931445912,53,0.0008902251720428467
d TTTI,26,2.407593910081544e-06,7.767151763779284e-09,1.2858128547668457,38,0.00013044476509094238
dd cross,26,2464266.356639393,11734.965023653569,533.6543733524159,55,0.0009723901748657227
dd TTI,26,0.0026368653275791716,3.0886883085902703e-06,1.2927536964416504,78,0.00013044476509094238
cross,23,1.4196774324850452e-10,5.152877708085662e-13,28.587559616193175,29,0.0009515285491943359
TTI,23,3.3658569070205666e-13,3.637842783409021e-15,0.17095017433166504,30,0.0009925365447998047
d cross,23,8.935240699639226e-05,2.334016401201018e-06,28.60591951571405,33,0.0013854503631591797
d TTTI,23,2.4136160546287886e-06,1.3746628810509445e-08,0.17384672164916992,38,0.0009925365447998047
dd cross,23,732.9023866068528,40.20038171114767,28.610172426328063,35,0.0016260147094726562
dd TTI,23,0.002635669095526207,2.7225889708010657e-06,0.18488860130310059,86,0.0009925365447998047
cross,24,1.4158794202216752e-10,6.82857135834286e-13,75.55661797057837,29,0.00047707557678222656
TTI,24,3.358573511284801e-13,5.939095280707585e-15,0.16803765296936035,30,0.0005029439926147461
d cross,24,8.889872609787455e-05,5.690354656419221e-06,75.57596420776099,33,0.0007040500640869141
d TTTI,24,2.4053004956940307e-06,6.309648053743918e-09,0.16842412948608398,38,0.0005029439926147461
dd cross,24,7086.034092188868,147.7586241397808,75.58060645591468,35,0.000830531120300293
dd TTI,24,0.0026360676176019732,4.761276962747667e-06,0.1783008575439453,86,0.0005029439926147461
cross,25,1.709697198947353e-10,1.0732749099327304e-12,52.83265183586627,28,0.0002530217170715332
TTI,25,3.371298877238696e-13,4.5053697424123455e-15,0.18609356880187988,30,0.00025200843811035156
d cross,25,0.00020951221747021105,2.7285635640439485e-05,52.8539852919057,32,0.00039952993392944336
d TTTI,25,2.4025993441575416e-06,8.574229728039211e-09,0.18680214881896973,38,0.00025200843811035156
dd cross,25,376061.58493436815,2774.192972214615,52.86015484947711,34,0.0004711747169494629
dd TTI,25,0.0026379684730337273,3.1297090597182134e-06,0.19790887832641602,86,0.00025200843811035156
cross,27,1.428855251697826e-10,6.785243515315217e-13,147.67162754759192,50,0.0003848820924758911
TTI,27,3.3360145600777047e-13,3.727976362064954e-15,1.2875897884368896,31,6.535649299621582e-05
d cross,27,5.909067230336313e-05,8.509921874358693e-06,147.90488984808326,54,0.0005170553922653198
d TTTI,27,2.403277650375628e-06,9.564627547691927e-09,1.2853925228118896,38,6.535649299621582e-05
dd cross,27,3271177.72854641,10753.72119553052,147.77863838896155,56,0.0005609095096588135
dd TTI,27,0.0026352196112174008,3.1597812859094427e-06,1.2922825813293457,78,6.535649299621582e-05
cross,26,1.7139816424436507e-10,1.0277427477201535e-12,328.8040864802897,40,0.0005532801151275635
TTI,26,3.385350289338421e-13,4.654492684392452e-15,2.1302683353424072,31,0.00013044476509094238
d cross,26,0.00029135234216991354,4.620984867788843e-05,328.89037612453103,46,0.0007371306419372559
d TTTI,26,2.4041689004544417e-06,8.460915688544578e-09,2.1350209712982178,38,0.00013044476509094238
dd cross,26,1814431.8664413213,7768.059669985671,328.8968782760203,48,0.0008120238780975342
dd TTI,26,0.0026348177030795232,4.838584941185418e-06,2.141510248184204,78,0.00013044476509094238
cross,27,2.77810434426739e-10,2.3116385051269248e-12,137.31257905438542,38,0.00025218725204467773
TTI,27,3.366854151134665e-13,3.0911465814670564e-15,2.131256580352783,31,6.535649299621582e-05
d cross,27,2.8326317112768908e-05,2.1958346207651454e-05,137.38717736676335,42,0.0003616809844970703
d TTTI,27,2.407950955064334e-06,9.53737165468876e-09,2.1278672218322754,38,6.535649299621582e-05
dd cross,27,20270594.013807543,33760.68348769886,137.3950680680573,44,0.00039915740489959717
dd TTI,27,0.002634397622501102,3.857054154614766e-06,2.1371212005615234,78,6.535649299621582e-05
cross,26,1.4653940663619004e-10,8.084038432448419e-13,348.0338641749695,54,0.0008994340896606445
TTI,26,3.352024246312965e-13,2.654704460873979e-15,0.17022967338562012,31,0.00013044476509094238
d cross,26,0.0002687286254537584,1.6124039409313825e-05,348.1172837363556,58,0.0011356770992279053
d TTTI,26,2.408048363092852e-06,9.710443272933378e-09,0.1708369255065918,38,0.00013044476509094238
dd cross,26,363167.28714259353,1383.3215820432752,348.1263615237549,60,0.001226663589477539
dd TTI,26,0.002634434260631606,4.342676921865857e-06,0.17992091178894043,86,0.00013044476509094238
cross,28,1.392167288578672e-10,8.571764348709022e-13,208.80477929860353,68,0.00035910308361053467
TTI,28,3.365448442563239e-13,3.953906187780266e-15,1.2915503978729248,31,3.288686275482178e-05
d cross,28,1.5187945593113461e-05,1.8915772851424778e-07,208.97279501706362,74,0.0005037561058998108
d TTTI,28,2.404536346643717e-06,6.658666174833735e-09,1.2870876789093018,38,3.288686275482178e-05
dd cross,28,19963930.32500928,47730.999553104055,208.99635554105043,76,0.0005350187420845032
dd TTI,28,0.002639130418227647,4.365890342452631e-06,1.2947795391082764,79,3.288686275482178e-05
cross,19,1.4074000742866185e-10,1.0895885732458985e-12,51.29341480601579,30,0.0142974853515625
TTI,19,2.18243803503674e-15,4.642094984620428e-17,1.279376745223999,29,0.0146331787109375
d cross,19,6.697357964860911e-06,8.269447918778072e-08,51.31254598964006,34,0.020221710205078125
d TTTI,19,4.251790910152511e-06,1.085828916583377e-08,1.280683994293213,39,0.0146331787109375
dd cross,19,1.94577266181693,0.02100467458092841,51.314112399704754,36,0.023380279541015625
dd TTI,19,0.0024539214726782307,4.811926069304221e-06,1.2884948253631592,77,0.0146331787109375
cross,27,1.4453563024341216e-10,7.285474109752338e-13,289.9811716321856,60,0.0005430877208709717
TTI,27,3.354014021351036e-13,3.0452116205233435e-15,0.19014763832092285,31,6.535649299621582e-05
d cross,27,5.7423174679226096e-05,5.0336238297958684e-05,290.08470466174185,65,0.0007230639457702637
d TTTI,27,2.4021577813257254e-06,6.348972936198979e-09,0.18867850303649902,39,6.535649299621582e-05
dd cross,27,3773954.9986599823,6133.9706133833315,290.1003334764391,67,0.000774875283241272
dd TTI,27,0.002636171149375443,3.347230192960448e-06,0.19264936447143555,86,6.535649299621582e-05
cross,20,1.506384642848283e-10,7.337673633268459e-13,21.310318592004478,29,0.0068836212158203125
TTI,20,3.2219876595881067e-13,4.3502750488041045e-15,1.2820167541503906,30,0.008022308349609375
d cross,20,3.95482553314707e-05,5.07833795681089e-07,21.328663947992027,33,0.009866714477539062
d TTTI,20,3.038155797590577e-06,1.3631258573058237e-08,1.2812328338623047,38,0.008022308349609375
dd cross,20,22.969840510495434,0.2934642991535144,21.332220437936485,35,0.011478424072265625
dd TTI,20,0.0025943509104197258,1.7322484355242411e-06,1.2906928062438965,78,0.008022308349609375
cross,28,1.4138007776086212e-10,8.4718167157984e-13,197.0941909821704,62,0.00028886646032333374
TTI,28,3.3672298627031333e-13,3.995463720389751e-15,2.1296327114105225,31,3.288686275482178e-05
d cross,28,1.5182993039216478e-05,1.2753774679963435e-07,197.26185145694762,68,0.00041303783655166626
d TTTI,28,2.405741019446715e-06,1.1872182960695118e-08,2.1298725605010986,38,3.288686275482178e-05
dd cross,28,18311324.331105534,35224.98749218407,197.2855471642688,70,0.00044133514165878296
dd TTI,28,0.002639751396529689,3.6884211965442847e-06,2.142141580581665,79,3.288686275482178e-05
cross,21,1.4779458367417704e-10,6.912035106534316e-13,18.748405251652002,30,0.0036096572875976562
TTI,21,3.3468305825663615e-13,4.128778735780195e-15,1.2854135036468506,30,0.004034996032714844
d cross,21,6.51606169955527e-05,9.09653634982787e-07,18.767514262348413,34,0.005208015441894531
d TTTI,21,2.579220996158364e-06,1.2393039453610848e-08,1.2810444831848145,38,0.004034996032714844
dd cross,21,76.74392635058624,1.0623493931570884,18.771187100559473,36,0.006075859069824219
dd TTI,21,0.002626060756348116,3.680763686293997e-06,1.2929821014404297,78,0.004034996032714844
cross,19,1.5095107425063507e-10,7.151266174512094e-13,51.89736545830965,29,0.013675689697265625
TTI,19,2.180163716696118e-15,3.2827751308817235e-17,2.1242120265960693,29,0.0146331787109375
d cross,19,1.0326840765231301e-05,5.588619239720056e-07,51.91634977608919,33,0.01935577392578125
d TTTI,19,4.254993977843046e-06,7.169359183840186e-09,2.1310207843780518,39,0.0146331787109375
dd cross,19,5.65119877453754,0.20311530619363918,51.91901267319918,35,0.022396087646484375
dd TTI,19,0.00244978673087684,4.849307667313309e-06,2.1431336402893066,77,0.0146331787109375
cross,22,1.612667839504172e-10,1.271388181863109e-12,27.298226982355118,29,0.0018205642700195312
TTI,22,3.3416626275952584e-13,1.9901961859614887e-15,1.2834765911102295,31,0.0020661354064941406
d cross,22,4.27170580734925e-05,6.617947962490019e-06,27.319191128015518,33,0.0026502609252929688
d TTTI,22,2.4502829339752486e-06,7.476213888048675e-09,1.2848131656646729,38,0.0020661354064941406
dd cross,22,395.11346402124457,35.505843412580504,27.32479825615883,35,0.0031065940856933594
dd TTI,22,0.002634368588147129,2.803600527745732e-06,1.2921111583709717,78,0.0020661354064941406
cross,20,1.6691470889696183e-10,1.1879381411489463e-12,24.137049810029566,29,0.007366180419921875
TTI,20,3.231391338274625e-13,4.019035705598015e-15,2.120882511138916,30,0.008022308349609375
d cross,20,1.9475221439887483e-05,2.2415117785230198e-06,24.15623225364834,33,0.010501861572265625
d TTTI,20,3.050169802416644e-06,1.1327297029527231e-08,2.1278679370880127,38,0.008022308349609375
dd cross,20,16.818065107084536,0.9811184054408009,24.15972222480923,35,0.012189865112304688
dd TTI,20,0.0025961739317656263,2.3510198961047104e-06,2.131659507751465,78,0.008022308349609375
cross,23,1.6201222919859547e-10,1.103763671621582e-12,77.2262717988342,28,0.0009355545043945312
TTI,23,3.368437943823936e-13,4.9477643327956305e-15,1.2921466827392578,31,0.0010368824005126953
d cross,23,9.504120590988472e-05,6.85832501419384e-06,77.25120489858091,32,0.0014235973358154297
d TTTI,23,2.4184276570692223e-06,8.532437845485835e-09,1.2933735847473145,38,0.0010368824005126953
dd cross,23,4541.527340459509,172.34894404646502,77.25526111386716,34,0.0016696453094482422
dd TTI,23,0.002632166254426075,3.292599432900741e-06,1.2978496551513672,78,0.0010368824005126953
cross,21,1.7368831452112337e-10,6.500771959651517e-13,65.4614245314151,28,0.0037889480590820312
TTI,21,3.352762204707406e-13,2.6800728170806755e-15,2.123326539993286,30,0.004034996032714844
d cross,21,0.00011020132760281012,2.110846422838038e-06,66.83890384621918,32,0.005420684814453125
d TTTI,21,2.582724706328596e-06,8.135228416294361e-09,2.127824068069458,38,0.004034996032714844
dd cross,21,130.74444798763156,2.7661890873250408,65.4881579298526,34,0.006327629089355469
dd TTI,21,0.002626967072925797,2.377702038528314e-06,2.1456098556518555,78,0.004034996032714844
cross,24,1.4316596396297814e-10,1.1507546675948673e-12,190.51696091797203,31,0.0004788637161254883
TTI,24,3.368934522300291e-13,4.6073085557384154e-15,1.286055088043213,31,0.0005196332931518555
d cross,24,0.00015121222854628716,5.185405930180363e-06,190.5397391906008,35,0.0007148981094360352
d TTTI,24,2.407084524707665e-06,9.741683759157705e-09,1.2838711738586426,38,0.0005196332931518555
dd cross,24,9468.5741185879,88.86567385748896,190.5442958464846,37,0.0008409023284912109
dd TTI,24,0.0026350359190433098,4.7532728352084105e-06,1.2926392555236816,78,0.0005196332931518555
cross,22,1.6159637044779053e-10,1.138830469416736e-12,50.278511717915535,28,0.00180816650390625
TTI,22,3.377669014824166e-13,5.211441964282199e-15,2.1224119663238525,31,0.0020661354064941406
d cross,22,6.887899429800314e-05,3.5361207956636004e-06,50.30131621658802,32,0.0026378631591796875
d TTTI,22,2.4509441331351886e-06,1.2237972726628456e-08,2.1272714138031006,38,0.0020661354064941406
dd cross,22,442.80406846603694,32.38605674450116,50.305510714650154,34,0.003093719482421875
dd TTI,22,0.0026343202402398184,5.314123164269632e-06,2.1367969512939453,78,0.0020661354064941406
cross,28,1.400490755835111e-10,8.269094681894738e-13,581.6809310959652,97,0.000723622739315033
TTI,28,3.3545420386365593e-13,5.534160662062384e-15,0.17534613609313965,31,3.2745301723480225e-05
d cross,28,2.3463787004430052e-05,6.981713758702868e-05,581.8858568714932,101,0.0009050741791725159
d TTTI,28,2.405078909979143e-06,8.99650358556114e-09,0.17786574363708496,39,3.2745301723480225e-05
dd cross,28,18404978.696333356,31856.6830221267,581.9119083927944,103,0.0009451434016227722
dd TTI,28,0.002637224844459904,2.60854481032141e-06,0.18821477890014648,87,3.2745301723480225e-05
cross,23,1.5680329335814622e-10,7.394765123626778e-13,37.4994495306164,29,0.0009455680847167969
TTI,23,3.361537320002352e-13,6.241581750663043e-15,2.1303820610046387,31,0.0010368824005126953
d cross,23,0.00014791772351849367,4.613348116291114e-06,37.52570513822138,33,0.0013790130615234375
d TTTI,23,2.4128627574934705e-06,5.521535267035835e-09,2.129824161529541,38,0.0010368824005126953
dd cross,23,1967.3099130921626,36.264181497403214,37.52876881696284,35,0.0016200542449951172
dd TTI,23,0.0026346301762623613,4.090295932709774e-06,2.1376383304595947,78,0.0010368824005126953
cross,19,1.401348784134143e-10,5.208011347957254e-13,12.577351246029139,27,0.0141448974609375
TTI,19,2.1630897199924177e-15,6.759873208930752e-17,0.1629488468170166,30,0.01560211181640625
d cross,19,1.6628535514861727e-06,1.6454771639132104e-07,12.593454513698816,31,0.02007293701171875
d TTTI,19,4.251766189267317e-06,9.026546008357447e-09,0.16573810577392578,39,0.01560211181640625
dd cross,19,0.3265257796269803,0.05177400415117387,12.596767101436853,33,0.023250579833984375
dd TTI,19,0.0024487343676141337,3.857557868454623e-06,0.17550182342529297,83,0.01560211181640625
cross,25,1.6358142163836687e-10,9.719867516535952e-13,140.56719497032464,30,0.0003603696823120117
TTI,25,3.3750904865076245e-13,2.928749215069343e-15,1.286571741104126,31,0.00026035308837890625
d cross,25,8.391715958147397e-05,7.029181543323506e-05,140.6010041553527,36,0.000578463077545166
d TTTI,25,2.4073260689971534e-06,4.581310238564231e-09,1.285968542098999,38,0.00026035308837890625
dd cross,25,479449.5491037752,2608.897833260144,140.60766175575554,38,0.0006688237190246582
dd TTI,25,0.0026366637427833067,3.0223687523219824e-06,1.2928578853607178,78,0.00026035308837890625
cross,20,1.6070780265631112e-10,1.5746183766148069e-12,20.21476838272065,29,0.00731658935546875
TTI,20,3.245112890389096e-13,3.6853458563111994e-15,0.16704893112182617,30,0.007831573486328125
d cross,20,1.5079732915823063e-05,3.2077322420990203e-06,20.230988952331245,33,0.0104217529296875
d TTTI,20,3.038469493203234e-06,1.4079843377401646e-08,0.17158055305480957,39,0.007831573486328125
dd cross,20,9.59277648917897,2.095935439717249,20.235107871703804,35,0.012094497680664062
dd TTI,20,0.002592415338178711,3.403723086793658e-06,0.18272876739501953,84,0.007831573486328125
cross,24,1.4205239137731485e-10,6.897976209956855e-13,101.61214042920619,31,0.0004668235778808594
TTI,24,3.3349059661005256e-13,3.582604153847866e-15,2.1279449462890625,31,0.0005196332931518555
d cross,24,0.00014180516274277897,3.6833654646803714e-06,101.6364312293008,35,0.0006867647171020508
d TTTI,24,2.402856754394365e-06,1.2915653252377829e-08,2.1279399394989014,38,0.0005196332931518555
dd cross,24,7526.685897143134,79.04642047482636,101.6400888087228,37,0.0008113384246826172
dd TTI,24,0.002635687044774469,2.5676896457104315e-06,2.1355104446411133,78,0.0005196332931518555
cross,21,1.446922157902734e-10,1.0357110914439263e-12,48.98859668057412,29,0.0036592483520507812
TTI,21,3.368946621179743e-13,4.404607161120336e-15,0.16736507415771484,30,0.003939628601074219
d cross,21,4.1676380465984834e-05,6.436451628040851e-07,49.00658536236733,33,0.005280494689941406
d TTTI,21,2.582384200955246e-06,1.0676024597965629e-08,0.16762804985046387,38,0.003939628601074219
dd cross,21,47.276776554304696,0.9098955419983674,49.0096716908738,35,0.0061626434326171875
dd TTI,21,0.002627544034943328,3.4952514796363916e-06,0.17753219604492188,85,0.003939628601074219
cross,26,2.751306397279735e-10,1.8075417446557949e-12,193.68421888537705,30,0.0003407895565032959
TTI,26,3.369506403978061e-13,3.602432545754088e-15,1.2845842838287354,31,0.00013044476509094238
d cross,26,0.00013906711888243698,5.450822736242952e-05,193.74398064799607,36,0.00048473477363586426
d TTTI,26,2.4080847668593724e-06,1.0879651282970457e-08,1.2843303680419922,38,0.00013044476509094238
dd cross,26,3574370.388526889,14459.576229448377,193.74867797084153,38,0.0005462467670440674
dd TTI,26,0.0026359860830191804,2.59448883548026e-06,1.291489601135254,78,0.00013044476509094238
cross,22,1.634768280774735e-10,4.4188481602430956e-13,111.66872694436461,29,0.0018835067749023438
TTI,22,3.3762879713306804e-13,3.4408067790394362e-15,0.17009830474853516,30,0.0019774436950683594
d cross,22,6.450316586500523e-05,9.81854191211356e-06,111.68754889909178,33,0.0027313232421875
d TTTI,22,2.4519280685169793e-06,6.93168866454822e-09,0.1736736297607422,38,0.0019774436950683594
dd cross,22,414.81922843764124,30.879061442254898,111.69142272416502,35,0.0031981468200683594
dd TTI,22,0.002634158434524577,2.2521073953514757e-06,0.185272216796875,85,0.0019774436950683594
cross,25,1.7064911949673306e-10,9.045947786887024e-13,241.70014676824212,29,0.00045412778854370117
TTI,25,3.3851287675732863e-13,4.275490183333382e-15,2.128878355026245,31,0.00026035308837890625
d cross,25,0.0001976964392887284,2.625370406684854e-05,241.74532160535455,35,0.0007123351097106934
d TTTI,25,2.4061310024685195e-06,5.474415272769848e-09,2.1287431716918945,38,0.00026035308837890625
dd cross,25,375997.77716304595,1997.3709052316312,241.75162706151605,37,0.0008128881454467773
dd TTI,25,0.0026356037101425344,4.7285804548805e-06,2.137535572052002,78,0.00026035308837890625
cross,23,1.715327908213424e-10,7.537406880574958e-13,152.957325973548,28,0.0008912086486816406
TTI,23,3.354877459874154e-13,4.1472756295124364e-15,0.17232441902160645,30,0.0009925365447998047
d cross,23,0.00028045063026994427,1.460569996522471e-05,152.97517255786806,32,0.0013399124145507812
d TTTI,23,2.413627911954795e-06,1.2687505674196852e-08,0.17510080337524414,38,0.0009925365447998047
dd cross,23,7367.159835608369,74.16156658316288,152.98087934497744,34,0.00157928466796875
dd TTI,23,0.0026346776202997033,3.4498924046158723e-06,0.18645834922790527,86,0.0009925365447998047
cross,24,1.6691803013569047e-10,6.819500821501518e-13,38.57644031010568,31,0.00047409534454345703
TTI,24,3.368655858557011e-13,4.143800916136154e-15,0.18378973007202148,30,0.0005029439926147461
d cross,24,0.00042193523647569354,1.7519043251440237e-05,38.60049650631845,35,0.0006955862045288086
d TTTI,24,2.4064499382256958e-06,9.50405397320545e-09,0.18434882164001465,38,0.0005029439926147461
dd cross,24,59595.186762871046,174.49271053424215,38.606635784730315,37,0.0008189678192138672
dd TTI,24,0.002636410399715771,3.877230509791126e-06,0.195753812789917,86,0.0005029439926147461
cross,27,1.4000926578020782e-10,7.056866883661985e-13,152.0923023391515,51,0.00042191147804260254
TTI,27,3.349031991445508e-13,3.6330592506650745e-15,1.2931196689605713,31,6.535649299621582e-05
d cross,27,3.4581477397639954e-05,1.7804720210311153e-05,152.20553638227284,56,0.0005590170621871948
d TTTI,27,2.402710995984791e-06,1.000515525426198e-08,1.2929763793945312,38,6.535649299621582e-05
dd cross,27,3839196.8198438818,9773.837045574723,152.22204090841115,58,0.000604674220085144
dd TTI,27,0.0026373032772889567,2.0298782570510774e-06,1.2993669509887695,78,6.535649299621582e-05
cross,25,1.529739002667276e-10,9.267099671401256e-13,99.65876823384315,29,0.0005323290824890137
TTI,25,3.3746856969439323e-13,3.946677277380969e-15,0.17342019081115723,30,0.00025200843811035156
d cross,25,7.170827607532529e-05,1.84211509797669e-05,99.70273214299232,35,0.0007746219635009766
d TTTI,25,2.4001283713590867e-06,7.11229707323798e-09,0.17624759674072266,38,0.00025200843811035156
dd cross,25,135983.92963441022,509.01876973812625,99.71035104710609,37,0.0008786320686340332
dd TTI,25,0.002637176171274125,4.093889679189843e-06,0.1878187656402588,86,0.00025200843811035156
cross,26,1.5965709308523123e-10,1.0681916307283165e-12,192.43036946840584,29,0.0003503859043121338
TTI,26,3.372817970552329e-13,3.86551921489615e-15,2.1280500888824463,31,0.00013044476509094238
d cross,26,7.957738068273173e-05,0.00019894474490421912,192.49044475145638,34,0.0005002021789550781
d TTTI,26,2.4018827017167462e-06,1.1965606055100581e-08,2.1287589073181152,38,0.00013044476509094238
dd cross,26,3436035.86684129,6033.524060667768,192.50100931711495,36,0.0005619227886199951
dd TTI,26,0.0026352597077224753,2.3610661386012146e-06,2.136284589767456,78,0.00013044476509094238
cross,26,1.409603836672533e-10,9.870879881307778e-13,70.47825211007148,34,0.00040087103843688965
TTI,26,3.3499351198769396e-13,3.5222760510024336e-15,0.1702101230621338,31,0.00013044476509094238
d cross,26,6.63937613848844e-05,6.5222832955017386e-06,70.53101175744087,39,0.0005512535572052002
d TTTI,26,2.399388345431257e-06,6.6639041154259855e-09,0.17087602615356445,38,0.00013044476509094238
dd cross,26,494009.712959137,2490.6498664022592,70.53401559311897,41,0.0006160140037536621
dd TTI,26,0.00263752161199712,2.631115964115744e-06,0.18023133277893066,86,0.00013044476509094238
cross,27,1.4314263023924115e-10,6.545056405457779e-13,174.76003554277122,44,0.0003791004419326782
TTI,27,3.3604163380093876e-13,3.074593918450932e-15,0.17513370513916016,31,6.535649299621582e-05
d cross,27,1.4614768129516884e-05,1.2683016909065633e-05,174.83497264795005,54,0.0005300343036651611
d TTTI,27,2.4060294926923704e-06,5.406285638411775e-09,0.17728590965270996,39,6.535649299621582e-05
dd cross,27,3783152.40914308,13145.811331392446,174.84725406579673,56,0.0005763769149780273
dd TTI,27,0.0026370465580245585,2.2795765396759817e-06,0.18842720985412598,86,6.535649299621582e-05
cross,28,1.4059360857498058e-10,6.625097609513263e-13,340.78735477104783,64,0.00033886730670928955
TTI,28,3.3466554023383205e-13,4.04551736881633e-15,1.290916919708252,31,3.288686275482178e-05
d cross,28,0.00010689770839843987,1.497673695055262e-05,340.9454672969878,69,0.0004717409610748291
d TTTI,28,2.3987086847283367e-06,1.2475749422319288e-08,1.288985013961792,38,3.288686275482178e-05
dd cross,28,13809868.474405974,62017.209669238226,340.9664793647826,71,0.0005019307136535645
dd TTI,28,0.0026327993004460885,3.679997734306572e-06,1.294379711151123,79,3.288686275482178e-05
cross,19,2.941452789364194e-11,1.2833482088961726e-13,6.1155255464836955,27,0.013805389404296875
TTI,19,2.183534892588047e-15,4.275262887183478e-17,1.2763679027557373,29,0.0146331787109375
d cross,19,1.6406548987954964e-06,2.123175240336927e-08,6.133005204610527,31,0.019641876220703125
d TTTI,19,4.248461692027167e-06,1.0475220571815007e-08,1.2791969776153564,39,0.0146331787109375
dd cross,19,0.39001847703115194,0.008973827761191974,6.137090745382011,33,0.02277374267578125
dd TTI,19,0.002450481843084925,4.236263357089445e-06,1.286449670791626,77,0.0146331787109375
cross,20,1.4966237669973465e-10,8.67422411466706e-13,10.152864733710885,27,0.0069866180419921875
TTI,20,3.217738426343073e-13,3.974120351379171e-15,1.2817206382751465,30,0.008022308349609375
d cross,20,2.3413415517862208e-05,5.346143455712112e-07,10.172398606315255,31,0.010030746459960938
d TTTI,20,3.044050897313328e-06,1.3167943169644461e-08,1.2781071662902832,38,0.008022308349609375
dd cross,20,19.44109503018749,0.4200530470708184,10.177000561729074,33,0.011676788330078125
dd TTI,20,0.0025956881418928634,5.5929110277198625e-06,1.288473129272461,78,0.008022308349609375
cross,28,1.4089259343146228e-10,1.1093549865327065e-12,124.1290048500523,66,0.000336378812789917
TTI,28,3.361257242005688e-13,5.99029910998524e-15,0.1722548007965088,31,3.2745301723480225e-05
d cross,28,1.3152661763828462e-06,2.8578789494628438e-06,124.25462759938091,71,0.0004635453224182129
d TTTI,28,2.404569652816604e-06,6.622910137949179e-09,0.1723463535308838,39,3.2745301723480225e-05
dd cross,28,20372443.036227997,35325.51015035311,124.27117814030498,73,0.0004935264587402344
dd TTI,28,0.0026363588539440605,2.9975813323625106e-06,0.18082427978515625,87,3.2745301723480225e-05
cross,21,1.6028855392119288e-10,6.432266158064851e-13,16.896092614158988,28,0.0035123825073242188
TTI,21,3.359456552192262e-13,4.1053218327695485e-15,1.2834126949310303,30,0.004034996032714844
d cross,21,3.4479387773476394e-05,4.328749642483031e-06,21.131997307762504,32,0.005095481872558594
d TTTI,21,2.5813975963363057e-06,9.093082936742475e-09,1.2887358665466309,38,0.004034996032714844
dd cross,21,48.69661477834519,5.202829439631465,16.919194420799613,34,0.005957603454589844
dd TTI,21,0.0026262479229797915,4.03168003502752e-06,1.299346923828125,78,0.004034996032714844
cross,19,1.4507963733312765e-10,7.344097428390917e-13,5.9532678769901395,27,0.0134124755859375
TTI,19,2.146141705430923e-15,1.239336475751905e-17,0.1632368564605713,30,0.01560211181640625
d cross,19,2.0814303404649055e-05,1.4286408863008656e-07,5.968651835806668,31,0.01915740966796875
d TTTI,19,4.253444098238606e-06,9.92225199973245e-09,0.1655430793762207,39,0.01560211181640625
dd cross,19,7.019340679196108,0.07384792959080018,5.972208325751126,33,0.022243499755859375
dd TTI,19,0.002451555741304159,5.35398012483468e-06,0.17546749114990234,83,0.01560211181640625
cross,20,1.3981902528020029e-10,9.80619420669905e-13,10.106537009589374,27,0.0071811676025390625
TTI,20,3.2455221426364194e-13,3.934279212785803e-15,0.16398930549621582,30,0.007831573486328125
d cross,20,5.271125228067721e-06,1.9652003792155693e-07,10.121602679602802,31,0.010271072387695312
d TTTI,20,3.0417069593375426e-06,8.656503089679337e-09,0.16631531715393066,39,0.007831573486328125
dd cross,20,3.2068305950189733,0.01967988135505465,10.124961997382343,33,0.01194000244140625
dd TTI,20,0.002595481167804407,4.935686668732639e-06,0.1762087345123291,84,0.007831573486328125
cross,21,1.7991585409751176e-10,4.150489966460082e-13,14.71631377749145,29,0.0035533905029296875
TTI,21,3.3671306917734273e-13,4.893113382413601e-15,0.1646411418914795,30,0.003939628601074219
d cross,21,0.00019011290563738582,3.4360837585289324e-06,14.73151439242065,33,0.0051288604736328125
d TTTI,21,2.582298292199529e-06,1.0119905441832598e-08,0.1666245460510254,38,0.003939628601074219
dd cross,21,234.75449150335686,4.2928439333398645,14.735275445505977,35,0.005990028381347656
dd TTI,21,0.0026268439161566412,4.57101285281824e-06,0.17689132690429688,85,0.003939628601074219
cross,27,1.3977022949287983e-10,7.365536705799233e-13,707.998129254207,82,0.0008903294801712036
TTI,27,3.355739278310021e-13,5.633527079307099e-15,2.13332462310791,31,6.535649299621582e-05
d cross,27,2.5112133719550247e-06,4.35898528634819e-06,708.3370531853288,86,0.0011176615953445435
d TTTI,27,2.4051150872483283e-06,8.198364766427972e-09,2.13340163230896,38,6.535649299621582e-05
dd cross,27,4031628.5938836886,11379.481888486815,708.2154656704515,88,0.0011810660362243652
dd TTI,27,0.0026366658178145633,2.459409831542929e-06,2.1392791271209717,78,6.535649299621582e-05
cross,22,1.733560936774162e-10,1.0689119702092048e-12,164.125830498524,29,0.0020666122436523438
TTI,22,3.3521289987394896e-13,2.784228885758356e-15,1.2826464176177979,31,0.0020661354064941406
d cross,22,0.0001435686734729713,5.026359608407248e-06,164.25487312395126,33,0.00296783447265625
d TTTI,22,2.4526356299559216e-06,1.0956756488974128e-08,1.28275465965271,38,0.0020661354064941406
dd cross,22,596.7903047587948,30.247520292550682,164.1540287407115,35,0.0034613609313964844
dd TTI,22,0.0026359532901701005,3.964891519375095e-06,1.292022705078125,78,0.0020661354064941406
cross,22,1.4634138350251102e-10,6.599847858248633e-13,38.905915944837034,29,0.0017895698547363281
TTI,22,3.350137616648899e-13,2.8387233217280463e-15,0.16996216773986816,30,0.0019774436950683594
d cross,22,3.752798780655366e-05,1.0607704191717724e-06,38.92326232697815,33,0.0026116371154785156
d TTTI,22,2.4511242718437466e-06,6.268266688742436e-09,0.17376041412353516,38,0.0019774436950683594
dd cross,22,134.5880013418527,7.745599101179966,38.92753955628723,35,0.0030641555786132812
dd TTI,22,0.002633748004105617,4.583063790451924e-06,0.18471264839172363,85,0.0019774436950683594
cross,23,1.414106155056528e-10,9.164967725754235e-13,35.08300620876253,29,0.0009284019470214844
TTI,23,3.3677539422533105e-13,4.367900361389597e-15,1.2841718196868896,31,0.0010368824005126953
d cross,23,9.090960150782896e-05,3.085774799194343e-06,35.10247475467622,33,0.0013546943664550781
d TTTI,23,2.4216647188506787e-06,9.258114655892234e-09,1.2861876487731934,38,0.0010368824005126953
dd cross,23,751.9611707436541,27.695184779725704,35.10698062740266,35,0.001592874526977539
dd TTI,23,0.002636783050486838,2.8986654728196314e-06,1.2926626205444336,78,0.0010368824005126953
cross,23,1.4568759365376594e-10,8.890501350256224e-13,28.183045394718647,28,0.0009005069732666016
TTI,23,3.3819748056819146e-13,3.4543929007493e-15,0.18280720710754395,30,0.0009925365447998047
d cross,23,0.0001399894726924732,4.383795388345969e-06,28.20085931569338,32,0.0013170242309570312
d TTTI,23,2.4112369753578586e-06,8.121752060422966e-09,0.1840353012084961,38,0.0009925365447998047
dd cross,23,1460.8899318387798,31.273576418895956,28.20461154729128,34,0.0015501976013183594
dd TTI,23,0.002634050924591091,2.553268464327814e-06,0.19346880912780762,86,0.0009925365447998047
cross,24,1.420484392191651e-10,7.418231963866616e-13,127.08740988280624,28,0.0005117654800415039
TTI,24,3.3787565876643124e-13,2.6770939283352802e-15,0.16788148880004883,30,0.0005029439926147461
d cross,24,8.540291351522364e-05,7.355481443541379e-06,127.10823669936508,33,0.0007865428924560547
d TTTI,24,2.413194947099899e-06,7.270529297862842e-09,0.1694200038909912,38,0.0005029439926147461
dd cross,24,7195.332436575156,126.03218216735542,127.11468091513962,35,0.000924229621887207
dd TTI,24,0.0026347642451430343,3.848106946469454e-06,0.17871570587158203,86,0.0005029439926147461
cross,24,1.644823802362879e-10,8.389993506924906e-13,111.50909536797553,28,0.00046956539154052734
TTI,24,3.373863275232362e-13,3.226723052109186e-15,1.2843034267425537,31,0.0005196332931518555
d cross,24,0.00013854232119968503,1.9803639663660226e-05,111.62515181023628,32,0.0006948709487915039
d TTTI,24,2.4024065011830204e-06,8.52086973278917e-09,1.284177541732788,38,0.0005196332931518555
dd cross,24,47015.16505010483,551.5538296420455,111.53628390748054,34,0.0008202791213989258
dd TTI,24,0.002635094095471197,3.91906766820822e-06,1.2939190864562988,78,0.0005196332931518555
cross,25,1.5589213269702473e-10,7.074076985338752e-13,169.99983944930136,29,0.0005151629447937012
TTI,25,3.339680870122e-13,2.3300628664345906e-15,0.16737818717956543,30,0.00025200843811035156
d cross,25,8.300021609131659e-05,3.450659081100613e-05,170.03948774375021,34,0.0007771849632263184
d TTTI,25,2.4044544046370037e-06,7.528038557085926e-09,0.16916108131408691,38,0.00025200843811035156
dd cross,25,168894.23126217845,814.6371183777578,170.04814782179892,36,0.0008829832077026367
dd TTI,25,0.0026372248430894113,4.0395284439648e-06,0.17794013023376465,86,0.00025200843811035156
cross,25,1.683009900066666e-10,8.317564692416141e-13,142.9011504277587,28,0.0003114938735961914
TTI,25,3.3588164674043504e-13,4.668931809134075e-15,1.2851297855377197,31,0.00026035308837890625
d cross,25,0.00044172489225073364,4.1655242272517884e-05,142.9341411218047,33,0.0004900693893432617
d TTTI,25,2.4013563257488956e-06,8.768839746804267e-09,1.282808542251587,38,0.00026035308837890625
dd cross,25,209747.36812314385,466.5700200283523,142.93997284024954,35,0.0005722641944885254
dd TTI,25,0.002636831678106159,3.88594347922646e-06,1.2920241355895996,78,0.00026035308837890625
cross,26,1.478812621922203e-10,9.807159838183227e-13,70.77747139427811,28,0.00022357702255249023
TTI,26,3.348503732518357e-13,3.8105595702090736e-15,0.16849374771118164,31,0.00013044476509094238
d cross,26,0.00022570533797289146,2.9639445726239187e-05,70.8181904265657,33,0.0003394484519958496
d TTTI,26,2.401534239070318e-06,5.984193772107306e-09,0.16913294792175293,38,0.00013044476509094238
dd cross,26,469458.1912133059,1990.5512184310298,70.82519659493119,35,0.0003903210163116455
dd TTI,26,0.00263708121926316,4.527830214606929e-06,0.17829680442810059,86,0.00013044476509094238
cross,28,1.402713358475812e-10,6.305039616182492e-13,577.0009939298034,74,0.0003878474235534668
TTI,28,3.3683921553513237e-13,4.590157148758145e-15,2.127492666244507,31,3.288686275482178e-05
d cross,28,0.00010623304256574399,8.214099836672483e-06,577.1706978902221,79,0.0005174204707145691
d TTTI,28,2.4044013322744175e-06,7.71966567154666e-09,2.128671646118164,38,3.288686275482178e-05
dd cross,28,13831091.776753759,43848.72811814946,577.1948096379638,81,0.0005488470196723938
dd TTI,28,0.002637479265812903,4.428034579514684e-06,2.134505033493042,79,3.288686275482178e-05
cross,26,1.5220878786332733e-10,1.0283264885668494e-12,195.8293502535671,34,0.0003808140754699707
TTI,26,3.372753350314791e-13,3.3295150640850785e-15,1.2954745292663574,31,0.00013044476509094238
d cross,26,8.659357279152647e-05,5.896896597567516e-05,195.89040233753622,40,0.0005447268486022949
d TTTI,26,2.403272397280789e-06,1.1262973514141527e-08,1.292771339416504,38,0.00013044476509094238
dd cross,26,1100655.4540982905,2856.889216311064,195.9012255873531,42,0.0006089508533477783
dd TTI,26,0.0026367332517875704,2.964539411245871e-06,1.301405668258667,78,0.00013044476509094238
cross,19,1.5187008280233107e-10,7.987848920357681e-13,13.02365719806403,27,0.013530731201171875
TTI,19,2.1683744353976014e-15,7.958468782116046e-18,2.1239962577819824,29,0.0146331787109375
d cross,19,1.2425989344757164e-05,4.3185482600311605e-07,13.041126842610538,31,0.0192413330078125
d TTTI,19,4.243506419233945e-06,7.0720506524358e-09,2.120222806930542,39,0.0146331787109375
dd cross,19,6.4633213338839735,0.17180607583029014,13.04490530025214,33,0.022304534912109375
dd TTI,19,0.00245299326525922,5.839348082897263e-06,2.1280996799468994,77,0.0146331787109375
cross,20,1.568210207389444e-10,6.569431513972014e-13,9.69554354250431,27,0.006755828857421875
TTI,20,3.231886279304516e-13,4.7682312932672366e-15,2.1179697513580322,30,0.008022308349609375
d cross,20,4.172050965911141e-05,5.148425242309388e-07,10.819669976830482,31,0.009723663330078125
d TTTI,20,3.0412851936493456e-06,1.0640902605639982e-08,2.1202709674835205,38,0.008022308349609375
dd cross,20,27.981802396632638,0.5037011074648318,9.716873183846474,33,0.011331558227539062
dd TTI,20,0.0025953426501572644,4.517183391708076e-06,2.128368616104126,78,0.008022308349609375
cross,21,4.1864559047719734e-10,1.7990518538488582e-12,16.1612432571128,27,0.003448486328125
TTI,21,3.363902978248335e-13,3.766250643476986e-15,2.126349687576294,30,0.004034996032714844
d cross,21,0.00013554039875039665,2.7807660095804166e-06,16.747312841005623,31,0.005001068115234375
d TTTI,21,2.5836936895770427e-06,8.683814310777692e-09,2.1256306171417236,38,0.004034996032714844
dd cross,21,170.83242895265667,5.189249442083002,16.184500035829842,33,0.005850791931152344
dd TTI,21,0.0026256604642928847,4.4986683996440416e-06,2.134243965148926,78,0.004034996032714844
cross,27,1.4111701441170753e-10,8.442591247773323e-13,452.0411809301004,69,0.0007331818342208862
TTI,27,3.357543039554519e-13,3.727681201300139e-15,0.1709604263305664,31,6.535649299621582e-05
d cross,27,5.049353345425076e-05,7.082961801838744e-05,452.1719385003671,75,0.0009421557188034058
d TTTI,27,2.401518431471188e-06,7.594674679708135e-09,0.1712656021118164,39,6.535649299621582e-05
dd cross,27,3813810.2774158777,8679.712914522375,452.18711813446134,77,0.001001209020614624
dd TTI,27,0.002637138018476007,5.682479768225682e-06,0.18012237548828125,86,6.535649299621582e-05
cross,22,1.7096546935073238e-10,8.519425984919722e-13,52.301973349414766,29,0.0018639564514160156
TTI,22,3.361962446997797e-13,3.989870111809024e-15,2.1241068840026855,31,0.0020661354064941406
d cross,22,0.00014043129491949526,5.782784594669511e-06,52.32299400027841,33,0.002705097198486328
d TTTI,22,2.452665788246423e-06,1.092033706584266e-08,2.12233829498291,38,0.0020661354064941406
dd cross,22,595.5233046027274,21.827527336653993,52.328646189533174,35,0.00316619873046875
dd TTI,22,0.0026350906410534457,3.2578967112951027e-06,2.134060859680176,78,0.0020661354064941406
cross,27,1.4149964074031802e-10,8.383572651812499e-13,434.2002811804414,63,0.0005510598421096802
TTI,27,3.3563444745641654e-13,5.0834692113486e-15,1.2925550937652588,31,6.535649299621582e-05
d cross,27,6.105232464214297e-05,3.009716410647193e-05,434.3246646299958,67,0.000719413161277771
d TTTI,27,2.402707726006288e-06,1.0109012916995384e-08,1.2919702529907227,38,6.535649299621582e-05
dd cross,27,3303621.372438347,11020.941437729547,434.33472422510386,69,0.0007721930742263794
dd TTI,27,0.002635890641863768,1.8531902691973198e-06,1.3002221584320068,78,6.535649299621582e-05
cross,23,1.837060165893661e-10,1.0743874656440313e-12,73.50446784961969,28,0.0009202957153320312
TTI,23,3.3583630636340084e-13,2.4246036941201816e-15,2.1371917724609375,31,0.0010368824005126953
d cross,23,0.0003214582644716831,1.1803790480378747e-05,74.10113871563226,32,0.0013518333435058594
d TTTI,23,2.415222808629995e-06,7.035449788028526e-09,2.134868621826172,38,0.0010368824005126953
dd cross,23,9111.598428522397,65.51049605516984,73.53387511242181,34,0.0015902519226074219
dd TTI,23,0.0026357210665626544,3.1808997126833702e-06,2.142446756362915,78,0.0010368824005126953
cross,24,1.4352133980911356e-10,5.303470595776218e-13,50.969707034528255,29,0.00047194957733154297
TTI,24,3.345908903067794e-13,3.5128660688038156e-15,2.143799066543579,31,0.0005196332931518555
d cross,24,0.00012673446292579203,3.133581034779573e-06,50.9977667555213,33,0.0006972551345825195
d TTTI,24,2.405376556766966e-06,6.53281470869963e-09,2.1458828449249268,38,0.0005196332931518555
dd cross,24,7018.817058234912,154.1056994227481,51.004723094403744,35,0.0008225440979003906
dd TTI,24,0.0026371345123422972,3.0372986437583477e-06,2.1544618606567383,78,0.0005196332931518555
cross,28,1.4881038967992596e-10,9.939084313872383e-13,374.6212274795398,74,0.00040624290704727173
TTI,28,3.366468125063954e-13,2.71856390578383e-15,0.19290900230407715,31,3.2745301723480225e-05
d cross,28,0.00018738202203004528,0.0001789451633553662,374.80492255743593,79,0.0005403235554695129
d TTTI,28,2.403282766034564e-06,8.824634302236335e-09,0.1845695972442627,39,3.2745301723480225e-05
dd cross,28,18919636.294448607,33154.62597879855,374.77565524633974,81,0.0005728751420974731
dd TTI,28,0.002636311074585112,2.4875983683945845e-06,0.18946242332458496,87,3.2745301723480225e-05
cross,25,1.5206797017974622e-10,9.409960529806614e-13,68.20858202129602,28,0.00026160478591918945
TTI,25,3.3513601830681355e-13,4.0360153209299926e-15,2.127676010131836,31,0.00026035308837890625
d cross,25,8.558739492240197e-05,3.6688867625223286e-05,68.2358792796731,33,0.00042116641998291016
d TTTI,25,2.4071755496549146e-06,1.2342538104575293e-08,2.126890182495117,38,0.00026035308837890625
dd cross,25,136805.1822410309,465.0585036173894,68.23976979404688,35,0.0004943013191223145
dd TTI,25,0.002635865122638792,2.6857084856501094e-06,2.134946823120117,78,0.00026035308837890625
cross,28,1.4117846751669152e-10,5.721005548291366e-13,200.16227995045483,50,0.00024603307247161865
TTI,28,3.345534497385567e-13,3.5514338421874437e-15,1.289278507232666,31,3.288686275482178e-05
d cross,28,1.5377024444022373e-05,4.2927168035099503e-07,200.28745208866894,56,0.00034949928522109985
d TTTI,28,2.4024449507934232e-06,9.660552720555922e-09,1.2889366149902344,38,3.288686275482178e-05
dd cross,28,18397729.412198182,25619.324752464796,200.30543624050915,58,0.0003759041428565979
dd TTI,28,0.0026362461300518123,4.358117124026875e-06,1.2947282791137695,79,3.288686275482178e-05
cross,19,1.4463889866800245e-10,7.257531540585414e-13,7.259043842554092,27,0.013248443603515625
TTI,19,2.1726636762558482e-15,1.436445445515824e-17,1.2827377319335938,29,0.0146331787109375
d cross,19,9.386125462151523e-06,3.5595040517557817e-07,7.27801576256752,31,0.018878936767578125
d TTTI,19,4.248903178547905e-06,1.4786260257406896e-08,1.2816228866577148,39,0.0146331787109375
dd cross,19,4.383845232002287,0.1294139824605315,7.284469276666641,33,0.0219879150390625
dd TTI,19,0.0024508770505935816,4.7570575606771545e-06,1.289510726928711,77,0.0146331787109375
cross,20,1.4348375985675313e-10,9.066466122747578e-13,10.342056297697127,27,0.007110595703125
TTI,20,3.23548142282008e-13,3.817665009731237e-15,1.2821834087371826,30,0.008022308349609375
d cross,20,2.8277042817158602e-05,4.5831710005865476e-07,11.154176258482039,31,0.01016998291015625
d TTTI,20,3.037899609440223e-06,1.3773148401515148e-08,1.2820367813110352,38,0.008022308349609375
dd cross,20,16.098370111202605,0.29997589572796335,10.363658451475203,33,0.011819839477539062
dd TTI,20,0.0025952089170576493,6.240369524480988e-06,1.288468360900879,78,0.008022308349609375
cross,26,1.512386046951233e-10,7.405324327039487e-13,97.49430627841502,29,0.0002664625644683838
TTI,26,3.340090633165532e-13,4.051281932941598e-15,2.127624034881592,31,0.00013044476509094238
d cross,26,0.00013044766872178526,7.153569359168154e-05,97.54237933177501,34,0.00040084123611450195
d TTTI,26,2.4035438188023713e-06,1.0808227357643852e-08,2.1265785694122314,38,0.00013044476509094238
dd cross,26,1024272.7010542698,2540.4315064415505,97.55110616702586,36,0.0004565417766571045
dd TTI,26,0.002634631855677493,3.651422652286271e-06,2.135802745819092,78,0.00013044476509094238
cross,21,1.7700460534033982e-10,7.712515989269147e-13,30.1303372932598,28,0.0035943984985351562
TTI,21,3.3501312218944353e-13,2.9993716277265255e-15,1.2811830043792725,30,0.004034996032714844
d cross,21,0.00012848921919068486,1.781468046771813e-06,30.692079360596836,32,0.005192756652832031
d TTTI,21,2.5864955250276314e-06,7.581355452372334e-09,1.2823069095611572,38,0.004034996032714844
dd cross,21,153.70734053600526,3.2809168202952197,30.153816039673984,34,0.006064414978027344
dd TTI,21,0.0026260369505086345,4.7479059734091545e-06,1.2895550727844238,78,0.004034996032714844
cross,22,1.7759209042055236e-10,7.59801768106504e-13,48.79660520888865,29,0.001865386962890625
TTI,22,3.33818512911268e-13,5.0459819974426175e-15,1.280843734741211,31,0.0020661354064941406
d cross,22,0.00023511925510376203,4.617398438772251e-06,48.90923629142344,33,0.002696514129638672
d TTTI,22,2.4468466046909494e-06,8.78892019457661e-09,1.281796932220459,38,0.0020661354064941406
dd cross,22,1034.8658716633477,9.113246723957866,48.82282886840403,35,0.003162860870361328
dd TTI,22,0.0026333046996086015,4.3861268674924205e-06,1.2896428108215332,78,0.0020661354064941406
cross,23,1.412607733292539e-10,6.412642284169842e-13,71.79074718337506,29,0.0009315013885498047
TTI,23,3.368324738434432e-13,6.059850450959695e-15,1.280419111251831,31,0.0010368824005126953
d cross,23,8.776211316601705e-05,2.1661808744610332e-06,71.90522672515363,33,0.0013592243194580078
d TTTI,23,2.4186209640846112e-06,8.424096763614701e-09,1.2828691005706787,38,0.0010368824005126953
dd cross,23,742.4212273220855,25.47950640505056,71.81522800307721,35,0.0015974044799804688
dd TTI,23,0.00263436967680469,3.339391220468231e-06,1.2886738777160645,78,0.0010368824005126953
cross,27,1.396566345471359e-10,7.733314654273429e-13,237.01959799509495,50,0.000471264123916626
TTI,27,3.3619001278584226e-13,3.2789949798808398e-15,2.12768292427063,31,6.535649299621582e-05
d cross,27,3.910716508527052e-05,2.4571517012946343e-05,237.14010404329747,57,0.000630304217338562
d TTTI,27,2.4040427821807477e-06,8.495579490517874e-09,2.131805181503296,38,6.535649299621582e-05
dd cross,27,3885976.524086098,7818.482636316957,237.15059565287083,59,0.0006798654794692993
dd TTI,27,0.0026358679574912417,4.2203879119902715e-06,2.1374363899230957,78,6.535649299621582e-05
cross,24,1.4230338197905e-10,1.0180107169523199e-12,175.7302656583488,30,0.0005526542663574219
TTI,24,3.3819069050912584e-13,5.396728386366475e-15,1.282088041305542,31,0.0005196332931518555
d cross,24,8.578765558736355e-05,7.127673241449787e-06,175.75622872635722,34,0.0008046627044677734
d TTTI,24,2.4121168570701007e-06,6.3877960613810335e-09,1.283736228942871,38,0.0005196332931518555
dd cross,24,7119.1833870298315,184.64873321409237,175.76283268257976,36,0.0009450912475585938
dd TTI,24,0.002634530649618771,5.179106124587943e-06,1.290163278579712,78,0.0005196332931518555
cross,25,1.464815832631368e-10,7.20862153794662e-13,142.79273302759975,30,0.0002797245979309082
TTI,25,3.355174995509121e-13,5.027600860316122e-15,1.2870478630065918,31,0.00026035308837890625
d cross,25,7.09153236678568e-05,2.4492558370222575e-05,142.82159621920437,35,0.0004534125328063965
d TTTI,25,2.4044975808446533e-06,9.08703673345022e-09,1.2882955074310303,38,0.00026035308837890625
dd cross,25,73982.12346356074,636.3936696394072,142.82872708048671,37,0.0005307197570800781
dd TTI,25,0.0026373474367493216,3.5350974708813083e-06,1.295551061630249,78,0.00026035308837890625
cross,26,1.4871920738036403e-10,8.11843478101458e-13,194.7719984613359,29,0.0002752244472503662
TTI,26,3.3541655180894113e-13,4.649128585606037e-15,1.2850899696350098,31,0.00013044476509094238
d cross,26,0.0002812407159146327,2.56295768105059e-05,194.82007437571883,35,0.0004035830497741699
d TTTI,26,2.408530565656101e-06,7.64690451269652e-09,1.2843127250671387,38,0.00013044476509094238
dd cross,26,528061.2502093023,3013.525970333944,194.82740097865462,37,0.00045928359031677246
dd TTI,26,0.00263419972705868,4.091620428105098e-06,1.2921206951141357,78,0.00013044476509094238
cross,28,1.4790823446660595e-10,8.035055193825583e-13,550.1771177183837,84,0.0004936084151268005
TTI,28,3.353943125346669e-13,3.8696146389103805e-15,2.135026693344116,31,3.288686275482178e-05
d cross,28,0.00025951216125107395,0.00028048107302991937,550.3798412214965,89,0.0006371736526489258
d TTTI,28,2.402806607798773e-06,1.0570564038965614e-08,2.1353180408477783,38,3.288686275482178e-05
dd cross,28,18877178.132238127,26301.268916049987,550.4103480707854,91,0.0006706193089485168
dd TTI,28,0.002636643301266496,4.816765140332363e-06,2.1448097229003906,79,3.288686275482178e-05
cross,19,1.407620043340294e-10,8.613266695314684e-13,5.067219170741737,27,0.013217926025390625
TTI,19,2.1896253359329386e-15,3.7689292246617316e-17,2.1199333667755127,29,0.0146331787109375
d cross,19,6.544129970613442e-06,9.163214483570265e-08,5.084325465373695,31,0.01886749267578125
d TTTI,19,4.247202510262087e-06,6.993564094052597e-09,2.1211295127868652,39,0.0146331787109375
dd cross,19,1.8632019949652616,0.01737720244585587,5.088187369517982,33,0.021900177001953125
dd TTI,19,0.0024471207204139677,4.630905094648779e-06,2.131625175476074,77,0.0146331787109375
cross,27,1.4553345893132248e-10,8.524330000246377e-13,263.5238723810762,57,0.0005193054676055908
TTI,27,3.3572921533670456e-13,4.443904802190657e-15,1.2862186431884766,31,6.535649299621582e-05
d cross,27,0.00018861197402073417,5.694734208693932e-05,263.65219665132463,62,0.00070171058177948
d TTTI,27,2.406577611041238e-06,1.1568339500836174e-08,1.2880487442016602,38,6.535649299621582e-05
dd cross,27,1913259.7560166507,10769.98222153808,263.6622240599245,64,0.0007529407739639282
dd TTI,27,0.0026362575098766742,3.3872152633134796e-06,1.2936468124389648,78,6.535649299621582e-05
cross,20,1.4703244596935568e-10,7.64177648320226e-13,9.266495939344168,27,0.0069065093994140625
TTI,20,3.235270887906205e-13,2.847867258513285e-15,2.1258492469787598,30,0.008022308349609375
d cross,20,3.915316711930399e-05,8.016265949681279e-07,9.284457679837942,31,0.009920120239257812
d TTTI,20,3.0343606903137508e-06,9.434858734401271e-09,2.128621816635132,38,0.008022308349609375
dd cross,20,22.254887713338196,0.37498685810030047,9.288267370313406,33,0.0115509033203125
dd TTI,20,0.0025924202340664735,3.701984704542351e-06,2.1377642154693604,78,0.008022308349609375
cross,21,1.5714984597694063e-10,7.48364061542954e-13,13.916996461339295,29,0.0036993026733398438
TTI,21,3.3584033612987023e-13,5.114097370349133e-15,2.135972738265991,30,0.004034996032714844
d cross,21,0.00010313765004541177,1.614017602928711e-06,13.936396819539368,33,0.005305290222167969
d TTTI,21,2.5845080283950976e-06,1.1876014260231877e-08,2.1424856185913086,38,0.004034996032714844
dd cross,21,119.89367127208634,2.4553421937720192,13.94098184723407,35,0.0061817169189453125
dd TTI,21,0.002626866923382296,2.845846524406242e-06,2.1550471782684326,78,0.004034996032714844
cross,22,1.916293561979254e-10,9.682163688477172e-13,23.600160338915884,29,0.0018935203552246094
TTI,22,3.3623617252103467e-13,2.7414883236057367e-15,2.1248815059661865,31,0.0020661354064941406
d cross,22,0.00023473751069950496,6.872615461445737e-06,23.622060754336417,33,0.002735614776611328
d TTTI,22,2.4443132922956335e-06,5.987803308660709e-09,2.125741958618164,38,0.0020661354064941406
dd cross,22,1120.974798112839,13.413437690008923,23.62616751436144,35,0.0032072067260742188
dd TTI,22,0.0026324936240863916,3.816608662729574e-06,2.134870767593384,78,0.0020661354064941406
cross,28,1.3916460914324065e-10,5.836691450075956e-13,189.3963361531496,66,0.000344298779964447
TTI,28,3.362173982952973e-13,5.253037221302961e-15,1.2901592254638672,31,3.288686275482178e-05
d cross,28,7.614056050734514e-07,1.4881520431571991e-06,189.55384381115437,72,0.00047632306814193726
d TTTI,28,2.400710983388472e-06,1.090262493168001e-08,1.2887725830078125,38,3.288686275482178e-05
dd cross,28,20158687.44362933,33139.2283161636,189.5743797570467,74,0.0005067065358161926
dd TTI,28,0.002636837487294902,4.4904917278735855e-06,1.2972416877746582,79,3.288686275482178e-05
cross,23,1.5184648374658684e-10,6.053680260767113e-13,126.99180871620774,29,0.000986337661743164
TTI,23,3.3679320762427e-13,6.527149189955069e-15,2.123385190963745,31,0.0010368824005126953
d cross,23,8.473265669166284e-05,4.536704835326985e-06,127.01369482651353,33,0.0014767646789550781
d TTTI,23,2.416150170756287e-06,8.525886659721828e-09,2.1245157718658447,38,0.0010368824005126953
dd cross,23,1253.5995367246237,42.445045637339476,127.01901060715318,35,0.0017282962799072266
dd TTI,23,0.0026370173949969286,3.1635880591717174e-06,2.1330251693725586,78,0.0010368824005126953
cross,19,1.4021599405779437e-10,8.652734951770761e-13,6.454182164743543,27,0.0139617919921875
TTI,19,2.1931932928145357e-15,4.684619265889629e-17,1.2768676280975342,29,0.0146331787109375
d cross,19,2.1298679076903148e-06,1.2314199842489579e-07,6.472308652475476,31,0.01985931396484375
d TTTI,19,4.245363949325351e-06,1.0279897046446837e-08,1.2785265445709229,39,0.0146331787109375
dd cross,19,0.6600669661682756,0.05859355393894384,6.4775629211217165,33,0.023021697998046875
dd TTI,19,0.00245293840102473,4.068249652970916e-06,1.2865192890167236,77,0.0146331787109375
cross,20,1.5302186168101414e-10,3.960796506823487e-13,41.13340448588133,30,0.0071735382080078125
TTI,20,3.2194228534009944e-13,5.287619278672445e-15,1.279616117477417,30,0.008022308349609375
d cross,20,3.104108130927627e-05,7.356600449466347e-07,41.15303968638182,34,0.010232925415039062
d TTTI,20,3.0349170223861366e-06,1.2080871485967034e-08,1.2806286811828613,38,0.008022308349609375
dd cross,20,22.026532725893283,0.45935691235198217,41.15642856806517,36,0.011877059936523438
dd TTI,20,0.0025956089960086073,2.4116574564917725e-06,1.289987325668335,78,0.008022308349609375
cross,24,1.5941113268186982e-10,1.1491749413496956e-12,169.73269965872169,29,0.0005676746368408203
TTI,24,3.358842395043543e-13,2.084395070636601e-15,2.1309890747070312,31,0.0005196332931518555
d cross,24,5.357103952566294e-05,1.9098146316940378e-05,169.76118471845984,33,0.0008287429809570312
d TTTI,24,2.405030572794711e-06,7.89754132757811e-09,2.132272243499756,38,0.0005196332931518555
dd cross,24,49865.858694287264,650.5723969631902,169.76368429884315,35,0.0009726285934448242
dd TTI,24,0.0026358139421732213,3.93283748247473e-06,2.1376538276672363,78,0.0005196332931518555
cross,21,1.4482859628947397e-10,7.274272094540811e-13,14.859830647706985,31,0.0037212371826171875
TTI,21,3.352160266175394e-13,3.6496234830328764e-15,1.2814862728118896,30,0.004034996032714844
d cross,21,4.9099490670636234e-05,8.382210886091271e-07,14.878260642290115,35,0.0053272247314453125
d TTTI,21,2.585245104170163e-06,1.5422179703837264e-08,1.2840592861175537,38,0.004034996032714844
dd cross,21,59.66224980366977,0.7767022062766217,14.884002715349197,37,0.006201744079589844
dd TTI,21,0.0026258358774509916,3.967593063875166e-06,1.290175437927246,78,0.004034996032714844
cross,22,1.421750574470251e-10,5.303491826158787e-13,22.38263302575797,29,0.0018792152404785156
TTI,22,3.35263172685145e-13,3.4212823271484866e-15,1.282869815826416,31,0.0020661354064941406
d cross,22,3.533316043532064e-05,1.00993340020601e-06,22.40412741433829,33,0.0027179718017578125
d TTTI,22,2.4511078396771193e-06,8.140501383511422e-09,1.282867670059204,38,0.0020661354064941406
dd cross,22,95.1732022601869,2.0994196846870263,22.406453187577426,35,0.0031881332397460938
dd TTI,22,0.0026334094201441545,3.949921917367338e-06,1.2930004596710205,78,0.0020661354064941406
cross,25,1.5325864005664301e-10,6.917057110807234e-13,129.20901645999402,29,0.00038892030715942383
TTI,25,3.3708639688524375e-13,5.41555823016719e-15,2.130218505859375,31,0.00026035308837890625
d cross,25,0.00019154777603966127,8.943473530273236e-06,129.2459629951045,33,0.0005968809127807617
d TTTI,25,2.4044918118414057e-06,7.142529183371387e-09,2.1256790161132812,38,0.00026035308837890625
dd cross,25,125501.6595620024,813.3871099403758,129.2512060580775,35,0.0006902813911437988
dd TTI,25,0.0026360064654949696,5.590912212822365e-06,2.1342501640319824,78,0.00026035308837890625
cross,23,1.421858235331287e-10,8.555668449516844e-13,125.78309582173824,29,0.0009219646453857422
TTI,23,3.346712883049812e-13,5.065705178338119e-15,1.2784240245819092,31,0.0010368824005126953
d cross,23,8.353855330896397e-05,4.20815745850458e-06,125.91276262700558,33,0.0013442039489746094
d TTTI,23,2.4133964245114133e-06,5.769735874868028e-09,1.2812848091125488,38,0.0010368824005126953
dd cross,23,876.9924999317266,30.173130236817855,125.809246763587,35,0.0015799999237060547
dd TTI,23,0.002635715894250463,3.975775402950689e-06,1.2877373695373535,78,0.0010368824005126953
cross,24,1.4424301547476344e-10,5.488293388462675e-13,174.655849551782,30,0.0005065202713012695
TTI,24,3.370146601100358e-13,3.1218131269379567e-15,1.2801580429077148,31,0.0005196332931518555
d cross,24,0.00014692701965723516,5.773511125888627e-06,174.68135342560709,34,0.0007432699203491211
d TTTI,24,2.4057701255712812e-06,8.19696359290314e-09,1.2822256088256836,38,0.0005196332931518555
dd cross,24,9461.375805761307,101.8305033669966,174.68616685830057,36,0.0008744001388549805
dd TTI,24,0.00263563771443764,3.58785140418148e-06,1.2903416156768799,78,0.0005196332931518555
cross,25,1.4539306329323994e-10,9.28161108008283e-13,141.15618098061532,29,0.00035816431045532227
TTI,25,3.381198278975125e-13,3.47652275833585e-15,1.287214994430542,31,0.00026035308837890625
d cross,25,0.0001864591419976676,9.940671078340268e-06,141.32204783242196,33,0.000546872615814209
d TTTI,25,2.4046910431275626e-06,7.271263730982766e-09,1.28712797164917,38,0.00026035308837890625
dd cross,25,59262.90206822801,559.6168310602985,141.1981951026246,35,0.000632166862487793
dd TTI,25,0.002635533671951253,4.911550828216824e-06,1.2933604717254639,78,0.00026035308837890625
cross,26,1.4745184813077865e-10,8.706547599718228e-13,473.6062258556485,61,0.001011878252029419
TTI,26,3.377971604243812e-13,3.5515612470308473e-15,2.126570463180542,31,0.00013044476509094238
d cross,26,0.0002679670853808337,1.9064341238179954e-05,473.7693907096982,65,0.0012626945972442627
d TTTI,26,2.4032958083992833e-06,7.240535308703265e-09,2.1262223720550537,38,0.00013044476509094238
dd cross,26,435156.29752331664,1598.989380189147,473.78659976273775,67,0.0013561248779296875
dd TTI,26,0.0026341693116392418,3.1115111780924734e-06,2.1365716457366943,78,0.00013044476509094238
cross,26,2.684913865831711e-10,2.605833527499029e-12,93.61217843275517,43,0.0005643963813781738
TTI,26,3.365376423437005e-13,4.29859324668309e-15,1.2842178344726562,31,0.00013044476509094238
d cross,26,0.0003375870774802309,5.560637770757978e-05,93.69175468664616,47,0.0007537901401519775
d TTTI,26,2.4045918138383937e-06,8.509663739929362e-09,1.287590503692627,38,0.00013044476509094238
dd cross,26,2324349.3628157205,11739.494908592522,93.69965110998601,49,0.0008257925510406494
dd TTI,26,0.0026378016792042804,3.6130120706198705e-06,1.2917811870574951,78,0.00013044476509094238
cross,27,1.3968973573223245e-10,4.1253977033723145e-13,123.0819942029193,61,0.0005570948123931885
TTI,27,3.362029061746699e-13,3.3848894305434283e-15,2.128405809402466,31,6.535649299621582e-05
d cross,27,2.787273600317898e-07,2.2628631412890652e-07,123.21046724636108,65,0.0007364600896835327
d TTTI,27,2.401562757944427e-06,1.065252767058021e-08,2.1296114921569824,38,6.535649299621582e-05
dd cross,27,4271328.749425514,10186.384139051563,123.22153249103576,67,0.0007889717817306519
dd TTI,27,0.002635020689865517,3.490175569836292e-06,2.136698007583618,78,6.535649299621582e-05
cross,27,1.3933990556452225e-10,7.244316452545691e-13,128.005085747689,59,0.0005037784576416016
TTI,27,3.358199709952085e-13,3.730614408931597e-15,1.2861328125,31,6.535649299621582e-05
d cross,27,8.352656642223615e-06,3.4794108381217197e-06,128.12275103852153,63,0.0006519854068756104
d TTTI,27,2.4062039920933024e-06,1.032711044192972e-08,1.2846291065216064,38,6.535649299621582e-05
dd cross,27,4205234.362209183,6567.901280631674,128.13504318520427,65,0.0007012486457824707
dd TTI,27,0.002633322010818202,3.4403948631653233e-06,1.293013572692871,78,6.535649299621582e-05
cross,28,1.3987319972594993e-10,7.573502380758969e-13,532.7109032990411,74,0.00040683895349502563
TTI,28,3.362131605986689e-13,2.7341413730031434e-15,1.2947893142700195,31,3.288686275482178e-05
d cross,28,2.668649827542126e-05,2.503139128337833e-05,532.907767903991,79,0.0005400106310844421
d TTTI,28,2.4037477330517107e-06,9.960218839205237e-09,1.2909393310546875,38,3.288686275482178e-05
dd cross,28,18206353.542543206,28539.24158422681,532.9253636719659,81,0.0005722865462303162
dd TTI,28,0.0026380367192609536,3.884817647990566e-06,1.2990453243255615,79,3.288686275482178e-05
cross,19,1.4044207982656284e-10,7.593311923749784e-13,6.723475443199277,27,0.013309478759765625
TTI,19,2.1736749947909443e-15,1.2369370880015004e-17,1.2743017673492432,29,0.0146331787109375
d cross,19,6.744503213130928e-06,7.461134574998126e-08,6.740699993446469,31,0.01902008056640625
d TTTI,19,4.244228124727014e-06,1.173548397021643e-08,1.2774972915649414,39,0.0146331787109375
dd cross,19,1.9037658077666808,0.025014541031178904,6.74511288292706,33,0.022083282470703125
dd TTI,19,0.0024487727339746286,3.6440801929334224e-06,1.2856006622314453,77,0.0146331787109375
cross,28,1.397461942279714e-10,9.791557733842412e-13,803.0655394243076,88,0.0005894079804420471
TTI,28,3.356288688641924e-13,5.800759161117058e-15,2.127469301223755,31,3.288686275482178e-05
d cross,28,5.881142253876952e-06,1.5884474904277164e-05,803.374898259528,93,0.0007606521248817444
d TTTI,28,2.402208870046007e-06,9.756401870391785e-09,2.1317813396453857,38,3.288686275482178e-05
dd cross,28,19353014.830291856,29504.928451386648,803.360659901984,95,0.0007973611354827881
dd TTI,28,0.0026366655047791085,4.114302656287002e-06,2.1357898712158203,79,3.288686275482178e-05
cross,20,1.6653516153866469e-10,6.571241376138654e-13,68.54176658205688,30,0.0071392059326171875
TTI,20,3.223809625462397e-13,3.836457365164162e-15,1.2773528099060059,30,0.008022308349609375
d cross,20,4.1272393958058776e-05,1.0891502100032794e-06,68.5600129943341,34,0.010168075561523438
d TTTI,20,3.0459986025324508e-06,1.1391243628031436e-08,1.280937910079956,38,0.008022308349609375
dd cross,20,24.357775170258787,0.5871749693416236,68.563432155177,36,0.011800765991210938
dd TTI,20,0.00259484096700629,4.749363707519293e-06,1.28926420211792,78,0.008022308349609375
cross,19,3.369401790309206e-11,3.434043351332764e-13,5.438202167861164,27,0.013423919677734375
TTI,19,2.1733600665808546e-15,1.814551025102545e-17,2.1202051639556885,29,0.0146331787109375
d cross,19,1.4346604921872884e-05,2.547878150004378e-07,5.455461527220905,31,0.018985748291015625
d TTTI,19,4.242359179805838e-06,1.1555381080810145e-08,2.1266658306121826,39,0.0146331787109375
dd cross,19,4.342891801397618,0.05923396477660239,5.460337902419269,33,0.022243499755859375
dd TTI,19,0.0024514696027003644,3.434926528769619e-06,2.1704063415527344,77,0.0146331787109375
cross,21,3.741065864186551e-10,4.993867934747592e-12,13.891250758431852,27,0.0035924911499023438
TTI,21,3.366219487644796e-13,2.0729616435747506e-15,1.2798280715942383,30,0.004034996032714844
d cross,21,3.3669004284085374e-05,5.864962046124721e-06,13.911291747353971,31,0.005190849304199219
d TTTI,21,2.5798261655133623e-06,1.1015513664108112e-08,1.2791738510131836,38,0.004034996032714844
dd cross,21,93.87821999009778,11.509016252091262,13.91692843940109,33,0.006064414978027344
dd TTI,21,0.0026256713980091517,3.950206856665326e-06,1.290057897567749,78,0.004034996032714844
cross,20,1.4373191609580057e-10,5.780115215355521e-13,8.123940858989954,27,0.007038116455078125
TTI,20,3.222286401167247e-13,6.0287615201843405e-15,2.1220667362213135,30,0.008022308349609375
d cross,20,2.9451155115332193e-05,4.4794404574752863e-07,8.143007669597864,31,0.010112762451171875
d TTTI,20,3.0450276940817213e-06,1.0773671894380013e-08,2.1253645420074463,38,0.008022308349609375
dd cross,20,16.51996994712209,0.28447376767814203,8.147836361080408,33,0.011774063110351562
dd TTI,20,0.0025930554084350518,2.9192180913244043e-06,2.1340157985687256,78,0.008022308349609375
cross,22,1.4949759652418638e-10,7.429911376273818e-13,20.94521440565586,30,0.0019373893737792969
TTI,22,3.366276202889755e-13,3.3925289737280838e-15,1.284733533859253,31,0.0020661354064941406
d cross,22,3.356793615252677e-05,3.845074762382292e-06,21.078957214951515,34,0.0027937889099121094
d TTTI,22,2.447585320358153e-06,1.197043289969827e-08,1.2820947170257568,38,0.0020661354064941406
dd cross,22,174.73776831247642,14.852955888324665,20.970428362488747,36,0.0032629966735839844
dd TTI,22,0.0026331731798205885,2.487504595934988e-06,1.2911291122436523,78,0.0020661354064941406
cross,21,1.5013611711594535e-10,5.384239522916625e-13,30.501804233528674,29,0.0035886764526367188
TTI,21,3.3380553614859137e-13,2.7598839087310394e-15,2.120084524154663,30,0.004034996032714844
d cross,21,3.341120978104451e-05,1.7314938680203422e-06,30.520862222649157,33,0.005187034606933594
d TTTI,21,2.5805944936728963e-06,1.0237707335038115e-08,2.125123977661133,38,0.004034996032714844
dd cross,21,53.63154197744287,3.128256748516681,30.52403771970421,35,0.0060577392578125
dd TTI,21,0.0026271273374141625,3.918486749104397e-06,2.1311521530151367,78,0.004034996032714844
cross,23,1.4674742365561304e-10,7.678110048595161e-13,66.93978458922356,29,0.0009131431579589844
TTI,23,3.365581712517841e-13,3.420500559683628e-15,1.2826857566833496,31,0.0010368824005126953
d cross,23,0.00012492093873594834,2.515705668712445e-06,66.95922166388482,33,0.0013427734375
d TTTI,23,2.411108952916297e-06,1.2520646629658122e-08,1.2825546264648438,38,0.0010368824005126953
dd cross,23,1229.2439396092243,25.56139700782658,66.96386081259698,35,0.0015804767608642578
dd TTI,23,0.0026347706095666778,3.1447744224728173e-06,1.289952278137207,78,0.0010368824005126953
cross,22,1.6191016970065672e-10,8.572369931136953e-13,23.654281202703714,29,0.0018129348754882812
TTI,22,3.3604687981528e-13,3.5303160975142536e-15,2.1383140087127686,31,0.0020661354064941406
d cross,22,4.547431881183108e-05,6.416635884697616e-06,23.67476612702012,33,0.00263214111328125
d TTTI,22,2.4509300559353048e-06,1.0648062941276403e-08,2.131019115447998,38,0.0020661354064941406
dd cross,22,394.9011581192782,26.472420519780293,23.678806845098734,35,0.0030922889709472656
dd TTI,22,0.002632072397135987,5.144355925087739e-06,2.138730049133301,78,0.0020661354064941406
cross,24,1.619972548485382e-10,8.593861679632152e-13,170.50107903871685,28,0.000492095947265625
TTI,24,3.36529777073135e-13,5.9489960143300845e-15,1.2836806774139404,31,0.0005196332931518555
d cross,24,0.00014619253387465034,1.8778408456545004e-05,170.5228161374107,32,0.0007202625274658203
d TTTI,24,2.4057826727710208e-06,1.0653763313042262e-08,1.2817776203155518,38,0.0005196332931518555
dd cross,24,48007.97518132195,840.5166232850243,170.52774734888226,34,0.0008473396301269531
dd TTI,24,0.0026352211969610283,2.617328050200457e-06,1.2911193370819092,78,0.0005196332931518555
cross,23,1.7029428583509068e-10,7.874913962815784e-13,207.68369285017252,29,0.0009620189666748047
TTI,23,3.360320383083692e-13,3.1057660322610867e-15,2.125115394592285,31,0.0010368824005126953
d cross,23,0.00031142608432683654,1.1359142463836303e-05,207.70803204923868,33,0.0014107227325439453
d TTTI,23,2.4143561443109833e-06,6.834342527444699e-09,2.126768112182617,38,0.0010368824005126953
dd cross,23,8168.137688943915,62.40096870503761,207.71146861463785,35,0.001659393310546875
dd TTI,23,0.002635253557542959,3.7999637805944655e-06,2.1361241340637207,78,0.0010368824005126953
cross,25,1.528878592489137e-10,1.2613558060392961e-12,66.37977574486285,29,0.00028330087661743164
TTI,25,3.375192411243333e-13,6.714128994825667e-15,1.2879626750946045,31,0.00026035308837890625
d cross,25,9.045024438709636e-05,4.170700470816369e-05,66.40860055107623,34,0.0004455447196960449
d TTTI,25,2.3995402610684164e-06,5.989970549723436e-09,1.288583517074585,38,0.00026035308837890625
dd cross,25,171955.1677671265,615.2574821593313,66.41257665771991,36,0.000522911548614502
dd TTI,25,0.002635549736119022,4.473745482185407e-06,1.2943599224090576,78,0.00026035308837890625
cross,24,1.4161128611290296e-10,6.968630910316008e-13,96.86269684042782,30,0.0005646944046020508
TTI,24,3.3484454472372044e-13,5.658349660854486e-15,2.128432035446167,31,0.0005196332931518555
d cross,24,8.954716197726098e-05,3.588891561815581e-06,96.8886239072308,34,0.0008287429809570312
d TTTI,24,2.4063291534530605e-06,8.951940006983728e-09,2.1262450218200684,38,0.0005196332931518555
dd cross,24,7472.72923013404,119.26054083532463,96.89521689619869,36,0.0009720325469970703
dd TTI,24,0.0026347035854021074,3.4513522257251935e-06,2.139141798019409,78,0.0005196332931518555
cross,26,1.546226790857159e-10,1.3370832914261719e-12,94.12645785138011,30,0.0001856982707977295
TTI,26,3.3760563574793444e-13,4.343139575010106e-15,1.284862756729126,31,0.00013044476509094238
d cross,26,0.0005590079198986783,2.9024449761230495e-05,94.16237584874034,35,0.0002859532833099365
d TTTI,26,2.406841756316898e-06,6.888493371510818e-09,1.2847990989685059,38,0.00013044476509094238
dd cross,26,660855.1033135627,1070.0146274823337,94.16758744046092,37,0.0003320276737213135
dd TTI,26,0.0026366656347142476,4.75542535797814e-06,1.2927143573760986,78,0.00013044476509094238
cross,25,1.6200609515453313e-10,6.668199467375076e-13,127.80674330051988,29,0.0003154277801513672
TTI,25,3.3491030374796596e-13,4.137347419752703e-15,2.126316785812378,31,0.00026035308837890625
d cross,25,0.00025256124190759123,1.5840538315598604e-05,127.84043399151415,33,0.0004920363426208496
d TTTI,25,2.4005609091820184e-06,7.250115662286501e-09,2.12652850151062,38,0.00026035308837890625
dd cross,25,130878.57605047149,541.7316229834364,127.84540764149278,35,0.0005751848220825195
dd TTI,25,0.002634808332036811,3.091211208236311e-06,2.1335270404815674,78,0.00026035308837890625
cross,26,2.782499734014589e-10,3.0277414180593325e-12,482.1359240245074,53,0.0008565783500671387
TTI,26,3.342364697150781e-13,3.1590660228520747e-15,2.1318130493164062,31,0.00013044476509094238
d cross,26,0.00037501255531671436,4.1023811215888365e-05,482.26610295288265,60,0.0011102855205535889
d TTTI,26,2.3991903845382845e-06,8.177336817437805e-09,2.1304056644439697,38,0.00013044476509094238
dd cross,26,2057263.981174577,11804.670246558624,482.27066747657955,62,0.001201540231704712
dd TTI,26,0.0026380717373999706,4.1908721243938865e-06,2.1415300369262695,78,0.00013044476509094238
cross,27,1.3980915994645092e-10,1.0479113932194017e-12,638.1515784999356,80,0.0008509606122970581
TTI,27,3.32323581884336e-13,2.373539200244565e-15,1.2866864204406738,31,6.535649299621582e-05
d cross,27,1.5469960340925506e-05,2.1709091795474052e-05,638.3464470645413,85,0.0010723769664764404
d TTTI,27,2.405923295980942e-06,1.0800979337669087e-08,1.2848527431488037,38,6.535649299621582e-05
dd cross,27,3921781.4473238485,12112.647641985566,638.3574720164761,87,0.0011351555585861206
dd TTI,27,0.0026332083157105447,3.241653766469383e-06,1.2937655448913574,78,6.535649299621582e-05
cross,27,1.64503302912247e-10,9.962930314428455e-13,128.43070331495255,36,0.00024797022342681885
TTI,27,3.373395512919284e-13,2.644419998234125e-15,2.134734869003296,31,6.535649299621582e-05
d cross,27,0.00010332296967869862,6.879455671385558e-05,128.5160607425496,40,0.00035984814167022705
d TTTI,27,2.403072347638845e-06,1.0917201359616817e-08,2.1321523189544678,38,6.535649299621582e-05
dd cross,27,12791339.104678342,29663.902100434156,128.5266672698781,42,0.00039814412593841553
dd TTI,27,0.002638142665319724,5.479640038403195e-06,2.141225814819336,78,6.535649299621582e-05
cross,28,1.4829679137605684e-10,1.3874829081129714e-12,345.88644945342094,66,0.0003602132201194763
TTI,28,3.358009859196021e-13,3.3027807665686837e-15,1.2930395603179932,31,3.288686275482178e-05
d cross,28,0.0001483528946651545,8.351759563874256e-06,346.0518630715087,71,0.0004963800311088562
d TTTI,28,2.402309257228743e-06,8.386818076762881e-09,1.287635087966919,38,3.288686275482178e-05
dd cross,28,16695961.12780191,19250.244079332024,346.0744839878753,73,0.0005274638533592224
dd TTI,28,0.0026385546962760884,4.517022508882611e-06,1.2975986003875732,79,3.288686275482178e-05
cross,19,1.404500991823254e-10,9.090490532135067e-13,13.739173307083547,27,0.014232635498046875
TTI,19,2.1788581155482485e-15,3.419315334993213e-17,1.2803618907928467,29,0.0146331787109375
d cross,19,6.784078055731878e-06,9.860253674490761e-08,14.97670544590801,31,0.020130157470703125
d TTTI,19,4.247171370335296e-06,1.6345925196658196e-08,1.2785146236419678,39,0.0146331787109375
dd cross,19,1.892918344713968,0.01352991275657425,13.761446370743215,33,0.02329254150390625
dd TTI,19,0.0024519611119936486,6.040877779733255e-06,1.289334774017334,77,0.0146331787109375
cross,20,1.450100360222976e-10,7.642018519524824e-13,41.06015677936375,28,0.006809234619140625
TTI,20,3.233892709351502e-13,4.501572520467895e-15,1.2795672416687012,30,0.008022308349609375
d cross,20,1.942495054710847e-05,3.139234875508565e-07,41.07960362918675,32,0.009807586669921875
d TTTI,20,3.0390515354409386e-06,1.2944458924165591e-08,1.282275676727295,38,0.008022308349609375
dd cross,20,12.083059274429642,0.2672868154693611,41.0839314032346,34,0.0114288330078125
dd TTI,20,0.002597435166658844,3.8127343538649887e-06,1.2890310287475586,78,0.008022308349609375
cross,28,1.4053970439953865e-10,7.530649935056188e-13,316.89927586726844,69,0.00039634108543395996
TTI,28,3.3522261630150314e-13,2.638452579930156e-15,2.1306190490722656,31,3.288686275482178e-05
d cross,28,1.966208100932849e-05,1.401843381609448e-05,317.1929412763566,74,0.0005451813340187073
d TTTI,28,2.405323867371502e-06,1.4837866043533643e-08,2.134960651397705,38,3.288686275482178e-05
dd cross,28,18588925.680520076,37977.26758389453,317.1307521741837,76,0.0005777552723884583
dd TTI,28,0.0026366359095986013,6.031412034078725e-06,2.1398940086364746,79,3.288686275482178e-05
cross,21,1.7584529745486836e-10,1.0575889063143106e-12,17.737415552139282,29,0.003566741943359375
TTI,21,3.3490165313449785e-13,3.2974395737381423e-15,1.280959129333496,30,0.004034996032714844
d cross,21,0.00012493910121686843,1.8758968762251359e-06,17.7583270072937,33,0.00514984130859375
d TTTI,21,2.5779465448825077e-06,7.3411221300417525e-09,1.2902114391326904,38,0.004034996032714844
dd cross,21,150.91756916023843,3.84967247685315,17.761603593826294,35,0.006011009216308594
dd TTI,21,0.00262700977474101,4.662246426989958e-06,1.290419101715088,78,0.004034996032714844
cross,19,1.521245676479452e-10,4.3722542090433993e-13,27.894077169708908,29,0.014080047607421875
TTI,19,2.1648941474364375e-15,1.1381685629120037e-17,2.124387741088867,29,0.0146331787109375
d cross,19,1.2691297215695654e-05,8.397007082193422e-07,27.919481384567916,33,0.0198822021484375
d TTTI,19,4.250469471833469e-06,1.0462920068620341e-08,2.1281521320343018,39,0.0146331787109375
dd cross,19,6.4068935959818445,0.2009968221848802,27.92125283461064,35,0.022983551025390625
dd TTI,19,0.002450667952778583,5.322613774303088e-06,2.137702465057373,77,0.0146331787109375
cross,22,1.6884935445468567e-10,1.0233444555216607e-12,24.423090597614646,29,0.0018258094787597656
TTI,22,3.373877927294276e-13,3.812132318838971e-15,1.280097246170044,31,0.0020661354064941406
d cross,22,0.00013717272944850797,4.490728370498303e-06,24.52099027298391,33,0.0026493072509765625
d TTTI,22,2.4493470499553213e-06,9.433163971334322e-09,1.2825472354888916,38,0.0020661354064941406
dd cross,22,598.2192127003682,35.116561376374136,24.44867124222219,35,0.0031118392944335938
dd TTI,22,0.002633950545122787,3.43047661978942e-06,1.2896106243133545,78,0.0020661354064941406
cross,20,1.5638031238597023e-10,4.884161298790093e-13,74.72036918625236,29,0.0069675445556640625
TTI,20,3.2461157019353333e-13,3.940184863289192e-15,2.1302151679992676,30,0.008022308349609375
d cross,20,3.262802966702769e-05,8.245866527789983e-07,76.19645747169852,33,0.009965896606445312
d TTTI,20,3.0383565502576227e-06,5.62886604546408e-09,2.129034996032715,38,0.008022308349609375
dd cross,20,24.406644501337855,0.6388881009265871,74.74514373764396,35,0.011585235595703125
dd TTI,20,0.0025930196777096603,4.926965853862217e-06,2.1399497985839844,78,0.008022308349609375
cross,23,1.6099366753158884e-10,1.1171264932574958e-12,35.74020844884217,29,0.0009338855743408203
TTI,23,3.3815659845612767e-13,4.982760314208396e-15,1.286435842514038,31,0.0010368824005126953
d cross,23,9.119398950851605e-05,1.0172951573976068e-05,35.76347500272095,33,0.001424551010131836
d TTTI,23,2.4141922029569435e-06,9.401126863694325e-09,1.2871463298797607,38,0.0010368824005126953
dd cross,23,4622.9001593059265,131.41423977290987,35.767818512395024,35,0.0016689300537109375
dd TTI,23,0.002635866310814802,3.048795514781727e-06,1.2967779636383057,78,0.0010368824005126953
cross,21,1.5414299343562202e-10,9.523218032234473e-13,36.73452364932746,30,0.0036468505859375
TTI,21,3.353471824699488e-13,3.1587799196168826e-15,2.1221539974212646,30,0.004034996032714844
d cross,21,0.0001231984362254298,3.246764354476433e-06,37.52694308292121,34,0.005237579345703125
d TTTI,21,2.5815128143222552e-06,6.5292638036749945e-09,2.1250216960906982,38,0.004034996032714844
dd cross,21,144.57040469842488,1.8578321022699922,36.7646106434986,36,0.006103515625
dd TTI,21,0.0026256545405030874,4.371655106612141e-06,2.1341655254364014,78,0.004034996032714844
cross,24,1.4037232023049284e-10,7.131070383224699e-13,190.72890404984355,31,0.0006463527679443359
TTI,24,3.378980877463134e-13,4.78885733661105e-15,1.2853107452392578,31,0.0005196332931518555
d cross,24,2.144182106282639e-05,7.133536555254037e-06,190.76343588158488,35,0.0009294748306274414
d TTTI,24,2.4077771351608547e-06,6.765292918111822e-09,1.2854423522949219,38,0.0005196332931518555
dd cross,24,5218.536464283273,215.33232669138178,190.7648172788322,37,0.0010819435119628906
dd TTI,24,0.0026367411106819564,3.5741930597464443e-06,1.293147087097168,78,0.0005196332931518555
cross,22,1.410950543129803e-10,3.5220006448875943e-13,24.654863672330976,29,0.0018601417541503906
TTI,22,3.374130159431846e-13,4.7213283952869206e-15,2.132193088531494,31,0.0020661354064941406
d cross,22,1.962143729368214e-05,5.471502065635013e-07,24.67857869155705,33,0.0026836395263671875
d TTTI,22,2.450259724456998e-06,7.352936928061589e-09,2.135226249694824,38,0.0020661354064941406
dd cross,22,66.289464555752,8.200216547783477,24.68242915160954,35,0.0031461715698242188
dd TTI,22,0.00263199592719203,3.947587533369249e-06,2.143742561340332,78,0.0020661354064941406
cross,25,1.5418153208992222e-10,9.173802496873783e-13,75.08640279434621,30,0.0003058910369873047
TTI,25,3.345657103984096e-13,5.530864466673547e-15,1.2889862060546875,31,0.00026035308837890625
d cross,25,0.00019189226783920032,1.2151323710962081e-05,75.11911334656179,35,0.0004760622978210449
d TTTI,25,2.4064385304048853e-06,7.86987550218014e-09,1.2876472473144531,38,0.00026035308837890625
dd cross,25,123301.50481400736,335.2753061996932,75.12364759109914,37,0.0005556344985961914
dd TTI,25,0.0026367244381323264,3.9045606568416884e-06,1.293611764907837,78,0.00026035308837890625
cross,23,1.89249940439131e-10,8.914808980193759e-13,227.24573545902967,29,0.0010149478912353516
TTI,23,3.3825735675455887e-13,3.9008387492533754e-15,2.141212224960327,31,0.0010368824005126953
d cross,23,0.00034497215370620003,8.444792601286335e-06,227.27714519947767,33,0.0014812946319580078
d TTTI,23,2.4107013788776195e-06,6.746870643462177e-09,2.1417086124420166,38,0.0010368824005126953
dd cross,23,10061.257284132887,91.07508947696158,227.28352194279432,35,0.001739501953125
dd TTI,23,0.0026362608126325173,3.3639394176128303e-06,2.148142099380493,78,0.0010368824005126953
cross,26,1.4079299209698104e-10,6.37941382357991e-13,112.65017102565616,47,0.0007011294364929199
TTI,26,3.3636720610780573e-13,3.0574707731545804e-15,1.2887303829193115,31,0.00013044476509094238
d cross,26,9.108281737514915e-06,1.0242611534908808e-05,112.74609587993473,51,0.0009066462516784668
d TTTI,26,2.404134014286854e-06,1.004509175645671e-08,1.290579080581665,38,0.00013044476509094238
dd cross,26,581299.0077919608,2300.492107843194,112.75300024356693,53,0.0009859800338745117
dd TTI,26,0.002636305955605601,2.757748897663781e-06,1.3032591342926025,78,0.00013044476509094238
cross,24,1.672222630752715e-10,7.198246852210037e-13,108.92946083005518,30,0.00048089027404785156
TTI,24,3.3622144912946383e-13,5.301903828804722e-15,2.1475636959075928,31,0.0005196332931518555
d cross,24,0.00040471944971127283,2.685076502554014e-05,109.20625383313745,34,0.0007065534591674805
d TTTI,24,2.4129199361513603e-06,8.032431740979046e-09,2.1452417373657227,38,0.0005196332931518555
dd cross,24,59168.490967035104,169.65543392064964,108.96390349324793,36,0.0008339881896972656
dd TTI,24,0.0026373500671013675,2.3873551439030166e-06,2.1533381938934326,78,0.0005196332931518555
cross,25,1.553713220836995e-10,8.257226339347044e-13,251.93472731858492,29,0.0004291534423828125
TTI,25,3.3634047993150574e-13,4.538830938207334e-15,2.16361141204834,31,0.00026035308837890625
d cross,25,0.00023812984322922753,2.52125165571779e-05,251.9833504036069,35,0.0006821751594543457
d TTTI,25,2.404362309078142e-06,5.742755303388076e-09,2.165741443634033,38,0.00026035308837890625
dd cross,25,121056.70463236775,576.7205827725415,251.98836816102266,37,0.0007801055908203125
dd TTI,25,0.0026356439541867106,2.9463964040183547e-06,2.1844494342803955,78,0.00026035308837890625
cross,27,1.449527371984935e-10,5.198836702742154e-13,708.4512843117118,77,0.0007718205451965332
TTI,27,3.3675077882038394e-13,4.281629405870686e-15,1.2909820079803467,31,6.535649299621582e-05
d cross,27,7.868575273413113e-05,0.00010992236003264384,710.6704291328788,81,0.000979408621788025
d TTTI,27,2.4017147803242807e-06,7.0952940386074625e-09,1.2920255661010742,38,6.535649299621582e-05
dd cross,27,4019219.73669817,5289.195482844558,708.6486588940024,83,0.0010396242141723633
dd TTI,27,0.002635801545865968,3.372065099422168e-06,1.2975292205810547,78,6.535649299621582e-05
cross,26,1.481448543037474e-10,5.252069981999515e-13,536.014896793291,51,0.0007725954055786133
TTI,26,3.3466746323924327e-13,4.537716099157088e-15,2.138007640838623,31,0.00013044476509094238
d cross,26,0.0005621685822834547,4.296024878237824e-05,538.3829104136676,56,0.0009945333003997803
d TTTI,26,2.400609020399393e-06,7.496503992939762e-09,2.1395184993743896,38,0.00013044476509094238
dd cross,26,608270.2799685437,1633.371605901934,536.1418830584735,58,0.0010813474655151367
dd TTI,26,0.0026354829889959864,4.3932714933168545e-06,2.147317409515381,78,0.00013044476509094238
cross,28,1.4073255060577075e-10,5.509845019292418e-13,232.48144180048257,58,0.00027651339769363403
TTI,28,3.3644255595415574e-13,4.603713950687198e-15,1.2972233295440674,31,3.288686275482178e-05
d cross,28,2.89388655358071e-05,3.55186109483082e-05,232.62457997072488,63,0.00038123875856399536
d TTTI,28,2.4052505007663303e-06,6.664069082775354e-09,1.293933391571045,38,3.288686275482178e-05
dd cross,28,18351326.14125266,28236.634497302326,232.6525235818699,65,0.00040881335735321045
dd TTI,28,0.0026355088680423116,3.5887999691685376e-06,1.3012523651123047,79,3.288686275482178e-05
cross,19,1.5044719651468518e-10,7.118401380100567e-13,7.631189768202603,27,0.013393402099609375
TTI,19,2.1777455275236737e-15,3.0415684299299124e-17,1.2823474407196045,29,0.0146331787109375
d cross,19,2.3649607620205107e-05,2.973705231203335e-07,7.650275413878262,31,0.019107818603515625
d TTTI,19,4.2485922626080625e-06,1.4102998446961535e-08,1.2846405506134033,39,0.0146331787109375
dd cross,19,8.596211280781898,0.1664040980385894,7.65461749304086,33,0.02217864990234375
dd TTI,19,0.002446524178242237,5.865652891734137e-06,1.294713020324707,77,0.0146331787109375
cross,27,1.6027757447271415e-10,1.4431857615863219e-12,261.51844536233693,42,0.00033126771450042725
TTI,27,3.349684021377931e-13,4.434911480539056e-15,2.1432077884674072,31,6.535649299621582e-05
d cross,27,0.0001317350222683964,0.0002173224480212174,261.61920105386525,49,0.00045649707317352295
d TTTI,27,2.4043216051037255e-06,8.896914089068028e-09,2.1404049396514893,38,6.535649299621582e-05
dd cross,27,15799240.512305647,23251.383941162294,261.62626301217824,51,0.0004987567663192749
dd TTI,27,0.002636999096842323,2.966794530703485e-06,2.1487152576446533,78,6.535649299621582e-05
cross,20,1.5562736540885726e-10,8.272175202517583e-13,89.84213821589947,29,0.007045745849609375
TTI,20,3.206732059580531e-13,3.762230109507338e-15,1.2856464385986328,30,0.008022308349609375
d cross,20,4.149204717722188e-05,7.474044029130054e-07,90.66478459537029,33,0.010059356689453125
d TTTI,20,3.037876438360829e-06,1.4465414581911883e-08,1.2874155044555664,38,0.008022308349609375
dd cross,20,26.901008632901267,0.48782980565148193,89.86745040118694,35,0.011686325073242188
dd TTI,20,0.0025965650576238357,4.293780538342756e-06,1.2960221767425537,78,0.008022308349609375
cross,21,1.5379336453568203e-10,4.807762629399263e-13,35.850361100398004,29,0.0036401748657226562
TTI,21,3.3557445336192454e-13,4.749135695978001e-15,1.2866714000701904,30,0.004034996032714844
d cross,21,0.00010126743604677309,8.651367705537296e-07,35.873564473353326,33,0.005246162414550781
d TTTI,21,2.5880084334729286e-06,1.265139388871838e-08,1.287834644317627,38,0.004034996032714844
dd cross,21,118.85458922604933,1.6506525847658986,35.87779258843511,35,0.0061187744140625
dd TTI,21,0.0026249911626556105,3.607368942894777e-06,1.2968237400054932,78,0.004034996032714844
cross,22,1.7223314980352496e-10,8.673786762212569e-13,27.56592522095889,29,0.0018639564514160156
TTI,22,3.368040183324145e-13,2.2064120807950017e-15,1.288888692855835,31,0.0020661354064941406
d cross,22,0.0001370644059199714,4.465091493797101e-06,27.58936534356326,33,0.0026950836181640625
d TTTI,22,2.4481907667664156e-06,8.64843413670767e-09,1.287950038909912,38,0.0020661354064941406
dd cross,22,591.1112936905658,38.504014068097426,27.593925575725734,35,0.0031614303588867188
dd TTI,22,0.0026322779449933784,4.135566795118168e-06,1.2964482307434082,78,0.0020661354064941406
cross,23,1.6119270844021177e-10,1.1001925333447172e-12,41.34744509216398,28,0.0009453296661376953
TTI,23,3.3544862974788183e-13,4.308081119576097e-15,1.2903220653533936,31,0.0010368824005126953
d cross,23,8.6040490215073e-05,8.430755774292268e-06,45.61343844886869,32,0.0014302730560302734
d TTTI,23,2.4123775411587743e-06,1.0329873252466774e-08,1.2902865409851074,38,0.0010368824005126953
dd cross,23,4564.864827884788,99.84308423045802,41.37733348365873,34,0.0016753673553466797
dd TTI,23,0.0026344397320643242,3.690291387352155e-06,1.2998020648956299,78,0.0010368824005126953
cross,24,1.4459388064037095e-10,1.0238013864893133e-12,122.36094051972032,29,0.0004965066909790039
TTI,24,3.358734094434571e-13,4.246494889223399e-15,1.291334867477417,31,0.0005196332931518555
d cross,24,0.0002168119924760027,1.3569254304996947e-05,122.38729268684983,33,0.0007268190383911133
d TTTI,24,2.4064949852893813e-06,9.17579070178352e-09,1.2912380695343018,38,0.0005196332931518555
dd cross,24,15581.74901640329,87.88387619871712,122.39240986481309,35,0.0008559226989746094
dd TTI,24,0.002636505552379407,4.323877030223022e-06,1.300022840499878,78,0.0005196332931518555
cross,28,1.4091046995206422e-10,8.207693417457773e-13,564.8211308792233,82,0.0004654005169868469
TTI,28,3.3546690977344106e-13,3.3085364406433525e-15,2.136263608932495,31,3.288686275482178e-05
d cross,28,2.1875353632794843e-06,3.1265196631601637e-06,565.0530418232083,87,0.0006079524755477905
d TTTI,28,2.399284549264442e-06,7.991317276419506e-09,2.13442325592041,38,3.288686275482178e-05
dd cross,28,18366915.80927761,32986.565059729066,565.0868367031217,89,0.0006407499313354492
dd TTI,28,0.002635774122269042,1.974999891136191e-06,2.1411094665527344,79,3.288686275482178e-05
cross,25,1.5844328211456228e-10,1.1243749906976242e-12,84.90228909906,29,0.00031173229217529297
TTI,25,3.355054196282121e-13,3.754672052450157e-15,1.2921483516693115,31,0.00026035308837890625
d cross,25,7.718455350443551e-05,5.32694168187219e-05,84.93845433648676,33,0.00048476457595825195
d TTTI,25,2.4047527752306553e-06,1.5694898936997934e-08,1.2928359508514404,38,0.00026035308837890625
dd cross,25,169219.74932990802,802.4434875180235,84.94379682000726,35,0.0005668401718139648
dd TTI,25,0.002636674900270426,3.7574288570746886e-06,1.30108642578125,78,0.00026035308837890625
cross,19,1.4030813076608079e-10,6.79567082615861e-13,6.526788845658302,27,0.013458251953125
TTI,19,2.181233855856206e-15,2.89295015983433e-17,2.1705756187438965,29,0.0146331787109375
d cross,19,1.7129407000679233e-06,1.8971892541113132e-07,9.39654053747654,31,0.01917266845703125
d TTTI,19,4.248961225931327e-06,1.257515395280255e-08,2.138131856918335,39,0.0146331787109375
dd cross,19,0.3112304408169691,0.02039086665932243,9.726804867386818,33,0.022243499755859375
dd TTI,19,0.002450978388621753,3.7557899916268814e-06,2.1475093364715576,77,0.0146331787109375
cross,20,1.418181912671892e-10,9.783523282674994e-13,10.303848965093493,28,0.0074005126953125
TTI,20,3.225824638273021e-13,3.98712325735457e-15,2.127342700958252,30,0.008022308349609375
d cross,20,7.645984327433614e-06,7.253163157668946e-07,13.185361368581653,32,0.01053619384765625
d TTTI,20,3.0434045967207807e-06,1.118211659262011e-08,2.1303937435150146,38,0.008022308349609375
dd cross,20,8.793527405742122,0.2506955844262107,14.549816830083728,34,0.0122222900390625
dd TTI,20,0.002596422202091545,3.719690613856866e-06,2.1392548084259033,78,0.008022308349609375
cross,26,1.533380158263593e-10,1.213066113976207e-12,123.68511170614511,29,0.00033608078956604004
TTI,26,3.372566643985939e-13,3.3862529745926957e-15,1.2950756549835205,31,0.00013044476509094238
d cross,26,8.703049677869378e-05,6.455880644953518e-05,123.75157708395272,34,0.00047403573989868164
d TTTI,26,2.4032719526616113e-06,7.971792496979527e-09,1.294287919998169,38,0.00013044476509094238
dd cross,26,1092659.9080185376,2827.2333025720386,123.7594127105549,36,0.0005339384078979492
dd TTI,26,0.0026327092084274103,6.248918869687392e-06,1.3027393817901611,78,0.00013044476509094238
cross,21,1.6439149308801221e-10,7.717044017397079e-13,108.04502348136157,28,0.003810882568359375
TTI,21,3.351012792070847e-13,4.599771719676757e-15,2.1302497386932373,30,0.004034996032714844
d cross,21,5.1690833168789834e-05,3.974148351348941e-06,110.96269516181201,32,0.0054683685302734375
d TTTI,21,2.5752338912451205e-06,7.916287570104138e-09,2.131070852279663,38,0.004034996032714844
dd cross,21,70.65933350742242,5.288734087951738,108.9481871528551,34,0.0063724517822265625
dd TTI,21,0.002628340837998655,2.475370326683208e-06,2.1398370265960693,78,0.004034996032714844
cross,22,1.6293366291953518e-10,9.61112655130233e-13,50.64411891531199,28,0.001953601837158203
TTI,22,3.3733935564794003e-13,2.718047498249433e-15,2.1402385234832764,31,0.0020661354064941406
d cross,22,2.572233919764662e-05,8.566867120921462e-06,53.646697650663555,32,0.002818584442138672
d TTTI,22,2.4507762251701977e-06,1.129786129804006e-08,2.1357767581939697,38,0.0020661354064941406
dd cross,22,419.00785212188873,32.81488520369077,51.9187005860731,34,0.0033020973205566406
dd TTI,22,0.002635557384586374,2.8556664605753763e-06,2.1432478427886963,78,0.0020661354064941406
cross,27,1.5264150704005087e-10,6.85717192737196e-13,167.97140231449157,47,0.00034332275390625
TTI,27,3.368828019545794e-13,4.504607949020455e-15,1.2935664653778076,31,6.535649299621582e-05
d cross,27,0.0003827116775077383,3.0346032514331417e-05,168.06959929782897,51,0.0004719346761703491
d TTTI,27,2.4038458366132608e-06,1.036534878119877e-08,1.2926256656646729,38,6.535649299621582e-05
dd cross,27,1865396.8391191538,7877.301289394087,168.0790518792346,53,0.000513806939125061
dd TTI,27,0.0026369636659588505,2.873669093482829e-06,1.2998087406158447,78,6.535649299621582e-05
cross,23,1.6922475052367323e-10,1.0374473546854263e-12,38.95926156826317,30,0.0009531974792480469
TTI,23,3.3681418742835123e-13,4.12117346798302e-15,2.1309943199157715,31,0.0010368824005126953
d cross,23,0.0001349172307265299,9.39922869249453e-06,41.42067161388695,34,0.0013828277587890625
d TTTI,23,2.4117902283281106e-06,8.858033059419326e-09,2.133307456970215,38,0.0010368824005126953
dd cross,23,4717.887776328099,162.50968803008908,38.98898950405419,36,0.0016217231750488281
dd TTI,23,0.002636634303251867,2.5689275264663117e-06,2.140573024749756,78,0.0010368824005126953
cross,24,1.4122570278039073e-10,7.378513736262097e-13,53.189986223354936,29,0.0004684925079345703
TTI,24,3.375832402788631e-13,2.941490867710079e-15,2.128286838531494,31,0.0005196332931518555
d cross,24,0.0001251838757195752,3.0329563106904925e-06,53.30778574384749,33,0.0006895065307617188
d TTTI,24,2.401195561132552e-06,7.4084774946141436e-09,2.1285340785980225,38,0.0005196332931518555
dd cross,24,6907.496921803022,144.32869241289166,53.219440216198564,35,0.0008140802383422852
dd TTI,24,0.002637449999582675,5.326863104067834e-06,2.1356394290924072,78,0.0005196332931518555
cross,28,1.4145785010857506e-10,1.0200091722767018e-12,403.9725650344044,51,0.00023379921913146973
TTI,28,3.3619350599275997e-13,3.5079754398318495e-15,1.2959010601043701,31,3.288686275482178e-05
d cross,28,0.0005066921153545019,8.165834540717289e-05,404.1036675963551,57,0.0003277808427810669
d TTTI,28,2.3998522040289723e-06,1.1560436756743894e-08,1.2940196990966797,38,3.288686275482178e-05
dd cross,28,4959224.583409315,37860.714033804,404.1191977057606,59,0.00035337358713150024
dd TTI,28,0.002636815910212307,3.7723959306240777e-06,1.3019747734069824,79,3.288686275482178e-05
cross,25,1.666291180794812e-10,1.3635548372219154e-12,141.81145282648504,29,0.0004051327705383301
TTI,25,3.3684144128000894e-13,2.7845022772705923e-15,2.1414382457733154,31,0.00026035308837890625
d cross,25,0.00022703654803901091,2.304918933109774e-05,141.85238023661077,33,0.0006129145622253418
d TTTI,25,2.404424639348861e-06,1.2318944162285019e-08,2.1403369903564453,38,0.00026035308837890625
dd cross,25,347521.3450853546,2084.58933366388,141.85787912271917,35,0.0007041692733764648
dd TTI,25,0.0026356459380415826,4.1848118254311035e-06,2.152986526489258,78,0.00026035308837890625
cross,26,1.4496424021339575e-10,8.115355552930177e-13,197.70254667662084,30,0.0002535879611968994
TTI,26,3.363517681666163e-13,4.4973801899322034e-15,2.1537694931030273,31,0.00013044476509094238
d cross,26,0.00027745954168643895,1.6314819687726623e-05,197.75302418135107,36,0.0003718137741088867
d TTTI,26,2.4046560220290146e-06,9.854126826412733e-09,2.150846481323242,38,0.00013044476509094238
dd cross,26,337682.1319110303,1951.690223402835,197.75722607038915,38,0.0004259347915649414
dd TTI,26,0.0026349737999061358,4.100947699640331e-06,2.1632368564605713,78,0.00013044476509094238
cross,27,2.6975954699883226e-10,1.3103639395866971e-12,240.6638726182282,41,0.0003254711627960205
TTI,27,3.357888743257537e-13,2.392973873446057e-15,2.1337809562683105,31,6.535649299621582e-05
d cross,27,4.0933676126128585e-05,3.0137226739483888e-05,242.75201477482915,51,0.00046557188034057617
d TTTI,27,2.402405584912925e-06,9.484853283851141e-09,2.132258892059326,38,6.535649299621582e-05
dd cross,27,18653417.51532544,43051.43815813401,240.76865758374333,53,0.0005089938640594482
dd TTI,27,0.0026386651830378207,3.907691902160987e-06,2.139512538909912,78,6.535649299621582e-05
cross,28,1.4091179095457565e-10,8.200650932227811e-13,868.0515715451911,94,0.0006269514560699463
TTI,28,3.3820923554970304e-13,5.117347408872457e-15,2.1427688598632812,31,3.288686275482178e-05
d cross,28,3.799327561150166e-06,7.103782324976592e-06,868.4013981195167,98,0.000797659158706665
d TTTI,28,2.4027902814193824e-06,8.370911615840434e-09,2.1424388885498047,38,3.288686275482178e-05
dd cross,28,18078394.410857245,26222.986469772623,868.3356031747535,100,0.0008347779512405396
dd TTI,28,0.002637538939686869,3.2405761001042025e-06,2.1500539779663086,79,3.288686275482178e-05
cross,19,3.1430078753995783e-11,1.3737370738179633e-13,6.9706738498061895,27,0.013698577880859375
TTI,19,2.1764128649228846e-15,2.826767243019532e-17,2.1237847805023193,29,0.0146331787109375
d cross,19,6.5453423247045904e-06,6.698408290956083e-08,9.596287300810218,31,0.019535064697265625
d TTTI,19,4.253681779161962e-06,8.676410725148223e-09,2.1258621215820312,39,0.0146331787109375
dd cross,19,1.8700699002425822,0.017539430584980732,7.145967056974769,33,0.02266693115234375
dd TTI,19,0.0024500064840517095,5.312464220332126e-06,2.1333510875701904,77,0.0146331787109375
cross,20,1.7256619058738448e-10,1.491681121062328e-12,22.299214424565434,28,0.0070781707763671875
TTI,20,3.2237861881493034e-13,4.1377058289282984e-15,2.1186060905456543,30,0.008022308349609375
d cross,20,4.366493498799746e-05,1.3426580591722144e-06,22.320049347355962,32,0.010122299194335938
d TTTI,20,3.0370383612086535e-06,1.0516146205520509e-08,2.120959758758545,38,0.008022308349609375
dd cross,20,28.25536368444445,0.8340912829988467,22.324085297062993,34,0.011766433715820312
dd TTI,20,0.002594855626414657,3.4571604457872084e-06,2.128657817840576,78,0.008022308349609375
cross,21,1.9661410316422627e-10,1.0677606803290356e-12,16.836019759066403,29,0.0036020278930664062
TTI,21,3.347498829482938e-13,5.019128968630942e-15,2.123070478439331,30,0.004034996032714844
d cross,21,0.00019078385566553523,3.7438163848086397e-06,19.669489388354123,33,0.005177497863769531
d TTTI,21,2.5814470506148982e-06,1.1645102953215696e-08,2.125019073486328,38,0.004034996032714844
dd cross,21,237.7949275882883,3.4466060691069043,17.81505609024316,35,0.0060367584228515625
dd TTI,21,0.0026261766901807164,4.036647353510371e-06,2.133491039276123,78,0.004034996032714844
cross,22,1.4344090948905255e-10,6.23949209937554e-13,24.84240852855146,30,0.0018939971923828125
TTI,22,3.370576136140359e-13,4.40472084927828e-15,2.1220672130584717,31,0.0020661354064941406
d cross,22,5.5616188632093734e-05,1.2818480781212213e-06,26.271011462435126,34,0.0027322769165039062
d TTTI,22,2.4459638587289455e-06,1.1832631567688543e-08,2.1238677501678467,38,0.0020661354064941406
dd cross,22,144.53798241449036,3.6431924084239675,24.86576878093183,36,0.0032014846801757812
dd TTI,22,0.0026332184444212156,2.641037767593156e-06,2.13285231590271,78,0.0020661354064941406
cross,23,1.6251589663406256e-10,1.1956630359564484e-12,76.81275406200439,29,0.0009412765502929688
TTI,23,3.372647570385462e-13,3.959971481471916e-15,2.1221837997436523,31,0.0010368824005126953
d cross,23,0.0001330117717368682,8.422145067064149e-06,77.92564931232482,33,0.0013833045959472656
d TTTI,23,2.4137445616189664e-06,8.206143365090776e-09,2.122978448867798,38,0.0010368824005126953
dd cross,23,4517.485405020074,85.99029428208848,76.83659377414733,35,0.001622915267944336
dd TTI,23,0.0026350397426248722,5.04006706529012e-06,2.131936550140381,78,0.0010368824005126953
cross,24,1.6264371338887638e-10,1.2912313944752148e-12,58.94072089064866,30,0.0005362033843994141
TTI,24,3.36724015134688e-13,3.9144595099070085e-15,2.1383683681488037,31,0.0005196332931518555
d cross,24,0.00016276227265417568,1.0226483717637492e-05,62.54841194022447,34,0.0007796287536621094
d TTTI,24,2.411869979984679e-06,1.1426100571098925e-08,2.1377291679382324,38,0.0005196332931518555
dd cross,24,46989.14031079021,631.8612316099794,60.113566492684186,36,0.0009157657623291016
dd TTI,24,0.002635720168191579,2.372758906486581e-06,2.149308443069458,78,0.0005196332931518555
cross,25,1.7124767696221516e-10,1.1401014395885365e-12,147.45043464098126,29,0.00031000375747680664
TTI,25,3.3666346603834694e-13,4.265413560365541e-15,2.124526262283325,31,0.00026035308837890625
d cross,25,0.0002506345443635399,2.9548247960926764e-05,147.48054404649884,34,0.0005103349685668945
d TTTI,25,2.4111583128904e-06,1.264932473680988e-08,2.12665057182312,38,0.00026035308837890625
dd cross,25,335000.0931009463,2550.3092177198773,147.48693128023297,36,0.0005942583084106445
dd TTI,25,0.0026364908945216243,4.289781568821077e-06,2.1340982913970947,78,0.00026035308837890625
cross,26,1.5228998053515485e-10,5.327593753100355e-13,106.34355962090194,30,0.00018224120140075684
TTI,26,3.35292248531393e-13,4.135354970784043e-15,2.127516031265259,31,0.00013044476509094238
d cross,26,0.0002684347149767234,3.239384157300567e-05,107.96093189530075,34,0.00028324127197265625
d TTTI,26,2.4074860517900977e-06,1.1506029761774899e-08,2.1285204887390137,38,0.00013044476509094238
dd cross,26,582096.2781429652,2770.1314039960835,106.3833857756108,36,0.00032895803451538086
dd TTI,26,0.002634526061422331,4.731541429166155e-06,2.136188507080078,78,0.00013044476509094238
cross,27,2.7846843164415067e-10,2.1922935218853897e-12,152.08440158888698,40,0.0003237128257751465
TTI,27,3.360381502377566e-13,3.8138681716930565e-15,2.128741979598999,31,6.535649299621582e-05
d cross,27,2.4655247632892474e-05,2.558384866603773e-05,153.2972965054214,46,0.0004528611898422241
d TTTI,27,2.402529958982236e-06,8.85462257124423e-09,2.127591848373413,38,6.535649299621582e-05
dd cross,27,20637540.421234276,40852.86422809626,152.1794416718185,48,0.0004958361387252808
dd TTI,27,0.002632994958898064,3.1846749171422424e-06,2.1355836391448975,78,6.535649299621582e-05
cross,28,1.397001386972107e-10,8.506917626554599e-13,391.42096976190805,58,0.000306837260723114
TTI,28,3.3725505576339863e-13,3.3106189951591424e-15,2.127139091491699,31,3.288686275482178e-05
d cross,28,0.00010580394213406173,9.339829696722915e-06,391.5594733133912,63,0.00042451173067092896
d TTTI,28,2.4030229502576227e-06,8.143487141005987e-09,2.1268954277038574,38,3.288686275482178e-05
dd cross,28,14125214.7831918,57412.98554983423,391.58015636354685,65,0.0004535764455795288
dd TTI,28,0.0026380282265681745,4.787531019267794e-06,2.133793592453003,79,3.288686275482178e-05
